Intron_ID_x	list_variants	nb_variants
ENST00000000442:6	['CCTCTCTTCTTG']	1
ENST00000003084:12	['TAAC']	1
ENST00000003100:9	['A', 'A', 'A', 'A', 'A', 'A', 'A', 'A', 'A', 'A', 'A', 'A', 'A', 'A', 'A', 'A', 'A', 'A', 'A', 'A', 'A', 'A', 'A', 'A', 'A', 'A', 'A', 'A', 'A', 'A', 'A', 'A', 'A', 'A', 'A', 'A', 'A', 'A', 'A', 'A', 'A', 'A', 'A', 'A', 'A', 'A', 'A', 'A', 'A', 'A', 'A', 'A', 'A', 'A', 'A', 'A', 'A', 'A', 'A', 'A', 'A', 'A', 'A', 'A', 'A', 'A']	66
ENST00000005260:6	['AAA', 'AAA', 'AAA', 'AA', 'AAAA', 'A', 'AA', 'AAAA', 'A', 'TAAAAA', 'AAA', 'AAA', 'AAA', 'AA', 'AA', 'AAA', 'AAAA', 'A', 'AA', 'AA', 'AA', 'AAA', 'AA', 'AA', 'AAA', 'AA', 'A', 'AA', 'AAAA', 'AA', 'A', 'A', 'A', 'A', 'AAA', 'A', 'A', 'AA', 'A', 'A', 'A', 'A', 'AAA', 'AA', 'AA', 'AAAAA', 'AA', 'A', 'A']	49
ENST00000005386:13	['AAAT']	1
ENST00000005386:14	['A', 'A', 'A', 'A', 'A', 'A', 'A', 'A', 'A', 'A', 'A', 'A', 'A', 'A', 'A', 'A', 'A', 'A', 'A', 'A', 'A', 'A', 'A', 'A', 'A', 'A', 'A', 'A', 'A', 'A', 'A', 'A', 'A', 'A', 'A']	35
ENST00000007414:15	['G', 'G']	2
ENST00000011292:4	['ATCCACATGT', 'ATCCACATGT']	2
ENST00000011684:11	['C', 'C']	2
ENST00000013070:8	['AAGT', 'AAGT']	2
ENST00000013125:26	['A', 'A', 'A', 'A', 'A', 'A', 'A', 'A', 'A', 'A', 'A', 'A', 'A']	13
ENST00000013125:28	['A', 'A', 'AA', 'AA', 'AA', 'A', 'A', 'A', 'AA', 'AA', 'AA', 'AA', 'A', 'AA', 'AA', 'A', 'AA', 'AA', 'AA', 'AA', 'A', 'AAA', 'AA', 'AA', 'AA', 'A', 'AA', 'AA', 'AA', 'AA', 'AA', 'AA', 'A', 'AA', 'AA', 'A', 'A', 'A', 'A', 'A', 'AAA', 'A', 'A', 'AA', 'AA', 'AA', 'A', 'AA', 'AA', 'A', 'AA', 'A', 'A', 'AA', 'A', 'AA', 'AAA', 'A', 'AAA', 'A', 'A', 'A', 'AA', 'AAA', 'AA', 'AA', 'A', 'A', 'A', 'A', 'AA', 'A', 'AA', 'A', 'A', 'AAA']	76
ENST00000013125:29	['A', 'A']	2
ENST00000013125:4	['A', 'A', 'AA', 'A', 'A', 'A', 'A', 'A', 'A', 'A', 'A', 'A', 'A', 'A', 'A', 'C', 'A', 'AA', 'AA', 'A', 'A', 'A', 'A', 'A', 'A', 'A', 'AA', 'AA', 'A', 'A', 'A', 'A', 'AA', 'A', 'AA', 'A', 'A', 'A', 'A', 'C', 'AA', 'A', 'A', 'C', 'AA', 'A', 'A', 'AA', 'A', 'A', 'A', 'A', 'AA', 'A', 'A', 'A', 'A', 'A', 'A', 'A', 'A', 'A', 'A', 'A', 'A', 'A', 'A', 'A', 'A', 'A', 'AA', 'A', 'A']	73
ENST00000014930:1	['AG', 'AG', 'AG', 'AG', 'AG', 'AG', 'AG', 'AG', 'AG', 'AG', 'AG', 'AG', 'AG', 'AG']	14
ENST00000014935:1	['G']	1
ENST00000017003:8	['C', 'C']	2
ENST00000019103:6	['GA', 'GA', 'GA', 'GA', 'GA', 'GA', 'GA', 'GA', 'GA', 'GA', 'GA', 'GA', 'GA', 'GA', 'GA', 'GA', 'GA', 'GA', 'GA', 'GA', 'GA', 'GA', 'GA', 'GA', 'GA', 'GA', 'GA', 'GA', 'GA', 'GA', 'GA', 'GA', 'GA', 'GA', 'GA', 'GA', 'GA', 'GA', 'GA', 'GA', 'GA', 'GA', 'GA', 'GA', 'GA', 'GA', 'GA', 'GA', 'GA']	49
ENST00000020673:10	['G', 'G', 'G', 'C', 'G', 'C']	6
ENST00000020945:1	['T', 'T']	2
ENST00000025008:20	['AA', 'AA', 'AA', 'AA', 'AA', 'AA', 'AAA', 'AA', 'AAAA', 'AA', 'AA', 'AA', 'AA', 'AA', 'AA', 'AAA', 'AA', 'AA', 'AA', 'AA', 'AA', 'AA', 'AAA', 'AA', 'AA', 'AAA', 'AA', 'AAA', 'AAAAA', 'AA', 'AA', 'AAA', 'A', 'AA', 'AAA', 'AAA', 'AA', 'AA', 'AA', 'AA', 'AA', 'AA', 'AAA', 'AA', 'AAA', 'AA', 'AA', 'AAA', 'AA', 'A', 'AA', 'AA', 'AAA', 'AA', 'AA', 'AAA', 'AAA', 'AA', 'AA', 'AA', 'AAA', 'AA', 'AA', 'AA', 'AA', 'AAA', 'AA', 'AA', 'AAA', 'AAA', 'AA', 'A', 'AA', 'AA', 'AA', 'AA', 'A', 'AA', 'AA', 'AAA', 'A', 'AA', 'A', 'AA', 'AA', 'AAAA', 'AAAA', 'AA', 'AAA', 'AAAA', 'AAA', 'AA', 'AA', 'AAA', 'A', 'AA', 'AAA', 'AAAA', 'AA', 'AAAAA', 'AAAAA', 'AA', 'AAAA', 'AAAA', 'AAA', 'AA', 'AAA', 'AAAA', 'AAAA', 'A', 'A', 'AA', 'A', 'A', 'A', 'AA', 'AA', 'AAA', 'A', 'A', 'A', 'A', 'AAA', 'A']	124
ENST00000027335:2	['A', 'A']	2
ENST00000035383:2	['T', 'T']	2
ENST00000035383:3	['T', 'T']	2
ENST00000038176:6	['A']	1
ENST00000040738:20	['A', 'AA', 'A', 'A', 'A', 'A', 'A', 'A', 'A', 'A', 'AA', 'A', 'A', 'A', 'AAA', 'A', 'A', 'A', 'A', 'A', 'A', 'A', 'A', 'A', 'A', 'A', 'AA', 'AA', 'AA', 'A', 'AA', 'AA', 'AA', 'A', 'A', 'A', 'A', 'A', 'AA', 'A', 'A', 'A', 'AA', 'AAA', 'A', 'AA', 'A', 'A', 'AAA', 'AA', 'A', 'A', 'AA', 'A', 'AAA', 'A', 'AA', 'AA', 'AA', 'AA', 'A', 'A', 'AA', 'A', 'AA', 'AA', 'AAA', 'AA', 'AAA', 'AA', 'AA', 'AA', 'A', 'A', 'A', 'A', 'A', 'A', 'A', 'A', 'A', 'AA', 'AA', 'AAA', 'A', 'A', 'A', 'AA']	88
ENST00000040877:14	['A']	1
ENST00000040877:21	['A', 'A']	2
ENST00000040877:4	['AAAAA', 'AA', 'AAAAAA', 'AAAAA', 'AAAAAAA', 'AAAA', 'AAAA', 'AAAAA', 'AAAAAA', 'AAAAAA', 'AAAAAAA', 'AAAAAA', 'AAAAAA', 'AA', 'AAA', 'AAAAA', 'AAAAA', 'A', 'AAAAA', 'AAAAAA', 'AAA', 'AAAAAA', 'AAAAA', 'AAAA', 'AAA', 'AAAA', 'AAAA', 'AAA', 'AA', 'AAAAAA', 'AAAAA', 'AAAAAAA', 'AAAAA', 'AAAAA', 'AAAA', 'AAAAAA', 'AAAAAA', 'AAA', 'AAAA', 'AAAAA', 'AAA', 'AAAAA', 'AAAAA', 'AAAAAAA', 'AAAA', 'AAAAA', 'AAAAAA', 'AAAA', 'AAAAAA', 'A', 'AAAAAA', 'AAA', 'AAAA', 'AAAAAA', 'AAAAAA', 'AAAAA', 'A', 'AAAAA', 'AAAAA', 'AAAAA', 'AAAAA', 'AAA', 'AAAAAA', 'AAAAA', 'AAAAAA', 'AAAAAA', 'AAAAA', 'AAAAA', 'AAAAAA', 'AAAAAA', 'AAAAAA', 'AAAAA', 'AAAAAA', 'AAAAAAAA', 'AAAA', 'AAAAA', 'AAAAAA', 'AAAAAAA', 'AAAAAAA', 'AAAA', 'AAAA', 'AAAAA', 'AAAAAA', 'AAAAA', 'AAAAA', 'AAAAAA', 'AAAA', 'AAAAA', 'AAAAA', 'AAAAAAA', 'AAAAAA', 'AAAAA', 'AAAA', 'AAAA', 'AAAAAA', 'AAAAAAA', 'AAAAAA', 'AAAAAAAA', 'AAAAAAAA', 'AAAAAA', 'AAAAA', 'AAAAAAAA', 'AAAAA', 'AAAAAAA', 'AAAAAAA', 'AAAAA', 'AAAAAA', 'AAAAAA', 'AA', 'AAAAAAA', 'AAAAA', 'A', 'AAAAAAA', 'AAAAAA', 'AAAAA', 'AAAAA', 'AAAAAAA', 'AAAAAA', 'AAAAA', 'AAAAAAA', 'AAAAAA', 'AAAA', 'AAAAA', 'AAAAAAAA', 'AAAAAAA', 'A', 'AAAAA', 'AA', 'AAA', 'AAAAAAA', 'AAAAAA', 'AAAAAAAA']	132
ENST00000046087:1	['A', 'A', 'A', 'A', 'A', 'A', 'A', 'A', 'A', 'A', 'A', 'A', 'A', 'A', 'A', 'A', 'A', 'A', 'A', 'A', 'A', 'A', 'A', 'A', 'A', 'A', 'A', 'A', 'A', 'A', 'A', 'A', 'A', 'A', 'A', 'A', 'A', 'A', 'A', 'A', 'A', 'A', 'A', 'A', 'A', 'A', 'A', 'A', 'A', 'A', 'A', 'A', 'A', 'A', 'A', 'A', 'A', 'A', 'A', 'A', 'A', 'A', 'A', 'A', 'A', 'A', 'A', 'A', 'A', 'A', 'A', 'A', 'A', 'AA', 'A', 'A', 'A', 'A', 'A', 'A', 'A', 'A', 'A', 'A', 'A', 'A', 'A', 'A', 'A', 'A', 'A', 'A', 'A', 'A', 'A', 'A', 'A', 'A', 'A', 'A', 'A', 'A', 'A', 'A', 'A', 'A', 'A', 'A', 'A', 'A', 'A', 'A', 'A', 'A', 'A', 'A', 'A', 'A', 'A', 'A', 'A', 'A', 'A', 'A', 'A', 'A', 'A', 'A', 'A', 'A', 'A', 'A', 'A', 'A', 'A', 'A', 'A', 'A', 'A', 'A', 'A', 'A', 'A', 'A', 'A', 'A', 'A', 'A', 'A', 'A', 'A', 'A', 'A', 'A', 'A', 'A', 'A', 'A', 'A', 'A', 'A', 'A', 'A', 'A', 'A', 'A', 'A', 'A', 'A', 'A', 'A', 'A', 'A', 'A', 'A', 'A', 'A', 'A', 'A', 'A', 'A', 'A', 'A', 'A', 'A', 'A', 'A', 'A', 'A', 'A', 'A', 'A', 'A', 'A', 'A', 'A', 'A', 'A', 'A', 'A', 'A', 'A', 'A', 'A', 'A', 'A', 'A', 'A', 'A', 'A', 'A', 'A', 'A', 'A', 'A', 'A', 'A', 'A', 'A', 'A', 'A', 'A', 'A', 'A', 'A', 'A', 'A', 'A', 'A', 'A', 'A', 'A', 'A', 'A', 'A', 'A', 'A', 'A', 'A', 'A', 'A', 'A', 'A', 'A', 'A', 'A', 'A', 'A', 'A', 'A', 'A', 'A', 'A', 'A', 'A', 'A', 'A', 'A', 'A', 'A', 'AA', 'A', 'A', 'A', 'A', 'A', 'AA', 'A', 'A', 'A', 'A', 'A', 'A', 'A', 'A', 'A', 'A', 'A', 'A', 'A', 'A', 'A', 'A', 'A', 'A', 'A', 'A', 'A', 'A', 'A', 'A', 'A', 'A', 'A', 'A', 'A', 'A', 'A', 'A', 'A', 'A', 'A', 'A', 'A', 'A', 'A', 'A', 'A', 'A', 'A', 'A', 'A', 'A', 'A', 'A', 'A', 'A', 'A', 'A', 'A', 'A', 'A', 'A', 'A', 'A', 'A', 'A', 'A', 'A', 'A', 'A', 'A', 'A', 'A', 'A', 'A', 'A', 'A', 'A', 'A']	340
ENST00000046087:4	['A', 'A']	2
ENST00000046087:7	['AA', 'AA']	2
ENST00000046794:14	['G']	1
ENST00000053468:1	['A', 'A', 'A', 'A', 'A', 'A', 'A', 'A', 'A', 'A', 'A', 'A', 'A', 'A', 'A', 'A', 'A', 'A', 'A', 'A', 'A', 'A', 'A', 'A', 'A', 'A', 'A', 'A', 'A', 'A', 'A', 'A', 'A', 'A', 'A', 'A', 'A', 'A', 'A', 'A', 'A', 'A', 'A', 'A', 'A', 'A', 'A', 'A', 'A', 'A', 'A', 'A', 'A', 'A', 'A', 'A', 'A', 'A']	58
ENST00000053468:6	['A', 'A', 'A', 'A', 'A']	5
ENST00000053867:10	['C']	1
ENST00000057513:1	['A', 'A', 'AA', 'AA', 'AA', 'AA', 'AA', 'AA', 'AA', 'AA', 'AA', 'AAA', 'AA', 'AA', 'AA', 'AA', 'A', 'AA', 'AA', 'AA', 'AA', 'AA', 'AA', 'AA', 'AA', 'AA', 'A', 'AA', 'AA', 'AA', 'AA', 'AA', 'AA', 'AA', 'AA', 'AA', 'A', 'AA', 'AA', 'AA', 'AA', 'AA', 'AA', 'AA', 'AA', 'AA', 'AA', 'A', 'A', 'AA', 'AA', 'AA', 'A', 'A', 'A', 'A', 'AA', 'AA', 'AA', 'AA', 'A', 'AA', 'A', 'A', 'A', 'A', 'AA', 'A', 'A', 'AA', 'A', 'AA', 'AA', 'A', 'AA', 'A', 'AA', 'A', 'A', 'A', 'A', 'A']	82
ENST00000060969:4	['A', 'A', 'A', 'A', 'A', 'A', 'A', 'A', 'A', 'A', 'A', 'A', 'A', 'A', 'A', 'A', 'A', 'A', 'A', 'A', 'A', 'A', 'A', 'A', 'A', 'A', 'A', 'A', 'A', 'A', 'A', 'A', 'A', 'A', 'A', 'A', 'A', 'A', 'A', 'A', 'A', 'A', 'A', 'A', 'A', 'A', 'A', 'A', 'A', 'A', 'A', 'A', 'A', 'A', 'A', 'A', 'A', 'A', 'A', 'A', 'A', 'A', 'A', 'A', 'A', 'A', 'A', 'A', 'A', 'A', 'A', 'A', 'A', 'A', 'A', 'A', 'A', 'A', 'A', 'A', 'A', 'A', 'A', 'A', 'A', 'A', 'A', 'A', 'A', 'A', 'A', 'A', 'A', 'A', 'A', 'A', 'A', 'A', 'A', 'A', 'A', 'A', 'A', 'A', 'A', 'A', 'A', 'A', 'A', 'A', 'A', 'A', 'A', 'A', 'A', 'A', 'A', 'A', 'A', 'A', 'A', 'A', 'A', 'A', 'A', 'A', 'A', 'A', 'A', 'A', 'A', 'A', 'A', 'A', 'A', 'A', 'A', 'A', 'A', 'A', 'A', 'A', 'A', 'A', 'A', 'A', 'A', 'A', 'A', 'A', 'A', 'A', 'A', 'A', 'A', 'A', 'A', 'A', 'A', 'A', 'A', 'A', 'A', 'A', 'A', 'AA', 'AA', 'AA', 'A', 'A', 'A', 'A', 'A', 'AA', 'AA', 'A', 'A', 'A', 'A', 'A', 'A', 'A', 'A', 'A', 'A', 'A', 'A', 'A', 'A', 'A', 'A', 'A', 'A', 'A', 'A', 'A', 'A', 'A', 'A', 'A', 'A', 'AA', 'A', 'A', 'A', 'A', 'A', 'A', 'A', 'A', 'A', 'A', 'A', 'A', 'A', 'A', 'A', 'A', 'A', 'A', 'A', 'A', 'A', 'A', 'A', 'A', 'A', 'A', 'A', 'A', 'A', 'A', 'A', 'A', 'A', 'A', 'A', 'A', 'A', 'A', 'A', 'A', 'A', 'AA', 'A', 'A', 'A', 'A', 'A', 'A', 'A', 'A', 'A', 'A', 'A', 'A', 'A', 'A', 'A', 'A', 'A', 'A', 'AA', 'A', 'A', 'A', 'AA', 'A', 'A', 'A']	270
ENST00000061240:12	['CTGTTG']	1
ENST00000066544:12	['A', 'A', 'A', 'A', 'A', 'A', 'A', 'A']	8
ENST00000066544:9	['AA', 'A', 'A', 'A', 'A', 'AA', 'A', 'A', 'A', 'A', 'A', 'A', 'A', 'A', 'A', 'A', 'A', 'A', 'A', 'A', 'A', 'A', 'A', 'A', 'A', 'A', 'A', 'A', 'A', 'A', 'A']	31
ENST00000072516:2	['C']	1
ENST00000072644:2	['A', 'A']	2
ENST00000072644:9	['G']	1
ENST00000075322:19	['A', 'A', 'A', 'A']	4
ENST00000083182:5	['A', 'A', 'A', 'A', 'A', 'A', 'A', 'A', 'A', 'A', 'A', 'A', 'A', 'A', 'A', 'A', 'A', 'A', 'A', 'A']	20
ENST00000156471:34	['A', 'A', 'AA', 'AA', 'AAA', 'A', 'AAA', 'AA', 'AA', 'AAA', 'A', 'AA', 'AAAA', 'AA', 'AA', 'AAA', 'AA', 'AA', 'AA', 'AA', 'AA', 'AA', 'A', 'AA', 'A', 'AA', 'AAA', 'AA', 'A', 'A', 'AA', 'A', 'A', 'AA', 'AA', 'A', 'AAA', 'AAA', 'AA', 'AA', 'AAA', 'A', 'A', 'A', 'AA', 'AA', 'AA', 'AA', 'AAA', 'A', 'AA', 'AA', 'AA', 'AA', 'AAA', 'AAA', 'A', 'A', 'AA', 'A', 'AAA', 'A', 'AA', 'AA', 'AAA', 'AA', 'A', 'AAA', 'AA', 'AAA', 'AAAA', 'AA', 'AAA', 'A', 'A', 'AAA', 'AA', 'AAA', 'A', 'A', 'AA', 'A', 'AA', 'AAA', 'AAA', 'AA', 'AAA', 'AA', 'AA', 'A', 'AAA', 'A', 'AAAA', 'A', 'A', 'A', 'A', 'A', 'AA', 'A', 'A', 'AA', 'AAA', 'AA', 'AAA', 'AA', 'AA', 'AAA']	108
ENST00000158762:13	['C', 'C']	2
ENST00000158771:2	['A', 'A', 'A', 'A', 'A', 'A', 'A', 'A', 'A', 'A', 'A', 'A', 'A', 'A', 'A', 'A', 'A', 'A', 'A', 'A', 'A', 'A', 'A', 'A', 'A', 'A', 'A', 'A', 'A', 'A', 'A', 'A', 'A', 'A', 'A', 'A', 'A', 'A', 'A', 'A', 'A', 'A', 'A', 'A', 'A', 'A', 'A', 'A', 'A', 'A', 'A', 'A']	52
ENST00000159060:5	['A', 'A', 'A', 'A', 'A', 'A', 'A', 'A', 'A', 'A', 'A', 'A', 'A', 'A', 'A', 'A', 'A', 'A', 'A', 'A', 'A', 'A', 'A', 'A', 'A', 'A', 'A', 'A', 'A', 'A', 'A', 'A', 'A']	33
ENST00000160373:2	['G', 'G']	2
ENST00000161863:12	['TTTTTTTC', 'TTTTTTTTTC', 'TTTTTTTTTC', 'TTTTTTTC', 'TTTC', 'TTTTTTTC', 'TTTTC', 'TTTC', 'TTTTTC', 'TTTTTTC']	10
ENST00000161863:5	['A', 'A', 'A', 'A']	4
ENST00000162044:8	['G', 'G']	2
ENST00000165698:3	['GA']	1
ENST00000166534:15	['TG']	1
ENST00000167586:4	['A', 'A']	2
ENST00000167588:6	['TT', 'TT', 'TT', 'TT', 'TT', 'TT', 'TT', 'TT', 'TT', 'TT', 'TT', 'T', 'TT', 'TT', 'TT', 'TT', 'TT', 'T', 'TT', 'TT', 'TT', 'T', 'TT', 'TT', 'TT', 'TT', 'TT', 'T', 'TT', 'TT', 'TT', 'TT', 'T', 'TT', 'TT', 'TT', 'TT', 'TT', 'TT', 'T', 'T', 'TT', 'T', 'TT', 'TT', 'TT', 'TT', 'TT', 'TT', 'TT', 'TT', 'TT', 'T', 'T', 'TTT', 'TT', 'T', 'TT', 'TT', 'T', 'TT', 'T', 'TT', 'T', 'TT', 'TT', 'T', 'T', 'TT', 'T', 'T', 'T', 'T', 'T', 'T', 'T', 'TT', 'T', 'T', 'T', 'T', 'T', 'TT', 'T', 'TT', 'T', 'T', 'TT', 'T', 'T', 'T', 'T', 'TT', 'TT', 'TT', 'T', 'T', 'T', 'T', 'T', 'TT', 'T', 'T', 'T', 'T', 'TT', 'T', 'T', 'TT', 'TT', 'TT', 'TT', 'TT', 'T', 'TT', 'T', 'T', 'T', 'T', 'T', 'T', 'T', 'TT', 'T', 'TT', 'T', 'T', 'T', 'T', 'T', 'T', 'TT', 'T', 'TT']	134
ENST00000171887:31	['ACTT', 'ACTT']	2
ENST00000172853:104	['A', 'A', 'A', 'A', 'A', 'A', 'A', 'A', 'A', 'A', 'A', 'A', 'A', 'A', 'A', 'A', 'A', 'A', 'A', 'A', 'A', 'A', 'A', 'A', 'A', 'A', 'A', 'A', 'A', 'A', 'A', 'A', 'A', 'A', 'A', 'A', 'A', 'A', 'A', 'A', 'A', 'A', 'A', 'A', 'A']	45
ENST00000172853:106	['AA', 'AAA', 'AA', 'AA', 'AA', 'AAA', 'AA', 'AA', 'AA', 'AAA', 'AA', 'AAA', 'AA', 'AA', 'AAAA', 'AAAAA', 'AAA', 'AAA', 'A', 'A', 'AAA', 'AAAA', 'AA', 'AA', 'AAA', 'A', 'AA', 'A', 'A', 'AAAA', 'AA', 'AAA', 'AAAA', 'AA', 'AA', 'AA', 'AA', 'AAA', 'A', 'AAAAAA', 'AA', 'AA', 'AAA', 'A', 'AAA', 'AAA', 'AA', 'AA', 'AAAAA', 'AAAAA', 'AAAA', 'AAA', 'AAA', 'AAA', 'AA', 'A', 'A', 'AA', 'AAA', 'A', 'AA', 'AAAAA', 'AAAA', 'AAA', 'AAA', 'A', 'A', 'AAAAA', 'AA', 'A', 'AAA', 'AAA', 'AAA', 'AAA', 'A', 'AA', 'AAAAAA', 'AAA', 'AA', 'AAA', 'AAAA', 'AA', 'AAA', 'AAA', 'AAAA', 'AAAAAA', 'AAA', 'AAAA', 'AAAA', 'AAAAA', 'AAAA', 'AAAAAA', 'AAAAA', 'AAA', 'AAAA', 'AAA', 'AAAA', 'AAAAAA', 'AAAA', 'AAA', 'AAA', 'AAAAAAA', 'AAAAA', 'AAAA', 'AAAA', 'AAAAA', 'AAAA', 'AAAA', 'AAA', 'AAAAA', 'AAAAA', 'AAAAAAA', 'AA', 'AAAA', 'AAA', 'AAAAA', 'AAAAAAA', 'AAAA', 'AAA', 'AAAAAA', 'AAAAA', 'AAAAA', 'AAA', 'AAA', 'AAAAA', 'AAAAA', 'AAAAAAA', 'A', 'AA', 'A', 'A', 'AAAAAA']	132
ENST00000172853:115	['T', 'T']	2
ENST00000172853:147	['A', 'A', 'A', 'A', 'A', 'A', 'A', 'A', 'A', 'A', 'A', 'A', 'A', 'A', 'A', 'A', 'A', 'A', 'A', 'A', 'A', 'A', 'A', 'A', 'A', 'A', 'A', 'A', 'A', 'A', 'A', 'A']	32
ENST00000172853:33	['CT', 'ACTT']	2
ENST00000172853:39	['A', 'A']	2
ENST00000172853:46	['A', 'A', 'A', 'A', 'A', 'A']	6
ENST00000172853:56	['A', 'A', 'A', 'A', 'A', 'A', 'A', 'A', 'A', 'A', 'A', 'A', 'A', 'A', 'A', 'A', 'A']	17
ENST00000172853:70	['AA', 'AA', 'AAAAA', 'A', 'AAA', 'AAAA', 'AAAA', 'AAA', 'AAAAA', 'AAAAAA', 'AAAAAA', 'AAA', 'AA', 'AAA', 'AAAA', 'AAA', 'AAAA', 'AAA', 'AAA', 'AAAA', 'AAA', 'AAAAA', 'A', 'AAAAAA', 'AAA', 'AAAA', 'AAAA', 'A', 'AAAAAA', 'AAA', 'AAAAAA', 'AAAA', 'AAAAA', 'AA', 'AAAAA', 'A', 'AAAA', 'AAAA', 'AAAA', 'AAA', 'AA', 'AAA', 'AAA', 'AAA', 'AAAAA', 'A', 'C', 'AAAAA', 'AAA', 'AAAA', 'AAAAAA', 'A', 'AAAAAA', 'AAAA', 'AAAA']	55
ENST00000172853:8	['A', 'A']	2
ENST00000172853:83	['AA', 'A', 'A', 'AA', 'AA', 'AA', 'AA', 'A', 'A', 'AAA', 'AAA', 'A', 'AA', 'A', 'A', 'AA', 'A', 'AA', 'A', 'A', 'AA', 'A', 'A', 'AA', 'A', 'A', 'AA', 'A', 'A', 'AAA', 'A', 'A', 'AAA', 'AAAA', 'A', 'A', 'A', 'AAA', 'AA', 'AAAA', 'AA', 'A', 'A', 'A', 'A', 'A', 'A', 'AAA', 'A', 'A', 'AAA', 'AA', 'AA', 'A', 'A', 'AA', 'A', 'A', 'A', 'AA', 'A', 'A', 'AA', 'AA', 'A', 'AA', 'A', 'AA', 'AA', 'AA', 'AA', 'A', 'AAA', 'AAA', 'AAA', 'AA', 'A', 'AAA', 'A', 'AA', 'A']	81
ENST00000173229:5	['TG', 'TG']	2
ENST00000176763:16	['AG']	1
ENST00000177648:3	['T', 'T']	2
ENST00000181383:1	['A', 'A', 'A', 'A', 'A', 'A', 'A', 'A', 'A', 'A']	10
ENST00000182527:7	['G']	1
ENST00000184183:3	['A', 'A', 'A', 'A']	4
ENST00000184956:1	['AAA', 'AA', 'AA', 'AA', 'AA', 'A', 'AA', 'AA', 'AA', 'AA', 'AA', 'A', 'AA', 'A', 'AA', 'AA', 'A', 'AA', 'AA', 'A', 'A', 'A', 'A', 'A', 'A', 'A', 'A', 'AA', 'AA', 'A', 'A', 'A', 'AA', 'AA', 'A', 'A', 'AA', 'AA', 'A', 'A', 'A', 'A', 'A', 'A', 'AA', 'A', 'A', 'A', 'A', 'AA', 'A', 'AA', 'A', 'A', 'A', 'A', 'A', 'A', 'A', 'A', 'AA', 'A', 'AA', 'A', 'A', 'A', 'A']	67
ENST00000185150:3	['T', 'T']	2
ENST00000186436:13	['A', 'A', 'A', 'A', 'A', 'A', 'A', 'A', 'A', 'A', 'A', 'A', 'A', 'A', 'A', 'A', 'A']	17
ENST00000186436:16	['A', 'A', 'A', 'A', 'A', 'A']	6
ENST00000188790:6	['GAAA', 'GAAA', 'GAAA', 'GAAA', 'GAAA', 'GAAA', 'GAAA', 'GAAA', 'GAAA']	9
ENST00000192788:17	['CA']	1
ENST00000193391:11	['G', 'GA', 'G', 'GA']	4
ENST00000193391:4	['A', 'A', 'A', 'A', 'A', 'A', 'A', 'A', 'A', 'A', 'A', 'A', 'A', 'A', 'A', 'A', 'A', 'A', 'A', 'A', 'A', 'A', 'A', 'A', 'A', 'A', 'A', 'A', 'A', 'A', 'A', 'A', 'A', 'A', 'A', 'A', 'A', 'A', 'A', 'A', 'A', 'A', 'A', 'A', 'A', 'A', 'A', 'A', 'A', 'A', 'A', 'A', 'A', 'A', 'A', 'A', 'A', 'A', 'A', 'A', 'A', 'A', 'A', 'A', 'A', 'A', 'A', 'A', 'A', 'A', 'A', 'A', 'A', 'A', 'A', 'A', 'A', 'A', 'A', 'A', 'A', 'A']	82
ENST00000193403:8	['G', 'G']	2
ENST00000196371:11	['AC', 'AC', 'AC', 'AC', 'AC', 'AC', 'AC', 'AC', 'AC', 'AC', 'AC', 'AC', 'AC', 'AC', 'AC', 'AC', 'AC', 'AC', 'AC', 'AC', 'AC', 'AC', 'AC', 'AC', 'AC', 'AC', 'AC', 'AC', 'AC', 'AC', 'AC', 'AC', 'AC', 'AC', 'AC', 'AC', 'AC', 'AC', 'AC', 'AC', 'AC', 'AC', 'AC', 'AC', 'AC', 'AC', 'AC', 'AC', 'AC', 'AC', 'AC', 'AC', 'AC', 'AC', 'AC', 'AC', 'AC', 'AC', 'AC', 'AC', 'AC', 'AC', 'AC', 'AC', 'AC', 'AC', 'AC', 'AC', 'AC', 'AC', 'AC', 'AC', 'AC', 'AC', 'AC', 'AC', 'AC', 'AC', 'AC', 'AC', 'AC', 'AC', 'AC', 'AC', 'AC', 'AC', 'AC', 'AC', 'AC', 'AC', 'AC', 'AC', 'AC', 'AC', 'AC', 'AC', 'AC', 'AC', 'AC', 'AC', 'AC', 'AC', 'AC', 'ACAC', 'AC', 'AC', 'AC', 'AC', 'AC', 'AC', 'AC', 'AC', 'AC', 'AC', 'AC', 'AC', 'AC', 'AC', 'AC', 'AC', 'AC', 'AC', 'AC', 'AC', 'AC', 'AC', 'AC', 'AC', 'AC', 'AC', 'AC', 'AC', 'AC', 'AC', 'AC', 'AC', 'AC', 'AC']	138
ENST00000196371:9	['A', 'A', 'A', 'A', 'A', 'A', 'A', 'A', 'A', 'A', 'A', 'A', 'A', 'A', 'A', 'A', 'A', 'A', 'A', 'A', 'A', 'A', 'A', 'A', 'A', 'A', 'A', 'A', 'A', 'A', 'A', 'A', 'A', 'A', 'A', 'A', 'A', 'A', 'A', 'A', 'A', 'A', 'A', 'A', 'A']	45
ENST00000199320:11	['A']	1
ENST00000199320:3	['A', 'A']	2
ENST00000199389:13	['GAAAAA', 'GAAAAA']	2
ENST00000199389:8	['AAAA', 'AAA', 'AA', 'AAA', 'AAAA', 'AAA', 'AA', 'AAA', 'AAA', 'AAA', 'AAAA', 'AAA', 'AAAA', 'AAA', 'AA', 'AAA', 'AAAA', 'AAA', 'AAA', 'AAAA', 'AAA', 'AAA', 'AAAA', 'AAAA', 'AAA', 'AAA', 'AAA', 'AA', 'AAAA', 'AA', 'AAAA', 'AAA', 'AAA', 'AAA', 'AAA', 'AAA', 'AAAA', 'AAA', 'AAA', 'AAAA', 'AAAA', 'AA', 'AAA', 'AAAA', 'AAA', 'AAAA', 'AAA', 'AAAA', 'AAAA', 'AAA', 'AAA', 'AAA', 'AAA', 'AAA', 'AAAA', 'AAAA', 'AAAA', 'AAAA', 'AAA', 'AAA', 'AAA', 'AA', 'AAA', 'AAAA', 'AAAA', 'AA', 'AAAA', 'AAA', 'AAA', 'AAAA', 'A', 'AAAA', 'AAAA', 'AAA', 'AAAA', 'AAA', 'AAA', 'AAA', 'AAA', 'A', 'AAA', 'AAAA', 'AAA', 'AAAA', 'AAA', 'AAA', 'AAAA', 'AA', 'AAA', 'AAA', 'AAA', 'AAAA', 'AAAA', 'AAA', 'AAA', 'AAAA', 'AAA', 'AAAA', 'AAA', 'AA', 'AAA', 'AAAA', 'AAA', 'AAAA', 'AAAA', 'AAA', 'AA', 'AA', 'AAAA', 'AA', 'AA', 'AA', 'AAA', 'AAA', 'AA', 'AAA', 'AAA', 'AAA', 'AAA', 'AAA', 'AAA', 'AAA', 'AAAA', 'AAA', 'AAA', 'AA', 'AA', 'AA', 'AAA', 'AAA', 'AAA', 'AA', 'AA', 'AAA', 'A', 'AAA', 'AAA', 'AA', 'AAA', 'AA', 'AAA', 'AAA', 'AAA', 'AAA', 'AAA', 'AA', 'AAA', 'AA', 'AAA', 'AA', 'AA', 'AAA', 'AA', 'AAA', 'AA', 'AA', 'AA', 'AAA', 'AA', 'AAA', 'AAAA', 'AA', 'AAA', 'AAA', 'AAA', 'AAA', 'AAA', 'A', 'AAA', 'AA', 'A', 'A', 'A', 'AAA', 'AAA', 'AAAA', 'AAA', 'AAA', 'AAA', 'AAA', 'A', 'AAA', 'AAA', 'AAAA']	184
ENST00000199447:15	['TT']	1
ENST00000199814:4	['A', 'A', 'A', 'A', 'A', 'A', 'A', 'A', 'A', 'A', 'A', 'A', 'A', 'A', 'A', 'A']	16
ENST00000200453:1	['T', 'T']	2
ENST00000200557:25	['AC']	1
ENST00000200691:1	['C', 'C']	2
ENST00000201031:1	['C']	1
ENST00000201586:6	['G']	1
ENST00000201647:3	['G', 'G']	2
ENST00000202677:3	['A', 'A', 'A', 'A']	4
ENST00000202816:8	['A', 'A', 'A', 'A', 'A', 'A', 'A', 'A', 'A', 'A', 'A', 'A', 'A', 'A', 'A', 'A', 'A', 'A', 'A', 'A', 'A', 'A']	22
ENST00000202831:6	['G', 'G', 'G', 'G', 'G', 'G', 'G', 'G', 'G', 'G']	10
ENST00000202917:1	['T', 'T']	2
ENST00000203001:1	['A', 'A', 'A', 'A']	4
ENST00000203166:10	['C']	1
ENST00000204566:7	['A', 'A']	2
ENST00000204726:19	['A', 'A']	2
ENST00000204726:8	['A', 'AA', 'A', 'A', 'A', 'AA', 'A', 'A', 'A', 'AA', 'A', 'A', 'A', 'A', 'A', 'AA', 'A', 'A', 'A', 'A', 'A', 'A', 'A', 'A', 'A', 'A', 'AA', 'A', 'AA', 'A', 'A', 'A', 'A', 'A', 'A', 'A', 'A', 'A', 'AA', 'A', 'A', 'A', 'A', 'A', 'A', 'A', 'AA', 'A', 'AA', 'A', 'A', 'AA', 'A', 'A', 'A', 'A', 'AAA', 'A', 'A', 'A', 'A', 'A', 'A', 'A', 'A', 'A', 'A', 'A', 'A', 'A', 'A', 'A', 'A', 'A', 'A', 'A', 'A', 'A', 'AA', 'A', 'A', 'A', 'A', 'A', 'A', 'A', 'A', 'A', 'A', 'A', 'A', 'A', 'A', 'AA', 'A', 'A', 'A', 'A', 'A', 'A', 'A', 'A', 'A', 'A', 'A', 'A', 'A', 'A', 'A', 'A', 'A', 'A', 'A', 'A', 'A', 'A', 'A', 'A', 'A', 'A', 'A', 'A', 'A', 'A', 'A', 'A', 'A', 'A', 'A', 'A', 'A', 'A', 'A', 'A', 'A', 'A', 'A', 'A', 'A', 'A', 'A', 'A', 'A', 'A', 'A', 'A', 'A', 'A', 'A', 'A', 'AA', 'AA', 'A', 'A', 'AA', 'A', 'AAA', 'A', 'A', 'AA', 'A', 'A', 'A', 'A', 'A', 'A', 'A', 'A', 'A', 'A', 'A', 'A', 'A', 'A', 'A', 'A', 'A', 'AA', 'A', 'AA', 'A', 'A', 'A', 'A', 'A', 'A', 'A', 'A', 'AA', 'AA', 'A', 'A', 'A', 'A', 'A', 'A', 'AA', 'A', 'AA', 'A', 'A', 'AA', 'A', 'A', 'A', 'AA', 'A', 'A', 'A', 'A', 'A', 'AA', 'AA', 'A', 'A', 'A', 'A']	217
ENST00000205214:2	['A', 'A']	2
ENST00000205402:11	['G', 'G']	2
ENST00000205557:12	['G', 'G']	2
ENST00000205636:3	['A', 'A', 'A', 'A', 'A', 'A']	6
ENST00000205890:8	['GTGTGTGTGTGT', 'GTGTGT', 'GTGTGTGTGT', 'GTGTGTGTGTGTGTGT', 'GTGTGTGTGTGT', 'GTGTGTGTGTGTGTGT', 'GTGTGTGTGTGTGTGTGTGT', 'GTGTGT', 'GTGTGTGT', 'GTGTGTGTGTGT', 'GTGTGTGTGT', 'GTGTGT', 'GTGTGTGTGT', 'GTGTGTGTGTGTGT', 'GTGTGT', 'GTGTGTGT', 'GTGTGTGTGTGTGTGT', 'GTGTGTGTGTGTGT', 'GTGTGTGT', 'GTGTGTGTGTGT', 'GTGTGTGTGT', 'GTGTGTGTGTGTGTGTGT', 'GT', 'GTGTGTGTGTGT', 'GTGTGTGTGTGT', 'GTGTGT', 'GTGT', 'GTGTGTGTGTGTGTGT', 'GTGTGTGTGTGTGTGT', 'GTGTGTGTGTGT', 'GTGTGTGT', 'GTGTGTGTGTGTGT', 'GTGT', 'GTGTGTGTGTGTGT', 'GTGTGTGTGTGT', 'GTGTGTGTGTGTGTGTGTGT', 'GTGTGTGTGTGT', 'GTGTGTGT', 'GTGTGTGTGTGTGTGTGTGT', 'GTGTGTGTGTGTGT', 'GTGTGTGTGTGTGTGT', 'GTGTGTGTGTGT', 'GTGTGTGTGTGTGTGT', 'GTGTGTGTGT', 'GTGTGTGTGTGTGTGT', 'GTGTGTGTGTGTGTGT', 'GTGTGTGT', 'GTGTGTGT', 'GTGTGTGTGTGT', 'GTGTGTGTGTGT', 'GTGTGTGTGTGTGT', 'GTGTGTGTGTGTGTGT', 'GTGTGTGTGTGTGTGTGT', 'GTGTGTGTGTGTGTGT', 'GTGTGTGTGTGTGTGTGTGTGTGTGT', 'GTGTGTGTGTGTGTGT', 'GTGTGTGTGTGTGT', 'GTGTGTGTGTGTGTGT', 'GTGTGTGTGTGTGTGTGT', 'GTGTGTGTGTGTGTGTGT', 'GTGTGTGTGTGT', 'GTGTGTGTGTGT', 'GTGTGTGTGTGTGTGTGT', 'GTGTGTGTGTGTGTGT', 'GTGTGTGTGTGTGT', 'GTGTGTGTGTGTGT', 'GTGTGTGTGTGT', 'GTGTGTGTGTGTGTGTGT', 'GTGTGTGTGTGTGTGTGT', 'GTGTGTGTGT', 'GTGTGTGTGT', 'GTGTGTGTGTGT', 'GTGT']	73
ENST00000206249:1	['C', 'C']	2
ENST00000206423:5	['A', 'A', 'A', 'A', 'A', 'A', 'A', 'A', 'A', 'A', 'A', 'A', 'A', 'A', 'A', 'A', 'A', 'A', 'A', 'A', 'AA', 'A', 'A', 'A', 'A', 'A', 'A', 'A', 'A', 'A', 'A', 'A', 'A', 'A', 'A', 'A', 'A', 'A', 'A', 'A', 'A', 'A', 'A', 'A', 'A', 'A', 'A', 'A', 'A', 'A', 'A', 'A', 'A', 'A', 'A', 'A', 'A', 'A', 'A', 'A', 'A', 'A', 'A', 'A', 'A', 'A', 'A', 'A', 'A', 'A', 'A', 'A', 'A', 'A', 'A', 'A', 'A', 'A', 'A', 'A', 'A', 'A', 'A', 'A', 'A', 'A', 'AA', 'A', 'A', 'A']	90
ENST00000206474:4	['GA', 'GA', 'GA', 'GA', 'GA', 'GA', 'GA', 'GA', 'GA', 'GA', 'GA', 'GA', 'GA', 'GA', 'GA', 'GA', 'GA', 'GA', 'GA', 'GA', 'GA', 'GA', 'GA', 'GA', 'GA']	25
ENST00000206544:5	['GA', 'GA', 'GA', 'GA', 'GA', 'GA', 'GA', 'GA', 'GA', 'GA', 'GA', 'GA', 'GA', 'GA', 'GA', 'GA', 'GA', 'GA', 'GA', 'GA', 'GA', 'GA', 'GA', 'GA', 'GA', 'GA', 'GA', 'GA', 'GA', 'GA', 'GA', 'GA', 'GA']	33
ENST00000206544:8	['G', 'G']	2
ENST00000207549:20	['C', 'C', 'C', 'C', 'C', 'C']	6
ENST00000209665:3	['A', 'A']	2
ENST00000209884:8	['T', 'T', 'T', 'T', 'T', 'T', 'T', 'T', 'T', 'T', 'T', 'T', 'T', 'T', 'TC', 'T', 'T', 'T', 'T', 'C', 'T', 'T', 'T', 'T', 'T', 'T', 'T', 'T', 'C', 'T', 'T', 'T', 'T', 'T', 'T', 'T', 'TC', 'T', 'T', 'T', 'T', 'T', 'T', 'T', 'T', 'T', 'T', 'T', 'T', 'T', 'T', 'T', 'T', 'T', 'T', 'T', 'T', 'T', 'C', 'T', 'T']	61
ENST00000209929:8	['T', 'T', 'T']	3
ENST00000210313:4	['A', 'A', 'AA', 'AA', 'AA', 'AA', 'AA', 'AA', 'AA', 'A', 'AA', 'AA', 'AA', 'AA', 'AA', 'AA', 'AA', 'A', 'AA', 'AA', 'AA', 'AA', 'A', 'AA', 'AA', 'AA', 'AA', 'A', 'A', 'AA', 'A', 'AA', 'AA', 'A', 'AA', 'AA', 'AA', 'A', 'AA', 'AA', 'A', 'AA', 'AA', 'A', 'AA', 'A', 'A', 'A', 'A', 'AA', 'A', 'A', 'AA', 'A', 'A', 'A', 'A', 'A', 'AA', 'AA', 'AA', 'A', 'A', 'AA', 'A', 'AA', 'A', 'A', 'AA', 'AA', 'A', 'A', 'AA', 'A', 'A', 'AA', 'AA', 'A', 'A', 'A', 'AA', 'AA', 'A', 'AA', 'AA', 'A', 'AA', 'A', 'A', 'A', 'AA', 'A', 'AA', 'A', 'AA', 'A', 'A', 'A', 'A', 'A', 'A', 'AA', 'AA', 'A', 'A', 'AA', 'A', 'A', 'A', 'AA', 'A']	111
ENST00000211076:3	['G', 'G', 'G', 'G', 'G', 'G', 'G', 'G', 'G', 'G', 'G', 'G', 'G', 'G', 'G', 'G', 'G', 'G', 'G', 'G', 'G', 'G', 'G', 'G', 'G', 'G', 'G', 'G', 'G']	29
ENST00000211413:1	['T', 'T']	2
ENST00000211998:10	['G', 'G', 'G']	3
ENST00000211998:17	['T', 'T', 'T', 'T']	4
ENST00000211998:20	['G']	1
ENST00000212355:16	['CA']	1
ENST00000215530:1	['C']	1
ENST00000215743:6	['G', 'G']	2
ENST00000215793:8	['T', 'T']	2
ENST00000215882:2	['G']	1
ENST00000215882:4	['GA', 'GA', 'GA', 'GA', 'GA']	5
ENST00000215956:1	['G', 'G', 'G', 'G', 'G', 'G', 'G', 'G', 'G', 'G', 'G', 'G', 'G', 'G']	14
ENST00000216036:2	['AAA', 'AAAAA', 'AAAAA', 'AAAA', 'AAAAAA', 'AAAA', 'AAAAA', 'AAAAA', 'AAAAA', 'AAAA', 'AAA', 'AAAAA', 'AAAAAA', 'AAAA', 'AAA', 'AA', 'AAAAA', 'AAAAA', 'AAA', 'AAAAA', 'AAAA', 'AAAAA', 'AAA', 'AAAA', 'AAAAA', 'AAAA', 'AAAA', 'AAAAA', 'AAA', 'AAAA', 'AAAAA', 'AA', 'AAA', 'AAA', 'AA', 'AAAA', 'AAAAA', 'AAAA', 'AAAAA', 'AA', 'AAAAA', 'AAA', 'AAAA', 'AAAA', 'AA', 'AAAAA', 'AAA', 'AAA', 'AAAA', 'AAAA', 'AAAAAA', 'G', 'AAA', 'A', 'AAAAA', 'AAAAA']	56
ENST00000216037:3	['ACCAAATAAAGGAGATGATTT', 'ACCAAATAAAGGAGATGATTT']	2
ENST00000216038:4	['A', 'A']	2
ENST00000216121:8	['GA']	1
ENST00000216146:2	['A', 'A', 'A', 'A', 'A', 'A', 'A', 'A', 'A', 'A', 'A', 'A', 'A', 'A', 'A', 'A', 'A', 'A', 'A', 'A', 'A', 'A', 'A', 'A', 'A', 'A', 'A', 'A', 'A', 'A', 'A', 'A', 'A', 'A', 'A', 'A', 'A', 'A', 'A', 'A', 'A', 'A', 'A', 'A', 'A', 'A', 'A', 'A', 'A', 'A', 'A', 'A', 'A', 'A', 'A', 'A', 'A', 'A', 'A', 'A', 'A', 'A', 'A', 'A', 'A', 'A', 'A', 'A', 'A', 'A', 'A', 'A', 'A', 'A', 'A', 'A', 'A', 'A', 'A', 'A', 'A', 'A', 'A', 'A', 'A', 'A', 'A', 'A', 'A', 'A', 'A', 'A', 'A', 'A', 'A', 'A', 'A', 'A', 'A', 'A', 'A', 'A', 'A', 'A', 'A', 'A', 'A', 'A', 'A', 'A', 'A', 'A', 'A', 'A', 'A', 'A', 'A', 'A', 'A', 'A', 'A', 'A', 'A', 'A', 'A', 'A', 'A']	127
ENST00000216177:2	['G', 'G']	2
ENST00000216180:6	['T', 'T']	2
ENST00000216200:2	['G', 'G', 'G']	3
ENST00000216259:1	['G', 'G', 'G', 'G', 'G', 'G']	6
ENST00000216281:6	['A', 'A']	2
ENST00000216373:1	['A', 'A', 'A', 'A', 'A', 'A', 'A', 'A', 'A', 'A', 'A', 'A', 'A', 'A', 'A', 'A', 'A', 'A', 'A', 'A', 'A', 'A', 'A', 'A', 'A', 'A', 'A', 'A', 'A', 'A', 'A', 'A', 'A', 'A', 'A', 'A', 'A', 'A', 'A', 'A', 'A', 'A', 'A', 'A', 'A', 'A', 'A', 'A', 'A', 'A', 'A']	51
ENST00000216373:17	['AAA', 'AAAAA', 'A', 'AA', 'AAA', 'AAA', 'AA', 'AAA', 'AAA', 'AA', 'A', 'AA', 'AAA', 'AAA', 'AA', 'AA', 'AAA', 'AAA', 'AAA', 'AA', 'A', 'AAA', 'AAA', 'AA', 'AAA', 'A', 'AA', 'AA', 'AAA', 'AAA', 'AA', 'AA', 'AAA', 'AA', 'AA', 'AA', 'A', 'AA', 'AAA', 'AA', 'AA', 'AA', 'AAA', 'AA', 'AA', 'AA', 'AAA', 'AAA', 'AAA', 'AAA', 'AAA', 'AAA', 'A', 'AA', 'AA', 'A', 'AA', 'AA']	58
ENST00000216373:22	['A', 'A', 'A', 'A', 'A', 'A', 'AA', 'A', 'A', 'A', 'A', 'A', 'A', 'AA', 'AA', 'A', 'AAA', 'A', 'A', 'A', 'A', 'A', 'A', 'A', 'A', 'AA', 'A', 'A', 'A', 'AA', 'A', 'A', 'A', 'AA', 'A', 'AA', 'A', 'A', 'A']	39
ENST00000216392:15	['GAA', 'GAA', 'GAA', 'GAA']	4
ENST00000216442:7	['AA', 'AA', 'AA', 'AA', 'AAA', 'AAA', 'AAA', 'AAA', 'AA', 'AA', 'AA', 'AA', 'AA', 'AA', 'AA', 'A', 'AA', 'AA', 'AA', 'AAA', 'AAA', 'AA', 'AA', 'AA', 'A', 'AA', 'AA', 'AA', 'A', 'AA', 'AA', 'A', 'A', 'AA', 'A', 'A', 'A', 'AA', 'AA', 'AA', 'AA', 'AA', 'AA', 'A', 'AA', 'AA', 'AA', 'AA', 'A', 'A', 'AA', 'AA', 'AA', 'A', 'A', 'A', 'A', 'A', 'A', 'A', 'A', 'A', 'A', 'A', 'A', 'A', 'A', 'A']	68
ENST00000216479:6	['TTTTTTTTC']	1
ENST00000216513:2	['A', 'A', 'A', 'A', 'A', 'A', 'A', 'A', 'A', 'A', 'A', 'A', 'A', 'A', 'A', 'A', 'A', 'A', 'A', 'A', 'A', 'A', 'A', 'A', 'A', 'A']	26
ENST00000216540:3	['AAAAT']	1
ENST00000216554:11	['A', 'A']	2
ENST00000216605:6	['A', 'A']	2
ENST00000216774:14	['TC', 'TC', 'TC', 'TC', 'TC']	5
ENST00000216923:3	['AA', 'AA', 'A', 'AA', 'AA', 'AA', 'AA', 'AAA', 'AA', 'AA', 'A', 'AA', 'A', 'AA', 'AA', 'A', 'AA', 'A', 'AA', 'AA', 'A', 'AA', 'AA', 'AA', 'A', 'AA', 'AA', 'AA', 'AAA', 'AA', 'AA', 'AAA', 'AA', 'AAA', 'AA', 'AA', 'AA', 'A', 'AA', 'AA', 'AAA', 'AA', 'AA', 'A', 'AA', 'AA', 'AA', 'AA', 'AA', 'AA', 'AA', 'AA', 'AA', 'A', 'AA', 'AA', 'AA', 'A', 'A', 'AA', 'AA', 'AA', 'A', 'AA', 'AA', 'AA', 'AA', 'A', 'AA', 'AA', 'AA', 'AA', 'AA', 'A', 'AA', 'A', 'AA', 'AA', 'A', 'A', 'A', 'AA', 'AA', 'AA', 'A', 'A', 'A', 'A', 'AA', 'A', 'A', 'A', 'A', 'A', 'A', 'AA', 'A', 'A', 'A', 'AA', 'AA', 'A', 'A', 'AA', 'AA', 'AA', 'A', 'AA', 'AA', 'A', 'AA', 'AA', 'A', 'A', 'A', 'A', 'A', 'AA', 'AA', 'A', 'AA', 'A', 'A', 'AA', 'A', 'A', 'A', 'A', 'A', 'A', 'AA', 'A', 'A', 'AA']	134
ENST00000217244:13	['AAAA']	1
ENST00000217246:5	['TACAACTGAATACTGTT', 'TACAACTGAATACTGTT']	2
ENST00000217270:1	['G']	1
ENST00000217446:11	['GA', 'GA', 'G']	3
ENST00000217446:2	['A', 'A', 'A', 'A', 'A', 'A', 'A', 'A', 'A', 'A']	10
ENST00000217446:4	['AA', 'AAA', 'AA', 'AAAA', 'AAA', 'AA', 'AA', 'AAAAA', 'AAA', 'AA', 'AA', 'AAAA', 'AA', 'AA', 'AAA', 'AAA', 'AAAAA', 'AAA', 'AAAA', 'AA', 'AA', 'AA', 'AAA', 'AAA', 'AAA', 'AAAAA', 'AA', 'AAAAA', 'AA', 'AAAAA', 'AA', 'AAA', 'A', 'AAAA', 'AA', 'AAA', 'AAA', 'AAA', 'A', 'AA', 'AAAA', 'AAAAA', 'AA', 'AA', 'AA', 'AAA', 'AA', 'AA', 'AAAA', 'AA', 'A', 'A', 'AAAAA', 'AAAA', 'AAA', 'AAAA', 'AAAA', 'AAAAA', 'AAA', 'AAAA', 'AA', 'A', 'AAAA', 'AAAA', 'AAAA', 'AAA', 'AAAA', 'G', 'AAAA', 'AA', 'AAA', 'AA', 'A', 'AAA', 'AA', 'A', 'AA', 'AAA', 'AAAA', 'AAA', 'AA', 'AA', 'AA', 'AA', 'AA', 'AAA', 'AA', 'A', 'A', 'A', 'AAA', 'AAA', 'AA', 'A', 'A', 'AA', 'AAA', 'AA', 'AAA', 'AA', 'AAA', 'AAA', 'AAA', 'AAA', 'A', 'AAA', 'AAAAA', 'AA', 'AA', 'AA', 'A', 'A', 'A', 'A', 'AA', 'AAA', 'AAAA', 'AA', 'AA', 'AA', 'A', 'AA', 'AAA', 'AA', 'AAA', 'A', 'AA', 'AA', 'AA', 'A', 'AAA', 'AAAA', 'AAAAA', 'AAA', 'AAAA']	135
ENST00000217515:3	['A', 'A', 'A', 'A']	4
ENST00000217515:6	['A', 'A', 'A', 'A', 'A', 'A', 'A', 'A', 'A', 'A', 'A', 'A', 'A', 'A', 'A', 'A', 'A', 'A', 'A', 'A', 'A', 'A', 'A', 'A', 'A', 'A', 'A', 'A', 'A', 'A', 'A', 'A', 'A', 'A', 'A', 'A', 'A', 'A', 'A', 'A', 'A', 'A', 'A', 'A', 'A', 'A', 'A', 'A', 'A', 'A', 'A', 'A', 'A', 'A', 'A', 'A', 'A', 'A', 'A', 'A', 'A', 'A', 'A', 'A', 'A', 'A', 'A', 'A', 'A', 'A', 'A', 'A', 'A', 'A', 'A', 'A', 'A', 'A', 'A', 'A', 'A', 'A', 'A', 'A', 'A', 'A', 'A', 'A', 'A', 'A', 'A', 'A', 'A', 'A']	94
ENST00000217939:6	['A', 'A', 'A', 'A']	4
ENST00000217961:7	['T', 'T']	2
ENST00000217964:12	['T', 'T']	2
ENST00000218436:5	['AAAAAA', 'AAA', 'AAAA', 'AAAAA', 'AAAAA', 'AAA', 'AAAA', 'AAAAA', 'AAAAA', 'AAA', 'AAAAAA', 'AAAA', 'AAAAAA', 'AA', 'AAAAA', 'AAAA', 'AAAAAA', 'AAAAA', 'AAAAA', 'AAAAA', 'AAA', 'AAAAAA', 'AAAAAA', 'AAAAA', 'AAAAAA', 'AAA', 'AAAAAAAA', 'AAAAAAA', 'AAAA', 'AAAAAA', 'AAAA', 'AAAAAA', 'AA', 'AAAAAA', 'AAA', 'AAAAA', 'AAAAA', 'AAAA', 'A', 'AAAAA', 'AAAA', 'AAAA', 'AAA', 'AAAAA', 'AAAAA', 'AAAAA', 'AAAAA', 'AA', 'AAAAAAA', 'AAAAA', 'AAA', 'AAAAAA', 'A', 'AAAAAA', 'AAAAAA', 'AAAA', 'AAAA', 'AAA', 'AAAAAA', 'AAAA', 'AAAAAAAA', 'AAAAAA', 'AAAA', 'AAAAA', 'AAAAAA', 'AAA', 'AAAAAAA', 'AAAAA', 'AAAA', 'AAAAAA', 'AAA', 'AAAAA', 'AAA', 'AAAAAA', 'AAAAA', 'AAA', 'A', 'AAAA', 'AAA', 'AAAA', 'AAAAAA', 'AAAAAAAA', 'AAAAA', 'AAAA', 'AAAA', 'AAAAA', 'AAAAA', 'AAAAA', 'AAA', 'AAAAAAA', 'AAA', 'AAAAAAAA', 'AA', 'AA', 'AA', 'AAAAA', 'AAAAAAA', 'AAA', 'AAAAAA', 'AAAA', 'AAAAAAAA', 'AAAA', 'AAA', 'AAAAAAA', 'AAAA', 'AAAAAA', 'AAAAAAA', 'AAAAA', 'AAAAAA', 'AAAAA', 'AAAA', 'AAAAAAA', 'AAAAAAA', 'AAAAA', 'AAAAA', 'AAAAA', 'AAA', 'AAAAAA', 'AAAAA', 'AAAA', 'AAAA', 'AAAA', 'AAAAAA', 'AAAAAA', 'AAAAA', 'AAAA', 'AAAAA', 'AAAAA', 'AAAAA', 'AAAA', 'AAAAA', 'AAAAAA', 'AAA', 'AA', 'AAAAAA', 'AAAAA', 'AAAAAA', 'AAAAA', 'AAAAA', 'AAAA', 'AAAAAA', 'A', 'A', 'AAAAAAA', 'AAA', 'AAAAA', 'AAAA', 'AAA', 'AAAAA', 'AAAAA']	150
ENST00000219069:1	['GA', 'GA', 'GA', 'GA', 'GA', 'GA', 'GA', 'GA', 'GA', 'GA', 'GA', 'GA', 'GA', 'GA', 'GA', 'GA', 'GA', 'GA', 'GA', 'GA', 'GA', 'GA', 'GA', 'GA', 'GA', 'GA', 'GA', 'GA', 'GA', 'GA', 'GA', 'GA', 'GA', 'GA', 'GA', 'GA', 'GA', 'GA', 'GA', 'GA', 'GA', 'GA', 'GA', 'GA', 'GA', 'GA', 'GA', 'GA', 'GA', 'GA', 'GA', 'GA', 'GA', 'GA', 'GA', 'GA', 'GA', 'GA', 'GA', 'GA', 'GA', 'GA', 'GA', 'GA', 'GA', 'GA', 'GA', 'GA', 'GA', 'GA', 'GA', 'GA', 'GA', 'GA', 'GA', 'GA', 'GA', 'GA', 'GA', 'GA', 'GA', 'GA', 'GA', 'GA', 'GA', 'GA', 'GA', 'GA', 'GA', 'GA', 'GA', 'GA', 'GA', 'GA', 'GA', 'GA', 'GA', 'GA', 'GA', 'GA', 'GA', 'GA', 'GA', 'GA', 'GA', 'GA', 'GA', 'GA', 'GA', 'GA', 'GA', 'GA', 'GA', 'GA', 'GA', 'GA', 'GA', 'GA', 'GA', 'GA', 'GA', 'GA', 'GA', 'GA', 'GA', 'GA', 'GA', 'GA', 'GA', 'GA', 'GA', 'GA', 'GA', 'GA', 'GA', 'GA', 'GA', 'GA', 'GA', 'GA', 'GA', 'GA', 'GA', 'GA', 'GA', 'GA', 'GA', 'GA', 'GA', 'GA', 'GA', 'GA', 'GA', 'GA', 'GA', 'GA', 'GA', 'GA', 'GA', 'GA', 'GA', 'GA', 'GA', 'GA', 'GA', 'GA', 'GA', 'GA', 'GA', 'GA', 'GA', 'GA', 'GA', 'GA', 'GA', 'GA', 'GA', 'GA', 'GA', 'GA', 'GA', 'GA', 'GA', 'GA', 'GA', 'GA', 'GA', 'GA', 'GA', 'GA', 'GA', 'GA', 'GA', 'GA', 'GA', 'GA', 'GA', 'GA', 'GA', 'GA', 'GA', 'GA', 'GA', 'GA', 'GA', 'GA', 'GA', 'GA', 'GA', 'GA', 'GA', 'GA', 'GA', 'GA', 'GA', 'GA', 'GA', 'GA', 'GA', 'GA', 'GA', 'GA', 'GA', 'GA', 'GA', 'GA', 'GA', 'GA', 'GA', 'GA', 'GA', 'GA', 'GA', 'GA', 'GA', 'GA', 'GA', 'GA', 'GA', 'GA', 'GA', 'GA', 'GA', 'GA', 'GA', 'GA', 'GA', 'GA', 'GA', 'GA', 'GA', 'GA', 'GA', 'GA', 'GA', 'GA', 'GA', 'GA', 'GA', 'GA', 'GA', 'GA', 'GA', 'GA', 'GA', 'GA', 'GA', 'GA', 'GA', 'GA', 'GA', 'GA', 'GA', 'GA', 'GA', 'GA', 'GA', 'GA', 'GA', 'GA', 'GAGA', 'GA', 'GA', 'GA', 'GA', 'GA', 'GA', 'GA', 'GA', 'GA', 'GA', 'GA', 'GA', 'GA', 'GA', 'GA', 'GA', 'GA', 'GA', 'GA', 'GA', 'GA', 'GA', 'GA', 'GA', 'GA', 'GA']	307
ENST00000219139:12	['TT', 'TT']	2
ENST00000219252:2	['T', 'T']	2
ENST00000219255:2	['GAGGGGTACAGT']	1
ENST00000219301:4	['GA', 'GA']	2
ENST00000219334:6	['G', 'G']	2
ENST00000219689:2	['A', 'A', 'A', 'A', 'A', 'A', 'A', 'A', 'A', 'A', 'A', 'A', 'AA', 'A', 'A', 'A', 'A', 'A', 'A', 'A', 'A', 'A', 'A', 'A', 'A', 'A', 'A', 'A', 'A', 'A', 'A', 'A', 'A', 'A', 'A', 'A', 'A', 'A', 'A', 'A', 'A', 'A', 'A', 'A', 'A', 'A', 'A', 'A', 'A', 'A', 'A', 'A', 'A', 'A', 'A', 'A', 'A', 'A', 'A', 'A', 'A', 'A', 'A', 'A', 'A', 'A', 'A', 'A', 'A', 'A', 'A', 'A', 'A', 'A', 'A', 'A', 'A', 'A', 'AA', 'A', 'A', 'A', 'A', 'A', 'A', 'A', 'A', 'A', 'A', 'A', 'A', 'A', 'A', 'A', 'A', 'A', 'A', 'A', 'A', 'A', 'A', 'A', 'A', 'A', 'A', 'A', 'A', 'A', 'A', 'A', 'A', 'A', 'A', 'A', 'A', 'A', 'A']	117
ENST00000219797:10	['G', 'G', 'G']	3
ENST00000219905:23	['GTAA', 'GTAA']	2
ENST00000220058:4	['AAA', 'A', 'AA', 'AAA', 'AAAAA', 'AAA', 'AAAA', 'AAAA', 'AAAA', 'AAAA', 'AA', 'AAAA', 'AAA', 'AAA', 'AAAA', 'AAA', 'AAA', 'AAA', 'AA', 'AAAA', 'AAA', 'AA', 'AAAA', 'AAA', 'AAA', 'AAA', 'AAAA', 'AAAA', 'AAAA', 'AAAA', 'AAAA', 'AAAA', 'AAA', 'AAAAA', 'AAA', 'AAA', 'AAAA', 'AA', 'AAAA', 'AAA', 'AAA', 'AAA', 'AA', 'AAAA', 'AAAAA', 'AAA', 'AAAAA', 'AAA', 'A', 'AAAAA', 'AAAA', 'AAAAA', 'AAA', 'AA', 'A', 'AAA', 'AAAA', 'AA', 'AA', 'AAAAA', 'AAA', 'AAA', 'AA', 'AAA', 'A', 'AAAA', 'AAAA', 'AAAA', 'AAAA', 'AA', 'AAAA', 'AAA', 'AAAA', 'AAAA', 'A', 'A', 'AAA', 'AA', 'AAA', 'A', 'A', 'A', 'AAA', 'A', 'AAAAA', 'AA', 'A', 'AA', 'AAAA', 'AAAA', 'AAAA', 'AAAA', 'AAA', 'AA', 'AAAAA', 'AA', 'AAA', 'AA', 'AAAA', 'AA', 'AAAA', 'A', 'AA', 'AAAA', 'AAAA', 'AAA', 'AAA', 'AAAA', 'AAAA', 'AAAAAA', 'AA', 'A', 'AAA', 'AAAA', 'AAA', 'AAAA', 'AA', 'AAAA', 'AAAA', 'AA', 'A', 'AAAAA', 'AA', 'AAA', 'AA', 'A', 'AAA']	127
ENST00000220244:5	['T']	1
ENST00000220420:10	['TGCGTACACAAACTGTGCACA']	1
ENST00000220429:6	['AA', 'AA', 'AA', 'AAA', 'AA', 'AA', 'AAA', 'AAA', 'AAA', 'AAA', 'AAA', 'AA', 'AAAA', 'AA', 'A', 'AA', 'AA', 'A', 'AA', 'A', 'AA', 'AA', 'AA', 'AAA', 'A', 'AAA', 'AA', 'AAA', 'A', 'AAA', 'AA', 'A', 'A', 'AAA', 'AAA', 'A', 'AA', 'AA', 'AA', 'AA', 'A', 'AA', 'AAA', 'A', 'AA', 'AA', 'A', 'A', 'AA', 'AA', 'AA', 'AA', 'A', 'AA', 'AAA', 'AA', 'AA', 'AA', 'AAA', 'AA', 'AA', 'AA', 'AA', 'AA', 'AAA', 'AA', 'AA', 'AA', 'A', 'AAA', 'AA', 'GAA', 'A', 'A', 'A', 'A', 'AA', 'A', 'A', 'A', 'G', 'GAA']	82
ENST00000220853:7	['T', 'T']	2
ENST00000221130:1	['A', 'A', 'AAA', 'AAA', 'AAA', 'AA', 'AAA', 'AA', 'AAA', 'AAA', 'AA', 'AAA', 'AAA', 'AAA', 'AAA', 'AAA', 'AAA', 'AAA', 'AAA', 'AAA', 'AAA', 'AA', 'AAA', 'AA', 'AA', 'AA', 'AAA', 'AAA', 'AAA', 'AAA', 'AA', 'AAA', 'AAA', 'AAA', 'AAA', 'AA', 'AA', 'AAA', 'AAAA', 'AA', 'AAAA', 'AAA', 'AAA', 'AAA', 'A', 'AAA', 'AA', 'AAA', 'AAA', 'AA', 'AA', 'AA', 'AA', 'A', 'AAA', 'AA', 'AAA', 'AA', 'AAA', 'AAA', 'A', 'AAA', 'AAA', 'AAA', 'A', 'A', 'AAA', 'AA', 'AAA', 'AAA', 'AAA', 'A', 'A', 'AAA', 'A', 'A', 'AAA', 'AAA', 'AA', 'AAA', 'AA', 'AA', 'AAA', 'AAA', 'AAA', 'A', 'AAA', 'AA', 'A', 'AAA', 'AAA', 'AA', 'AAA', 'AA', 'A', 'AA', 'AAA', 'AA', 'AAA', 'AAA', 'AAA', 'AAA', 'AAA', 'AA', 'AA', 'AAA', 'AAA', 'AAA', 'AAA', 'AAA', 'A', 'A', 'A', 'AA', 'AAA', 'AA', 'AAA', 'AA', 'AA', 'A', 'AAA', 'AAA', 'AAA', 'AAA', 'A', 'AA', 'A', 'A', 'AA', 'AAA', 'AAA', 'AAA', 'A', 'A', 'A', 'AA', 'A', 'AA', 'AA', 'AA', 'AA', 'AA', 'AA', 'AA', 'A', 'A', 'A', 'AA', 'A', 'A', 'A', 'AA', 'AA', 'A', 'AA', 'A', 'A', 'AA', 'A', 'A', 'A', 'A', 'AA', 'A', 'A', 'AA', 'A', 'AA', 'AA', 'A', 'A', 'AA', 'A', 'A', 'A', 'A', 'A', 'A', 'A', 'AA', 'AA', 'AA', 'AA', 'AA', 'A', 'AA', 'A', 'AA', 'A', 'A', 'A', 'AA', 'AA', 'AA', 'AA', 'AA', 'AA', 'AAA', 'AA', 'AA', 'A', 'AA', 'A', 'A', 'A', 'AA', 'A', 'A', 'A', 'A', 'A', 'A']	212
ENST00000221130:2	['AAAAAA', 'AAAA', 'AAAAA', 'AAAA', 'AAAAA', 'AAAAAA', 'AAAAA', 'AAAAAAAAA', 'AAAAAAA', 'AAAAAAAAA', 'A', 'AAAA', 'AAAAAA', 'AAAAAA', 'AAAA', 'AAAAA', 'AAAAA', 'AAAAA', 'AAAAAA', 'AAAAA', 'AAAAA', 'AAAAAA', 'AAAAA', 'AAAA', 'AAAAA', 'AAAA', 'AAAAAAA', 'AAAAAAA', 'AAAAAA', 'AAAAAAA', 'AAAA', 'AAAA', 'AAAA', 'AAAAAA', 'AAAAAA', 'AAAAAA', 'AAAAAA', 'AAAAAA', 'AAAAAAA', 'AAAAAA', 'AAAAAA', 'AAAA', 'AAAAAAA', 'AAAAA', 'AAAAAAA', 'AAAAAA', 'AAAAAAA', 'AAAAAAA', 'AAAAAAA', 'AAAAAAA', 'AAAA', 'AAAA', 'AAAAAA', 'AAAAAA', 'AAAAAA', 'AAAAA', 'AAAAAAA', 'AA', 'AAAAAAA', 'AAAA', 'AAAAA', 'AAAAA', 'AAAAAAA', 'AAAA', 'AAAAA', 'AAAAA', 'AAAAA', 'AAAAAA', 'AAAAA', 'AAAA', 'AAAA', 'AAAAAAAA', 'AAAAAA', 'AAAAA', 'AAAA', 'AAAAAA', 'AAAAAAA', 'AAAA', 'AAAAA', 'AAAAA', 'AAAA', 'AAAAAAAA', 'AAAAAA', 'AAA', 'AAAAA', 'AAAAA', 'AAAAAA', 'AAAA', 'AAAAAAAA', 'AAAAA', 'AAAA', 'AAAAA', 'AAAAAAAA', 'AAA', 'AAAAA', 'AAAAA', 'AAAAAA', 'AAAAA', 'AAAAA', 'AAAAA', 'AAAAA', 'AAAAAAA', 'AAAAAA', 'AAAA', 'AAAAAA', 'AAAAAAA', 'AAAAA', 'AAAA', 'AAAAAA', 'AAAA', 'AAAAAA', 'AAA', 'AAAAA', 'AAAAA', 'AAAAA', 'AAAAAA', 'AAAAAAA', 'AAAAAA', 'AAAAA', 'AAAAAAA', 'AAAA', 'AAAAAAA', 'AAAAAA', 'AAAAAAAA', 'AAAAAA', 'AAAA', 'AAAAAA', 'AAAAAA']	128
ENST00000221200:7	['A', 'A', 'A', 'A']	4
ENST00000221265:9	['GGG', 'GGG']	2
ENST00000221307:11	['C', 'C', 'C', 'C']	4
ENST00000221418:1	['GG']	1
ENST00000221418:6	['G', 'G']	2
ENST00000221419:7	['G', 'G']	2
ENST00000221419:8	['GC', 'GC']	2
ENST00000221452:6	['C', 'C']	2
ENST00000221455:16	['TCTC', 'TCTC']	2
ENST00000221485:6	['G', 'G', 'G', 'G', 'G', 'G']	6
ENST00000221515:2	['C', 'C']	2
ENST00000221742:7	['G', 'G']	2
ENST00000221804:3	['A']	1
ENST00000222002:4	['A', 'A', 'A', 'A', 'A']	5
ENST00000222145:4	['G']	1
ENST00000222145:6	['AA', 'AA']	2
ENST00000222249:9	['GTCCCCAC', 'GTCCCCAC']	2
ENST00000222254:9	['G', 'G']	2
ENST00000222286:10	['G', 'G']	2
ENST00000222390:2	['A', 'A', 'A', 'A', 'A', 'A', 'A', 'A']	8
ENST00000222543:2	['A', 'ACTT', 'A', 'ACTT']	4
ENST00000222553:6	['A', 'A', 'A', 'A', 'A', 'A', 'A', 'A', 'A', 'A', 'A', 'A', 'A', 'A', 'A', 'A', 'A', 'A', 'A', 'A', 'A', 'A', 'A', 'A', 'A', 'A', 'A', 'A', 'A', 'A', 'A', 'A', 'A', 'A', 'A', 'A', 'A', 'A', 'A', 'A', 'A', 'A', 'A', 'A', 'A', 'A', 'A', 'A', 'A', 'A', 'A', 'A', 'A', 'A', 'A', 'A', 'A', 'A', 'A', 'A', 'A', 'A']	62
ENST00000222567:1	['GTAA']	1
ENST00000222573:1	['TTGTT']	1
ENST00000222584:3	['T', 'T', 'T', 'T']	4
ENST00000222673:1	['TTTTTG', 'G', 'TTTTG', 'TTTTG', 'TTTTTTG', 'TG']	6
ENST00000222725:1	['C', 'C']	2
ENST00000222747:6	['A', 'A', 'A', 'A', 'A', 'A', 'A', 'A', 'A', 'A', 'A', 'A', 'A', 'A', 'A', 'A']	16
ENST00000222800:4	['G', 'G']	2
ENST00000222823:11	['A', 'A', 'A', 'A', 'A', 'A', 'A', 'A', 'A', 'A', 'A', 'A', 'A', 'A', 'A', 'A', 'A', 'A', 'A', 'A', 'A', 'A', 'A', 'A', 'A', 'A', 'A', 'A', 'A', 'A', 'A', 'A', 'A', 'A', 'A', 'A', 'A']	37
ENST00000223023:9	['AAAG', 'AAAG']	2
ENST00000223051:10	['G', 'G']	2
ENST00000223321:2	['A', 'A', 'A', 'A', 'A', 'A', 'A', 'A', 'A', 'A', 'A', 'A', 'A', 'A', 'A', 'A', 'A', 'A', 'A', 'AA', 'A', 'A', 'A', 'A', 'A', 'A', 'A', 'A', 'A', 'A', 'A', 'A', 'A', 'A', 'A', 'A', 'A', 'A', 'A', 'A', 'AA', 'A', 'A', 'A', 'A', 'A', 'A', 'A', 'A', 'A', 'A', 'A', 'A', 'A', 'A', 'A', 'A', 'A', 'A', 'A', 'A', 'A', 'A', 'A', 'A', 'A', 'A', 'A', 'A', 'A', 'A', 'A', 'AA', 'A', 'AA', 'A', 'A', 'A', 'A', 'A', 'A', 'A', 'AA', 'A', 'A', 'A', 'A', 'A', 'A', 'A', 'AA', 'A', 'A', 'AA', 'AA', 'A', 'A', 'A', 'A', 'A', 'A', 'A', 'A', 'A', 'A', 'A', 'A', 'A', 'A', 'A', 'A', 'A', 'A', 'A', 'A', 'A', 'A', 'A', 'A', 'A', 'A', 'A', 'A', 'A', 'AA']	125
ENST00000223357:5	['G']	1
ENST00000224140:21	['AA', 'A', 'AAA', 'AAA', 'AAA', 'AAA', 'AA', 'AAA', 'AA', 'A', 'AAA', 'AA', 'AA', 'AAA', 'AAA', 'AAA', 'AA', 'AA', 'AAA', 'AAA', 'A', 'AA', 'AAA', 'AA', 'AAA', 'A', 'AAA', 'A', 'AA', 'AA', 'AAA', 'A', 'AA', 'AAA', 'A', 'AAA', 'AA', 'AA', 'AA', 'AA', 'AAA', 'AA', 'AA', 'AAA', 'AA', 'AA', 'AA', 'AAA', 'AA', 'AA', 'AA', 'AAA', 'AAA', 'AAA', 'AA', 'AAA', 'AA', 'AAA', 'AAA', 'AAA', 'AA', 'AA', 'AA', 'AAA', 'AA', 'AAA', 'AA', 'AA', 'A', 'A', 'AA', 'A', 'AAA', 'AA', 'A', 'AA', 'AA', 'AA', 'AA', 'AA', 'A', 'AA', 'A', 'AA', 'A', 'AA', 'AA', 'AAA', 'A', 'AA', 'AA', 'A', 'A', 'A', 'A', 'AA', 'AAAA', 'A', 'A', 'A', 'AA', 'A', 'AAAA', 'A', 'A', 'AAA', 'A', 'A']	108
ENST00000224140:23	['TAC', 'TAC']	2
ENST00000224721:20	['C', 'C', 'C', 'C', 'C']	5
ENST00000224949:14	['AAAAAAGAAACAA', 'A']	2
ENST00000225276:1	['A', 'A']	2
ENST00000225577:4	['C']	1
ENST00000225655:2	['GGA']	1
ENST00000225726:1	['A', 'A', 'A', 'A', 'A', 'A', 'A', 'A', 'A', 'A', 'A', 'A', 'A', 'A', 'A', 'A', 'A', 'A', 'A', 'A', 'A', 'A', 'A', 'A', 'A', 'A', 'A', 'A', 'A', 'A', 'A', 'A', 'A', 'A', 'A', 'A', 'A', 'A', 'A', 'A', 'A', 'A', 'A', 'A', 'A', 'A', 'A', 'A', 'A', 'A', 'A', 'A', 'A', 'A', 'A', 'A', 'A', 'A', 'A', 'A', 'A', 'A', 'A', 'A', 'A', 'A', 'A', 'A', 'A', 'A', 'A', 'A', 'A', 'A', 'A', 'A', 'A', 'A', 'A', 'A', 'A', 'A', 'A', 'A', 'A', 'A', 'A', 'A', 'A', 'A', 'A', 'A', 'A', 'AA', 'A', 'A', 'A', 'A', 'A', 'A', 'A', 'A', 'A', 'A', 'A', 'A', 'A', 'A', 'A', 'A', 'A', 'A', 'A', 'A', 'A', 'A', 'A', 'A', 'A', 'A', 'A', 'A', 'A', 'A', 'A', 'A', 'A', 'A', 'A', 'A', 'A', 'A', 'A', 'A', 'A']	135
ENST00000225726:8	['A', 'A']	2
ENST00000225729:10	['AG']	1
ENST00000225916:7	['GA', 'GA', 'GA', 'GA', 'GA', 'GA', 'GA', 'GA', 'GA', 'GA', 'GA', 'GA', 'GA', 'GA']	14
ENST00000225964:19	['G', 'G']	2
ENST00000225964:29	['G']	1
ENST00000225964:35	['G', 'G', 'G', 'G']	4
ENST00000225964:41	['AG', 'AG', 'AG', 'AG', 'AGAG', 'AG', 'AGAG', 'AG', 'AG', 'AG', 'AG', 'AG', 'AG', 'AG', 'AG', 'AG', 'AG', 'AG', 'AG', 'AG', 'AG', 'AG', 'AG', 'AG', 'AG', 'AG', 'AG', 'AG', 'AG', 'AG', 'AG', 'AG', 'AG', 'AG', 'AG', 'AG', 'AG', 'AG', 'AG', 'AG', 'AG', 'AG', 'AG', 'AG', 'AG', 'AG', 'AG', 'AG', 'AG', 'AG', 'AG', 'AG', 'AG', 'AG', 'AG', 'AG', 'AG', 'AG', 'AG', 'AG', 'AG', 'AG', 'AG', 'AG', 'AG', 'AG', 'AG', 'AG', 'AG', 'AG', 'AG', 'AG', 'AG', 'AG', 'AG', 'AG', 'AG', 'AG', 'AGAG', 'AG', 'AG', 'AG', 'AG', 'AG', 'AGAG', 'AG', 'AG', 'AG', 'AG', 'AG', 'AG', 'AG', 'AG', 'AG', 'AG', 'AG', 'AG', 'AG', 'AG', 'AG', 'AG', 'AG', 'AG', 'AG', 'AG', 'AG', 'AG', 'AG', 'AG', 'AGAG', 'AG', 'AG', 'AG', 'AG', 'AG', 'AGAG', 'AG', 'AG', 'AG', 'AG', 'AG', 'AG', 'AG', 'AGAG', 'AG', 'AG', 'AG', 'AG', 'AG', 'AG', 'AG', 'AG', 'AG', 'AG', 'AG', 'AG', 'AG', 'AG', 'AG', 'AG', 'AG', 'AG', 'AG', 'AG', 'AG', 'AG', 'AG', 'AG', 'AG', 'AG', 'AG', 'AG', 'AG', 'AG', 'AG', 'AG', 'AG', 'AG', 'AG', 'AG', 'AG', 'AG', 'AG', 'AG', 'AG', 'AGAG', 'AGAG', 'AG', 'AG', 'AGAG', 'AGAG', 'AGAG', 'AG', 'AGAG', 'AG', 'AG', 'AGAG', 'AG', 'AG', 'AG', 'AG', 'AG', 'AG', 'AG', 'AG', 'AG', 'AG', 'AGAG', 'AG', 'AG', 'AGAG', 'AGAG', 'AG', 'AGAG', 'AG', 'AGAG', 'AG', 'AGAG', 'AG', 'AGAG', 'AGAG', 'AGAG', 'AGAG', 'AGAG', 'AGAG', 'AGAG', 'AG', 'AG', 'AGAG', 'AGAG', 'AG', 'AG', 'AG', 'AGAG', 'AGAG', 'AGAG', 'AGAG', 'AG', 'AG', 'AG', 'AG', 'AGAG', 'AG', 'AG', 'AG', 'AGAG', 'AGAG', 'AG', 'AGAG', 'AG', 'AGAG', 'AGAG', 'AG', 'AGAG', 'AG', 'AG', 'AGAG', 'AG', 'AGAG', 'AG', 'AG', 'AG', 'AG', 'AGAG', 'AG', 'AG', 'AGAG', 'AG', 'AG', 'AG', 'AG', 'AG', 'AGAG', 'AGAG', 'AGAG', 'AG', 'AG', 'AG', 'AG', 'AG', 'AGAG', 'AGAG', 'AG', 'AG', 'AGAG', 'AG', 'AG', 'AG', 'AG', 'AGAG', 'AG', 'AG', 'AG', 'AG', 'AGAG', 'AG', 'AGAG', 'AG', 'AG', 'AG', 'AG', 'AG', 'AGAG', 'AG', 'AGAG', 'AGAG', 'AG', 'AG', 'AG', 'AGAG', 'AG', 'AG', 'AG', 'AG', 'AG', 'AGAG', 'AGAG', 'AG', 'AG', 'AG', 'AG', 'AG', 'AG', 'AG', 'AGAG', 'AG', 'AG', 'AG', 'AG', 'AG', 'AGAG', 'AGAG', 'AG', 'AGAG', 'AG', 'AG', 'AG', 'AG', 'AG', 'AG', 'AG', 'AG', 'AG', 'AG', 'AG', 'AG', 'AG', 'AG', 'AG', 'AG', 'AG', 'AG', 'AG', 'AG', 'AG', 'AG', 'AG', 'AG', 'AG', 'AG', 'AG', 'AG', 'AG', 'AG', 'AG', 'AG', 'AG', 'AG', 'AG', 'AG', 'AG', 'AG', 'AG', 'AG', 'AG', 'AG']	356
ENST00000225964:46	['G']	1
ENST00000225992:2	['G']	1
ENST00000226207:32	['GTAAAATGT']	1
ENST00000226432:1	['G']	1
ENST00000226444:1	['A', 'A', 'A', 'A', 'A', 'A']	6
ENST00000226578:16	['A', 'AG']	2
ENST00000226578:2	['A', 'A', 'A', 'A', 'A', 'A', 'A', 'A', 'A', 'A', 'A', 'A', 'A', 'A', 'A', 'A', 'A', 'A', 'A', 'A', 'A', 'A', 'A', 'A', 'A', 'A']	26
ENST00000226798:3	['G', 'G', 'G', 'G']	4
ENST00000227266:1	['AA', 'AA', 'AA', 'A', 'AAA', 'AAA', 'AA', 'AAA', 'AAAA', 'AA', 'AA', 'AAA', 'AAA', 'AA', 'AAA', 'AAA', 'AAA', 'AAA', 'AAA', 'AAA', 'AA', 'AA', 'AA', 'AA', 'AAA', 'A', 'AAAA', 'AA', 'AA', 'AAA', 'AAA', 'AAA', 'AAA', 'AA', 'AAA', 'AAA', 'AA', 'AA', 'AAA', 'AA', 'AA', 'A', 'AA', 'AA', 'AA', 'A', 'AA', 'AAAA', 'AA', 'AA', 'AA', 'AAA', 'AA', 'AA', 'AAA', 'AA', 'A', 'A', 'AA', 'AA', 'AA', 'AAA', 'AAAA', 'AA', 'AA', 'AA', 'AAA', 'AA', 'AA', 'AAAA', 'AA', 'AAA', 'AA', 'A', 'AA', 'AAA', 'AAA', 'A', 'AAA', 'AAA', 'A', 'AA', 'AA', 'AA', 'AAA', 'AA', 'A', 'AA', 'AA', 'A', 'AA', 'A', 'AAA', 'AA', 'AAA', 'A', 'AA', 'AA', 'AA', 'AA', 'A', 'AAA', 'AA', 'AA', 'AA', 'AA', 'AA', 'AA', 'A', 'A', 'AA', 'AA', 'AA', 'AAA', 'A', 'AAA', 'AA', 'AA', 'A', 'AA', 'AA', 'AAAAA', 'AA', 'AAA', 'A', 'A', 'AAA', 'AAA', 'AA', 'A', 'AAA', 'A', 'A', 'AA', 'AA', 'AAA', 'G', 'AA', 'A', 'AAA', 'AA', 'AAA', 'AAA', 'G', 'G', 'A']	146
ENST00000227322:1	['GT']	1
ENST00000227348:2	['GAAA', 'GAAA', 'GAAA', 'GAAA', 'GAAA', 'GAAA', 'GAAA', 'GAAA', 'GAAA', 'GAAA', 'GAAA']	11
ENST00000227378:7	['AAAC', 'AAAAAC']	2
ENST00000227524:11	['AA', 'A', 'A', 'A', 'A', 'A', 'A', 'A', 'A', 'A', 'A', 'A', 'A', 'A', 'A', 'A', 'A', 'A', 'A', 'A', 'A', 'A', 'A', 'A', 'A', 'A', 'A', 'A', 'A', 'A', 'A', 'A', 'A', 'A', 'A', 'A', 'A', 'A', 'A', 'A', 'A', 'A', 'A', 'A', 'A', 'A', 'A', 'A', 'A', 'A', 'A', 'A', 'A', 'A', 'A', 'A', 'A', 'A', 'A', 'A', 'A', 'A', 'AA', 'A', 'A', 'A', 'A', 'A', 'A', 'A', 'A', 'A', 'A', 'A', 'A', 'A', 'A', 'A', 'A', 'A', 'A', 'A', 'A', 'A', 'A', 'A', 'A', 'A', 'A', 'A', 'AA', 'A', 'A', 'A', 'AA', 'A', 'A', 'A', 'AA', 'A', 'A', 'AA', 'A', 'A', 'A', 'A', 'A', 'A', 'A', 'A', 'A', 'A', 'A', 'A', 'A', 'A', 'AA', 'A', 'A', 'A', 'A', 'AA', 'A', 'A', 'A', 'AA', 'A', 'A', 'A', 'A', 'A', 'A', 'A', 'A', 'A', 'A', 'AA', 'A', 'A', 'A', 'A', 'A', 'A', 'A', 'A', 'A', 'A', 'A', 'A', 'A', 'A', 'AA', 'A', 'A', 'A']	155
ENST00000227525:2	['C', 'C']	2
ENST00000227868:10	['C', 'C']	2
ENST00000228318:2	['AG']	1
ENST00000228437:9	['A', 'A', 'A', 'A', 'A', 'A', 'A', 'A', 'A', 'A', 'A', 'A', 'A', 'A', 'A', 'A', 'A', 'A', 'A', 'A', 'A', 'A', 'A', 'A', 'A', 'A', 'A', 'A', 'A', 'A', 'A', 'A', 'A', 'A', 'A', 'A', 'A', 'A', 'A', 'A', 'A', 'A', 'A', 'A', 'A', 'A', 'A', 'A', 'A', 'A', 'A', 'A', 'A', 'A', 'A', 'A', 'A', 'A', 'A', 'A', 'A', 'A', 'A', 'A', 'A', 'A', 'A', 'A', 'A', 'A', 'A', 'A', 'A', 'A', 'A', 'A', 'A', 'A', 'A', 'A', 'A', 'A', 'A']	83
ENST00000228567:2	['AC', 'AC', 'AC', 'AC', 'AC', 'AC', 'AC', 'AC', 'AC', 'AC', 'AC', 'AC', 'AC']	13
ENST00000228705:8	['A', 'A', 'A', 'A', 'A', 'A', 'A', 'A', 'A', 'A', 'A', 'A', 'A', 'A', 'A']	15
ENST00000228740:10	['A', 'A', 'A', 'A', 'A', 'A', 'A', 'A', 'A', 'A', 'A', 'A', 'A', 'A', 'A', 'A', 'A', 'A', 'A', 'A', 'A']	21
ENST00000228740:3	['A', 'A', 'A', 'A']	4
ENST00000228740:8	['A', 'A', 'A', 'A', 'A', 'A']	6
ENST00000228811:3	['AA']	1
ENST00000228825:4	['A', 'A', 'A', 'A', 'A']	5
ENST00000228841:1	['A', 'G', 'A', 'G', 'A', 'A', 'A', 'A', 'A', 'G', 'G', 'A', 'A', 'A', 'A', 'A', 'A', 'A', 'A', 'A', 'A', 'A', 'A', 'A', 'G', 'A', 'A', 'G', 'G', 'G', 'A', 'A', 'A', 'A', 'A', 'A', 'A', 'A', 'A', 'A', 'A']	41
ENST00000229135:1	['AAA', 'AAA', 'AAAA', 'AAA', 'AAA', 'AAAA', 'AAA', 'AAAA', 'AAA', 'AAA', 'AAAA', 'AAA', 'AAA', 'AAA', 'AAA', 'AAAA', 'AAA', 'AAA', 'AAA', 'AAA', 'AAAA', 'AAA', 'AAA', 'AAA', 'AA', 'AAA', 'AAA', 'AAA', 'AAA', 'AAA', 'AAAA', 'AAA', 'AAA', 'AAA', 'AAA', 'AAAA', 'AAA', 'AAA', 'AAA', 'AAA', 'AAA', 'AAAA', 'AAAA', 'AAAA', 'AAA', 'AAA', 'AAAA', 'AAA', 'AAA', 'AAA', 'AAA', 'AAAA', 'AAA', 'AAA', 'AAA', 'AA', 'AAA', 'AAA', 'AAA', 'AAA', 'AAAA', 'AAA', 'AAA', 'A', 'AAA', 'AAA', 'AAA', 'AAA', 'AAAA', 'AAA', 'AAA', 'AAA', 'AAA', 'AAA', 'A']	75
ENST00000229179:19	['GAAGG']	1
ENST00000229214:3	['AAA', 'A', 'AAAAA', 'AAAA', 'AAAAA', 'AA', 'AAAAA', 'AAAAAA', 'AAAA', 'AAAAA', 'AAAAA', 'AAA', 'AAAAAA', 'AAAA', 'AAAAAA', 'AAAAA', 'A', 'AAAAAA', 'AAA', 'AAAAA', 'AAAAA', 'AAAAAAA', 'AAAAAA', 'A', 'A', 'AAAAAAA', 'AAAAA', 'AA', 'AAA', 'AAA', 'AAAA', 'AAAA', 'AAAA', 'AAAAA', 'C', 'A', 'AAA', 'AAAAAAA', 'AA', 'AAAAA', 'AA', 'AAAA', 'AA', 'AAA', 'AAAAAA', 'AAAAA', 'AA', 'AAA', 'AAA', 'AAAA', 'AAAAAA', 'AAA', 'AA', 'AAA', 'AAAAA', 'AA', 'AAA', 'AAAAAA', 'AAAA', 'AAA', 'AAA', 'AAA', 'AAA', 'AAA', 'AAA', 'AAA', 'AAA', 'A', 'AAA', 'AA', 'AAA', 'AAAAA', 'C', 'C', 'C']	75
ENST00000229239:8	['TCT', 'TCT']	2
ENST00000229304:4	['A', 'A']	2
ENST00000229330:2	['TTA', 'TTA']	2
ENST00000229335:3	['A', 'AAAA', 'AAAA', 'AAA', 'AAA', 'A', 'AA', 'AAAA', 'AAAA', 'AAA', 'AAA', 'AA', 'A', 'A', 'A', 'A', 'AAA', 'A', 'AAAA', 'AA', 'A', 'AA', 'A', 'AA', 'AA', 'AA', 'A', 'AAA', 'AA', 'AAA', 'AA', 'AAA', 'A', 'AAAA', 'AAA', 'A', 'AA', 'AA', 'A', 'AAA', 'AA', 'AAAA', 'A', 'AA', 'AAA', 'A', 'A', 'AA', 'AAA', 'AA', 'AA', 'AA', 'A', 'A', 'AAA', 'AAA', 'AAA', 'A', 'AAA', 'A', 'AA', 'A', 'AAA', 'AAA', 'A', 'AAAA', 'AAAA', 'A', 'AAA', 'A', 'AAAA', 'AAA', 'AA', 'A', 'AAA', 'AA', 'A', 'AAA', 'AA', 'AA', 'AAA', 'A', 'A', 'AAA', 'A', 'AAA', 'A', 'AA', 'AA', 'AAA', 'AAAA', 'A', 'AAAA', 'AA', 'A', 'AA', 'AA', 'AA', 'AA', 'AAAAA', 'A', 'A', 'AAA', 'A', 'A', 'AA']	106
ENST00000229390:1	['A', 'A', 'A', 'A', 'A', 'A', 'A', 'A', 'A', 'A', 'A', 'A', 'A', 'A', 'A', 'A', 'A', 'A', 'A', 'A', 'A', 'A', 'A', 'A', 'A', 'A', 'A', 'A', 'A', 'A', 'A', 'A', 'A', 'A', 'A', 'A', 'A', 'A', 'A', 'A', 'A', 'A', 'A', 'A', 'A', 'A', 'A', 'A', 'A', 'A', 'A', 'A', 'A', 'A', 'A', 'A', 'A', 'A', 'A', 'A', 'AA', 'A', 'A', 'A', 'A']	65
ENST00000229758:3	['A']	1
ENST00000229758:4	['A', 'A']	2
ENST00000229812:10	['A']	1
ENST00000229971:3	['A', 'A', 'A', 'A', 'A', 'A']	6
ENST00000230036:11	['AGAG', 'AGAG']	2
ENST00000230036:6	['T']	1
ENST00000230085:1	['A', 'A']	2
ENST00000230122:5	['A', 'A', 'A', 'A', 'A', 'A', 'A', 'A', 'A', 'A', 'A', 'A', 'A', 'A', 'A']	15
ENST00000230124:16	['T', 'T']	2
ENST00000230173:12	['AGA']	1
ENST00000230256:6	['C', 'C', 'C', 'C', 'C', 'C', 'C', 'C', 'C', 'C', 'C', 'C']	12
ENST00000230449:10	['A', 'A']	2
ENST00000230449:6	['A', 'A', 'A', 'A', 'A', 'A', 'A', 'A', 'A', 'A', 'A', 'A', 'A', 'A', 'A', 'A', 'A', 'A', 'A', 'A', 'A', 'A', 'A', 'A', 'A', 'A', 'A', 'A', 'A', 'A', 'A', 'A', 'A', 'A', 'A', 'A', 'A', 'A', 'A']	39
ENST00000230461:3	['T', 'T', 'T', 'T', 'T', 'T']	6
ENST00000230568:2	['A', 'A', 'A', 'A', 'A', 'A', 'A', 'A', 'A', 'A', 'A', 'A', 'A']	13
ENST00000230640:8	['T', 'T', 'T']	3
ENST00000230792:3	['A', 'A', 'A', 'A', 'A', 'A', 'A', 'A', 'A', 'A', 'A', 'A', 'A', 'A', 'A', 'A', 'A', 'A', 'A', 'A', 'A', 'A', 'A', 'A', 'A', 'A', 'A', 'A']	28
ENST00000230792:4	['A', 'A', 'A', 'A', 'A', 'A', 'A', 'A', 'A', 'A', 'A', 'A', 'A', 'A', 'A', 'A', 'A', 'A', 'A', 'A', 'A', 'A', 'A', 'A', 'A', 'A', 'A', 'A']	28
ENST00000230859:12	['CAG']	1
ENST00000230895:2	['A', 'A', 'A', 'A', 'A']	5
ENST00000231188:6	['GA', 'GA', 'GA']	3
ENST00000231368:6	['C', 'C', 'C', 'C']	4
ENST00000231498:18	['A', 'AA', 'A', 'A', 'A', 'A', 'A', 'A', 'A', 'A', 'A', 'A', 'A', 'A', 'A', 'A', 'A', 'AA', 'A', 'A', 'A', 'A', 'A', 'A', 'A', 'A', 'A', 'A', 'AA', 'A', 'A', 'A', 'A', 'A', 'A', 'A', 'A', 'A', 'A', 'A', 'A', 'A', 'A', 'A', 'A', 'A', 'A', 'A', 'A', 'A', 'A', 'A', 'A', 'A', 'A', 'A', 'A', 'A', 'A', 'A', 'A', 'A', 'A', 'A', 'A', 'A', 'A', 'A', 'A', 'A', 'A', 'A', 'A', 'A', 'A', 'A', 'A', 'A', 'A', 'A', 'A', 'A', 'A', 'A', 'A', 'A', 'A', 'A', 'A', 'A', 'A', 'A', 'A', 'A', 'A', 'A', 'A', 'A', 'A', 'A', 'A', 'A', 'A', 'A', 'A', 'A', 'A', 'A', 'A', 'A', 'A', 'A', 'A', 'A', 'A', 'A', 'A', 'A', 'A', 'A', 'A', 'A', 'A', 'A', 'A', 'A', 'A', 'A', 'A', 'A', 'A', 'A', 'AA', 'A', 'A', 'A', 'A', 'A', 'A', 'A', 'A', 'A', 'A']	143
ENST00000231498:23	['AGA']	1
ENST00000231498:9	['AT']	1
ENST00000231524:8	['A', 'A', 'A', 'A', 'A', 'A', 'A', 'A', 'A', 'A', 'A', 'A', 'A', 'A', 'A', 'A', 'A', 'A', 'A', 'A', 'A', 'A', 'A', 'A', 'A', 'A', 'A', 'A', 'A', 'A', 'A', 'A', 'A', 'A', 'A', 'A', 'A', 'A', 'A', 'A', 'A', 'A', 'A', 'A', 'A', 'A', 'A', 'A', 'A', 'A', 'A', 'A', 'A', 'A', 'A', 'A', 'A', 'A', 'A', 'A', 'A', 'A', 'A', 'A', 'A', 'A', 'A', 'A']	68
ENST00000231524:9	['A', 'A', 'A', 'A', 'A', 'A', 'A', 'A', 'A', 'A', 'A', 'A', 'A', 'A', 'A', 'A', 'A', 'A', 'A', 'A', 'A', 'A', 'A', 'A', 'A', 'A', 'A', 'A', 'A', 'A', 'A', 'A', 'A', 'A', 'A', 'A', 'A', 'A', 'A', 'A', 'A', 'A', 'A', 'A', 'A', 'A', 'A', 'A', 'A']	49
ENST00000231721:8	['G', 'G']	2
ENST00000231749:10	['G', 'G']	2
ENST00000232375:7	['AGAG', 'AGAG']	2
ENST00000232501:6	['GA', 'GA', 'GA', 'GA', 'GA', 'GA', 'GA', 'GA', 'GA']	9
ENST00000232519:2	['T', 'T', 'T', 'T', 'T', 'T']	6
ENST00000232564:1	['A', 'A']	2
ENST00000232564:9	['A', 'A', 'A', 'A', 'A', 'A', 'A', 'A', 'A', 'A', 'A', 'AAA', 'A', 'A', 'A', 'A', 'A', 'A', 'A', 'A']	20
ENST00000232603:14	['A', 'A', 'A', 'A', 'A', 'A', 'A', 'A', 'A', 'AA', 'A', 'T', 'T']	13
ENST00000232603:6	['A', 'A', 'A', 'A', 'A', 'A', 'A', 'A', 'A', 'A', 'A', 'A', 'A', 'A', 'A', 'A', 'A', 'A', 'A', 'A', 'A', 'A', 'A', 'A', 'A', 'A', 'A', 'A', 'A', 'A', 'A', 'A', 'A', 'A', 'A', 'A', 'A', 'A', 'A', 'A', 'A', 'A', 'A', 'A', 'A', 'A', 'A', 'A', 'A', 'A', 'A', 'A', 'A', 'A', 'A', 'A', 'A', 'A', 'A', 'A', 'A', 'A', 'AA', 'A', 'A', 'A', 'A', 'A', 'A', 'A', 'A', 'A', 'A', 'A', 'A', 'A', 'A', 'A', 'A', 'A', 'A', 'A', 'A', 'A', 'A', 'A', 'A', 'A', 'A', 'A', 'A', 'A', 'A', 'A', 'A', 'A', 'A', 'A', 'A', 'A', 'A', 'A', 'A', 'A', 'A', 'A', 'A', 'A', 'A', 'A', 'A', 'A', 'A', 'A', 'A', 'A', 'A', 'A', 'A', 'A', 'A', 'A', 'A', 'A', 'A', 'A', 'A', 'A', 'AA', 'A', 'A', 'A', 'A', 'A', 'A', 'A', 'A', 'A', 'A']	139
ENST00000232603:9	['GAAA', 'GAAA']	2
ENST00000232744:3	['C', 'C', 'C', 'C', 'C', 'C', 'C', 'C']	8
ENST00000232744:6	['C', 'C', 'C', 'C', 'C', 'C']	6
ENST00000232978:3	['TTTTC', 'TTTTC']	2
ENST00000233027:13	['A', 'A', 'A', 'A', 'A', 'A', 'A', 'A', 'A', 'A', 'A', 'A', 'A', 'A', 'A', 'A', 'A', 'A', 'A', 'A', 'A', 'A', 'A', 'A', 'A', 'A', 'A', 'A', 'A', 'A', 'A', 'A', 'A', 'A', 'A', 'A', 'A', 'A', 'A', 'A', 'A', 'A', 'A', 'A', 'A', 'A', 'A', 'A', 'A', 'A', 'A', 'A', 'A']	53
ENST00000233057:13	['A', 'A', 'AA', 'AA', 'A', 'AA', 'AA', 'A', 'AA', 'AA', 'A', 'A', 'A', 'A', 'A', 'A', 'A', 'A', 'A', 'A', 'A', 'A', 'A', 'A', 'A', 'A', 'A', 'A', 'A', 'A', 'A', 'A', 'A', 'A', 'A', 'A', 'A', 'A', 'A', 'A', 'A', 'A', 'A', 'A', 'A', 'A', 'A', 'A', 'A', 'A', 'A', 'A', 'A', 'A', 'A', 'A', 'A', 'A', 'A', 'A', 'A', 'A', 'A', 'A', 'A', 'A', 'A', 'A', 'A', 'A', 'A', 'A', 'A', 'A', 'A', 'A', 'A', 'A', 'A', 'A', 'A']	81
ENST00000233057:15	['A', 'A', 'A', 'A', 'A', 'A', 'A', 'A', 'A', 'A', 'A', 'A', 'A', 'A', 'A', 'A', 'A', 'A', 'A', 'A', 'A', 'A', 'A', 'A', 'A', 'A', 'A', 'A', 'A', 'A', 'A', 'A', 'A', 'A', 'A', 'A', 'A', 'A', 'A', 'A', 'A', 'A', 'A', 'A', 'A', 'A', 'A', 'A', 'A', 'A', 'A', 'A', 'A', 'A', 'A', 'A', 'A', 'A', 'A', 'A', 'A', 'A', 'A', 'A', 'A', 'A', 'A', 'A', 'A', 'A', 'A', 'A', 'A', 'A', 'A', 'A']	76
ENST00000233072:14	['T']	1
ENST00000233099:14	['A']	1
ENST00000233099:17	['AAA', 'AAAAAAA', 'AAAAA', 'AAAAAA', 'AAAAAA', 'AAAA', 'AAAAA', 'AAAAAA', 'AAAAA', 'AAAAA', 'AA', 'AAAAAA', 'AAAAAAAA', 'AAAAAAA', 'AAAAA', 'AAAAA', 'AA', 'AAAAAA', 'AAAAAAA', 'AAAA', 'AA', 'AAAAA', 'AAAAAAA', 'AAAAAA', 'AAAAAA', 'AAAAAA', 'AAAA', 'AAAAAA', 'AAAAAA', 'AAAAAA', 'AAAAAA', 'AAAAAAA', 'AAAAAA', 'AAAAAAA', 'AAAAAAA', 'AAAAA', 'AAAAAA', 'AAAAA', 'AAAAAAA', 'AAAAAA', 'AAAAAAAA', 'AAAA', 'AAAAA', 'AAAAAAA', 'AAAA', 'AAAAA', 'AAAAA', 'AAAAAA', 'AAAA', 'AAAA', 'AAAAAAA', 'AAAA', 'AAAAA', 'AAAAA', 'AAAAAAA', 'AAAAAA', 'AAAA', 'AAAA', 'AAAAA', 'AAAAA', 'AAAA', 'AAAAA', 'AAAA', 'A', 'AAAAA', 'AAAAAAA', 'AAAAAAA', 'AAAAAAA', 'AAAAAAAA', 'AAAAAAA', 'AAAAAA', 'AAAAA', 'AAAA', 'AAAAAA', 'AAAAA', 'AAAAAAA', 'AAAAAAA', 'AAAA', 'AAAAAAAA', 'AAAAA', 'AAAAAA', 'AAAAAA', 'AAAAAAAAA', 'AAAAAA', 'AAAAA', 'AAAAAA', 'AAAAAAAAA', 'AAAAAAA', 'AAAAAAAA', 'AAAAAAA', 'AAAAAA', 'A', 'AAAAA', 'AAA', 'AAAA', 'AAAA', 'AAAA', 'AAAA', 'AAAAAA']	99
ENST00000233099:2	['A', 'A', 'A', 'A', 'A', 'A']	6
ENST00000233146:5	['AAAAAAAAA', 'AAAAAAAAAAAAAAA', 'AAAAAAAAAAAA', 'AAAAAAAAAAA', 'AAAAAAAAAAA', 'AAAAAAAAAAAAAAA', 'AAAAAAAAAA', 'AAAAAAAAAAAA', 'AAAAAAAAAAAAAAA', 'AAAAAAAAAAA', 'AAAAAAAAAAAAAA', 'AAAAAAAAAAA', 'AAAAAAAAAA', 'AAAAAAAAAAAAAAA', 'AAAAAAAAAAAA', 'AAAAAAAAAAAAA', 'AAAAAAAAAAAA', 'AAAAAAAAAA', 'AAAAAAAAAAA', 'AAAAAAAA', 'AAAAAAAAAAA', 'AAAAA', 'AAAAAAAAAAAAA', 'AAAAAAAAAAAAAA', 'AAAAAAAAAA', 'AAAAAAAAA', 'AAAAAAAAA', 'AAAAAAAAAAAA', 'AAAAAAAAAAAAA', 'AAAAAAAAAA', 'AAA', 'AAAAAAAAAAA', 'AAAAAAA', 'AAAAAAAAAA', 'AAAAAAAAAAA', 'AAAAAAAAAAAAA', 'AAAAAAAAAAAAA', 'AAAAAAAAAAAAAA', 'AAAAAAAAAAAA', 'AAAAAAAAAAAA', 'AAAAAAAAAAAA', 'AAAAAAAAAAAA', 'AAAAAAAAAAAAAAAA', 'AAAAAAAAAAAAA', 'AAAAAAAAAAAAA', 'AAAAAAAAAAAAAAA', 'AAAAAAAAAAAAAAA', 'AAAAAAAAAAAA', 'AAAAAAAAAAAAA', 'AAAAAAAAAAAA', 'AAAAAAAAAAAAA', 'AAAAAAAAA', 'AAAAAAAAAAAAAAA', 'AAAAAAAAAAAA', 'AAAAAAAAAAAAAA', 'AAAAAAAAAAAAAA', 'AAAAAAAAAA', 'AAAAAAAAAAAA', 'AAAAAAAAAAAA', 'AAAAAAA', 'AAAAAAAAAAA', 'AAAAAAAAAAAA', 'AAAAAAAAAAAAAAAA', 'AAAAAAAAAAAAA', 'AAAAAAAAAAA', 'AAAAAAAAAAAAA', 'AAAAAAAAAAAAAA', 'AAAAAAAAAAAAA', 'AAAAAAAAAAAAAA', 'AAAAAAAAAAAA', 'AAAAAAAAA', 'AAAAAAAAAAAAA', 'AAAAAAAAA', 'AAAAAAAAAAA', 'AAAAAAAAAAAAA', 'AAAAAAAAAAAA', 'AAAAAAAAAAA', 'AAAAAAAAAAAAAA', 'AAAAAAAAAAAAAAAA', 'AAAAAAAAAAAAAAA', 'AAAAAAAAAAAAA', 'AAAAAAAAAAAAAAAA', 'AAAAAAAAAAAAA', 'AAAAAAAAAAAAAA', 'AAAAAAAAAAAAAAA', 'AAAAAAAAAAAA', 'AAAAAAAAAAAAAAA', 'AAAAAAAAAAAAA', 'AAAAAAAAAAAAA', 'AAAAAAAAAAAAAAA', 'AAAAAAAAAAAAAA', 'AAAAAAAAAAAAAA', 'AAAAAAAAAAA', 'AAAAAAAAAAAA', 'AAAAAAAAAAA', 'AAAAAAAAAAAA', 'AAAAAAAAAAAAAAA', 'AAAAAAAAAA', 'AAAAAAAAAAAAA', 'AAAAAAAAAAAAA', 'AAAAAAAAAAAA', 'AAAAAAAAAAAAA', 'AAAAAAAAAAAAA', 'AAAAAAAAAAAAAAAA', 'AAAAAAAAAAAAAA', 'AAAAAAAAAAAA', 'AAAAAAAAAAAAAAA', 'AAAAAAAAAAAAAAA', 'AAAAAAAAAAAAAA', 'AAAAAAAAAAAA', 'AAAAAAAAAAAAAAAA', 'AAAAAAAAAAAAA', 'AAAAAAAAAAAAA', 'AAAAAAAAAAAAAAA', 'AAAAAAAAAAAAAA', 'AAAAAAAAAAAAAAA', 'AAAAAAAAAAAAAA', 'AAAAAAAAAAAAAA', 'AAAAAAAAAAAAAAA', 'AAAAAAAAAAAAAAA', 'AAAAAAAAAAAAAA', 'AAAAAAAAAAAAAAAA', 'AAAAAAAAAAAAAA', 'AAAAAAAAAAAAAAAAA', 'AAAAAAAAAAAAA', 'AAAAAAAAAAAAAA', 'AAAAAAAAAAAAAAA', 'AAAAAAAAAAAAAAAA', 'AAAAAAAAAAA', 'AAAAAAAA', 'AAAAAAAAAAAAAAAA', 'AAAAAAAAAAAAAA', 'AAAAAAAAAAAAAAA', 'AAAAAAAAAAAAAAAA', 'AAAAAAAAAAAAAAAA', 'AAAAAAAAAAAAA']	136
ENST00000233156:5	['A', 'A']	2
ENST00000233190:1	['A', 'A', 'A', 'A']	4
ENST00000233190:13	['A', 'A', 'AA', 'AA', 'AA', 'AA', 'AA', 'A', 'AA', 'AA', 'AA', 'AA', 'AA', 'TAA', 'AA', 'AA', 'AA', 'A', 'AA', 'AA', 'AA', 'AA', 'AA', 'AA', 'AA', 'AA', 'AA', 'AA', 'AA', 'A', 'AA', 'AA', 'AA', 'AA', 'AA', 'AA', 'AA', 'AA', 'AA', 'AA', 'AA', 'AA', 'A', 'AA', 'AA', 'A', 'A', 'AA', 'AA', 'AA', 'A', 'AA', 'AA', 'A', 'AA', 'AA', 'A', 'AA', 'AA', 'AA', 'AA', 'AA', 'A', 'AA', 'AA', 'AA', 'A', 'AA', 'AA', 'AA', 'A', 'AA', 'AA', 'AA', 'AA', 'AA', 'AA', 'A', 'AA', 'A', 'A', 'AA', 'A', 'AA', 'A', 'AA', 'A', 'AA', 'A', 'A', 'AAA', 'A', 'A', 'A', 'AA', 'A', 'AA', 'AA', 'AA', 'AA', 'A', 'AA', 'A', 'AA', 'A', 'AA', 'AA', 'AA', 'AA', 'AA', 'AA', 'A', 'AA', 'A', 'A', 'AA', 'A', 'AA', 'AA', 'AA', 'AA', 'A', 'A', 'AA', 'A', 'AA', 'AA', 'AA', 'A', 'AA', 'A', 'AA', 'AA', 'A', 'AA', 'AA', 'AA', 'AA', 'A', 'AA', 'A', 'A', 'A', 'AA', 'AA', 'AA', 'AA', 'AA', 'A', 'AA', 'A', 'AA', 'A', 'AA', 'A', 'AA', 'AA', 'AA', 'AA', 'AAA', 'AA', 'AA', 'AA', 'AA', 'AA', 'A', 'A', 'A', 'AA', 'A', 'A', 'A', 'AA', 'AA', 'AA', 'AA', 'A', 'AA', 'AAA', 'A', 'A', 'AA', 'AA', 'A', 'A', 'A', 'A', 'A', 'AA', 'A', 'AA', 'AA']	192
ENST00000233630:5	['G', 'G']	2
ENST00000233710:1	['AT']	1
ENST00000233714:3	['A', 'AAA', 'AAA', 'AA', 'A', 'A', 'A', 'AAA', 'A', 'AAA', 'A', 'AAA', 'AA', 'AA', 'AAA', 'AA', 'AA', 'AAA', 'A', 'AA', 'AA', 'A', 'A', 'AA', 'AA', 'A', 'AA', 'AA', 'AA', 'AA', 'AAA', 'AA', 'A', 'AAA', 'AA', 'A', 'A', 'AA', 'AA', 'A', 'AA', 'AA', 'AAA', 'AA', 'AAA', 'AA', 'AA', 'A', 'AA', 'AAA', 'AAAA', 'AA', 'A', 'AA', 'A', 'AA', 'AA', 'A', 'A', 'AA', 'AA', 'A', 'AA', 'AAA', 'AA', 'A', 'AAA', 'A', 'A', 'AA', 'A', 'AA', 'AA', 'A', 'AA', 'AA', 'AA', 'AA', 'A', 'AA', 'AA', 'A']	82
ENST00000233735:5	['TA']	1
ENST00000233741:12	['T', 'T', 'T']	3
ENST00000233741:7	['A', 'A']	2
ENST00000234040:2	['GTGGTCGAAGGT', 'GTGGTCGAAGGT']	2
ENST00000234040:5	['GGAAAAGCCCC']	1
ENST00000234170:11	['A']	1
ENST00000234170:13	['A', 'A', 'A', 'A', 'A', 'A', 'A', 'A', 'A', 'A', 'A', 'A', 'A', 'A', 'A', 'A', 'A', 'A', 'A', 'A', 'A', 'A', 'A', 'A', 'A', 'A', 'A', 'A', 'A', 'A', 'A', 'A', 'A', 'A', 'A', 'A', 'A', 'A', 'A', 'A', 'A', 'A', 'A', 'A', 'A', 'AA', 'A', 'A', 'A', 'A', 'A', 'A', 'A', 'A', 'A']	55
ENST00000234170:15	['AGA', 'AGA']	2
ENST00000234256:7	['CC', 'CC']	2
ENST00000234296:10	['A', 'A', 'A', 'A', 'A', 'A', 'A', 'A', 'A', 'A', 'A', 'A', 'A', 'A', 'A', 'A', 'A', 'A', 'A', 'A', 'A', 'A', 'A', 'A', 'A', 'A', 'A']	27
ENST00000234296:13	['A', 'A']	2
ENST00000234296:15	['AA', 'AA', 'AAAA', 'A', 'AA', 'AA', 'AA', 'A', 'AAAAAA', 'A', 'A', 'A', 'A', 'AA', 'AA', 'AA', 'AA', 'AA', 'AAAAA', 'AA', 'AA', 'AA', 'A', 'AAA', 'AA', 'AA', 'AA', 'A', 'AA', 'A', 'AAA', 'AA', 'AA', 'A', 'AA', 'A', 'AA', 'AA', 'AA', 'AA', 'AA', 'AA', 'A', 'A', 'A', 'A', 'AA', 'AA', 'AA', 'A', 'AA', 'AAA', 'AAAA', 'AAAA', 'A', 'AAAA', 'A', 'AAAA', 'AA', 'AA', 'AA', 'AA', 'AA', 'AA', 'AAAAA', 'AA', 'AA', 'AAA', 'A', 'AA', 'AA', 'AAAAA', 'AAAA', 'A', 'AAA', 'A', 'AA', 'AA', 'AA', 'AA', 'AA', 'A', 'AA', 'A', 'AA', 'AA', 'AAAA', 'AA', 'AAA', 'A', 'AAA', 'AA', 'AA', 'A', 'AA', 'A', 'A', 'AA', 'AAAAA', 'AAAA', 'AAAA', 'AAA', 'AAAAAA', 'AAAAA', 'A', 'AAAA', 'AAAA', 'AAAA', 'AAA', 'AAAA', 'AA', 'AAAA', 'AAAA', 'AAAAAA', 'AAA', 'A', 'AAAA', 'AAAAA', 'AAA', 'AAAAA', 'AAA', 'AAAA', 'AAAAAA', 'AAA', 'AAAA', 'AAA', 'AAAAA', 'AAAA', 'AAAA', 'AAAA', 'AA', 'AAAA', 'AAA', 'AAAA', 'AAAA', 'A', 'AAAAAA', 'AAAA', 'AAAA', 'AAAA', 'AAA', 'AAAA', 'AAAAAA', 'AAAAAA', 'AAAA', 'AAAAAAA', 'AAAA', 'AAA', 'AAA', 'AAAAA', 'AAAAA', 'AAAA', 'A', 'AA', 'AAA', 'A', 'A', 'AAAAA', 'AAAAA']	159
ENST00000234296:4	['A', 'A', 'A', 'A']	4
ENST00000234798:4	['G', 'G']	2
ENST00000234831:6	['A', 'A', 'A', 'A', 'A', 'A', 'A', 'A', 'A', 'A', 'A', 'A', 'A', 'A', 'A', 'A', 'A', 'A', 'A', 'A', 'A', 'A', 'AA', 'A', 'AA', 'A', 'A', 'A', 'A', 'A', 'A', 'A', 'A', 'A', 'A', 'A', 'A', 'A', 'A', 'A', 'A', 'A', 'A', 'A', 'A', 'A', 'A', 'A', 'A', 'A', 'A', 'A', 'A', 'A', 'A', 'A', 'A', 'A', 'A', 'A', 'A', 'A', 'A', 'A', 'A', 'A', 'A', 'A', 'A', 'A', 'A', 'A', 'A', 'A', 'A', 'A', 'A', 'A', 'A', 'A', 'A', 'A', 'A', 'A', 'A', 'A', 'A', 'A', 'A', 'A', 'A', 'A', 'A', 'A', 'A', 'A', 'A', 'A', 'A', 'A', 'A', 'A', 'A', 'A', 'A', 'A', 'A', 'A', 'A', 'A', 'A', 'A', 'A', 'A', 'A', 'A', 'A', 'A', 'A', 'A', 'A', 'A', 'A', 'A', 'A', 'A', 'A', 'A', 'A', 'A', 'A', 'AA', 'A', 'A', 'A', 'A', 'A', 'A', 'A', 'A', 'A', 'A', 'A', 'A', 'A', 'A', 'A', 'A', 'A', 'A', 'A', 'A', 'A', 'A', 'A', 'A', 'A', 'A', 'A', 'A', 'A', 'A', 'A', 'A', 'A', 'A', 'A', 'A', 'A', 'A', 'A', 'A', 'A', 'A', 'A', 'A', 'A', 'A', 'A', 'A', 'A', 'A', 'A', 'A', 'A', 'A', 'A', 'A', 'A', 'A', 'A', 'A', 'A', 'A']	194
ENST00000235180:6	['T', 'T']	2
ENST00000235345:4	['A', 'A', 'A', 'A', 'A', 'A', 'AA', 'A', 'A', 'A', 'G', 'A', 'A', 'A', 'A', 'A', 'A', 'A', 'AA', 'AA', 'A', 'A', 'A', 'A', 'AA', 'A', 'A', 'AA', 'A', 'A', 'A', 'A', 'A', 'A', 'A', 'A', 'A', 'A', 'A', 'A', 'A', 'A', 'A', 'G', 'A', 'AA', 'A', 'A', 'A', 'A', 'A', 'A', 'AA', 'G', 'A', 'A', 'AA', 'A', 'AA', 'A', 'A', 'A', 'AA', 'AA', 'A', 'A', 'A', 'A', 'AA', 'A', 'A', 'AA', 'A', 'AA', 'A', 'A', 'A', 'A', 'A', 'A', 'A', 'A', 'A', 'AA', 'A', 'A', 'A', 'AA', 'A', 'A', 'A', 'A', 'A', 'A', 'A', 'A', 'A', 'A', 'A', 'A', 'A', 'A', 'A', 'A', 'A', 'A', 'A', 'A', 'A', 'A', 'A', 'A', 'GA', 'A', 'A', 'A', 'A', 'A', 'A', 'A', 'A', 'A', 'A', 'A', 'A', 'A', 'A', 'A', 'A', 'A', 'A', 'A', 'A', 'A', 'A', 'A', 'A', 'A', 'A', 'A']	140
ENST00000235349:3	['GA']	1
ENST00000236137:4	['A', 'A', 'A', 'A', 'A', 'A', 'A', 'A', 'A', 'A', 'A', 'A', 'A', 'A', 'A', 'A', 'A']	17
ENST00000236192:2	['A', 'A', 'A']	3
ENST00000236192:4	['A', 'A']	2
ENST00000236826:5	['AAAA', 'AAAA', 'AAAAAAAAA', 'AAAAAAAA', 'AA', 'AAAAA', 'AAAAAAAA', 'AAA', 'AA', 'AAAA', 'AAAA', 'AAAA', 'AAA', 'AAAAAAA', 'AAAAAAAAAAA', 'AAAAAAAAA', 'AAAAAAA', 'AAAAAAA', 'AAAAAAAAAAA', 'AAAA', 'AAA', 'AAAAAAAAA', 'AAA', 'AAAAAAAAAAA', 'AAAAAAAA', 'AA', 'AAA', 'AAAAAAAAAAA', 'AAAAAAAAAAAA', 'AAAAAAAAAA', 'AAAAAA', 'AAA', 'AAAA', 'AAAA', 'AAAAAAAAAAA', 'AAAAA', 'AAAA', 'AAAAA', 'AAA', 'AAAAAA', 'AAAAAAA', 'AAAAAAAAAA', 'AAA', 'AAAA', 'AA', 'AAA', 'AAAAA', 'AAAAAAAAAA', 'AAAAAAAAAAAAAA', 'AAAA', 'AAAAAAAAAAAA', 'AA', 'AAAAA', 'AAAAAAAAAAA', 'AA', 'AAAAAAAAAAAAA', 'AAAAAAAAA', 'AAAAAAAAAAA', 'AAAA', 'AAAAAAAAAAAA', 'AAAAAAAAAAA', 'AAAAAAA', 'AAAAAAAAAAAAA', 'AAAAAAAAAA', 'AAAAAAA', 'AAAAAAAA', 'AAAAAAAAAAAAAA', 'AAAAAAAAAAAA', 'AAAAAAAA', 'AAAAAAAAAA', 'AAAAAAAAAA', 'AAA', 'AAAAAAAAAA', 'AAAAAAA', 'AAAAAAAA', 'AA', 'AA', 'AAAAAAAAAAAAA', 'AAAAAAAAAA', 'AAAAAAAAA', 'AA', 'AAAAAAAA', 'AAAAAAAAAA', 'AAAAAAAAAAA', 'AAAAAAAAAAAA', 'AA', 'AAAA', 'AAAAAAAAAAA', 'AAA', 'AA', 'AAAAAAAA', 'AAA', 'AAAAAAAAAAAAAA', 'AAAAAAAAAA', 'AAAAAAA', 'AAA', 'AAAAA', 'AAAAAAAAAAA', 'AAAAAAAA', 'AAAAAAAAAAA', 'GAAAAAAAAAAAA', 'AAAAAAAAAAAAAA', 'AAAAAAAAAAA', 'AAAAAA', 'AAA', 'AAAAAAAAAAAAA', 'AAAAAAAA', 'AAAAAAAAAA', 'AAAAAAA', 'AAAAAAAAAA', 'AAAAAA', 'AAAAAAAAAAAA', 'AAA', 'AAAAAAAAAAA', 'AAAAAAAAAAAAA', 'AAAAAAA', 'AAAAAAAA', 'AAAAAAAAA', 'AAAAAAAA', 'AAAAAAA', 'AAAAAAAAAA', 'AAA', 'AAAAAAAAAA', 'AAAAAA', 'AAAAAAA', 'AAAAAAAAA', 'AAAAAAAAA', 'AAAAAAA', 'AAAAAAAAAAAAAA', 'AAAA', 'AAAAAAAAAA', 'AAAAAA', 'AAAAA', 'AAAAAAA', 'AAAAAAAA', 'AAAAAAAAAA', 'AAAAAAAAAAAA', 'AAAAAAAAA', 'AAAAAAAA', 'AAAAAAAAAAA', 'AAA', 'AAA', 'AAAAAAAAA', 'AAA', 'AAAAAAAAAAAA', 'AAAAAAAAA', 'AAAAAA', 'AAAAAA', 'AAAAAA', 'AAAAAA', 'AAAAAAAAAA', 'AAAAAAA', 'AAAAAAAAAAA', 'AAAAAAAAAAAAAA', 'AAAAAAAAAAAA', 'AAAAA', 'AAAA', 'AAAAAA', 'AAAAAAAAA', 'AAAAAAAAAAA', 'AAAAAAAAAAAA', 'AAAAAAAAAAAAA', 'AAAAAAAA', 'AAAAAAAAAAAA', 'AAAAAAAAA', 'AAAAAAAAAAAAAA', 'AAAAAAAAAA', 'AAAAAAAAAA', 'AAAAAAAAAAA', 'AAAAAAAAAAAA', 'AAAAAAAAAAAA', 'AAAAAAAAAAA', 'AAAAAAAAAAAAA', 'AAAAAAAAAAAAAA', 'AAAAAAAAAAAAAA', 'AAAAAAAAAAAAAA', 'AAAAAAAAAAAAAA', 'AAAAAAAAAAAAA', 'AAAAAAAAAAAAAA', 'AAAAAAAAAAAAA', 'AAAAAAAAAAAAAA', 'AAAAAAAAAAAA', 'AAAAAAAAAAAA', 'A', 'AAAAAAAAAAAAA', 'AAAAAAAAAAAAAA', 'AAAAAAAAA', 'AAAAAAAAAAAAAA', 'AAAAAAAAAAAAAA', 'AAAAAAAAAAAAAA', 'AAAAAAAAAAAAA', 'AAA', 'AA', 'AAAAA', 'AA', 'AAAAAAAAAAAAA', 'AAAAAAAAAAAAA', 'AAAAAAAAAAAAAA', 'AAAAAAAAAAAA', 'AAAAAAAAAAAAAA', 'AAAAAAAAAAAAA', 'AAAAAAAAAAAAAA', 'AAAAAAAAAAAAA', 'GAAAAAAAAAAAA', 'AAAAAAAAAAAAAAA', 'AAAAAAAAAA', 'AAAAAAAAAAAAA', 'AAAAAAAAAAAAA']	208
ENST00000236826:9	['A', 'A', 'A', 'A', 'A', 'A', 'A', 'A']	8
ENST00000236918:13	['C', 'C']	2
ENST00000236918:2	['AGAAG', 'AGAAG', 'AGAAG', 'AGAAG', 'AGAAG']	5
ENST00000236959:14	['A']	1
ENST00000236980:6	['T', 'T', 'T', 'T']	4
ENST00000237264:2	['C', 'C', 'C', 'C']	4
ENST00000237275:7	['A', 'A', 'A', 'A']	4
ENST00000237289:3	['T', 'T', 'T']	3
ENST00000237305:3	['AAA', 'AAA', 'AAA', 'AAAA', 'AAA', 'AA', 'AA', 'AA', 'AA', 'AA', 'AA', 'AA', 'AAA', 'A', 'AAA', 'AAAA', 'AA', 'AAA', 'AAA', 'A', 'AA', 'AA', 'A', 'AA', 'AA', 'AAA', 'A', 'AA', 'AA', 'AA', 'AA', 'AA', 'AAA', 'AAAA', 'AAA', 'A', 'AA', 'A', 'A', 'A', 'AAA', 'A', 'AAA', 'AAA', 'A', 'AAA', 'A', 'A', 'AA', 'AA', 'AAA', 'AA', 'AAA', 'A', 'AAA', 'AAA', 'A', 'AA', 'A', 'A', 'A', 'A', 'A', 'A', 'A', 'A', 'AA', 'A', 'A', 'AA', 'A', 'A', 'A', 'A', 'A']	75
ENST00000237612:10	['G']	1
ENST00000238146:9	['GGGTGG']	1
ENST00000238341:29	['T', 'T', 'T', 'T', 'T', 'T']	6
ENST00000238561:2	['T']	1
ENST00000238609:1	['AG']	1
ENST00000238609:2	['GA', 'GA']	2
ENST00000238616:13	['A', 'A']	2
ENST00000238616:4	['A', 'A', 'A', 'A', 'A', 'A', 'A', 'A', 'A', 'A', 'A', 'A', 'A', 'A', 'A', 'A', 'A', 'A', 'AA', 'A', 'A', 'A', 'A', 'A', 'A', 'A', 'A', 'A', 'A', 'A', 'A', 'A', 'A', 'A', 'A', 'AA', 'A', 'A', 'A', 'A', 'A', 'A', 'A', 'A', 'A']	45
ENST00000238875:2	['T']	1
ENST00000238961:19	['T', 'T']	2
ENST00000238983:1	['TTC', 'TTC']	2
ENST00000239007:2	['T', 'TCTT', 'T']	3
ENST00000239231:1	['AGGAAAAAAAAAAAA']	1
ENST00000239440:1	['G', 'G']	2
ENST00000239440:3	['AGG', 'AGG']	2
ENST00000239440:6	['GA', 'GA', 'GA', 'GA', 'GA', 'GA', 'GA', 'GA', 'GA', 'GA', 'GA', 'GA', 'GA', 'GA', 'GA', 'GA', 'GA', 'GA', 'GA', 'GA']	20
ENST00000239690:4	['G', 'A', 'A']	3
ENST00000239891:2	['A', 'A']	2
ENST00000239891:6	['A', 'A', 'A', 'A']	4
ENST00000239940:1	['C']	1
ENST00000240050:2	['A']	1
ENST00000240055:6	['A']	1
ENST00000240139:8	['T', 'T']	2
ENST00000240304:2	['C', 'C']	2
ENST00000240333:2	['AAGAC']	1
ENST00000240361:20	['T', 'T', 'T', 'T']	4
ENST00000240499:2	['GAGGA']	1
ENST00000240651:8	['AAGTAATGAAATA']	1
ENST00000240851:6	['G', 'G', 'G', 'G', 'G', 'G', 'G', 'G']	8
ENST00000241069:2	['ACTAGTT', 'ACTAGTT']	2
ENST00000241416:8	['T', 'T']	2
ENST00000241416:9	['A', 'A', 'A', 'A', 'A', 'A', 'A', 'A', 'A', 'A', 'A']	11
ENST00000241453:11	['A', 'A', 'A', 'A', 'A', 'A', 'A', 'A', 'A', 'AA', 'A', 'A', 'A', 'A', 'A', 'A', 'A', 'A', 'A', 'A', 'A', 'A', 'A', 'A', 'A', 'A', 'A', 'A', 'A', 'A', 'A', 'A', 'A', 'A', 'A', 'A', 'A', 'A', 'A', 'A', 'A', 'A', 'A', 'A', 'A', 'A', 'A', 'A', 'A', 'A', 'A', 'A', 'A', 'A', 'A', 'A', 'A', 'A', 'A', 'A', 'A', 'A', 'A', 'A', 'A', 'A', 'A', 'A', 'A', 'A', 'A', 'A', 'AA', 'A', 'A', 'A', 'A', 'A', 'AA', 'A', 'A', 'A', 'A', 'A', 'A', 'A', 'A', 'A', 'A', 'A', 'A', 'A', 'AA', 'A', 'A', 'AA', 'A', 'A', 'A', 'A', 'A', 'A', 'A', 'A', 'A', 'A', 'A', 'A', 'A', 'A', 'A', 'A', 'A', 'A', 'AA', 'A', 'A', 'A', 'A', 'A', 'A', 'A', 'A', 'A', 'A', 'A', 'A', 'A', 'A', 'A', 'A', 'A', 'A', 'A', 'A', 'A', 'A', 'A', 'A', 'A', 'A', 'A', 'A', 'A', 'A', 'A', 'A', 'A', 'A', 'A', 'A', 'A', 'A', 'A', 'A', 'A', 'A', 'A', 'A', 'A', 'A', 'A', 'A', 'A', 'AA', 'A', 'A', 'AA', 'A', 'A', 'A', 'A', 'A', 'A', 'A', 'A', 'A', 'AA', 'A', 'A', 'A']	181
ENST00000241502:8	['A', 'A', 'A', 'A', 'A', 'A', 'A', 'A', 'A', 'A']	10
ENST00000241704:1	['A', 'A']	2
ENST00000241704:5	['A', 'A', 'A', 'A', 'A', 'A', 'A', 'AA', 'A', 'A', 'A', 'A', 'A', 'A', 'A', 'A', 'A', 'A', 'A', 'A', 'AA', 'A', 'A', 'AA', 'A', 'A', 'A', 'A', 'A', 'A', 'A', 'A', 'A', 'A', 'A', 'A', 'A', 'A', 'A', 'A', 'A', 'A', 'A', 'A', 'A', 'A', 'A', 'A', 'A', 'A', 'A', 'A', 'A', 'A', 'A', 'A', 'A', 'A', 'A', 'A', 'A', 'A', 'A', 'A']	64
ENST00000242057:4	['GTATAT']	1
ENST00000242210:8	['A', 'CTAA']	2
ENST00000242257:2	['GG']	1
ENST00000242275:1	['AA', 'AA', 'AA', 'AA', 'AAA', 'AAA', 'AA', 'AA', 'AAA', 'AA', 'AA', 'AA', 'AA', 'AA', 'AAA', 'AA', 'AA', 'AAA', 'AA', 'AA', 'AA', 'A', 'AA', 'AA', 'A', 'A', 'A']	27
ENST00000242480:1	['G', 'G']	2
ENST00000242776:1	['AG']	1
ENST00000242783:9	['C', 'C']	2
ENST00000242848:17	['A', 'A', 'A', 'A', 'A', 'A', 'A', 'A', 'A', 'A', 'A', 'A', 'A', 'A', 'A', 'A', 'A', 'A', 'A', 'A', 'A', 'A', 'A', 'A', 'A', 'A', 'A', 'A', 'A', 'A', 'A', 'A', 'A', 'A', 'A', 'A', 'A', 'A', 'A', 'A', 'A', 'A', 'A', 'A', 'A', 'A', 'A', 'A', 'A', 'A', 'A', 'A', 'A', 'A', 'A', 'A', 'A', 'A', 'A', 'A', 'A', 'A', 'A', 'A', 'A', 'A', 'A', 'A', 'A', 'A', 'A', 'A', 'A', 'A', 'A', 'A', 'A', 'A', 'A', 'A', 'A', 'A', 'A', 'A', 'A', 'A', 'A', 'A', 'A', 'A', 'A', 'A', 'A', 'A', 'A', 'A', 'A', 'A', 'A', 'A', 'A', 'A', 'A', 'A', 'A', 'A', 'A', 'A', 'A', 'A', 'A', 'A', 'A', 'A', 'A', 'A', 'A', 'A', 'A', 'A', 'A']	121
ENST00000243189:1	['A', 'A']	2
ENST00000243189:2	['A', 'A', 'A', 'A', 'A', 'A', 'AA', 'A', 'A', 'A', 'A', 'A', 'A', 'AA', 'A', 'AA', 'A', 'AAA', 'A', 'AA', 'A', 'A', 'A', 'AA', 'A', 'A', 'A', 'A', 'A', 'AA', 'A', 'A', 'A', 'A', 'A', 'A', 'AA', 'A', 'AA', 'A', 'A', 'A', 'A', 'A', 'A', 'A', 'A', 'A', 'A', 'AAA', 'A', 'A', 'A', 'A', 'A', 'A', 'A', 'A', 'A', 'A', 'A', 'A', 'A', 'A', 'A', 'A', 'A', 'A', 'A', 'AA', 'A', 'A', 'A', 'A', 'A', 'A', 'A', 'A', 'A', 'A', 'A', 'A', 'A', 'AA', 'A', 'A', 'A', 'A', 'AA', 'A', 'A', 'A', 'A', 'A', 'A', 'A', 'A', 'AA', 'A', 'AA', 'A', 'A', 'AA', 'A', 'A', 'A', 'A', 'AA', 'A', 'A', 'A', 'A', 'A', 'A', 'A', 'A', 'A', 'A', 'A', 'A', 'A', 'A', 'A', 'A', 'A', 'A', 'A', 'A', 'A', 'A', 'A', 'A', 'AAA', 'A', 'A', 'A', 'A', 'A', 'A', 'A', 'A', 'A', 'A', 'A', 'A', 'A', 'A', 'A', 'A', 'A', 'A', 'A', 'A', 'A', 'A', 'A', 'A', 'A', 'A', 'A', 'AA', 'A', 'A', 'A', 'A', 'A', 'A', 'AA', 'A', 'A', 'A', 'A', 'A', 'AA', 'A', 'A', 'A', 'AA', 'AA', 'A']	180
ENST00000243300:18	['T', 'T', 'T']	3
ENST00000243326:13	['CACTATTACA', 'CTATACCCTTCTTTTTGCTTTTTGATAGGT']	2
ENST00000243347:3	['A', 'A', 'A', 'A']	4
ENST00000243440:1	['A', 'A']	2
ENST00000243498:10	['C', 'C', 'C']	3
ENST00000243706:4	['A', 'A', 'A', 'A']	4
ENST00000244336:1	['G', 'G']	2
ENST00000244751:2	['G', 'G', 'G', 'G', 'G']	5
ENST00000244751:6	['GA', 'GA', 'GA', 'GA', 'GA']	5
ENST00000244751:9	['GAA']	1
ENST00000245046:2	['AAA', 'AAAA', 'AAA', 'AAAA', 'AA', 'AA', 'AAA', 'AA', 'AAA', 'AAA', 'AAA', 'AAA', 'A', 'AA', 'AAAA', 'AA', 'AAA', 'AAA', 'AAAA', 'AAA', 'AAA', 'AAAA', 'AA', 'AAA', 'AAA', 'AAAA', 'AAAAA', 'AAA', 'A', 'AA', 'AAA', 'A', 'AAA', 'AAAAA', 'A', 'AAAA', 'AAA', 'AA', 'AAAA', 'AA', 'AAA', 'AAAA', 'AA', 'AAA', 'AAA', 'AAA', 'AAA', 'AAAA', 'A', 'A', 'AAA', 'AA', 'AAA', 'AAAA', 'AAA', 'A', 'AAAA', 'AAAAA', 'AA', 'AA', 'AA', 'AA', 'A', 'AAA', 'A', 'AA', 'AAAAA', 'A', 'AA', 'AA', 'A', 'A', 'A', 'AA', 'A', 'A', 'AA', 'AA', 'A', 'A', 'A', 'AA', 'AA', 'AA', 'A', 'A', 'A', 'A', 'A', 'A', 'A', 'AAA', 'A', 'A', 'AAA', 'A', 'A', 'A', 'A', 'AA', 'A', 'AA', 'A', 'A', 'A', 'A', 'A', 'AA', 'A', 'AAA', 'A', 'A', 'AA', 'A', 'AAA', 'AAA', 'A', 'AAA', 'A', 'AAAA', 'A', 'A', 'AAA', 'A', 'AA', 'A', 'AA', 'A', 'AA', 'A', 'AA', 'AAA', 'A', 'A', 'AA', 'AA', 'A', 'A', 'A', 'AAAA', 'AAA', 'AA', 'A', 'A', 'A', 'AAAA', 'A', 'A', 'A', 'A', 'AAAA', 'AAA']	152
ENST00000245312:3	['A', 'A', 'A', 'A', 'A', 'A', 'A', 'A', 'A', 'A', 'A', 'A', 'A', 'A', 'A', 'A', 'A', 'A', 'A', 'A', 'A', 'A', 'A', 'A', 'A', 'A', 'A', 'A', 'A', 'A', 'A', 'A', 'A', 'A', 'A', 'A', 'A', 'A', 'A', 'A', 'A', 'A', 'AA', 'A', 'A', 'A', 'A', 'A', 'A', 'A', 'A', 'A', 'A', 'A', 'A', 'A', 'A', 'A', 'A', 'A', 'A', 'AA', 'A', 'A', 'A', 'A', 'A', 'A', 'A', 'A', 'A', 'A', 'A', 'A', 'A', 'A', 'A', 'A', 'A', 'A', 'A', 'A', 'A', 'A', 'A', 'A', 'A', 'A', 'A', 'A', 'A', 'A', 'A', 'A', 'A', 'A', 'A', 'A', 'A', 'A', 'A', 'A', 'A', 'A', 'A', 'A', 'A', 'A', 'A', 'A', 'AA', 'A', 'A', 'A', 'A', 'A', 'A', 'A', 'A', 'A']	120
ENST00000245323:1	['ACTT', 'ACTT']	2
ENST00000245458:2	['AA', 'AA', 'AA', 'AA', 'AAA', 'AA', 'A', 'AA', 'AA', 'AA', 'AA', 'AA', 'AA', 'AA', 'AA', 'AA', 'AA', 'AA', 'AA', 'AA', 'AA', 'AA', 'AA', 'AA', 'AA', 'AA', 'AA', 'AA', 'A', 'AA', 'AA', 'AA', 'AA', 'AAA', 'AA', 'AA', 'AA', 'AA', 'A', 'AA', 'AA', 'AA', 'AA', 'AAA', 'AA', 'AA', 'A', 'AA', 'AA', 'A', 'AA', 'AA', 'AA', 'A', 'AA', 'AA', 'AA', 'AA', 'A', 'AA', 'AA', 'AAA', 'AAA', 'AAA', 'AA', 'AA', 'AA', 'AA', 'AA', 'A', 'AA', 'AA', 'A', 'AA', 'AA', 'A', 'AA', 'AA', 'AA', 'AA', 'AA', 'AA', 'AA', 'AA', 'AA', 'A', 'A', 'AA', 'AA', 'AA', 'AA', 'A', 'AA', 'AA', 'AA', 'AA', 'AA', 'AA', 'A', 'A', 'AA', 'AA', 'A', 'A', 'A', 'AA', 'A', 'AA', 'AA', 'A', 'A', 'A', 'A', 'A', 'A', 'A', 'AA', 'A', 'AA', 'AA', 'AA', 'A', 'AA', 'A', 'A', 'A', 'A', 'AA', 'AA', 'A', 'A', 'A', 'A', 'A', 'A', 'A', 'AA', 'AA', 'AA', 'AA', 'A', 'AA', 'AA', 'AA', 'AA', 'A', 'AA', 'A', 'A', 'A', 'AA', 'AA', 'A', 'A', 'A', 'A', 'A', 'A', 'A', 'A', 'A', 'A', 'AA']	163
ENST00000245479:1	['CCGCCCCGAGCAGACTTCTGAACGAGAGCGAGAA']	1
ENST00000245503:18	['A', 'A']	2
ENST00000245544:2	['T', 'T', 'T', 'T', 'T', 'T', 'T', 'T', 'T', 'T', 'T', 'T', 'T', 'T', 'T', 'T', 'T']	17
ENST00000245544:8	['G', 'G', 'G', 'G']	4
ENST00000245615:2	['G']	1
ENST00000245615:7	['GAG', 'GAG']	2
ENST00000245680:12	['A', 'A', 'A', 'A', 'A', 'A', 'A', 'A', 'A', 'A', 'A', 'A', 'A', 'A', 'A', 'A', 'A', 'A', 'A', 'A', 'A', 'A', 'A', 'A', 'A', 'A', 'A', 'A', 'A', 'A', 'A', 'A', 'A', 'A', 'A', 'A', 'A', 'A', 'A', 'A', 'A', 'A', 'A', 'A', 'A', 'A', 'A', 'A', 'A', 'A', 'A', 'A', 'A', 'A', 'A', 'A', 'A', 'A', 'A', 'A']	60
ENST00000245680:14	['A', 'A', 'A', 'A', 'A', 'AA', 'A', 'A', 'A', 'AA', 'A', 'A', 'A', 'A', 'A', 'A', 'A', 'A', 'A', 'A', 'A', 'A', 'A', 'A', 'A', 'A', 'AA', 'A', 'AA', 'A', 'A', 'A', 'A', 'A', 'AA', 'A', 'A', 'A', 'A', 'A', 'A', 'A', 'A', 'A', 'AA', 'A', 'A', 'A', 'A', 'A', 'A', 'A', 'A', 'A', 'A', 'AA', 'A', 'AA', 'A', 'A', 'A', 'A', 'A', 'A', 'A', 'A', 'A', 'A', 'A', 'A', 'A', 'A', 'A', 'A', 'A', 'A', 'A', 'A', 'A', 'A', 'A', 'A', 'A', 'A', 'A', 'A', 'A', 'A', 'A', 'A', 'A', 'A', 'A', 'A', 'A', 'A', 'A', 'AA', 'A']	99
ENST00000245796:8	['G', 'G']	2
ENST00000245908:8	['G', 'G']	2
ENST00000245932:11	['G', 'G', 'G', 'G', 'G', 'G', 'G', 'G']	8
ENST00000245934:11	['G', 'G', 'G', 'G']	4
ENST00000246024:4	['A', 'A', 'A', 'A', 'A', 'A', 'A', 'A', 'A', 'A', 'A', 'A', 'A', 'A', 'A', 'A', 'A', 'A', 'A', 'A', 'A', 'A', 'A', 'A', 'A', 'A', 'A', 'A', 'A', 'A', 'A', 'A', 'A', 'A', 'A', 'A', 'A', 'A', 'A', 'A', 'A', 'A', 'A', 'A', 'A', 'A', 'A', 'A', 'A', 'A', 'A', 'A', 'A', 'A', 'A', 'A', 'A', 'A', 'A', 'A', 'A', 'A', 'A', 'A', 'A', 'A', 'A', 'A', 'AA', 'A', 'A', 'A', 'A', 'A', 'A', 'A', 'A', 'A', 'A', 'A', 'A', 'A', 'A', 'A', 'A', 'A', 'A', 'A', 'A', 'A', 'A', 'A', 'A', 'A', 'A', 'A', 'A', 'A']	98
ENST00000246194:2	['CTTCAGGTGGGCACCATGTCCTTGAAG']	1
ENST00000246533:1	['C', 'C', 'C', 'C', 'C']	5
ENST00000246662:1	['A', 'A', 'A', 'A', 'A', 'A', 'A', 'A', 'A', 'A', 'A', 'A', 'A', 'A', 'A', 'A', 'A', 'A', 'A', 'A', 'A', 'A', 'A', 'A', 'A', 'A', 'A', 'A', 'A', 'A', 'A', 'A', 'A', 'A', 'A', 'A', 'A', 'A', 'A', 'A', 'A', 'A', 'A', 'A', 'A', 'A', 'A', 'A', 'A', 'A', 'A', 'A', 'A', 'A', 'A', 'A', 'A', 'A', 'A', 'A', 'A', 'A', 'A', 'A', 'A', 'A', 'A', 'A', 'A', 'A', 'A', 'A', 'A', 'A', 'A', 'A', 'A', 'A', 'A', 'A', 'A', 'A', 'A', 'A', 'A', 'A', 'A', 'A', 'A', 'A', 'A', 'A', 'A', 'A', 'A', 'A', 'A', 'A', 'A', 'A', 'A', 'A', 'A', 'A', 'A', 'A', 'A', 'A', 'A', 'A', 'A', 'A', 'A', 'A', 'A', 'A', 'A', 'A', 'A', 'A', 'A', 'A', 'A', 'A', 'A', 'A', 'A', 'A', 'A', 'A', 'A', 'A', 'A', 'A', 'AA', 'A', 'A', 'A', 'A', 'A', 'A', 'A', 'A', 'A', 'A', 'A']	146
ENST00000247178:8	['A', 'A', 'A', 'A', 'A', 'A', 'A', 'A', 'A', 'A', 'A', 'A', 'A', 'A', 'AA', 'A', 'A', 'A', 'A', 'A', 'A', 'A', 'A', 'A', 'A', 'A', 'AA', 'A', 'A', 'A', 'A', 'A']	32
ENST00000247191:5	['A', 'A', 'A', 'A', 'A', 'A', 'A', 'A', 'A', 'A', 'A', 'A', 'A', 'A', 'A', 'A', 'A', 'A', 'A', 'A', 'A', 'A', 'A', 'A', 'A', 'A', 'A', 'A', 'A', 'A', 'A', 'A', 'A', 'A', 'A', 'A', 'A', 'A', 'A', 'A', 'A', 'A', 'A', 'A', 'A', 'A', 'A', 'A', 'A', 'A', 'A', 'A', 'A', 'A', 'A', 'A', 'A', 'A', 'A', 'A', 'A', 'A', 'A', 'A', 'A', 'A', 'A', 'A', 'A', 'A', 'A', 'A', 'A', 'A', 'A', 'A', 'A', 'A', 'A', 'A', 'A', 'A', 'A', 'A', 'A', 'A', 'A', 'A', 'A', 'A', 'A', 'A', 'A', 'A', 'A', 'A', 'A', 'A', 'A', 'A', 'A', 'A', 'A', 'A', 'A', 'A', 'A', 'A', 'A', 'A', 'A', 'A', 'A', 'A', 'A', 'A', 'A']	117
ENST00000247194:1	['A', 'A', 'A', 'A', 'A', 'A', 'A', 'A', 'A', 'A', 'A', 'A', 'A', 'A', 'A', 'A', 'A', 'A', 'A', 'A', 'A', 'A', 'A', 'A', 'A', 'A', 'A', 'A', 'A', 'A', 'A', 'A', 'A', 'A', 'A', 'A', 'A', 'A', 'A', 'A', 'A', 'A']	42
ENST00000247194:4	['AAA']	1
ENST00000247829:2	['A', 'A']	2
ENST00000247829:7	['A', 'AAAA', 'AA', 'AA', 'AAAA', 'AAA', 'AAAA', 'AA', 'AAAA', 'AA', 'AAAA', 'AA', 'AA', 'A', 'AA', 'A', 'AAA', 'AA', 'AAA', 'AA', 'AAAA', 'AAAA', 'AAAA', 'AAAA', 'AAAA', 'AA', 'A', 'AA', 'AA', 'AAA', 'AA', 'AAAA', 'AA', 'AAAA', 'A', 'AAA', 'AA', 'A', 'A', 'A', 'A', 'AAA', 'AA', 'AA', 'AA', 'A', 'AA', 'AA', 'AAAA', 'A', 'AA', 'AA', 'A', 'AAA', 'AA', 'AA', 'A', 'AA', 'A', 'A', 'A', 'AA', 'A', 'AAAA', 'AAAA', 'AA', 'A', 'AA', 'AAA', 'A', 'AA', 'AAA', 'A', 'AA', 'AAA', 'AAAA', 'AAA', 'AA', 'A', 'A', 'AA']	81
ENST00000247986:5	['G', 'G']	2
ENST00000247986:6	['G', 'G', 'G', 'G', 'G', 'G', 'G']	7
ENST00000248089:1	['A', 'A']	2
ENST00000248550:13	['A']	1
ENST00000248553:1	['C', 'C']	2
ENST00000248600:3	['AA', 'AA', 'AA', 'AA', 'AA', 'AA', 'A', 'AA', 'AA', 'AA', 'AA', 'AA', 'AA', 'A', 'AA', 'AA', 'AA', 'A', 'AA', 'AA', 'AA', 'AA', 'A', 'AAA', 'AA', 'AA', 'A', 'AA', 'A', 'A', 'A', 'AA', 'A', 'A', 'A', 'A', 'A', 'AA', 'A', 'A', 'A', 'AA', 'A', 'AA', 'A', 'A', 'A', 'AA', 'A', 'A', 'AA', 'AA', 'A', 'AA', 'AA', 'AA', 'A', 'A', 'A', 'A', 'A', 'AA', 'A', 'AA', 'AA', 'A', 'A', 'AA', 'AA', 'A', 'A', 'AA', 'AA', 'AA', 'A', 'A', 'A', 'A', 'A', 'AA', 'AA', 'A', 'A', 'A', 'AA', 'A', 'A', 'AA', 'AA', 'A', 'A', 'A', 'AA', 'A', 'A', 'A', 'A', 'A', 'A', 'A', 'A', 'A', 'A', 'AA', 'A', 'A', 'A', 'AA', 'A', 'A', 'AA', 'A', 'AA', 'AA', 'A', 'A', 'A', 'A', 'A', 'A', 'A', 'A', 'A', 'AA']	124
ENST00000248633:22	['A', 'A']	2
ENST00000248924:6	['G', 'G']	2
ENST00000249601:2	['A', 'A', 'A', 'A', 'A', 'A', 'A', 'A', 'A', 'A']	10
ENST00000249601:5	['G', 'G', 'G', 'G', 'G', 'G', 'G', 'G', 'G', 'G', 'G', 'G', 'G', 'G']	14
ENST00000249923:10	['AA', 'AAA', 'AA', 'AAA', 'AA', 'AA', 'AAA', 'AAA', 'A', 'AA', 'A', 'AA', 'AAA', 'A', 'AA', 'AA', 'AA', 'AAA', 'AA', 'AAA', 'AA', 'A', 'AA', 'AA', 'AA', 'AA', 'AA', 'AA', 'AA', 'AA', 'G', 'G', 'G', 'AA', 'AA', 'AAA', 'A', 'AA', 'AAA', 'AAA', 'AAAA', 'AA', 'AAA', 'AA', 'AAG', 'G', 'G', 'G', 'AA', 'AA', 'AAA']	51
ENST00000249923:2	['A', 'A', 'A']	3
ENST00000249923:21	['G', 'AAAGAA']	2
ENST00000249923:5	['A', 'A', 'A', 'A', 'A', 'A', 'A', 'A', 'A', 'A', 'A', 'A', 'A', 'A', 'A', 'A', 'A', 'A', 'A', 'A', 'A', 'A', 'A', 'A', 'A', 'A', 'A', 'A', 'A', 'A', 'A', 'A', 'A', 'A', 'A', 'A', 'A', 'A', 'A', 'A']	40
ENST00000249923:7	['A', 'A', 'A', 'A']	4
ENST00000250024:6	['A', 'A', 'A', 'A', 'A', 'A', 'A', 'A']	8
ENST00000250244:5	['G']	1
ENST00000250378:4	['TGTAGGGGG']	1
ENST00000250535:1	['A', 'A', 'A', 'A', 'A', 'A', 'A', 'A', 'A', 'A', 'A', 'A', 'A', 'A', 'A', 'A', 'A', 'A', 'A', 'A', 'A', 'A', 'A', 'A', 'A', 'A', 'A', 'A', 'A', 'A', 'A', 'A', 'A', 'A', 'A', 'A', 'A', 'A', 'A', 'A', 'A', 'A', 'A', 'A', 'A', 'AA', 'A', 'A', 'A', 'A', 'A', 'A', 'A', 'A', 'A', 'A', 'A', 'A', 'A', 'A', 'A', 'A', 'A', 'A', 'A', 'A', 'A', 'A', 'A', 'A', 'A', 'A', 'A', 'A', 'A', 'A', 'AA', 'AA', 'A', 'A', 'A', 'A', 'A', 'A', 'A', 'A', 'A', 'A', 'A', 'A', 'A', 'A', 'A', 'A', 'A', 'A', 'A', 'A', 'A', 'A', 'A', 'A', 'A', 'A', 'A', 'A', 'A', 'A', 'A', 'A', 'A', 'A', 'A', 'A', 'A', 'A', 'A', 'A', 'A', 'A', 'A', 'A', 'A', 'A', 'A', 'A', 'A', 'A', 'A', 'A', 'A', 'A', 'A', 'A', 'A', 'A', 'A', 'A', 'A', 'A', 'A', 'A', 'A', 'A', 'A', 'A', 'AA', 'A', 'A', 'A', 'A', 'AA', 'A', 'A', 'A', 'A', 'A', 'A', 'A', 'A', 'A', 'A', 'A', 'A', 'A', 'A', 'A', 'A', 'A', 'A', 'A', 'A', 'A', 'A', 'A', 'A', 'A']	177
ENST00000250617:6	['A', 'A', 'A', 'A', 'A', 'A', 'A', 'A', 'A', 'A', 'A', 'A', 'A', 'A', 'A']	15
ENST00000250617:7	['A', 'A', 'A', 'A', 'A', 'A', 'A', 'A', 'A', 'A', 'A', 'A', 'A', 'A', 'A', 'A', 'A', 'A', 'A', 'A', 'A', 'A', 'A', 'A', 'A', 'A', 'A', 'A', 'A', 'A', 'A', 'A', 'A', 'A', 'A', 'A', 'A', 'A', 'A', 'A', 'A', 'A', 'A', 'A', 'A', 'A', 'A', 'A', 'A', 'A', 'A', 'A', 'A', 'A', 'A', 'A', 'A', 'A', 'A', 'A', 'A', 'A', 'A', 'A', 'A', 'A', 'A', 'A', 'A', 'A', 'A', 'A', 'A', 'A', 'A', 'A']	76
ENST00000250699:4	['AG', 'AG', 'AG', 'AG']	4
ENST00000250784:5	['T', 'T', 'T', 'T', 'T', 'T', 'T', 'T', 'T', 'T', 'T', 'T', 'T', 'T', 'TT', 'T', 'T', 'T', 'T', 'T', 'T', 'T', 'T', 'T', 'T', 'T', 'T', 'T', 'T', 'T', 'T', 'T', 'T', 'T', 'T', 'T', 'T', 'T', 'T', 'T', 'T', 'TT', 'T', 'T', 'TT', 'T', 'T', 'T', 'T', 'T', 'T', 'T', 'T', 'T', 'T', 'T', 'T', 'T', 'TT', 'T', 'T', 'T', 'T', 'T', 'T', 'T', 'T', 'T', 'T', 'T', 'T', 'T', 'T', 'T', 'T', 'T', 'T', 'T', 'T', 'T', 'T', 'T', 'T', 'T', 'T', 'T', 'T', 'T', 'T', 'T', 'T', 'T', 'T', 'T', 'T', 'T', 'T', 'T', 'T', 'T', 'T', 'T', 'T', 'T', 'T', 'T', 'T', 'T', 'T', 'T']	110
ENST00000250896:2	['GGAGA', 'GGAGA']	2
ENST00000250896:6	['G', 'G']	2
ENST00000251038:2	['T', 'T', 'T', 'T', 'T']	5
ENST00000251047:12	['A', 'A', 'A', 'A']	4
ENST00000251047:3	['A', 'A', 'A', 'A', 'A', 'A', 'A', 'A', 'A', 'A', 'A', 'A', 'A', 'A', 'A', 'A', 'A', 'A', 'A', 'A', 'A', 'A', 'A', 'A', 'A', 'A', 'A', 'A', 'A', 'A', 'A', 'A', 'A', 'A', 'A', 'A', 'A', 'A', 'A', 'A', 'A', 'A', 'A', 'A', 'A', 'A', 'A', 'A', 'A', 'A', 'A', 'A', 'A', 'A', 'A', 'A', 'A', 'A', 'A', 'A', 'A', 'A', 'A', 'A', 'A', 'A', 'A', 'A', 'A', 'A', 'A', 'A', 'A', 'A', 'A', 'A', 'A', 'A', 'A', 'A', 'A', 'A', 'A']	83
ENST00000251076:1	['AAAA', 'AAAA', 'AA', 'AAAAA', 'AAAA', 'AA', 'AAAAA', 'A', 'AAAAAAA', 'A', 'AAAAA', 'AAAAAA', 'AAAA', 'AAA', 'AAA', 'AAA', 'AAAA', 'AAAAA', 'AAAAA', 'AAA', 'AAAAAA', 'AAAAAA', 'AAA', 'AAA', 'AAAAA', 'AAAAAAA', 'AAAAAA', 'AAAA', 'AAAA', 'AAAAAAA', 'AAAAAAA', 'AAA', 'AAAAA', 'AAAAAA', 'AAAAAAA', 'AAA', 'AAAA', 'AA', 'A', 'AAAAA', 'AAAA', 'AAAAA', 'AAAAAA', 'AAAAA', 'AAAAAAAA', 'AAAAA', 'AAAAA']	47
ENST00000251076:2	['A', 'A']	2
ENST00000251076:32	['A', 'A', 'A', 'A', 'A', 'A', 'A', 'A', 'A', 'A', 'A', 'A', 'A', 'A', 'A', 'A', 'A', 'A', 'A', 'A', 'A', 'A', 'A', 'A', 'A', 'A', 'A']	27
ENST00000251127:18	['A', 'A', 'A', 'A', 'A', 'A', 'A', 'A', 'A', 'A', 'A', 'A', 'A', 'A', 'AA', 'A', 'A', 'A', 'A', 'A', 'A', 'A', 'A', 'A', 'A', 'A', 'A', 'A', 'A', 'A', 'A', 'A', 'A', 'A', 'A', 'A', 'A', 'A', 'A', 'A', 'A', 'A', 'A', 'A', 'A', 'A', 'A', 'A', 'A', 'A', 'A', 'A', 'A', 'A', 'A', 'A', 'A', 'A', 'A', 'A', 'A', 'A', 'A', 'A', 'A', 'A', 'A', 'A', 'A', 'A', 'A', 'A', 'A', 'A', 'A', 'A', 'A', 'A', 'A', 'A', 'A', 'A', 'A', 'A', 'A', 'A', 'A', 'A', 'A', 'A', 'A', 'A', 'A', 'A', 'A', 'A', 'A', 'A', 'A', 'A', 'A', 'A', 'A', 'A', 'A', 'A', 'AA', 'A', 'A', 'A', 'A', 'A', 'A', 'A', 'A', 'A', 'A', 'A', 'A', 'A', 'A', 'A', 'A', 'AA', 'A', 'A', 'A', 'A']	128
ENST00000251127:8	['A', 'A', 'A', 'A']	4
ENST00000251157:25	['A', 'A']	2
ENST00000251157:40	['A', 'A', 'A', 'A', 'A', 'A']	6
ENST00000251157:49	['A', 'A', 'A', 'A', 'A', 'A', 'A', 'A', 'A', 'A', 'A', 'A', 'A', 'A']	14
ENST00000251241:11	['AAA', 'AAA', 'AAAA', 'AAA', 'AAA', 'AAAAA', 'AA', 'AAA', 'AAA', 'AAA', 'AAAA', 'AAAAAAA', 'AAA', 'AA', 'AAA', 'AAAA', 'AA', 'A', 'A', 'AAAA', 'AAA', 'AAA', 'AAAA', 'AAAAA', 'AA', 'AAAAA', 'AAAA', 'AA', 'AAA', 'AAAA', 'AAAA', 'A', 'AA', 'AAA', 'AAA', 'AA', 'AAAAA', 'AA', 'AAAA', 'AAA', 'AAA', 'AAA', 'AAA', 'AA', 'AAAA', 'AA', 'AAA', 'AAAA', 'AA', 'AAA', 'AAA', 'AAAAAA', 'AAAA', 'AAA', 'AAA', 'AA', 'AA', 'AAAA', 'AAAAAA', 'AAAAAAA', 'AAA', 'AA', 'AAAA', 'AAA', 'AAAA', 'AAAA', 'A', 'AAA', 'AA', 'AA', 'AAA', 'AAA', 'AA', 'AAAA', 'A', 'A', 'AAAAAA', 'AAAA', 'AAA', 'AAA', 'AA', 'AAA', 'AA', 'AAA', 'AAAAA', 'AAA', 'AA', 'AA', 'AAAAA', 'AA', 'AA', 'AAAA', 'AAA', 'AA', 'AA', 'AAAA', 'AAAAA', 'AA', 'AAA', 'A', 'AAA', 'AA', 'AA', 'AAAAA', 'AAAA', 'AAAAA', 'AAAAA', 'AAAAAA', 'AAAAAAAA', 'AAAAAAAA', 'AAAAA', 'AAAAAAA', 'AAAAAA', 'AAAAAA', 'AAAAAAAA', 'AAAAAAA', 'AAAAAAAA', 'AAAAAAA', 'AAAAAAA', 'AAAAA', 'AAAAAA', 'AAAAAAAA', 'AAAAAA', 'AAAAA', 'AAAAAAA', 'AAAAAA', 'AAAAAA', 'AAAAAA', 'AAAAAAAA', 'AAAAAA', 'AAAAAAA', 'AAAAA', 'AAAAAA', 'AAAAA', 'AAAAAA', 'AAAAAA', 'AAAAAAA', 'AAAAA', 'AAAAAA', 'AAAAAAA', 'AAAAAA', 'AAAA', 'AAAAAAAA', 'AAAAA', 'AAAAAAA', 'AAAAAAA', 'AAAA', 'AAAAAAA', 'AAAAAAA', 'AAA', 'A', 'AAA', 'AAA', 'A', 'AAAAAAAA']	155
ENST00000251250:5	['A', 'A', 'A', 'A', 'A', 'A', 'A', 'A', 'A', 'A', 'A', 'AA', 'A', 'A', 'A', 'A', 'A', 'A', 'A', 'AA', 'A', 'A', 'A', 'A', 'A', 'A', 'A', 'A', 'A', 'A', 'A', 'A', 'A', 'A', 'A', 'A', 'A', 'A', 'A', 'A', 'A', 'A', 'A', 'A', 'A', 'A', 'A', 'A', 'AA', 'A', 'A', 'A', 'A', 'A', 'A', 'A', 'A', 'A', 'A', 'A', 'A', 'A', 'G', 'A', 'A', 'A', 'AAAA', 'A', 'A', 'A', 'A', 'A', 'A', 'A', 'A', 'A', 'A', 'A', 'A', 'A', 'A', 'A', 'A', 'A', 'A', 'A', 'A', 'A', 'A', 'A', 'A', 'A', 'A', 'A', 'AA', 'A', 'A', 'A', 'A', 'A']	100
ENST00000251377:4	['GA', 'GA']	2
ENST00000251413:1	['C', 'TC', 'C', 'TC']	4
ENST00000251472:14	['C', 'C']	2
ENST00000251496:6	['A']	1
ENST00000251507:13	['T', 'T', 'T']	3
ENST00000251527:18	['C', 'C']	2
ENST00000251582:14	['T', 'T', 'T', 'T', 'T', 'T', 'T', 'T', 'T', 'T', 'T', 'T', 'T', 'T', 'T', 'T', 'T', 'T', 'T', 'T']	20
ENST00000251691:7	['T', 'T']	2
ENST00000251722:1	['A', 'A']	2
ENST00000251775:9	['A', 'A', 'AAA', 'AA', 'AA', 'AA', 'AA', 'AA', 'AA', 'AA', 'AA', 'A', 'AA', 'AA', 'AA', 'AA', 'AA', 'AA', 'A', 'AA', 'AA', 'A', 'AA', 'AA', 'AAA', 'AA', 'AA', 'A', 'AA', 'AA', 'AA', 'AA', 'A', 'AA', 'A', 'A', 'AA', 'AA', 'AA', 'A', 'A', 'AA', 'AA', 'A', 'AA', 'AAA', 'A', 'AA', 'A', 'AA', 'AA', 'AAA', 'AA', 'AA', 'AA', 'AA', 'AA', 'AA', 'AA', 'A', 'AA', 'A', 'A', 'AA', 'A', 'AA', 'AA', 'TAAA', 'AA', 'A', 'AA', 'A', 'A', 'A', 'AA', 'AA', 'AA', 'AA', 'AA', 'A', 'AA', 'AA', 'AAA', 'A', 'A', 'A', 'AA', 'A', 'AA', 'AA', 'AA', 'AA', 'A', 'AA', 'A', 'A', 'A', 'AA', 'A', 'A', 'AA', 'A', 'A', 'AA', 'AA', 'AA', 'AA', 'AA', 'A', 'A', 'A', 'AA', 'A', 'AA', 'AAA', 'AA', 'AA', 'A', 'TAA', 'A', 'AA', 'A', 'AAA', 'A', 'AA', 'A', 'A', 'A', 'A', 'T', 'A', 'AA', 'AA', 'AAA', 'AA', 'AA', 'A', 'AA', 'A', 'A', 'A', 'AA', 'A', 'A', 'A', 'A', 'A', 'AA', 'AA', 'A', 'A', 'A', 'AA', 'AA', 'A', 'A', 'AA', 'AA', 'A', 'A', 'A', 'AA', 'A', 'A', 'A', 'A', 'A', 'A', 'AA']	169
ENST00000251849:5	['G']	1
ENST00000251900:13	['G', 'G', 'G']	3
ENST00000251900:4	['TA']	1
ENST00000251900:7	['A', 'A', 'A', 'A']	4
ENST00000251900:9	['A', 'A']	2
ENST00000251973:10	['A', 'A']	2
ENST00000252011:2	['T', 'T', 'T', 'T']	4
ENST00000252011:7	['T', 'T', 'T', 'T']	4
ENST00000252015:2	['T', 'T', 'T', 'T', 'T', 'T', 'T', 'T']	8
ENST00000252015:3	['A', 'A', 'A', 'A', 'A', 'A', 'A', 'A', 'A', 'A', 'A', 'A', 'A', 'A', 'A', 'A', 'A', 'A', 'A', 'A', 'A', 'A', 'A', 'A', 'A', 'A', 'A', 'A', 'A', 'A', 'A', 'A', 'A', 'A', 'A', 'A', 'A', 'A', 'A', 'A', 'A', 'A', 'A', 'A']	44
ENST00000252032:28	['G', 'G', 'G', 'G', 'G', 'G', 'G']	7
ENST00000252032:7	['A', 'A', 'A', 'GG', 'A', 'A', 'A', 'A', 'A', 'A', 'A']	11
ENST00000252050:34	['CCATAG']	1
ENST00000252102:2	['AG', 'AG', 'AGAG', 'AGAG']	4
ENST00000252108:15	['AAAAA', 'AAAA', 'AAAAA', 'AAAAAA', 'AAAAA', 'AAAAAA', 'AAAAAAAAAA', 'AAAAAAAAAA', 'AAAA', 'AAAA', 'AAAAAA', 'AAAAAA', 'AAAA', 'AAAAAA', 'AAAAAA', 'AAAAAAA', 'AAAA', 'AAAAAA', 'AAAAAA', 'AAAAAAA', 'AAAAAAA', 'AAAAAAA', 'AAAAA', 'AAAAAA', 'AAAAAAA', 'AAAAAAAA', 'AAAA', 'AAAAAAA', 'AAAAAAA', 'AAAAA', 'AAAAAAAAA', 'AAAAAAAA', 'AAAAAA', 'AAAAAA', 'AAAAA', 'AAA', 'AAAAAA', 'AAAAA', 'AAAAAAAA', 'AAAAAAAA', 'AAAAAA', 'AAAAAAAA', 'AAAAAAA', 'AAAAAAAA', 'AAAAAA', 'AAA', 'AAAAA', 'AAAA', 'AAAAAA', 'AAAAAAAA', 'AAAA', 'AAAAAAA', 'AAAAAA', 'AAAAAAA', 'AAAA', 'AAAAAAA', 'AAAAAA', 'AAAAAA', 'AAAAAAA', 'AAA', 'AA', 'AAAAAAA', 'AAAAA', 'AAAAAAA', 'AAAAAAA', 'AAAAAAAA', 'AAAAAAA', 'AAAAA', 'AAAAAAA', 'AAAAAAA', 'AAAAAAA', 'AAAAA', 'AAAAAAA', 'AAA', 'AAAAAAAA', 'AAAAAAA', 'AAAAAA', 'AAAAAAA', 'AAAA', 'AAAAAAA', 'AAAAAA', 'AAAA', 'AAAAAAA', 'AAAAAA', 'AAAAAA', 'AAAAAAAAAA', 'AAAAAA', 'AAAAAA', 'AAAAAA', 'AAAAAAAAAA', 'AAAAAAA', 'AAAAAAA', 'AAAAAA', 'AAAAAA', 'AAAAAAA', 'AAAAAA', 'AAAAA', 'AAAAAAAAAAA', 'AAAAAA', 'AAAAAA', 'AAAAAAA', 'AAAAAAAA', 'AAAAAAA', 'AAAAAA', 'AAAAA', 'AAAAAAAAA', 'AAAAAAAA', 'AAAAAAAA', 'AAAAAAA', 'AAAAAAA', 'AAAAAAA', 'AAAAAAAAA', 'AAAAAA', 'AAAAAAA', 'AAAAA', 'AAAAA', 'AAAAAAAA', 'AAAAAAAA', 'AAAAAA', 'AAAAA', 'AAAAAAA', 'AAAAAAA', 'AAAAA', 'AAAA', 'AAAAAAAA', 'AAAAAAA', 'AAAAAAAA', 'AAAA', 'AAAAAA', 'AAAAAAA', 'AAAAAA', 'AAAAA', 'AAAAAAAA', 'AAAAAAA', 'AAAAAAA', 'AAAAAAAA', 'AA', 'AAAAAAAAA', 'AAAAAAAA', 'AAAA', 'AAAAAAAAA', 'AA', 'AAAAAAA', 'AAAAAAA', 'AAAAAAAA', 'AAAAAAAA', 'AAAAAAA', 'AAAAAAAAA', 'AAAAAAA', 'AAAAAAAAAA', 'AAAAAAAAA', 'AAAAAAAA', 'AAAAAAAA', 'AAAAAAA', 'AAAAAAAA']	155
ENST00000252136:11	['G', 'G', 'G', 'G', 'G', 'G', 'G', 'G', 'G']	9
ENST00000252172:11	['A']	1
ENST00000252172:15	['G', 'G']	2
ENST00000252172:3	['GG']	1
ENST00000252486:1	['C', 'C']	2
ENST00000252519:12	['A', 'A', 'A', 'A', 'A', 'A', 'A', 'A', 'A', 'A', 'A', 'A', 'A', 'A', 'A', 'A', 'A', 'A', 'A', 'A', 'A', 'A', 'A', 'A', 'A', 'A', 'A', 'A']	28
ENST00000252519:4	['T', 'T', 'T', 'T', 'TT', 'TT', 'T', 'TT', 'TT', 'TT', 'TT', 'TT', 'TT', 'TT', 'TT', 'TT', 'T', 'TT', 'TT', 'TT', 'TT', 'TT', 'TT', 'T', 'TTT', 'TT', 'TT', 'TT', 'T', 'T', 'TT', 'TT', 'T', 'T', 'TT', 'TT', 'T', 'T', 'T', 'TT', 'T', 'T', 'TT', 'TT', 'TT', 'TT', 'TT', 'TT', 'TT', 'TT', 'TT', 'T', 'TT', 'TT', 'T', 'TT', 'T', 'T', 'T', 'T', 'T', 'T', 'T', 'T', 'T', 'T', 'T', 'T', 'T', 'T', 'T', 'T', 'T', 'T', 'T', 'T', 'T', 'T', 'T', 'T', 'T', 'T', 'T', 'T', 'T', 'T', 'TT', 'T', 'T', 'T', 'T', 'T', 'TT', 'T', 'T', 'T', 'T', 'T', 'TT', 'T', 'T', 'T', 'TT', 'T', 'T', 'T', 'T', 'T', 'T', 'T', 'T', 'T', 'T', 'T', 'TT', 'T', 'TT', 'T', 'T', 'T', 'T', 'T', 'TTT', 'TT', 'T', 'TT', 'T', 'T', 'T', 'T', 'T', 'TT', 'T', 'TT', 'T', 'T', 'T', 'T', 'T', 'TT', 'T', 'T', 'T', 'T', 'T', 'T', 'T', 'T', 'T', 'T', 'T', 'T', 'T', 'T']	154
ENST00000252542:9	['A', 'A']	2
ENST00000252599:11	['C', 'C', 'C', 'C']	4
ENST00000252674:10	['G', 'G', 'G', 'G', 'G', 'G']	6
ENST00000252699:14	['C', 'C', 'C', 'C', 'C', 'C', 'C', 'C', 'C', 'C', 'C', 'C', 'C', 'C', 'C', 'C', 'C', 'C', 'C', 'C', 'C']	21
ENST00000252711:9	['G', 'G']	2
ENST00000252797:1	['CT']	1
ENST00000252804:17	['A']	1
ENST00000252826:19	['G']	1
ENST00000252934:1	['T']	1
ENST00000252934:7	['G', 'G']	2
ENST00000252998:10	['G', 'G', 'G', 'G']	4
ENST00000252999:17	['CT']	1
ENST00000252999:27	['G', 'G', 'G']	3
ENST00000252999:7	['AG', 'AG']	2
ENST00000253031:6	['G', 'G', 'G', 'G', 'G', 'G', 'G', 'G', 'G', 'G', 'G', 'G', 'G', 'G', 'G', 'G', 'G']	17
ENST00000253048:1	['G', 'G']	2
ENST00000253083:24	['C']	1
ENST00000253109:5	['GA', 'GA', 'GA', 'GA', 'GA', 'GA', 'GA', 'GA', 'GA', 'GA', 'GA', 'GA', 'GA', 'GA', 'GA', 'GA', 'GA']	17
ENST00000253110:2	['G', 'G']	2
ENST00000253144:5	['G', 'G', 'G', 'G']	4
ENST00000253413:7	['A', 'AA', 'A', 'AA', 'AAA', 'AA', 'AA', 'AA', 'AA', 'A', 'AA', 'AA', 'AA', 'AA', 'AA', 'AA', 'AA', 'AA', 'AA', 'AA', 'A', 'A', 'A', 'AA', 'A', 'AA', 'AA', 'A', 'AA', 'A', 'AA', 'A', 'AA', 'AA', 'AA', 'AAA', 'A', 'AA', 'AA', 'AA', 'A', 'AA', 'AA', 'AA', 'AA', 'AA', 'AA', 'A', 'AAA', 'AA', 'A', 'AA', 'AA', 'AAA', 'AA', 'A', 'AA', 'A', 'AA', 'AA', 'A', 'AA', 'AA', 'AA', 'AA', 'AA', 'AA', 'AA', 'A', 'A', 'AA', 'AA', 'A', 'AA', 'AA', 'A', 'A', 'A', 'AA', 'A', 'A', 'AA', 'A', 'A', 'A', 'A', 'A', 'AA', 'AA', 'A', 'A', 'A', 'A', 'AA', 'AA', 'AA', 'A', 'AA', 'AA', 'A', 'A', 'A', 'A']	103
ENST00000253496:10	['G', 'G', 'G', 'G', 'G', 'G', 'G', 'G']	8
ENST00000253692:15	['A', 'A', 'A', 'A', 'A', 'A', 'A', 'A', 'A', 'A', 'A', 'A', 'A', 'A', 'A', 'A', 'A', 'A', 'A', 'A', 'A', 'A', 'A', 'A', 'A', 'A', 'A', 'A', 'A', 'A', 'A', 'A', 'A', 'A', 'A', 'A', 'A', 'A', 'A', 'A', 'A', 'AA', 'AA', 'A', 'A', 'A', 'A', 'A', 'A', 'A', 'A', 'A', 'A', 'AA', 'A', 'A', 'A', 'A', 'A', 'A', 'A', 'A', 'A', 'A', 'A', 'A', 'A', 'AA', 'A', 'A', 'A', 'A', 'A', 'A', 'A', 'A', 'A', 'A', 'A', 'A', 'A', 'A', 'A', 'A', 'A', 'A', 'A', 'A', 'A', 'A', 'A', 'A', 'A', 'A', 'A', 'A', 'A', 'A', 'A', 'A', 'A', 'A', 'A', 'A', 'A', 'A', 'A', 'A', 'A', 'AA', 'A', 'A', 'A', 'A', 'A', 'AA', 'A', 'A', 'A', 'AA', 'A', 'A', 'A', 'A', 'A', 'A', 'A', 'AA', 'A', 'A', 'A', 'A', 'A', 'A', 'A', 'A', 'A', 'A', 'AA', 'A', 'A', 'A', 'A', 'A', 'A', 'A', 'A', 'A', 'A', 'A', 'A', 'A', 'A', 'A', 'A', 'A', 'A', 'AA', 'A', 'A', 'A', 'A', 'A', 'A', 'A', 'A', 'A', 'A', 'A', 'AA', 'A', 'A', 'AA', 'A', 'A', 'AA', 'A', 'A', 'A', 'A', 'A', 'A', 'A', 'A', 'A', 'A', 'AA', 'A', 'A', 'A', 'A', 'A', 'A', 'A', 'A', 'A', 'A', 'A', 'A', 'A', 'A', 'A', 'A', 'A', 'A', 'A', 'A', 'A', 'A', 'AA', 'A', 'A', 'AA', 'A', 'A', 'A', 'AA', 'A', 'A', 'A', 'A', 'A', 'A', 'AA', 'AA', 'A', 'A', 'A', 'A', 'A', 'A', 'A', 'AA', 'A', 'AA', 'A', 'A', 'A', 'A', 'A', 'A', 'A', 'A', 'A', 'A', 'A', 'A', 'A', 'AA', 'A']	250
ENST00000253692:16	['A', 'A']	2
ENST00000253692:8	['A', 'A']	2
ENST00000253778:15	['G', 'G']	2
ENST00000254043:7	['AG']	1
ENST00000254051:12	['G']	1
ENST00000254066:5	['C', 'C']	2
ENST00000254108:14	['TG']	1
ENST00000254436:1	['AGA']	1
ENST00000254436:4	['GAG']	1
ENST00000254442:4	['TAGTTTC']	1
ENST00000254480:3	['A', 'A', 'A', 'A', 'A', 'A', 'A', 'A', 'A', 'A', 'A', 'A', 'A', 'A', 'A', 'A', 'A', 'A', 'A', 'A', 'A', 'A', 'A', 'A', 'A', 'A', 'A', 'A', 'A', 'A', 'A', 'A', 'A', 'A', 'A', 'A', 'A', 'A', 'A', 'A', 'A', 'A', 'A', 'A', 'A', 'A', 'A', 'A', 'A', 'A', 'A', 'A', 'A', 'A', 'A', 'A', 'A', 'A', 'A', 'A', 'A', 'A', 'A', 'A', 'A', 'A', 'A', 'A', 'A', 'A', 'A', 'A', 'A', 'A', 'A', 'A', 'A', 'A', 'A', 'A', 'A', 'A', 'A', 'A', 'A', 'A', 'A']	87
ENST00000254624:6	['A', 'A']	2
ENST00000254654:4	['AA']	1
ENST00000254695:21	['G', 'G']	2
ENST00000254759:1	['A', 'A', 'A', 'A', 'A', 'A', 'A', 'A', 'A', 'A', 'A', 'A', 'A', 'A', 'A', 'A', 'A', 'A', 'A', 'A', 'A', 'A', 'A', 'A', 'A', 'A', 'A', 'A', 'A', 'A', 'A', 'A', 'A', 'A', 'A', 'A', 'A', 'A', 'A', 'A', 'A', 'A', 'A', 'A', 'A', 'A', 'A', 'A', 'A', 'A', 'A', 'A', 'A', 'A', 'A', 'A', 'A', 'A', 'A']	59
ENST00000254759:6	['AA', 'A', 'AA', 'AA', 'AA', 'AA', 'AA', 'AA', 'AA', 'AA', 'A', 'AA', 'AAA', 'AA', 'AA', 'AA', 'AA', 'AA', 'AAA', 'A', 'AAA', 'AA', 'AAA', 'AA', 'A', 'AA', 'AA', 'AAA', 'AA', 'AA', 'AA', 'AA', 'AA', 'AA', 'AA', 'A', 'AA', 'AA', 'A', 'AA', 'A', 'AA', 'AA', 'AA', 'AA', 'A', 'AAA', 'AA', 'AAA', 'A', 'A', 'AA', 'A', 'AA', 'A', 'AAA', 'A', 'A', 'AA', 'A', 'A', 'A', 'A', 'A', 'A', 'A', 'AA', 'A', 'A', 'A', 'A', 'A', 'A', 'A', 'A', 'A', 'A', 'AA', 'A', 'A', 'A', 'A', 'A', 'A', 'A', 'A', 'A', 'AA', 'AAA', 'A', 'AA', 'A', 'A', 'A', 'A', 'A', 'A', 'AA', 'A', 'A', 'A', 'A', 'AAA', 'AAA', 'A', 'AAA', 'AAA', 'AAA', 'A', 'A', 'A', 'A', 'A', 'AAA']	114
ENST00000254770:1	['AGA']	1
ENST00000254898:6	['AC']	1
ENST00000254900:17	['A', 'A', 'A', 'A', 'A', 'A', 'A', 'A', 'A', 'A', 'A', 'A', 'A', 'A', 'A', 'A', 'A', 'A', 'A', 'A', 'A', 'A', 'A', 'AA', 'A', 'A', 'A', 'A', 'A', 'A', 'A', 'A', 'A', 'A', 'A', 'A', 'A', 'A', 'A', 'A', 'A', 'A', 'A', 'A', 'A', 'A', 'A', 'A', 'A', 'A', 'A', 'A', 'A', 'A', 'A', 'A', 'AA', 'A', 'A', 'A', 'A', 'A', 'A', 'A', 'A', 'A', 'A', 'A', 'A', 'A', 'A', 'A', 'A', 'A', 'A', 'A', 'A', 'A', 'A', 'A', 'A', 'A']	82
ENST00000254900:3	['AAA', 'AAA', 'AAAAA', 'AAAAA', 'AAA', 'AAAA', 'AAA', 'AAAA', 'AAA', 'AAAA', 'AAAA', 'AAAA', 'AAAA', 'AAAAAA', 'AAAAA', 'AAA', 'AA', 'AAAAA', 'AAAA', 'AAAA', 'AAAA', 'AAAAA', 'AAA', 'AAAA', 'AAAAAA', 'AAAAAA', 'AAAAAA', 'AAAAAA', 'AAAA', 'AAAAAA', 'AAAAAA', 'AAAAA', 'AAAA', 'AAAA', 'AAA', 'AAAA', 'AAAA', 'AAAA', 'AAAA', 'AAAA', 'AAAA', 'AAAAAA', 'AAAA', 'AAAA', 'AAAAAA', 'AAAA', 'AAAAA', 'AAAAA', 'AAAA', 'AAAA', 'AAAAA', 'AAAAAA', 'AAAAAA', 'AAA', 'AAAA', 'AAAAA', 'AAA', 'AAAAAA', 'AAAA', 'AAAAAA', 'AAAA', 'AAAAA', 'AAAA', 'AAAA', 'AAAAA', 'AAAAA', 'AAAAA', 'AAAAAA', 'AAAAAA', 'AAAA', 'AAAAA', 'AAAA', 'AAA', 'AAA', 'AAAA', 'AAAAA', 'AAAAA', 'AAAAA', 'AAAAAA', 'AAAA', 'AAAA', 'AAAA', 'AAAAAAA', 'AAAA', 'AAAAA', 'AAAAA', 'AAAAA', 'AAAAA', 'AA', 'AAAA', 'AAA', 'AAA', 'AAA', 'AAAA', 'AAAA', 'AAAA', 'AAA', 'AAAA', 'AAAAA', 'AAA', 'AAAAA', 'AAA', 'AAAA', 'AAA', 'AAA', 'AAAA', 'AAA', 'AAAAA', 'AAAA', 'AAAA', 'AAA', 'AAAA', 'AAA', 'AAA', 'AAAA', 'AAA', 'AAA', 'AAA', 'AA', 'AAAA', 'AAA', 'AAA', 'AAAA', 'AAA', 'AAAA', 'AAA', 'AAA', 'AA', 'AAA', 'AAA', 'AAA', 'AAA', 'AAAA', 'AAAA', 'AAAAAAA', 'AAA', 'AAA', 'AAAA', 'AAAA', 'AAAAA', 'AAAA', 'AAAA', 'AA', 'AAAA', 'AAAA', 'AA', 'AAAAA', 'AAAAAA', 'AAAAA', 'AAAAA', 'AAA', 'AAAAA', 'AAAA', 'AAA', 'AAA', 'AA', 'AAA', 'AAA', 'AAAAA', 'AAAA', 'AAAA', 'AAAA']	162
ENST00000254942:3	['A', 'A', 'A', 'A', 'A', 'A']	6
ENST00000254958:20	['G']	1
ENST00000254958:4	['A', 'A']	2
ENST00000254976:7	['T', 'T']	2
ENST00000255194:16	['A', 'A']	2
ENST00000255194:3	['A', 'A', 'A', 'A', 'A', 'A', 'A', 'A', 'A', 'A', 'A', 'A', 'A', 'A', 'A', 'A', 'A', 'A', 'A', 'A', 'A', 'A', 'A', 'A', 'A', 'A', 'A', 'A', 'A', 'A', 'A', 'A', 'A', 'A', 'A', 'A', 'A', 'A', 'A', 'A', 'A', 'A', 'A', 'A', 'A', 'A', 'A', 'A', 'A', 'A', 'A', 'A', 'A']	53
ENST00000255226:18	['TC']	1
ENST00000255266:15	['A', 'A']	2
ENST00000255266:9	['AAAG', 'AAAG']	2
ENST00000255305:17	['AAA', 'A', 'AAA', 'AA', 'AA', 'AA', 'AA', 'AA', 'AA', 'AA', 'AA', 'AA', 'AAA', 'AAA', 'AA', 'AA', 'AAA', 'AAAA', 'AA', 'AA', 'AA', 'A', 'AAA', 'AA', 'AAA', 'AA', 'AA', 'A', 'AA', 'AAAA', 'A', 'A', 'AA', 'A', 'AAA', 'AA', 'AAA', 'AAA', 'AA', 'AA', 'AA', 'AAA', 'AA', 'AA', 'A', 'AA', 'AA', 'A', 'AA', 'AA', 'AA', 'A', 'AAA', 'AA', 'A', 'AAAA', 'AA', 'AA', 'AA', 'AA', 'AA', 'AA', 'AA', 'AAA', 'AAAA', 'AA', 'AAAA', 'AA', 'AAA', 'AAA', 'A', 'AA', 'AA', 'AA', 'AA', 'AA', 'AA', 'AA', 'AAA', 'A', 'AA', 'AA', 'AA', 'AAA', 'AA', 'AAA', 'AA', 'AA', 'AA', 'A', 'A', 'AA', 'A', 'AAA', 'AAAA', 'AAA', 'AA', 'AAA', 'AA', 'AA', 'AAA', 'A', 'A', 'AAAA', 'AA', 'AA', 'AA', 'A', 'AA', 'AA', 'AA', 'AA', 'AAA', 'AA', 'A', 'AAA', 'AA', 'A', 'AAAAA', 'AA', 'AAA', 'AAA', 'AA', 'AAA', 'AAA', 'A', 'AA', 'AA', 'AAA', 'AA', 'A', 'AAAA', 'AAA', 'AA', 'A', 'A', 'A', 'A', 'A', 'AA', 'A', 'AAA']	142
ENST00000255380:4	['C', 'C', 'C', 'C']	4
ENST00000255381:16	['A']	1
ENST00000255381:22	['TACT', 'TACT']	2
ENST00000255381:7	['CT']	1
ENST00000255381:8	['A', 'A']	2
ENST00000255674:37	['A', 'A']	2
ENST00000255681:3	['AG', 'AG', 'AG', 'AG']	4
ENST00000255882:17	['GAA']	1
ENST00000256031:11	['A', 'A', 'A', 'A', 'A', 'A', 'A', 'A', 'A']	9
ENST00000256031:15	['A', 'A', 'A', 'A', 'A', 'AA', 'AA', 'A', 'A', 'A', 'A', 'A', 'A', 'A', 'AA', 'A', 'A', 'A', 'A', 'AA', 'A', 'A', 'A', 'AA', 'A', 'A', 'A', 'A', 'A', 'AA', 'A', 'A', 'A', 'A', 'A', 'A', 'AA', 'A', 'A', 'A', 'A', 'AA', 'A', 'A', 'A', 'A', 'A', 'AA', 'AA', 'A', 'A', 'A', 'A', 'A', 'A', 'A', 'A', 'A', 'A', 'A', 'A', 'AA', 'A', 'A', 'A', 'AA', 'A', 'A', 'AA', 'A', 'A', 'A', 'A', 'A', 'A', 'A', 'A', 'A', 'A', 'A', 'A', 'A', 'AA', 'A', 'A', 'AA', 'A', 'A', 'A', 'A', 'AA', 'A', 'A', 'A', 'A', 'A', 'A', 'A', 'AA', 'AA', 'A', 'A', 'A', 'A', 'AA', 'A', 'A', 'A', 'A', 'A', 'A', 'A', 'A', 'A', 'A', 'A', 'A', 'A', 'A', 'A', 'A', 'A', 'A', 'A', 'A', 'A', 'A', 'A', 'A', 'A', 'A', 'A', 'A', 'A', 'A', 'A', 'A', 'A', 'A', 'A', 'A', 'A', 'AA', 'A', 'A', 'A', 'A', 'AA', 'AA', 'A', 'A', 'A', 'A', 'A', 'AA', 'A', 'A', 'A', 'AA', 'A', 'A', 'A', 'A', 'A', 'A', 'A', 'A', 'A', 'A', 'A', 'A', 'A', 'A', 'A', 'A', 'A', 'A', 'A', 'A', 'A', 'A', 'A', 'A', 'A', 'A', 'A', 'A', 'A', 'AA', 'A', 'A', 'A', 'A', 'A', 'A', 'A', 'A', 'A', 'A', 'AA', 'A', 'A', 'A', 'A', 'A', 'A', 'A', 'A', 'A', 'A', 'A', 'A', 'A', 'A', 'A', 'A', 'A', 'A', 'A', 'A']	220
ENST00000256031:31	['TAAGAAAA']	1
ENST00000256078:2	['ATTT']	1
ENST00000256079:18	['A', 'A', 'A', 'A']	4
ENST00000256084:13	['T', 'T']	2
ENST00000256190:18	['A', 'A']	2
ENST00000256194:12	['CTT', 'CTT', 'CTT']	3
ENST00000256196:3	['AA', 'AA', 'A', 'AA', 'A', 'A', 'AA', 'A', 'A', 'A', 'AA', 'A', 'AAA', 'AA', 'A', 'A', 'A', 'A', 'A', 'A', 'A', 'AA', 'A', 'A', 'A', 'A', 'A', 'A', 'A', 'AA', 'A', 'AA', 'AAA', 'AAA', 'A', 'AA', 'AA', 'A', 'A', 'AAA', 'A', 'A', 'A', 'AA', 'A', 'A', 'A', 'AAA', 'A', 'A', 'AA', 'A', 'A', 'A', 'A', 'A', 'A', 'A', 'A', 'A', 'A', 'A', 'A', 'A', 'A', 'A', 'A', 'A', 'AA', 'AA', 'A', 'A', 'A', 'AA', 'AA', 'AA', 'AA', 'A', 'A', 'A', 'A', 'A', 'A', 'A', 'AA', 'A', 'A', 'A', 'A', 'A', 'A', 'A', 'A', 'A', 'A', 'AA', 'A', 'AA', 'AAA', 'A', 'A', 'AA', 'A', 'A', 'A', 'A', 'A']	107
ENST00000256343:12	['A', 'A', 'A', 'A', 'A', 'A', 'A', 'A', 'A', 'T', 'T', 'A', 'A', 'A', 'A', 'A', 'A', 'A', 'A']	19
ENST00000256343:25	['A', 'A', 'A', 'A', 'A', 'A', 'A', 'A']	8
ENST00000256429:6	['AAAAA', 'AAAAAA', 'AAAA']	3
ENST00000256452:5	['A', 'A', 'A', 'A']	4
ENST00000256538:8	['A', 'AA', 'A', 'A', 'AA', 'AA', 'AA', 'A', 'AA', 'AA', 'A', 'AA', 'A', 'A', 'AA', 'A', 'AA', 'A', 'A', 'A', 'A', 'AA', 'A', 'A', 'AA', 'A', 'AA', 'AA', 'AA', 'AA', 'A', 'A', 'A', 'AA', 'AA', 'AA', 'AA', 'AA', 'A', 'AA', 'AA', 'AA', 'A', 'AA', 'A', 'A', 'A', 'AA', 'A', 'AA', 'A', 'AA', 'A', 'A', 'AA', 'AA', 'AA', 'AA', 'A', 'A', 'AA', 'AA', 'AA', 'AA', 'A', 'A', 'AA', 'AA', 'A', 'A', 'AA', 'A', 'AA', 'A', 'AA', 'AA', 'A', 'A', 'A', 'A', 'A', 'AA', 'AA', 'AA', 'A', 'AA', 'AA', 'A', 'A', 'A', 'A', 'A', 'AA', 'AA', 'A', 'A', 'A', 'A', 'AA', 'A', 'A', 'A', 'A', 'A', 'AA', 'A', 'AAA', 'AA', 'A', 'A', 'A', 'A', 'A', 'A']	114
ENST00000256544:8	['A', 'A', 'A', 'A', 'A', 'A', 'A', 'A', 'A', 'A', 'A', 'A', 'A', 'A', 'A', 'A', 'A', 'A', 'A', 'A', 'A', 'A', 'A', 'A', 'A', 'A', 'A', 'A']	28
ENST00000256545:3	['A', 'A', 'A', 'A', 'A', 'A', 'A', 'A', 'A', 'A', 'A', 'A', 'A', 'A', 'A', 'A', 'A', 'A', 'A', 'A', 'A', 'A', 'A', 'A', 'A', 'A', 'A', 'A', 'A', 'A', 'A', 'A', 'A', 'A', 'A', 'A', 'A', 'A', 'A', 'A', 'A', 'A', 'A', 'A', 'A', 'A', 'A', 'A', 'A', 'A', 'A', 'A', 'A', 'A', 'A', 'A', 'A', 'A', 'A', 'A', 'A', 'A', 'A', 'A', 'A', 'A', 'A', 'A', 'A', 'A', 'A', 'A', 'A', 'A', 'A', 'A', 'A', 'A', 'A', 'A', 'A', 'A', 'A', 'A', 'A', 'A', 'A', 'A', 'A', 'A', 'A', 'A', 'A', 'A', 'A', 'A', 'A']	97
ENST00000256578:2	['C', 'C', 'C', 'C']	4
ENST00000256682:2	['A', 'A', 'A', 'A', 'A', 'A', 'A', 'A', 'A']	9
ENST00000256689:13	['A', 'A', 'A', 'A', 'A', 'A', 'A', 'A', 'A', 'A', 'A', 'A', 'A', 'A', 'A', 'A', 'A', 'A', 'A', 'A', 'A', 'A', 'A', 'A', 'A', 'A', 'A', 'A', 'A', 'A', 'A', 'A', 'A']	33
ENST00000256737:12	['TC']	1
ENST00000256737:22	['A', 'A', 'A', 'A', 'A', 'A', 'A', 'A', 'A', 'A', 'A', 'A', 'A', 'A', 'A', 'A', 'A', 'A', 'A', 'A', 'A']	21
ENST00000256797:13	['G']	1
ENST00000256999:6	['A', 'A', 'A', 'A', 'A', 'A', 'A', 'A', 'A', 'A', 'A', 'A', 'A', 'A', 'A', 'A', 'A', 'A', 'A', 'A', 'A', 'A', 'A', 'A', 'A', 'A', 'A', 'A', 'A', 'A', 'A', 'A', 'A', 'A', 'A', 'A', 'A', 'A', 'A', 'A', 'A', 'A', 'A', 'A', 'A', 'A', 'A', 'A', 'A', 'A', 'A', 'A', 'A', 'A', 'A', 'A', 'A', 'A', 'A', 'A', 'A', 'A', 'A', 'A', 'A', 'A', 'A', 'A', 'A', 'A', 'A', 'AA', 'A', 'AA', 'A', 'A', 'A', 'A', 'A', 'A', 'A', 'A', 'A', 'A', 'A', 'A', 'A', 'A', 'A', 'A', 'A', 'A', 'A', 'A', 'A', 'A', 'A', 'A', 'A', 'A', 'A', 'A', 'A', 'A', 'A', 'A', 'A', 'A', 'A', 'A', 'A', 'A', 'A', 'A', 'A', 'A', 'A', 'A', 'A', 'A', 'A', 'A', 'A', 'A', 'A', 'A', 'A', 'A', 'A', 'A', 'A', 'A', 'A', 'A', 'A', 'A', 'A', 'A', 'A', 'A', 'A', 'A', 'A', 'A', 'A', 'A', 'A', 'AA']	148
ENST00000257075:12	['GAA', 'GAA']	2
ENST00000257189:2	['A']	1
ENST00000257198:1	['AAA', 'AAA', 'AAA', 'A', 'A', 'AAA', 'AA', 'AAA', 'AA', 'AA', 'AA', 'AA', 'AA', 'A', 'AAAA', 'A', 'AAA', 'AA', 'AAA', 'AAA', 'A', 'AAA', 'AA', 'AA', 'A', 'AA', 'AA', 'AAA', 'AAA', 'AA', 'AA', 'AAA', 'AA', 'AAA', 'AAA', 'AAA', 'A', 'AA', 'A', 'A']	40
ENST00000257198:12	['A', 'A', 'A', 'A', 'A', 'A', 'A', 'A', 'A', 'A', 'A', 'A', 'A', 'A', 'A', 'A', 'A', 'A', 'A', 'A', 'A', 'A', 'A', 'A', 'A', 'A']	26
ENST00000257198:15	['A', 'A']	2
ENST00000257198:7	['A', 'A', 'A', 'A', 'A', 'A', 'A', 'A', 'A', 'A']	10
ENST00000257248:7	['A', 'A', 'A', 'A', 'A', 'A', 'A', 'A', 'A', 'A', 'A', 'A', 'A', 'A', 'A', 'A', 'A', 'A', 'A', 'A', 'A', 'A', 'A', 'A', 'A', 'A', 'A', 'A', 'A', 'A', 'A', 'A', 'A', 'A']	34
ENST00000257408:1	['TTAGGCTCACTCGAAAG']	1
ENST00000257515:8	['A', 'TTTTTTTTTTTA', 'TTTTTTTTA', 'TTTTTTTTTTTTA', 'TTTTTTTTTA', 'TTTTTTTTTTA', 'TTTTTTTTTA', 'TTTTTTTTTTTTA', 'TTTTTTTA', 'TTTTTTA', 'TTTTTTTTTTTTTA', 'A', 'TTTTTTTTTTTTA', 'TTTTTTTTTTTTA', 'TTTTTTTTTTTTTA', 'TTTTTTTTTTTTA']	16
ENST00000257548:2	['AG', 'AG']	2
ENST00000257552:4	['A', 'A']	2
ENST00000257575:6	['C', 'C', 'C', 'C', 'C', 'C']	6
ENST00000257626:10	['A', 'A']	2
ENST00000257626:15	['AAAA', 'AAA', 'AAAA', 'AAAAA', 'AAAA', 'AAAA', 'AAAA', 'AAA', 'AAAAA', 'AA', 'AAAAA', 'AAAA', 'AAA', 'AAAAA', 'AAAAA', 'AAAA', 'AAAA', 'AAAA', 'AAAAA', 'AAA', 'AA', 'AAAA', 'AAAA', 'AAAAA', 'AAA', 'AAA', 'AAAA', 'AAA', 'AAAA', 'AAA', 'AA', 'AAA', 'AAA', 'AA', 'AA', 'AAA', 'AA', 'AAA', 'AA', 'AA', 'AAA', 'AA', 'AAA', 'AAAA', 'AAAA', 'A', 'AAAAA', 'AAAA', 'AAA', 'AAAA', 'AAA', 'AAAA', 'AA', 'AAAA', 'AAAAA', 'AAAAA', 'AAAA', 'AAAA', 'AAA', 'AAA', 'AA', 'AAAA', 'A', 'AAAA', 'AAA', 'AAAA', 'AAAA', 'AA', 'AAAA', 'AAAA', 'AAA', 'AAA', 'AA', 'AAA', 'AAA', 'AAA', 'A', 'AAA', 'A', 'AAA', 'AAAA', 'AAA', 'AA', 'AAA', 'AA', 'AAA', 'AAA', 'AA', 'AAA', 'AAA', 'AA', 'AAA', 'AA', 'AAAA', 'A', 'A', 'AA', 'AAA', 'AA', 'AA', 'AAA', 'AAA', 'AA', 'AA', 'AAA', 'AA', 'AAAA', 'AAA', 'AAAA', 'AA', 'AAA', 'AAAAA', 'AA', 'AAA', 'A', 'AAAA', 'AA', 'A', 'AAA', 'AAA', 'AA', 'C', 'AAAA', 'AAAA', 'AAAA', 'AAAA', 'AAAA']	127
ENST00000257626:2	['A', 'A', 'A', 'A', 'A', 'A', 'A', 'A', 'A', 'A', 'A', 'A', 'A', 'A', 'A', 'A', 'A', 'A', 'A', 'A', 'A', 'A', 'A', 'A', 'A', 'A', 'A', 'A', 'A']	29
ENST00000257626:25	['A', 'A', 'A', 'A', 'A', 'A']	6
ENST00000257626:30	['A', 'A', 'A', 'A', 'A', 'A', 'A', 'A', 'A', 'A']	10
ENST00000257626:8	['TGC', 'TGC', 'TG']	3
ENST00000257694:4	['GA', 'GA']	2
ENST00000257700:14	['C', 'C']	2
ENST00000257745:2	['C', 'C']	2
ENST00000257749:5	['GAAA', 'GAAA', 'GAAA', 'GAAA']	4
ENST00000257867:1	['G', 'G', 'G', 'G']	4
ENST00000257894:6	['T']	1
ENST00000257915:11	['AGG']	1
ENST00000257915:14	['A', 'A', 'A', 'A', 'A', 'A', 'A', 'A', 'A', 'A', 'A', 'A', 'A', 'A', 'A', 'A', 'A']	17
ENST00000258080:2	['G', 'G', 'G', 'G']	4
ENST00000258091:11	['T', 'G', 'T', 'G']	4
ENST00000258104:5	['T']	1
ENST00000258198:12	['AAAA', 'AA', 'AAAA', 'AA', 'AAA', 'AAAA', 'AAA', 'AAA', 'AAAA', 'AAA', 'AAAA', 'AA', 'AAA', 'AA', 'AAAA', 'AAA', 'AAA', 'AAA', 'AAA', 'AAA', 'AAA', 'AA', 'AA', 'AAA', 'AAA', 'AA', 'AAA', 'AAA', 'AA', 'AAA', 'AAA', 'AAA', 'AAA', 'AA', 'AA', 'AAAA', 'AAAA', 'AAA', 'AAA', 'AAA', 'AAAA', 'AAA', 'AAA', 'AAA', 'AAA', 'AAAA', 'AAA', 'AAAA', 'AAA', 'AAAA', 'AAA', 'AAAA', 'AA', 'AAA', 'AAA', 'AAAA', 'AAAA', 'A', 'AAA', 'AA', 'AA', 'AAAA', 'AAA', 'AA', 'AAA', 'AAA', 'AAA', 'AA', 'AAA', 'AAAA', 'AA', 'AAAA', 'AA', 'AAA', 'AAA', 'AAA', 'AAA', 'AAAA', 'AA', 'AAA', 'AAA', 'AAAA', 'AAA', 'AA', 'AAA', 'AAA', 'AAA', 'AA', 'AAA', 'AA', 'AAA', 'AAA', 'AA', 'A', 'AAA', 'AAAA', 'AAA', 'AA', 'AAA', 'AA', 'AAA', 'AAA', 'AAA', 'AAA', 'AA', 'AA', 'AAA', 'A', 'AAA', 'AAA', 'AA', 'AAA', 'AAA', 'AA', 'A', 'AAA', 'AAA', 'AAA', 'AAAA', 'AAA', 'AAA', 'AAA', 'AA']	123
ENST00000258198:4	['G']	1
ENST00000258229:1	['T']	1
ENST00000258281:2	['GAG', 'GAG']	2
ENST00000258349:5	['A', 'A', 'A', 'A']	4
ENST00000258390:10	['A', 'A']	2
ENST00000258390:26	['GA', 'GA', 'GA', 'G', 'G', 'GA', 'GA', 'GA', 'G', 'G']	10
ENST00000258403:3	['AA', 'AA', 'AA']	3
ENST00000258424:3	['T', 'T']	2
ENST00000258428:11	['A', 'A', 'A', 'A', 'A', 'A', 'A', 'A', 'A', 'A', 'A', 'A', 'A', 'A', 'A', 'A', 'A', 'A', 'A', 'A', 'A', 'A', 'A', 'A', 'A', 'A', 'A', 'A', 'A', 'A', 'A', 'AA', 'A', 'A', 'A', 'A', 'A', 'A', 'A', 'A', 'A', 'AA', 'A', 'A', 'A', 'A', 'A', 'AA', 'A', 'A', 'A', 'A', 'A', 'A', 'AA', 'A', 'A', 'A', 'A', 'A', 'A', 'A', 'A', 'A', 'A', 'A', 'A', 'A', 'A', 'A', 'A', 'A', 'A', 'A', 'A', 'A', 'A', 'A', 'A', 'A', 'A', 'A', 'A', 'A', 'A', 'A', 'A', 'A', 'A', 'A', 'A', 'A', 'A', 'A', 'A', 'A', 'A', 'A', 'A', 'A', 'A', 'A', 'A', 'A', 'A', 'A', 'A', 'A', 'A', 'A', 'A', 'A', 'A', 'A', 'A', 'A', 'A', 'A', 'A', 'A', 'A', 'A', 'A', 'A', 'A', 'A', 'A', 'A', 'A', 'AA', 'A', 'A', 'A', 'A', 'A', 'A', 'A', 'A', 'A', 'A', 'A', 'A', 'A', 'A', 'A', 'A', 'A', 'A', 'A', 'A', 'A', 'A', 'A', 'A', 'AAA', 'A', 'A', 'A', 'A', 'A', 'A', 'A', 'A', 'A', 'A', 'A', 'A', 'A', 'AAA', 'A', 'A', 'A', 'A', 'A', 'A', 'A', 'A', 'A', 'A', 'A', 'A', 'AA', 'AA', 'A', 'AA', 'A', 'A', 'AAA', 'A', 'A', 'A', 'A', 'A', 'A', 'A', 'A', 'A', 'A', 'A', 'A', 'A', 'A', 'A', 'A', 'A', 'A', 'A', 'A', 'A', 'A', 'A', 'A', 'A', 'A', 'A', 'A', 'A', 'A', 'A', 'A', 'A', 'AAA', 'A', 'A', 'A', 'A', 'A', 'A', 'A', 'A', 'A', 'AA', 'A', 'A', 'A', 'A', 'A', 'A', 'A', 'A', 'A', 'A', 'A', 'AA']	244
ENST00000258428:18	['A', 'A']	2
ENST00000258428:8	['A', 'A']	2
ENST00000258443:10	['A', 'A']	2
ENST00000258526:28	['TC', 'TTTC', 'TTTTTTC']	3
ENST00000258530:18	['G', 'G', 'G', 'G', 'G']	5
ENST00000258538:1	['A', 'A', 'A', 'A']	4
ENST00000258613:4	['AA', 'AA', 'AA', 'AA', 'AA', 'AA', 'AA', 'AA', 'AA', 'AA', 'AA', 'AA', 'AA', 'A', 'A', 'AA', 'AA', 'AA', 'AA', 'A', 'AA', 'AA', 'A']	23
ENST00000258648:1	['A', 'AA', 'AA', 'AA', 'AA', 'A', 'A', 'AA', 'AA', 'A', 'AAA', 'AA', 'AA', 'AA', 'AA', 'AAA', 'AA', 'AA', 'A', 'A', 'AA', 'AA', 'AA', 'AA', 'AA', 'AAA', 'AA', 'AA', 'AA', 'A', 'AA', 'AAA', 'A', 'AA', 'AA', 'AAA', 'A', 'AA', 'AAA', 'AA', 'AAA', 'AA', 'AAA', 'AA', 'AA', 'AA', 'AAA', 'A', 'AA', 'A', 'AA', 'AAA', 'AA', 'AAA', 'AA', 'AA', 'A', 'A', 'AAA', 'A', 'AAA', 'A', 'A', 'A', 'A', 'A', 'A', 'AA', 'AAA', 'AAA', 'AAA', 'AA', 'AA', 'AA', 'AA', 'A', 'AA', 'AA', 'A', 'AAA', 'AA', 'AAA', 'AA', 'A', 'AAA', 'AAA', 'A', 'AA', 'AA', 'AAA', 'AA', 'A', 'A', 'AA', 'AA', 'AAA', 'A', 'A', 'AA', 'AAA', 'AAAA', 'AA', 'AA', 'A', 'AA', 'AA', 'AAA', 'A', 'A', 'A', 'A', 'AAA', 'AA', 'AA', 'A', 'A', 'AAA', 'AA', 'A', 'A', 'AA', 'A', 'A', 'A', 'A', 'A', 'A', 'AA', 'A', 'A', 'AA', 'A', 'A', 'A', 'A', 'A', 'A', 'A', 'A', 'A', 'A', 'A', 'A', 'AAA', 'A', 'A', 'A', 'A', 'A', 'AA', 'A', 'A', 'AA', 'A', 'A', 'A', 'A', 'A', 'A', 'A', 'A', 'AAA', 'A', 'AA', 'A', 'A', 'A', 'A', 'A', 'A', 'AA', 'A', 'A', 'A', 'AA', 'A', 'A', 'A', 'A', 'A', 'A', 'A', 'AA', 'AAAA', 'A', 'A', 'AAA', 'A', 'AA', 'AA', 'AA', 'AA', 'A', 'A', 'AA', 'AA', 'A', 'A']	198
ENST00000258648:6	['A', 'A']	2
ENST00000258770:4	['TT']	1
ENST00000258772:11	['G']	1
ENST00000258774:2	['A', 'A', 'A', 'A', 'A', 'A', 'A', 'A', 'A', 'A', 'A', 'A', 'A', 'A', 'A', 'A', 'A', 'A', 'A', 'A', 'A', 'A', 'A', 'A', 'A', 'A', 'A', 'A', 'A', 'A', 'A', 'A', 'A']	33
ENST00000258955:4	['C', 'C']	2
ENST00000259021:2	['A', 'A', 'A', 'A', 'A', 'A']	6
ENST00000259089:9	['C', 'C', 'C', 'C', 'C']	5
ENST00000259119:2	['T', 'T']	2
ENST00000259199:11	['A', 'A', 'A', 'A', 'A', 'A', 'A', 'A', 'A', 'A', 'A', 'A', 'A', 'A', 'A', 'A', 'A']	17
ENST00000259199:5	['A', 'A']	2
ENST00000259235:5	['AA', 'A', 'AA', 'AA', 'AA', 'AA', 'AA', 'AA', 'AA', 'A', 'AA', 'AA', 'AA', 'AA', 'AA', 'AA', 'AA', 'AA', 'A', 'AA', 'AA', 'AA', 'AA', 'AA', 'A', 'A', 'AA', 'AA', 'AA', 'AA', 'AA', 'AA', 'AA', 'AAA', 'AA', 'AA', 'AA', 'AA', 'AA', 'AA', 'A', 'AA', 'AA', 'AA', 'A', 'A', 'AA', 'A', 'AA', 'AA', 'A', 'AA', 'A', 'A', 'A', 'A', 'A', 'AA', 'AA', 'AA', 'AA', 'AA', 'A', 'A', 'AA', 'A', 'AA', 'AA', 'AA', 'AA', 'AA', 'AA', 'A', 'A', 'AA', 'A', 'AA', 'AA', 'A', 'A', 'AA', 'AA', 'A', 'A', 'AA', 'AA', 'AA', 'AA', 'A', 'AA', 'A', 'A', 'AA', 'A', 'A', 'A', 'AA', 'A', 'A', 'AAA', 'AAA', 'A', 'A', 'A', 'A', 'A', 'A', 'AA', 'A', 'A', 'AAA', 'A', 'A', 'AA', 'A', 'A', 'AA', 'A', 'A', 'AA', 'A', 'A', 'A', 'AA', 'A', 'A']	126
ENST00000259351:8	['AA']	1
ENST00000259407:3	['A', 'A', 'A', 'A']	4
ENST00000259457:2	['A', 'A', 'AA', 'A', 'A', 'A', 'A', 'A', 'A', 'A', 'A', 'A', 'A', 'A', 'A', 'A', 'A', 'A', 'A', 'A', 'A', 'A', 'A', 'A', 'A', 'A', 'A', 'A', 'AA', 'A', 'A', 'A', 'AA', 'A', 'A', 'A', 'AA', 'A', 'A', 'A', 'A', 'A', 'A', 'A', 'A', 'A', 'A', 'A', 'A', 'A', 'A', 'A', 'A', 'A', 'AA', 'A', 'A', 'A', 'A', 'A', 'A', 'A', 'A', 'A', 'A', 'A', 'A', 'A', 'A', 'A', 'A', 'A', 'A', 'A', 'A', 'A', 'A', 'A', 'A', 'A', 'A']	81
ENST00000259457:5	['A']	1
ENST00000259605:10	['A', 'A', 'A', 'A', 'A', 'A', 'A', 'A', 'A', 'A', 'A', 'A', 'A', 'A', 'A', 'A', 'A']	17
ENST00000259605:6	['G', 'G', 'G']	3
ENST00000259633:5	['A', 'A']	2
ENST00000259698:4	['A', 'A', 'A', 'A', 'A']	5
ENST00000259711:31	['AA', 'AA', 'AA', 'AAA', 'AA', 'AA', 'AA', 'AAA', 'AA', 'AA', 'AAA', 'AA', 'AAA', 'AA', 'AAA', 'AAA', 'AA', 'AA', 'A', 'AA', 'A', 'AAA', 'A', 'AA', 'AA', 'A', 'AAA', 'AAA', 'AA', 'AAA', 'AA', 'AA', 'A', 'AAA', 'AAA', 'A', 'AA', 'AA', 'AAA', 'AAA', 'AA', 'AA', 'AA', 'AA', 'A', 'AA', 'AA', 'AAA', 'AA', 'AA', 'A', 'AA', 'A', 'AA', 'A', 'AAA', 'AAA', 'AA', 'AAA', 'AAA', 'A', 'AA', 'AAA', 'AA', 'AA', 'AA', 'AA', 'AA', 'AAA', 'AA', 'A', 'AA', 'AAA', 'AA', 'A', 'A', 'AA', 'AA', 'AA', 'A', 'AAA', 'AA', 'A', 'AAA', 'A', 'AA', 'AA', 'AA', 'AAA', 'AA', 'AA', 'AA', 'AA', 'AA', 'A', 'AA', 'A', 'A', 'AA', 'AA', 'AA', 'AA', 'AA', 'AA', 'A', 'A', 'A', 'AA', 'AA', 'A', 'AA', 'AA', 'A', 'AA', 'A', 'AA', 'AA', 'A', 'A', 'A', 'AA', 'AA', 'AA', 'A', 'AA', 'A', 'AA', 'A', 'A', 'A', 'A', 'AAA', 'A', 'AAA', 'AA', 'A', 'AA', 'A', 'AA', 'A', 'A', 'A', 'A']	143
ENST00000259711:4	['A', 'A']	2
ENST00000259989:1	['AAAAAA']	1
ENST00000260045:2	['CTGAAAA', 'CTGAAAA']	2
ENST00000260116:2	['AA', 'AA', 'AA', 'AA', 'AA', 'AA', 'AA', 'AA', 'AA', 'AA', 'AA', 'AA', 'AA', 'AA', 'AA', 'AA', 'AA', 'AA']	18
ENST00000260118:8	['A', 'A', 'A', 'A', 'A']	5
ENST00000260129:12	['T']	1
ENST00000260184:28	['A', 'AAAA', 'AAAA', 'AAAA', 'AAA', 'AAA', 'A', 'AA', 'AA', 'AAA', 'AAA', 'AA', 'AAAA', 'AAA', 'AAA', 'AAA', 'AAAAA', 'AAA', 'AAAAA', 'A', 'AA', 'AAA', 'AAA', 'AAA', 'AAAAA', 'AAA', 'AAA', 'AA', 'AA', 'AAA', 'AA', 'AA', 'AA', 'AA', 'AAAAA', 'A', 'AAA', 'AAA', 'AAA', 'AAAA', 'AA', 'AAA', 'AA', 'AA', 'AA', 'AA', 'AAAA', 'AAA', 'AA', 'AAA', 'AAAA', 'A', 'A', 'AAAA', 'AAA', 'A', 'AAA', 'AAAA', 'AAA', 'AA', 'AAAA', 'AAA', 'A', 'AAA', 'AA', 'AA', 'A', 'AAAAA', 'A', 'AAAA', 'AAA', 'AAAA', 'AA', 'AAA', 'AAAAA', 'A', 'AAA', 'AAAA', 'AA', 'AA', 'AA', 'AAA', 'AAAA', 'A', 'AA', 'AA', 'AAA', 'AAA', 'AAA', 'A', 'AAAAA', 'A', 'A', 'A', 'AAAA', 'AAA', 'AAAAA', 'AAAA', 'AAAAA', 'AAA', 'AAAA', 'AAAAA', 'AAA', 'AAAA', 'AAA', 'AAAAA', 'AA', 'AAAAA', 'AAAA', 'AAAA', 'AAAA', 'AAAA', 'AAAA', 'AAAA', 'AAAA', 'AAAA', 'AAA', 'AA', 'AAAA', 'AAAAA', 'AAAA', 'AAAA', 'AAAA', 'AAAA', 'AAAA', 'AAAAA', 'AAAAA', 'AAA', 'AAAA', 'AAAA', 'AAAA', 'AAAA', 'A', 'AAAA', 'AAAA', 'AAAAA', 'AAA', 'A', 'AAA', 'AA', 'A', 'A', 'AAA', 'AAAAA', 'AAAAA', 'AAAAA', 'AAAA']	147
ENST00000260247:7	['A', 'A']	2
ENST00000260283:7	['A', 'A', 'A', 'A', 'A', 'A', 'A', 'A', 'A', 'A', 'A', 'A', 'A', 'A', 'A', 'A']	16
ENST00000260302:8	['TG']	1
ENST00000260323:22	['A']	1
ENST00000260323:25	['TC', 'TC', 'TC', 'T', 'T']	5
ENST00000260356:14	['A', 'A']	2
ENST00000260382:2	['T', 'T']	2
ENST00000260383:7	['CTT']	1
ENST00000260385:6	['G', 'G']	2
ENST00000260402:2	['G']	1
ENST00000260408:1	['A', 'A', 'A', 'AA', 'A', 'AA', 'A', 'A', 'A', 'A', 'A', 'A', 'A', 'A', 'A', 'AA', 'AA', 'A', 'A', 'A', 'A', 'AA', 'A', 'A', 'A', 'A', 'A', 'A', 'A', 'A', 'A', 'A', 'A', 'A', 'A', 'A', 'AA', 'A', 'A', 'A', 'A', 'A', 'A', 'A', 'A', 'A', 'AA', 'A', 'A', 'A', 'A', 'A', 'AA', 'AA', 'A', 'A', 'A', 'AA', 'A', 'A', 'A', 'A', 'A', 'A', 'A', 'A', 'A', 'A', 'A', 'A', 'A', 'A', 'A', 'AA', 'A', 'AA', 'A', 'A', 'AA', 'A', 'A', 'A', 'A', 'A', 'A', 'A', 'A', 'A', 'A', 'A', 'A', 'A', 'A', 'A', 'A', 'A', 'A', 'A', 'A', 'A', 'A', 'A', 'A', 'A', 'A', 'AA', 'A', 'A', 'A', 'AA', 'A', 'A', 'A', 'A', 'A', 'A', 'A', 'A', 'A', 'A', 'A', 'A', 'A', 'A', 'A', 'A', 'A', 'A', 'A', 'A', 'A', 'A', 'A', 'A', 'A', 'A', 'A', 'A', 'A', 'A', 'A', 'A', 'A', 'A', 'A', 'A', 'A', 'A', 'A', 'A', 'A', 'A', 'A', 'A', 'A', 'A', 'A', 'A', 'AA', 'A', 'A', 'A', 'A', 'A', 'A', 'A', 'A', 'A', 'A', 'A', 'AA', 'AA', 'A']	173
ENST00000260433:5	['A', 'A', 'A', 'A', 'A', 'A', 'A', 'A', 'A', 'A', 'A', 'A', 'A', 'A', 'A', 'A', 'A', 'A', 'A', 'A', 'A', 'A', 'A', 'A', 'A', 'A', 'A', 'A', 'A', 'A', 'A', 'A', 'A', 'A', 'A', 'A', 'A', 'A', 'A', 'A', 'A', 'A', 'A', 'A', 'A', 'A', 'A']	47
ENST00000260433:6	['A', 'A', 'A', 'A', 'A', 'A', 'A', 'A', 'A', 'A']	10
ENST00000260526:14	['A', 'A']	2
ENST00000260648:10	['A', 'A', 'A', 'A', 'A', 'A', 'A', 'A', 'A', 'A', 'A', 'A', 'A', 'A', 'A', 'A', 'A', 'A', 'A', 'A', 'A', 'A', 'A', 'A', 'A', 'A', 'A', 'A', 'A', 'A', 'A', 'A', 'A', 'A', 'A', 'A', 'A', 'A', 'A', 'A', 'A', 'A', 'A', 'A', 'A', 'A', 'A', 'A', 'A', 'A', 'A', 'A', 'A', 'A', 'A', 'A', 'A', 'A', 'A', 'A', 'A', 'A', 'AA', 'A', 'A', 'A', 'A', 'A', 'A', 'A', 'A', 'A', 'A', 'A', 'A', 'A', 'AA', 'A', 'A', 'A', 'A', 'A', 'A', 'A', 'A', 'A', 'A', 'A', 'A', 'A', 'A', 'A', 'AA', 'A', 'A', 'A', 'A', 'A', 'A', 'A', 'A', 'A', 'A', 'A', 'A', 'A', 'A', 'A', 'A', 'A', 'A', 'A', 'A', 'A', 'A', 'A', 'A', 'A', 'A', 'A', 'A', 'A', 'A', 'A', 'A', 'A', 'A', 'A', 'A', 'A', 'A', 'A', 'A', 'A', 'A', 'A', 'A', 'A', 'A', 'A', 'A', 'A', 'AA', 'A', 'A', 'A', 'A', 'A', 'A', 'A', 'A', 'A', 'A', 'A', 'AA']	155
ENST00000260648:5	['AG', 'AG', 'AG', 'AG', 'AG', 'AG', 'AG', 'AGAG', 'AG', 'AG', 'AG', 'AG', 'AG', 'AG', 'AG', 'AG', 'AGAG', 'AGAG', 'AG', 'AG', 'AG', 'AG', 'AG', 'AG', 'AG', 'AG', 'AG', 'AG', 'AG', 'AG', 'AG', 'AG', 'AG', 'AG', 'AG', 'AG', 'AG', 'AG', 'AG', 'AG', 'AG', 'AG', 'AG', 'AGAG', 'AG', 'AG', 'AG', 'AG', 'AG', 'AG', 'AG', 'AG', 'AG', 'AG', 'AG', 'AG', 'AG', 'AG', 'AG', 'AG', 'AG', 'AG', 'AG', 'AG', 'AG', 'AGAG', 'AG', 'AG', 'AG', 'AG', 'AG', 'AG', 'AG', 'AG', 'AG', 'AG', 'AG', 'AG', 'AG', 'AG', 'AG', 'AG', 'AG', 'AG', 'AG', 'AG', 'AG', 'AG', 'AG', 'AGAG', 'AG', 'AG', 'AG', 'AG', 'AG', 'AG', 'AG', 'AG', 'AG', 'AG', 'AG', 'AG', 'AG', 'AG', 'AG', 'AG', 'AG', 'AG', 'AG', 'AG', 'AG', 'AG', 'AG', 'AG', 'AG', 'AG', 'AG', 'AGAG', 'AG', 'AG', 'AG', 'AG', 'AG', 'AG', 'AG', 'AG', 'AG', 'AG', 'AG', 'AG', 'AG', 'AG', 'AG', 'AG', 'AG', 'AG', 'AG', 'AG', 'AG', 'AG', 'AG', 'AG', 'AG', 'AG', 'AG', 'AG', 'AG', 'AG', 'AG', 'AG', 'AG', 'AG', 'AG', 'AG', 'AG', 'AG', 'AGAG', 'AG', 'AG', 'AG', 'AG', 'AG', 'AG', 'AG', 'AG', 'AG', 'AG', 'AG', 'AG', 'AG', 'AG', 'AG', 'AG', 'AG', 'AG', 'AG', 'AG', 'AG', 'AG', 'AG', 'AG', 'AG', 'AG', 'AG', 'AG', 'AG', 'AGAG', 'AG', 'AG', 'AG', 'AG', 'AG', 'AG', 'AG', 'AG', 'AG', 'AG', 'AG', 'AG', 'AG', 'AG', 'AG', 'AG', 'AG', 'AG', 'AG', 'AG', 'AG', 'AG', 'AG', 'AG', 'AG', 'AG', 'AG', 'AG', 'AG', 'AG', 'AG', 'AG', 'AG', 'AG', 'AG', 'AG', 'AG', 'AG', 'AG', 'AG', 'AG', 'AG', 'AG', 'AG', 'AG', 'AG', 'AG', 'AG', 'AG', 'AG', 'AG', 'AG', 'AG', 'AG', 'AG', 'AG', 'AG', 'AG', 'AG', 'AG', 'AG', 'AG', 'AG', 'AG', 'AG', 'AG', 'AG', 'AG', 'AG', 'AG', 'AG', 'AG', 'AG', 'AG', 'AG', 'AG', 'AG', 'AG', 'AG', 'AG', 'AG', 'AG', 'AG', 'AG', 'AG', 'AG', 'AG', 'AGAG', 'AG', 'AG', 'AG', 'AG', 'AG', 'AG', 'AG', 'AG', 'AG', 'AG', 'AG', 'AG', 'AG', 'AG', 'AG', 'AG', 'AG', 'AG', 'AG', 'AG', 'AG', 'AG', 'AG']	298
ENST00000260662:6	['TTTCTTTTTAGGAGTGGAAGTATTATCCA']	1
ENST00000260665:16	['A', 'A']	2
ENST00000260665:30	['ACTT', 'ACTT']	2
ENST00000260731:1	['TTGTGTATTTCTTTTTA']	1
ENST00000260810:3	['A', 'A', 'A', 'A', 'A', 'A']	6
ENST00000260818:9	['T', 'TT', 'T', 'TT', 'TT', 'TT', 'TT', 'TT', 'TTT', 'T', 'TT', 'T', 'T', 'TT', 'TT', 'T', 'TT', 'TT', 'TT', 'TTT', 'T', 'TT', 'T', 'TT', 'TT', 'TT', 'T', 'T', 'TT', 'T', 'TTTT', 'TT', 'T', 'TT', 'T', 'T', 'T', 'TT', 'TT', 'T', 'TT', 'T', 'T', 'TTT', 'T', 'T', 'TT', 'T', 'TT', 'T', 'T', 'TT', 'TT', 'T', 'T', 'TT', 'TTTT', 'TTT', 'T', 'T', 'TT', 'TT', 'TT', 'T', 'TT', 'TTT', 'T', 'T', 'T', 'T', 'TT', 'TT', 'TTT', 'T', 'T', 'T', 'T', 'TT', 'T', 'T', 'T', 'T', 'T', 'T', 'T', 'T', 'T', 'TTT', 'TT', 'T', 'T', 'T', 'T', 'TTT', 'T', 'TT', 'T', 'TTT', 'T', 'TT', 'T', 'TT', 'T', 'TTT', 'TTT', 'T', 'T', 'T', 'TT', 'T', 'T', 'TT', 'TT', 'T', 'T', 'T', 'T', 'TT', 'TT', 'T', 'T', 'TTT', 'T', 'TT', 'TT', 'TT', 'TT', 'T', 'TTT', 'TT', 'T', 'T', 'TTTT', 'T', 'TT', 'T', 'T', 'T', 'T', 'TT', 'TTT', 'T', 'T', 'T', 'TT', 'T', 'T', 'T', 'T']	149
ENST00000260843:2	['AGGAGAA']	1
ENST00000260926:6	['A', 'A', 'A', 'A', 'A', 'A', 'A', 'A', 'A', 'A', 'A', 'A', 'A', 'A', 'A', 'A', 'A', 'A', 'A', 'A', 'A', 'A', 'A', 'A', 'A', 'A', 'A', 'A', 'A', 'A', 'A', 'A', 'A', 'A', 'A', 'A', 'A', 'A', 'A', 'A', 'A', 'A', 'A', 'A', 'A', 'A', 'A', 'A', 'A', 'A', 'A', 'A', 'A', 'A', 'A', 'A', 'A', 'A', 'A', 'A', 'A', 'A']	62
ENST00000260970:13	['T', 'T']	2
ENST00000260983:16	['A', 'A', 'A', 'A', 'A', 'A', 'A', 'A', 'A', 'A', 'A', 'A', 'A', 'A', 'A', 'A', 'A', 'A', 'A', 'A', 'A', 'A', 'A', 'A', 'A', 'A', 'A', 'A', 'A', 'A', 'A']	31
ENST00000261007:2	['A', 'A', 'AA', 'A', 'A', 'AA', 'AA', 'A', 'A', 'A', 'A', 'A', 'A', 'A', 'A', 'AA', 'A', 'A', 'A', 'A', 'AA', 'AA', 'A', 'A', 'AA', 'A', 'A', 'A', 'A', 'AA', 'A', 'A', 'A', 'AA', 'A', 'A', 'A', 'A', 'A', 'A', 'AA', 'A', 'A', 'AA', 'A', 'A', 'A', 'AA', 'AA', 'A', 'AA', 'A', 'A', 'A', 'A', 'A', 'A', 'A', 'AA', 'A', 'AA', 'A', 'AA', 'AA', 'A', 'A', 'A', 'A', 'A', 'A', 'A', 'A']	72
ENST00000261015:1	['CTTA', 'CTTA']	2
ENST00000261015:4	['A', 'A', 'A', 'A', 'A', 'A', 'A', 'A', 'A', 'A', 'A', 'A', 'A', 'A', 'A', 'A', 'A', 'A', 'A', 'A', 'A', 'A', 'A', 'A', 'A']	25
ENST00000261023:2	['T', 'T']	2
ENST00000261023:6	['T', 'T', 'T', 'T', 'T', 'T', 'T', 'T']	8
ENST00000261167:6	['AA', 'AA', 'AA', 'AAA', 'AA', 'AA', 'AA', 'AAA', 'AA', 'AA', 'AA', 'AAA', 'AA', 'AA', 'AA', 'AA', 'AA', 'A', 'AAA', 'AA', 'AA', 'AA', 'AA', 'AA', 'AA', 'AA', 'AAA', 'AAA', 'AA', 'AA', 'AA', 'AAA', 'AA', 'AA', 'AA', 'A', 'A', 'AA', 'A', 'A', 'AA', 'AA', 'AA', 'A', 'A', 'AA', 'A', 'A', 'A', 'AA', 'AA', 'AA', 'AA', 'AA', 'AA', 'A', 'AA', 'AA', 'AA', 'AA', 'AA', 'AA', 'AA', 'A', 'AA', 'A', 'AA', 'AA', 'A', 'AA', 'AA', 'AA', 'AA', 'AA', 'AA', 'A', 'A', 'A', 'AA', 'A', 'A', 'A', 'A', 'A', 'A', 'A', 'A', 'A']	88
ENST00000261168:6	['A', 'C', 'A']	3
ENST00000261168:8	['T', 'T', 'T', 'T', 'T', 'T', 'T', 'T', 'T', 'T', 'T', 'T', 'T', 'T', 'T', 'T', 'T', 'T', 'T', 'T', 'T', 'T', 'T', 'T', 'T', 'T', 'T', 'T', 'T', 'T', 'T', 'T', 'T', 'T', 'T', 'T', 'T', 'T', 'T', 'T', 'T', 'T', 'T', 'T', 'T', 'T', 'T', 'T', 'T', 'T', 'T', 'TT', 'T', 'T', 'T', 'T', 'T', 'T', 'T', 'T', 'T', 'T', 'T', 'T', 'T', 'T', 'T', 'T', 'T']	69
ENST00000261170:19	['A', 'A', 'A', 'A', 'A', 'A', 'A', 'A', 'A', 'A', 'A', 'A', 'A', 'A', 'A', 'A', 'A', 'A', 'A', 'A', 'A', 'A', 'A', 'A', 'A', 'A', 'A', 'A', 'A', 'A', 'A', 'AA', 'A', 'A', 'A', 'A', 'A', 'A', 'A', 'A', 'A', 'A', 'A', 'A', 'A', 'A', 'A', 'A', 'A', 'A', 'A', 'A']	52
ENST00000261172:2	['AAAA', 'AAA', 'AAAAA', 'AAAA', 'AAAAAA', 'AAAAA', 'AAAAAA', 'AAAA', 'AAAA', 'AAAA', 'AAAAAA', 'AAAA', 'AAAAAA', 'AAAA', 'AAAA', 'AAAAAAA', 'AAAAA', 'AAAA', 'AAAAA', 'AAAAAA', 'AAAAA', 'AAAA', 'AAAAA', 'AAAAA', 'AAA', 'AAAAAA', 'AAAAA', 'AAAA', 'AAAA', 'AAAA', 'AAAAA', 'AAAA', 'AA', 'AAAAAA', 'AAAAA', 'AAAA', 'AAAA', 'AAAAA', 'AAAA', 'AAAAAA', 'AAA', 'AAAA', 'AAAAA', 'AAAA', 'AAAA', 'AAAA', 'AAAA', 'AAAA', 'AAAAAA', 'AAAA', 'AA', 'AAA', 'AAAA', 'AAAAA', 'AAAA', 'AAAA', 'AAAAA', 'AAAA', 'AAAA', 'A', 'AA', 'AAAA', 'AAA', 'AAAA', 'AAAAAA', 'AAAA', 'AAA', 'AAAA', 'AAAA', 'AAAA', 'AA', 'AAAAAA', 'AAA', 'AAAAA', 'AAAA', 'AAA', 'AAAAAA', 'AAAA', 'AAA', 'AAA', 'AAA', 'AAAA', 'AAAA', 'AAA', 'AAA', 'AAA', 'AAA', 'AAA', 'AAAA', 'AAAAA', 'AAA', 'AAA', 'AAAA', 'AAAAA', 'AAA', 'AAA', 'AA', 'AAAA', 'AAAAA', 'AAA', 'AA', 'AAAA', 'AAAA', 'AA', 'AAA', 'AAAA', 'AA', 'AAAA', 'AAAAA', 'AAA', 'AAAA', 'AAA', 'A', 'AAA', 'AAAAA', 'AAA', 'AAA', 'AAA', 'AAA', 'AAA', 'AAA', 'AAAAAA', 'AAA', 'AAA', 'AAA', 'AAA', 'AAAAA', 'AAAAAAA', 'AAA', 'AAA', 'AAA', 'AAA', 'AA', 'AAAA', 'AAA', 'AA', 'AAAA', 'AAAAA', 'AAA', 'AAAA']	140
ENST00000261172:4	['A', 'A', 'A', 'A', 'A', 'A', 'A', 'A']	8
ENST00000261182:3	['A', 'A', 'A', 'AA', 'A', 'A', 'A', 'A', 'A', 'A', 'AA', 'AA', 'A', 'A', 'A', 'A', 'A', 'A', 'A', 'A', 'A', 'A', 'A', 'A', 'AA', 'A', 'A', 'A', 'A', 'A', 'A', 'A', 'A', 'A', 'A', 'A', 'A', 'A', 'A', 'A', 'A', 'A', 'A', 'A', 'A', 'A', 'A', 'A', 'AA', 'A', 'A', 'A', 'A', 'A', 'A', 'AA', 'A', 'A', 'A', 'A', 'A', 'AA', 'A', 'AA', 'A', 'A', 'A', 'A', 'A', 'A', 'A', 'A', 'A', 'A', 'A', 'A', 'A', 'A', 'AA', 'A', 'A', 'A', 'A', 'A', 'A']	85
ENST00000261183:13	['A', 'A', 'A', 'AA', 'AA', 'A', 'AA', 'A', 'AA', 'A', 'AAA', 'AA', 'AA', 'A', 'AA', 'A', 'A', 'AAA', 'A', 'A', 'A', 'AA', 'AA', 'A', 'A', 'A', 'AA', 'AAA', 'A', 'AA', 'AA', 'AA', 'AA', 'A', 'AA', 'A', 'A', 'AA', 'AA', 'AA', 'A', 'AA', 'AA', 'AA', 'A', 'A', 'AAA', 'AAAA', 'A', 'A', 'A', 'A', 'A', 'AA', 'A', 'AA', 'AAA', 'AA', 'AA', 'A', 'A', 'A', 'A', 'AAA', 'AA', 'AAAA', 'A', 'A', 'A', 'A', 'AA', 'A', 'A', 'AA', 'A', 'A', 'AA', 'A', 'AA', 'A', 'A', 'A', 'A', 'AAA', 'AAA', 'AAAAA', 'A', 'AAA', 'AAAA', 'AAA', 'A', 'AAA', 'AAA', 'A', 'AAA', 'AAAA', 'A', 'AA', 'AA', 'A', 'AA', 'AAA', 'AAA', 'AA', 'AAA', 'AAA', 'A', 'AAAA', 'AAA', 'AAA', 'AAA', 'AAAAA', 'AAA', 'A', 'AAA', 'AAA', 'AAA', 'AAAA', 'A', 'AAAA', 'AAAA', 'AAA', 'AAA', 'A', 'A', 'AAA', 'A', 'A', 'A', 'A']	130
ENST00000261191:6	['A', 'A']	2
ENST00000261195:11	['A']	1
ENST00000261201:27	['AG', 'AG']	2
ENST00000261201:36	['A', 'AA', 'AAA', 'AAA', 'AAA', 'AA', 'AAA', 'AAA', 'AAA', 'AAA', 'AAA', 'AAA', 'AAAA', 'AA', 'AA', 'AAA', 'AAA', 'AA', 'AA', 'AAA', 'AAA', 'AA', 'AA', 'AAA', 'AAA', 'AA', 'AAA', 'AA', 'AAA', 'AAA', 'AA', 'AAA', 'AA', 'A', 'A', 'AAA', 'AA', 'AAA', 'A', 'AA', 'AA', 'AA', 'AAAA', 'AA', 'AAA', 'AA', 'AA', 'AAA', 'A', 'AAAA', 'AAAA', 'AAA', 'A', 'A', 'AAA', 'AA', 'AAA', 'AA', 'AAA', 'AAA', 'AA', 'AA', 'AAA', 'AAA', 'AA', 'AAA', 'AA', 'AAA', 'AA', 'AA', 'A', 'AA', 'AAA', 'A', 'A', 'AA', 'AA', 'A', 'AAA', 'AAA', 'AAAA', 'AAA', 'AA', 'AA', 'AA', 'A', 'A', 'AA', 'AA', 'A', 'A', 'A', 'A', 'AAA', 'AA', 'AA', 'AAA', 'AAA', 'AA', 'AA', 'A', 'AAAA', 'AA', 'AA', 'A', 'AAA', 'AA', 'AA', 'AA', 'A', 'AA', 'AA', 'A', 'A', 'A', 'AA', 'A', 'AA', 'AAA', 'AA', 'A', 'A', 'A']	123
ENST00000261201:5	['A', 'A', 'AA', 'A', 'A', 'A', 'A', 'A', 'A', 'A', 'A', 'A', 'A', 'A', 'A', 'A', 'A', 'A', 'A', 'A', 'A', 'A', 'A', 'A', 'A', 'A', 'A', 'A', 'A', 'A', 'A', 'A', 'A', 'A', 'A', 'A', 'A', 'A', 'A', 'A', 'A', 'A', 'A', 'A', 'A', 'A', 'A', 'A', 'A', 'A']	50
ENST00000261201:7	['AAA', 'AAA', 'AA', 'AA', 'AAAA', 'AAAA', 'AAAA', 'AAAA', 'AAAAA', 'AAAA', 'AAAAA', 'AAAAA', 'AAAA', 'AAAAA', 'AA', 'AAA', 'AAAA', 'AAAAA', 'AAAA', 'AAA', 'AAAA', 'AAA', 'A', 'AAAA', 'AA', 'AAA', 'AAAA', 'A', 'AAAA', 'AAAA', 'AA', 'AAAAA', 'AAAAA', 'AAAA', 'AAAA', 'AAAAAA', 'AA', 'AAAAA', 'AAA', 'AAA', 'A', 'AA', 'AAA', 'AAAA', 'AAAA', 'AAAA', 'AAAA', 'AA', 'AAA', 'AAAA', 'AA', 'AAA', 'AA', 'A', 'AA', 'AAAAA', 'AAAA', 'AAA', 'AA', 'AA', 'AA', 'AAAA', 'AA', 'AA', 'AA', 'AAA', 'AA', 'AA', 'AAA', 'A', 'A', 'AA', 'A', 'AAA', 'AA', 'AAA', 'AAAA', 'AA', 'A', 'AA', 'AA', 'AA', 'AAA', 'AAA', 'AA', 'AAA', 'A', 'AAA', 'A', 'AAA', 'AAA', 'AA', 'AAA', 'AAA', 'AA', 'AAAA', 'AAA', 'AA', 'AA', 'AAA', 'A', 'AAA', 'AAA', 'AAA', 'AAA', 'AAAA', 'AAA', 'AAA', 'AA', 'A', 'AA', 'AA', 'A', 'CAAA', 'AAAA', 'AAA', 'AAAA', 'AAA', 'AA', 'A', 'A', 'A']	122
ENST00000261211:12	['A', 'A', 'AA', 'A', 'AA', 'AA', 'A', 'AA', 'AA', 'A', 'A', 'A', 'A', 'A', 'A', 'AA', 'A', 'A', 'A', 'A', 'A', 'A', 'A', 'A', 'A', 'A', 'A', 'A', 'A', 'A', 'A', 'A', 'A', 'A', 'AA', 'A', 'A', 'A', 'A', 'A', 'A', 'A', 'A', 'A', 'A', 'A', 'A', 'A', 'A', 'A', 'A', 'A', 'A', 'A', 'A', 'A', 'A', 'A', 'A', 'A', 'A', 'AA', 'A', 'A', 'A', 'A', 'A', 'A', 'A', 'A', 'A', 'A']	72
ENST00000261211:4	['AA', 'A', 'AAA', 'AAAA', 'AAAA', 'AA', 'AA', 'AA', 'AA', 'AA', 'AA', 'AAA', 'AA', 'AA', 'AAA', 'AA', 'AAA', 'AA', 'AA', 'AAA', 'AA', 'AA', 'AA', 'AAA', 'AA', 'AAA', 'A', 'AA', 'AA', 'AA', 'AAA', 'A', 'AAA', 'A', 'AA', 'AA', 'AA', 'AAA', 'AA', 'AA', 'AAA', 'AA', 'AA', 'AA', 'AAA', 'AAA', 'AAA', 'AA', 'AA', 'AA', 'AAAA', 'AAA', 'AA', 'AA', 'AAA', 'AA', 'AAA', 'AAA', 'AA', 'AA', 'AAA', 'AAA', 'AA', 'AAA', 'A', 'A', 'A', 'AA', 'A', 'A', 'AAA', 'A', 'AA', 'AA', 'A', 'AAA', 'AAA', 'AA', 'AA', 'A', 'A', 'A', 'AAA', 'A', 'A', 'A', 'AAA', 'A', 'AAAA', 'AAA', 'A', 'AAA', 'AAA', 'AAA', 'AAA', 'A', 'AA', 'AAA', 'A', 'AA', 'A', 'AA', 'AA', 'AAA', 'AAA', 'A', 'A', 'AA', 'A', 'AA', 'AA', 'A', 'A', 'A', 'A', 'A', 'AA', 'AA', 'A', 'A', 'AAAA', 'AA']	122
ENST00000261245:3	['T', 'T']	2
ENST00000261249:1	['AAA', 'AAAA', 'AA', 'AAA', 'AA', 'AAAA', 'AAA', 'AA', 'AAAA', 'AAAA', 'AAAAA', 'AAAAA', 'AAAAA', 'AAAA', 'AAAA', 'AAAAAA', 'AAA', 'AAA', 'AAA', 'AAA', 'AAA', 'AAAA', 'AAA', 'AA', 'AAAA', 'AAAA', 'AA', 'AA', 'AAA', 'AAA', 'AA', 'AA', 'AA', 'AAA', 'AA', 'AA', 'AA', 'AA', 'AAAA', 'AA', 'AAA', 'AA', 'AAAA', 'AAA', 'AAA', 'AA', 'AAAA', 'AAAA', 'AA', 'AA', 'AA', 'AAAA', 'AAA', 'AA', 'AA', 'AAAA', 'AA', 'AA', 'A', 'A', 'A', 'A']	62
ENST00000261254:1	['G', 'G', 'G', 'G', 'G', 'G', 'G', 'G', 'G', 'G', 'G', 'G', 'G', 'G', 'G', 'G', 'G', 'G', 'G', 'G']	20
ENST00000261292:5	['TC']	1
ENST00000261296:1	['A', 'A', 'A', 'A', 'A', 'A', 'A', 'A', 'A', 'A', 'A', 'A', 'A', 'A']	14
ENST00000261304:1	['A', 'A', 'A', 'A', 'A', 'A', 'A', 'A', 'A', 'A', 'A', 'A', 'A', 'A', 'A', 'A', 'A', 'A', 'A', 'A', 'A', 'A', 'A', 'A', 'A', 'A', 'A', 'A', 'A', 'A', 'A', 'A', 'A', 'A', 'A', 'A', 'A', 'A', 'A', 'A', 'A', 'A', 'A', 'A', 'A', 'A', 'A', 'A', 'A', 'A', 'A', 'A', 'A', 'A', 'A', 'A', 'A', 'A', 'A', 'A', 'A', 'A', 'A', 'A', 'A', 'A', 'A', 'A', 'A', 'A', 'AA', 'A', 'AA', 'A', 'A', 'A', 'A', 'A', 'A', 'A', 'A', 'A', 'A', 'A', 'A', 'A', 'A', 'A', 'A', 'A', 'A', 'A', 'A', 'A', 'A', 'AA', 'A', 'A', 'A', 'A', 'A', 'A', 'A', 'A', 'A', 'A', 'A', 'A', 'A', 'A', 'A', 'A', 'A', 'A', 'A', 'A', 'A', 'AA', 'AA', 'A', 'A', 'A', 'A', 'A', 'A', 'A', 'A', 'A', 'A', 'A', 'A', 'A', 'A', 'A', 'A', 'A', 'A', 'A', 'A', 'A', 'A', 'A', 'A', 'A', 'A', 'A', 'A', 'A', 'A', 'A', 'A', 'A', 'A', 'A', 'A', 'A', 'A', 'A', 'A', 'A', 'A', 'A', 'A', 'A', 'AA', 'A', 'A', 'A', 'A', 'AA', 'A', 'A', 'A', 'A', 'A', 'A', 'A', 'A']	178
ENST00000261304:10	['AA', 'AA', 'AA', 'AA', 'AA', 'AA', 'AA', 'AA', 'AA', 'AA', 'AA', 'AA', 'AAA', 'AA', 'AA', 'AAA', 'AA', 'AA', 'AAA', 'AA', 'AA', 'AAA', 'AA', 'AAA', 'AA', 'AA', 'AAA', 'AA', 'AAA', 'AA', 'AA', 'AA', 'AA', 'AA', 'AA', 'AA', 'AA', 'AA', 'AA', 'AA', 'AA', 'AA', 'AA', 'AA', 'AA', 'AA', 'AA', 'AAA']	48
ENST00000261304:7	['A', 'A', 'A', 'A', 'A', 'A', 'A', 'A', 'A', 'A', 'A', 'A', 'A', 'A', 'A', 'A', 'A', 'A', 'A', 'A', 'A', 'A', 'A', 'A', 'A', 'A', 'A', 'A', 'A', 'A', 'A', 'A', 'A', 'A', 'A', 'A', 'A', 'A', 'A', 'A', 'A', 'A', 'A', 'A', 'A', 'A', 'A', 'A', 'A', 'A', 'A', 'A', 'A', 'A', 'A', 'A', 'A', 'A', 'A', 'A', 'A', 'A', 'AA', 'A', 'A', 'A', 'A', 'A', 'A', 'A', 'A', 'A', 'A', 'A', 'A', 'A', 'A', 'A', 'A', 'A', 'A', 'A', 'A', 'A', 'A', 'A', 'A', 'A', 'AA', 'A', 'A', 'A', 'A', 'A', 'A']	95
ENST00000261336:25	['G']	1
ENST00000261349:13	['A', 'A', 'A', 'A']	4
ENST00000261349:18	['A', 'A', 'A', 'A', 'A', 'A', 'A', 'A', 'A', 'A', 'A', 'A', 'A', 'A', 'A', 'A', 'A', 'A']	18
ENST00000261366:3	['TA', 'TA']	2
ENST00000261383:23	['ACTT']	1
ENST00000261383:32	['A']	1
ENST00000261401:10	['AAAACA']	1
ENST00000261402:3	['GA']	1
ENST00000261405:36	['AAAC', 'AAAC', 'AAAC']	3
ENST00000261407:1	['G', 'G']	2
ENST00000261448:6	['AAAAAAAA', 'AAA', 'AAAAAA', 'AAAAAAAAA', 'AAAAAAAAAAA', 'AAAAAAAA', 'AAAAAAA', 'AAAAAA', 'AAAA', 'AAAAAAA', 'AAAA', 'AAAAAAAAAA', 'AAAAAAA', 'AAAAA', 'AAAAAAAA', 'AAAAAA', 'AAAAAA', 'AAAAAAA', 'AAAAAAA', 'AAAAAA', 'AAAAAAAAAAA', 'AAAAAAAAAA', 'AA', 'AAAAAAAAA', 'AAAAAAAAAA', 'AAAAAA', 'AA', 'AAAAA', 'AAAA', 'AAAAAAAAA', 'AAAAAAA', 'AAAAAAA', 'AAAAAAAA', 'AAAAAAAA', 'AA', 'AAAAAA', 'AAAAAAA', 'AAAAAAAAAA', 'AAAAAAAA', 'AAAAAA', 'AAAAAA', 'AAAAAAAA', 'AAAAAAAA', 'AAAAAAAA', 'AAAA', 'AAAAAAAAA', 'AAAAAA', 'AAAAAA', 'AAAAAAA', 'AAAAAA', 'AAAAAAA', 'AAAA', 'AAAAAAAAA', 'AAAAAAAAAAAA', 'AAAAAAAAAA', 'AA', 'AAAAAA', 'AAAAAAA', 'AAAAAAAA', 'AAAAAAAAAA', 'AAAAAAAAAA', 'AAAAAAAAAAAA', 'AAAAA', 'AAAAA', 'AAAAAAAAAA', 'AAAAA', 'AAAAAAAAA', 'AAAAA', 'AAAAAA', 'AAAAAA', 'AAAAAAAAAA', 'AAAAAAAA', 'AAAAAAA', 'AAAAAAAA', 'AAAAAAAA', 'AAAAAAAAA', 'AAAAA', 'AAAAAAAAA', 'AAAAAAAA', 'AAAA', 'AAAAAAAAA', 'AAAAAAAAA', 'AAAAA', 'AAAAAAAA', 'AAAAAAAA', 'AAAAAAAAAA', 'AAAAAAA', 'AAAAAA', 'AAAAAAA', 'AAAAAAAA', 'AAAAAAA', 'AAAAAAAAA', 'AAAAAAAAAA', 'AAAAAAAAAAA', 'AAAAA', 'AAAAAAAAA', 'AAAAA', 'AAAAAA', 'AAAAAAAA', 'AAAAAAAAA', 'AAAAAAAAA', 'AAAAAA', 'AAAA', 'AAAAAAAAA', 'AAAAAAAAAA', 'AAAAAA', 'AAAAAAAA', 'AAAAA', 'AAA', 'AAAAAA', 'AAAAA', 'AAAAAAAA', 'AAAAAAA', 'AAAAAAA', 'AAAAAAA', 'AAAAAA', 'AAAAAAAAA', 'AAAAAAAAA', 'AAAAA', 'AAAAAAAAAA', 'AAAAA', 'AAAAAAAA', 'AAAAAAAAAAAA', 'AAAAAAA', 'AAAAAAAAAAA', 'AAAAAAAAA', 'AAAAAAAAAA']	127
ENST00000261517:29	['A', 'A']	2
ENST00000261517:30	['A', 'A', 'A', 'A']	4
ENST00000261517:46	['T']	1
ENST00000261517:50	['A', 'A', 'A', 'A', 'A', 'A', 'A', 'A', 'A', 'A', 'A', 'A']	12
ENST00000261517:53	['A', 'A']	2
ENST00000261517:58	['TGTTGGACA']	1
ENST00000261517:64	['AG']	1
ENST00000261517:68	['A', 'A', 'A', 'A', 'A', 'A']	6
ENST00000261517:71	['A', 'A', 'A', 'A', 'A', 'A', 'A']	7
ENST00000261517:75	['A']	1
ENST00000261517:76	['A', 'A', 'A', 'A', 'A', 'A', 'A', 'A', 'A', 'A', 'A', 'A', 'A', 'A', 'A', 'A', 'A', 'A', 'A', 'A', 'A', 'A', 'A', 'A', 'A', 'A', 'A', 'A', 'A', 'A', 'A', 'A', 'A', 'A', 'A', 'A', 'A']	37
ENST00000261530:2	['G']	1
ENST00000261534:14	['A', 'A', 'A', 'A', 'A', 'A', 'A', 'A', 'A', 'A', 'A', 'A', 'A', 'A', 'A', 'A', 'A']	17
ENST00000261534:9	['G', 'G', 'G', 'G']	4
ENST00000261590:10	['CTCTTATTTTTAAGATTATCCTAGAAAAACCA']	1
ENST00000261592:8	['AAA', 'AA', 'AA', 'AA', 'AA', 'AA', 'AA', 'AA', 'AA', 'AA', 'AA', 'AA', 'AA', 'AA', 'AA', 'AA', 'AAA', 'AA', 'AA', 'AA', 'AA', 'AA', 'AA', 'A', 'A', 'AA', 'AA', 'AA', 'AA', 'A', 'AA', 'AA', 'AA', 'A', 'AA', 'AA', 'A', 'AA', 'A', 'AA', 'A', 'AA', 'AA', 'AA', 'A', 'AA', 'AA', 'A', 'A', 'A', 'A', 'A', 'AA', 'AA', 'AA', 'A', 'AA', 'A', 'AA', 'A', 'AA', 'AAA', 'A', 'A', 'AA', 'A', 'AA', 'AA', 'A', 'AA', 'A', 'AA', 'A', 'AA', 'AA', 'AA', 'A', 'A', 'AA', 'A', 'A', 'A', 'A', 'A', 'A', 'A', 'A', 'A', 'AA', 'A', 'AA', 'A', 'A', 'A', 'A', 'A', 'A', 'A', 'A', 'A', 'A', 'A', 'A', 'AA', 'A', 'A', 'A', 'A', 'A', 'A', 'A', 'A', 'A', 'A', 'A', 'A']	116
ENST00000261596:14	['A', 'A', 'A', 'A']	4
ENST00000261596:7	['A', 'A', 'A', 'A', 'A', 'A', 'A', 'A', 'A', 'A', 'A', 'A', 'A', 'A', 'A', 'A', 'A', 'A', 'A', 'A', 'A', 'A', 'A', 'A', 'A', 'A', 'A', 'A', 'A', 'A', 'A', 'A', 'A', 'A', 'A', 'A', 'A', 'A', 'A', 'A', 'A', 'A', 'A', 'A', 'A', 'A', 'A', 'A', 'A', 'A', 'A', 'A', 'AA', 'A', 'A', 'AA', 'A', 'A', 'A', 'A', 'A', 'A', 'A', 'A', 'A', 'A', 'A', 'A', 'A', 'A', 'A', 'A', 'A', 'A', 'A', 'A', 'A', 'A', 'A', 'A', 'A', 'A', 'A', 'A', 'A', 'AA', 'A', 'A', 'A', 'A', 'A', 'A', 'A', 'A', 'A', 'A', 'A']	97
ENST00000261600:1	['A', 'A', 'A', 'A', 'A', 'A', 'A', 'A', 'A', 'A', 'A', 'A', 'A', 'A', 'A', 'A', 'A', 'A', 'A', 'A', 'A', 'A', 'A', 'A', 'A', 'A', 'A', 'A', 'A', 'A', 'A', 'A', 'A', 'A', 'A', 'A', 'A', 'A', 'A', 'A', 'A', 'A', 'A', 'A', 'A', 'A', 'A', 'A', 'A', 'A']	50
ENST00000261600:19	['A', 'A']	2
ENST00000261600:7	['A', 'A']	2
ENST00000261601:4	['TTTTTC']	1
ENST00000261609:37	['A', 'A', 'A', 'A', 'A', 'A', 'A', 'A', 'A', 'A']	10
ENST00000261609:90	['A']	1
ENST00000261636:1	['A', 'A', 'A', 'A', 'A', 'A', 'A', 'A']	8
ENST00000261708:18	['A', 'A', 'A', 'A', 'A', 'A', 'A', 'A', 'A', 'AA', 'A', 'A', 'A', 'A', 'A', 'AA', 'A', 'AA', 'A', 'A', 'A', 'A', 'A', 'A', 'A', 'A', 'A', 'A', 'A', 'A', 'A', 'A', 'A', 'A', 'A', 'A', 'AA', 'AA', 'A', 'A', 'A', 'A', 'A', 'A', 'A', 'A', 'A', 'A', 'A', 'A', 'A', 'A', 'AA', 'A', 'A', 'A', 'A', 'A', 'A', 'A', 'A', 'A', 'A', 'A', 'A', 'A', 'A', 'A', 'A', 'A', 'A', 'AA', 'A', 'A', 'A', 'A', 'A', 'AA', 'A', 'A', 'A', 'A', 'A', 'A', 'A', 'A', 'A', 'AA', 'A', 'A', 'A', 'A', 'A', 'A', 'A', 'A', 'A', 'A', 'A', 'A', 'A', 'A', 'A', 'A', 'A', 'A', 'A', 'A', 'A', 'A', 'A', 'A', 'AA', 'A', 'A', 'AA', 'A', 'AA', 'A', 'A', 'AA', 'A', 'A', 'A', 'A', 'A', 'A', 'AA', 'A', 'A', 'A', 'AA', 'A', 'A', 'AA', 'AA', 'A', 'A', 'A', 'A', 'A', 'A', 'A', 'A', 'A', 'A', 'A', 'A', 'A', 'A', 'A', 'AA', 'A', 'A', 'A', 'A', 'A', 'A', 'A', 'A', 'A', 'A', 'A', 'A', 'A', 'A', 'A', 'A', 'A', 'A', 'A', 'A', 'A', 'A', 'A', 'A', 'A', 'A', 'A', 'AA', 'A', 'A', 'AA']	183
ENST00000261708:5	['A', 'A', 'A', 'A', 'A', 'A', 'A', 'A']	8
ENST00000261722:13	['C', 'C', 'C']	3
ENST00000261729:21	['G']	1
ENST00000261741:18	['GA', 'GA', 'GA', 'GA', 'GA', 'GA', 'GA', 'GA', 'GA', 'GA', 'GA', 'GA', 'GA', 'GA', 'GA', 'GA', 'GA', 'GA', 'GA', 'GA', 'GA', 'GA', 'GA', 'GA', 'GA', 'GA', 'GA', 'GA']	28
ENST00000261745:18	['A', 'A', 'A']	3
ENST00000261745:6	['A', 'A', 'A', 'A', 'A', 'A', 'A', 'A', 'A', 'A', 'A', 'A', 'A']	13
ENST00000261797:8	['G', 'G']	2
ENST00000261799:4	['AG']	1
ENST00000261800:2	['GA']	1
ENST00000261819:15	['A', 'A']	2
ENST00000261833:13	['A']	1
ENST00000261833:21	['AG', 'AG', 'AG', 'AG', 'AG', 'AG', 'AG', 'AG', 'AG', 'AG', 'AG', 'AG', 'AG', 'AG', 'AG', 'AG', 'AG', 'AG', 'AG', 'AG', 'AG', 'AG', 'AG', 'AG', 'AG', 'AG', 'AG', 'AG', 'AG', 'AG', 'AG', 'AG', 'AG', 'AG', 'AG', 'AG', 'AG', 'AG', 'AG', 'AG', 'AG', 'AG', 'AG', 'AG', 'AG', 'AG', 'AG', 'AG', 'AG', 'AG', 'AG', 'AG', 'AG', 'AG', 'AG', 'AG', 'AG', 'AG', 'AG', 'AG', 'AG', 'AG', 'AG', 'AGAG', 'AG', 'AG', 'AG', 'AG', 'AG', 'AG', 'AG', 'AG', 'AG', 'AG', 'AG', 'AG', 'AG', 'AG', 'AG', 'AG', 'AG', 'AG', 'AG', 'AGAG', 'AG', 'AG', 'AG', 'AGAG', 'AG', 'AG', 'AG', 'AG', 'AG', 'AG', 'AG', 'AG', 'AG', 'AG', 'AG', 'AG', 'AG', 'AG', 'AG', 'AG', 'AG', 'AG', 'AG', 'AG', 'AG', 'AG', 'AGAG', 'AG', 'AG', 'AG', 'AC', 'AG', 'AG', 'AG', 'AG', 'AG', 'AG', 'AG', 'AG', 'AG', 'AG', 'AG', 'AG', 'AG', 'AG', 'AG', 'AG', 'AG', 'AG', 'AG', 'AG']	135
ENST00000261833:8	['A', 'A', 'A', 'A', 'A', 'A', 'A', 'A', 'A', 'A', 'A', 'A', 'A', 'A', 'A', 'A', 'A', 'A', 'A', 'A', 'A']	21
ENST00000261839:38	['T', 'T', 'T', 'T']	4
ENST00000261839:5	['A', 'A', 'A', 'A', 'A', 'A', 'A', 'A', 'A', 'A', 'A', 'A', 'A', 'A', 'A', 'A', 'A', 'A', 'A', 'A', 'A', 'A', 'A', 'A', 'A', 'A', 'A', 'A', 'A', 'A', 'A', 'AA', 'A', 'A', 'A', 'A', 'A', 'A', 'A', 'A', 'A', 'A', 'A', 'A', 'A', 'A', 'A', 'A', 'A', 'A', 'A', 'A', 'A', 'A', 'A', 'A', 'A', 'A', 'A', 'A', 'AA']	61
ENST00000261844:3	['CTT']	1
ENST00000261866:1	['A', 'A', 'A', 'A']	4
ENST00000261866:14	['A', 'A', 'A', 'A', 'A', 'A', 'A', 'A', 'A', 'A', 'A', 'A', 'A']	13
ENST00000261868:1	['GAG', 'GAG']	2
ENST00000261881:1	['A', 'A']	2
ENST00000261884:2	['G', 'G']	2
ENST00000261884:9	['GAATAAAAAT']	1
ENST00000261891:10	['A', 'A', 'A', 'A', 'A', 'A', 'A', 'A', 'A']	9
ENST00000261900:5	['AA', 'A', 'AA', 'AA', 'AA', 'AA', 'AA', 'AA', 'AAA', 'AA', 'AA', 'A', 'AA', 'AA', 'AA', 'A', 'A', 'A', 'A', 'AA', 'A', 'A', 'AAA', 'A', 'AA', 'A', 'A', 'A', 'A', 'A', 'A', 'A', 'A', 'AA', 'AA', 'AA', 'A', 'A', 'AAA', 'A', 'A', 'A', 'AAA', 'A', 'A', 'A', 'A', 'AA', 'A', 'AA', 'A', 'AA', 'AAA', 'AAA', 'A', 'A', 'AAA', 'AA', 'A', 'A', 'AA', 'AA', 'A', 'A', 'A', 'A', 'A', 'A', 'A', 'AAA', 'AAA', 'AA', 'AAA', 'AAAA', 'AAA', 'AA', 'AA', 'AA', 'AAAA', 'AAA', 'AA', 'AAA', 'AA', 'AAA', 'AAA', 'AAA', 'AAA', 'AAA', 'AA', 'AA', 'A']	91
ENST00000261921:3	['G']	1
ENST00000261937:16	['G', 'G']	2
ENST00000261937:26	['GG']	1
ENST00000261965:12	['A', 'A']	2
ENST00000261965:2	['A', 'A', 'A', 'A']	4
ENST00000261965:5	['A', 'A', 'A', 'A', 'A', 'A', 'A']	7
ENST00000262013:24	['A', 'A', 'A', 'A', 'A', 'A', 'A', 'A', 'A', 'A']	10
ENST00000262013:7	['A', 'A', 'A']	3
ENST00000262027:1	['GTGCTG', 'GTGCTG']	2
ENST00000262030:6	['A', 'A']	2
ENST00000262039:11	['T', 'T']	2
ENST00000262041:1	['A', 'A', 'A', 'A', 'A', 'A', 'A', 'A', 'A', 'A', 'A', 'A', 'A', 'A', 'A', 'A', 'A', 'A', 'A', 'A', 'A', 'A', 'A', 'A', 'A', 'A', 'A', 'A', 'A', 'A', 'A', 'A', 'A', 'A', 'A', 'A', 'A', 'A', 'A', 'A', 'A', 'A', 'A', 'A', 'A', 'A', 'A', 'A', 'A', 'A', 'A', 'A', 'A', 'A', 'A', 'A']	56
ENST00000262043:2	['TTACTTT', 'TTACTTTTTT']	2
ENST00000262043:3	['CT', 'CT']	2
ENST00000262051:16	['A']	1
ENST00000262065:3	['G', 'G']	2
ENST00000262077:16	['AAAA', 'AAAA', 'AAAAAA', 'AAA', 'AAAAAA', 'AA', 'AAA', 'AAA', 'AAAA', 'AA', 'AAA', 'AAAAA', 'AAAAA', 'AAA', 'AAA', 'AAA', 'AAAAAAA', 'AAAA', 'AAAAAAA', 'AAAA', 'AAA', 'AAAA', 'AAAA', 'AAAA', 'AA', 'AAAA', 'AAA', 'AA', 'AAAA', 'A', 'AAAAAAA', 'AA', 'AA', 'AAAAA', 'AAAAAA', 'AAA', 'AAAA', 'AAA', 'AAA', 'AAA', 'AAA', 'AAA', 'AAA', 'AA', 'AA', 'AAA', 'AAAA', 'AAAA', 'AA', 'AAA', 'AA', 'AA', 'AAAAAA', 'AAA', 'AA', 'AA', 'AAAA', 'AAAA', 'AAA', 'AAAA', 'AA', 'AAAAA', 'AAAA', 'AAA', 'AAAAA', 'AA', 'AAAA', 'AAAAAA', 'AA', 'AAAA', 'AA', 'AAAA', 'A', 'AAAA', 'AA', 'A', 'AAA', 'AAAAA', 'AAAA', 'AAAA', 'AA', 'A', 'AAA', 'AAAA']	84
ENST00000262077:7	['AA', 'A', 'AAA', 'A', 'AA', 'A', 'AAA', 'AA', 'AA', 'AA', 'AA', 'AAA', 'A', 'AA', 'AA', 'AA', 'AA', 'AA', 'AA', 'AA', 'AAA', 'AA', 'A', 'AAA', 'AAA', 'AAA', 'AA', 'AAA', 'A', 'AAA', 'AA', 'AAA', 'AAAAA', 'AAA', 'A', 'A', 'AAA', 'AA', 'AA', 'A', 'AAAAAA', 'A', 'AA', 'AAA', 'AAAAA', 'AA', 'AA', 'AA', 'AAA', 'A', 'AAA', 'AAAA', 'AAA', 'A', 'AAA', 'AAA', 'AA', 'AA', 'AA', 'AA', 'AAAA', 'AAA', 'AAAAA', 'A', 'A', 'AAA', 'AA', 'AA', 'AAA', 'AA', 'AA', 'AA', 'AAA', 'AAA', 'AAAA', 'AAA', 'AAAAA', 'AAAA', 'AAA', 'AA', 'AA', 'AA', 'AAAA', 'A', 'AAAAA', 'A', 'A', 'AAAAA', 'A', 'AAA', 'AA', 'AAAAA', 'AA', 'AA', 'A', 'AAA', 'AA', 'AAAA', 'A', 'AA', 'A', 'AAA', 'A', 'A', 'AAA', 'AAA', 'AA', 'A', 'AA', 'AAAA', 'AA', 'AA', 'AAAA', 'A', 'AA', 'AAA', 'AAA', 'AAA', 'A', 'AA', 'AA', 'A', 'A', 'AAAA', 'A', 'AAA', 'AA', 'AAA', 'AA', 'AAAA', 'A', 'A', 'A', 'AA', 'AAA', 'AAA', 'AA', 'AAAA', 'A', 'A', 'AA', 'AA', 'A', 'A', 'AAAA', 'AAA', 'A', 'AA', 'AAA', 'A', 'AAA', 'AAA', 'A', 'AAA', 'AA', 'AAA', 'AAAA', 'AA', 'AAA', 'AA', 'AAAA', 'AA', 'A', 'AA', 'A', 'A', 'AAAA', 'A', 'AAA', 'AAAA', 'AA', 'AA', 'AAAA', 'AA', 'AAAA', 'A']	176
ENST00000262101:5	['A', 'A', 'A', 'A']	4
ENST00000262103:5	['A', 'A', 'A', 'A', 'A', 'A', 'A', 'A', 'A', 'A', 'A', 'A', 'A', 'A', 'A', 'A', 'A', 'A', 'A', 'A', 'A', 'A', 'A', 'A', 'A', 'A', 'A', 'A', 'A', 'A']	30
ENST00000262124:3	['AGACATTTATTAGTAT']	1
ENST00000262133:9	['T', 'T', 'T', 'T', 'T', 'T', 'T', 'T']	8
ENST00000262134:12	['TCAGCCCCAT']	1
ENST00000262144:1	['GA', 'GA']	2
ENST00000262150:9	['A', 'A', 'A', 'A', 'A', 'A', 'A', 'A', 'A', 'A', 'A', 'A', 'A', 'A', 'A', 'A', 'A', 'A', 'A', 'A', 'A', 'A', 'A', 'A', 'A', 'A', 'A', 'A', 'A', 'A', 'A', 'A', 'A', 'A', 'A', 'A', 'A', 'A', 'A', 'A', 'A', 'A', 'A', 'A', 'A', 'A', 'A', 'A', 'A', 'A', 'A', 'A', 'A', 'A', 'A', 'A', 'A', 'A', 'A', 'A', 'A', 'A', 'A', 'A', 'A', 'A', 'A', 'A', 'A', 'A', 'A', 'A', 'A', 'A', 'A', 'A', 'A', 'A', 'A', 'A', 'A', 'A', 'A', 'A', 'A', 'A', 'A', 'A', 'A', 'A', 'A', 'A', 'A', 'A', 'A', 'A', 'A', 'AA', 'A', 'A', 'A', 'A', 'A', 'A', 'A', 'A', 'A', 'A', 'A', 'A', 'AA', 'A', 'A', 'A', 'A', 'A', 'A', 'A', 'A', 'A', 'A', 'A', 'A', 'A', 'A', 'A', 'A', 'A', 'A', 'A', 'A', 'A', 'AA', 'A', 'A', 'A', 'A', 'A', 'A', 'A', 'A', 'A', 'A', 'A', 'A', 'A', 'A', 'A', 'A', 'A', 'A', 'A', 'A', 'A', 'A', 'A', 'A', 'A', 'A', 'A', 'A', 'A', 'A', 'A', 'AA', 'A', 'A', 'A', 'A', 'A', 'A', 'A', 'A', 'A', 'A', 'A', 'A', 'A', 'A']	179
ENST00000262186:1	['G', 'G']	2
ENST00000262188:3	['AGG', 'AGG']	2
ENST00000262189:1	['AA', 'AA', 'AA', 'AA', 'AAA', 'A', 'AAA', 'A', 'A', 'A', 'A', 'AAA', 'AAA', 'AA', 'A', 'AA', 'AA', 'AAA', 'AA', 'A', 'AA', 'AAA', 'AA', 'A', 'AAA', 'A', 'AA', 'AA', 'A', 'AA', 'AAA', 'AA', 'A', 'AAA', 'A', 'A', 'A', 'A', 'A', 'AA', 'A', 'A', 'AA', 'A', 'AAA', 'AAA', 'A', 'A', 'A', 'AAA', 'AAA', 'AA', 'A', 'A', 'AA', 'A', 'A', 'A', 'A', 'AA', 'A', 'AA', 'AA', 'A', 'A', 'A', 'A', 'AA', 'AAA', 'A', 'AAA', 'A', 'AA', 'A', 'A']	75
ENST00000262189:23	['A', 'A']	2
ENST00000262189:3	['C']	1
ENST00000262189:37	['TAAAAAAAAAAA', 'TAAAAAAAAAAAAA', 'AAAAAAAA', 'AAAAAAAAA', 'TAAAAAAAAAAA', 'AAAAAAAAA', 'AAAAAAAAAAAA', 'AAAAAAAAAA', 'AAAAAAAAAAAA', 'TAAAAAAAAAAAA', 'AAAAAAAAAAAA', 'TAAAAAAAAAA', 'AAAAAAAAA', 'AAAAAAAAA', 'TAAAAAAAAAAA', 'TAAAAAAAAA', 'TAAAAAAAAAAA', 'AAAAAAAAAAAAA', 'TAAAAAAAAA', 'AAAAAAAAAA', 'AAAAAAAA', 'AAAAAAAAAA', 'AAAAAAAAAAAA', 'AAAAAAAAAAAA', 'TAAAAAAAA', 'AAAAAAAAA', 'AAAAAAAA', 'AAAAAAAAAA', 'TAAAAAAAAAA', 'AAAAAAAAAAAAAA', 'TAAAAAAAAAAA', 'TAAAAA', 'TAAAAAAAAAAAA', 'AAAAAAAAAAA', 'TAAAAAAAAAA', 'AAAAAAAAAA', 'TAAAAAAAAAAA', 'A', 'TAAAAAAAAA', 'AAA', 'TAAAAAAAA', 'TAAAAAAAAAAA', 'TAAAAAAAAAAAA', 'TAAAAAAAA', 'TAAAAAAAAA', 'TAAAAAAAAA', 'TAAAAAAA']	47
ENST00000262189:55	['AA', 'A', 'A', 'A', 'A', 'A', 'A', 'A', 'A', 'A', 'A', 'A', 'A', 'A', 'A', 'A', 'A', 'A', 'A', 'A', 'A', 'A', 'A', 'A', 'A', 'A', 'A', 'A', 'A', 'A', 'A', 'A', 'A', 'A', 'A', 'A', 'A', 'A', 'A', 'A', 'A', 'A', 'A', 'A', 'A', 'A', 'A', 'A', 'A', 'A', 'A', 'A', 'A', 'A', 'A', 'A', 'A', 'A', 'A', 'A', 'A', 'A', 'A', 'A', 'A', 'A', 'A', 'A', 'A', 'A', 'A', 'A', 'A', 'A', 'A', 'A', 'A', 'A', 'A', 'A', 'A', 'A', 'A', 'A', 'A', 'A', 'A', 'A', 'AA', 'A', 'A', 'A', 'A', 'A', 'A', 'A', 'A', 'A', 'A', 'A', 'A']	101
ENST00000262209:10	['A', 'A']	2
ENST00000262209:11	['A', 'A']	2
ENST00000262209:19	['A', 'A']	2
ENST00000262209:3	['A', 'A', 'A', 'A', 'A', 'A', 'A', 'A', 'A', 'A', 'A', 'A', 'A', 'A', 'A', 'A', 'A', 'A', 'A', 'A', 'A', 'A', 'A', 'A', 'A', 'A', 'A', 'A', 'A', 'A', 'A', 'A', 'A', 'A', 'A', 'A', 'A', 'A', 'A', 'A', 'A', 'A', 'A']	43
ENST00000262209:9	['A', 'A', 'A', 'A', 'A', 'A', 'A', 'A', 'AA', 'A', 'A', 'A', 'A', 'A', 'A', 'A', 'A', 'A', 'A', 'A', 'A', 'A', 'A', 'A', 'A', 'A', 'A', 'AA', 'A', 'A', 'A', 'A', 'A', 'AA', 'A', 'A', 'A', 'A', 'A', 'A', 'A', 'A', 'A', 'A', 'A', 'A', 'A', 'A', 'A', 'A', 'A', 'A', 'A', 'A', 'A', 'A', 'A', 'A', 'A', 'A', 'A', 'A', 'A', 'A', 'A', 'A', 'A', 'A', 'AA', 'A', 'A', 'A', 'A', 'A', 'A', 'A', 'A', 'A', 'A', 'A', 'A', 'A', 'A', 'A', 'A', 'A', 'A', 'A', 'A', 'A', 'A', 'A', 'A', 'A', 'A', 'A', 'A', 'A', 'A', 'A', 'A', 'A', 'A', 'A', 'AA', 'A', 'AA', 'A', 'A', 'A', 'A', 'A', 'A', 'A', 'A', 'A', 'A', 'A', 'A', 'AA', 'A', 'A', 'A', 'A', 'AA', 'A', 'A', 'A', 'A', 'A', 'A', 'A', 'A', 'AA', 'A', 'A', 'A', 'A', 'A', 'A', 'AA', 'A', 'A', 'A', 'A', 'A', 'A', 'A', 'A', 'AA', 'A', 'AA', 'A', 'A', 'A', 'A', 'A', 'A', 'A', 'A', 'A', 'A', 'A', 'A', 'A', 'A', 'A', 'A', 'A', 'A', 'A', 'A', 'A', 'A', 'A', 'A', 'A', 'A', 'A', 'A', 'A', 'A', 'A', 'A', 'A', 'A', 'A', 'A', 'A', 'A', 'A', 'A', 'A', 'A', 'A', 'A', 'AA', 'A', 'A', 'A', 'A', 'A', 'A', 'A', 'A', 'A', 'A', 'A', 'A', 'A', 'A', 'A', 'A', 'A', 'A', 'A', 'A', 'A', 'A', 'A', 'A', 'A', 'A', 'A', 'A', 'AAA', 'A', 'A', 'AA', 'AA', 'A', 'A', 'A', 'AA', 'A', 'AA', 'A', 'A', 'A', 'A', 'AA', 'A', 'AA', 'A']	244
ENST00000262215:20	['A', 'A', 'A', 'A']	4
ENST00000262215:30	['A', 'A', 'A']	3
ENST00000262215:4	['A', 'A', 'A', 'A', 'A', 'A', 'A', 'A', 'A', 'A', 'A', 'A', 'A', 'A', 'A', 'A', 'A', 'A', 'A', 'A', 'A', 'A', 'A', 'A', 'A', 'A', 'A', 'A', 'A', 'A', 'A', 'A', 'A', 'A', 'A', 'A', 'A', 'A', 'A', 'A', 'A', 'A', 'A', 'A', 'A', 'A', 'A', 'A', 'A', 'A', 'A', 'A', 'A', 'A', 'A', 'A', 'A', 'A', 'A', 'A', 'A', 'A', 'A', 'AA', 'A', 'A', 'A', 'A', 'A', 'A', 'A', 'A', 'A', 'A', 'A', 'A', 'A', 'A', 'A', 'A', 'A', 'A', 'A', 'A', 'A', 'A', 'A', 'A', 'A', 'A', 'A', 'A', 'A', 'A', 'A', 'A', 'A', 'A', 'A', 'A', 'A', 'A', 'A', 'A', 'A', 'A', 'A', 'A', 'A', 'A', 'A', 'A', 'A', 'A', 'A', 'AA', 'A', 'A']	118
ENST00000262241:7	['T', 'T', 'T', 'T', 'T', 'T', 'T', 'T', 'T', 'T', 'T', 'T', 'T', 'T', 'T', 'T', 'T', 'T', 'T', 'T', 'T', 'T', 'T', 'T', 'T', 'T', 'T', 'T', 'T', 'T', 'T', 'T', 'T', 'T', 'T', 'T', 'T', 'T', 'T', 'T', 'T', 'T']	42
ENST00000262244:2	['TAGAGAAGAAAAAAAG']	1
ENST00000262259:4	['GTAAGTTG']	1
ENST00000262290:3	['AGACACAC', 'AGAC']	2
ENST00000262294:20	['A', 'A', 'A', 'A']	4
ENST00000262294:9	['A', 'AA', 'AA', 'AA', 'AA', 'AA', 'AA', 'AA', 'AAA', 'AA', 'AA', 'AA', 'AA', 'AA', 'AA', 'AA', 'AA', 'AA', 'AA', 'AA', 'AA', 'AA', 'AA', 'AA', 'AA', 'AA', 'AA', 'AA', 'AA', 'AA', 'AA', 'AA', 'AA', 'AA', 'AA', 'AA', 'AA', 'AA', 'AA', 'AA', 'AA', 'AAA', 'AA', 'AA', 'AA', 'AA', 'AA', 'AAA', 'AA', 'AA', 'AA', 'AA', 'AA', 'AA', 'AA', 'AA', 'AA', 'AA', 'AA', 'A', 'AA', 'AA', 'AA', 'AAA', 'AA', 'AA', 'AA', 'AA', 'AA', 'AA', 'AA', 'AA', 'AAA', 'AA', 'AA', 'A', 'AA', 'AA', 'AA', 'AA', 'AA', 'AA', 'AA', 'AAA', 'AA', 'AA', 'AA', 'AA', 'AA', 'AA', 'AA', 'AA', 'AA', 'AA', 'AA', 'AA', 'AA', 'AA', 'AA', 'AA', 'AA', 'AAA', 'AA', 'AA', 'AA', 'AAAA', 'AAA', 'A', 'AA', 'AA', 'AAA', 'AA', 'AA', 'AA', 'AA', 'AA', 'AA', 'AA', 'AAA', 'AA', 'AA', 'AA', 'AA', 'AA', 'AAA', 'AAA', 'AA', 'AA', 'AA', 'AA', 'AAA', 'AAAA', 'AA', 'AA', 'AA', 'AA', 'AAA', 'AA', 'AA', 'AA', 'AA', 'AA', 'AA', 'AA', 'AA', 'AA', 'AA', 'AA', 'AAA', 'AA', 'AA', 'A', 'AA', 'AA', 'A', 'AA', 'AA', 'AA', 'AA', 'AA', 'AA', 'AAA', 'AA', 'AA', 'AA', 'AAA', 'AA', 'AA', 'AA', 'AA', 'AA', 'AA', 'AA', 'A', 'AA', 'AAA', 'AAA', 'AA', 'A', 'AA', 'A', 'A', 'AA', 'AA', 'AA', 'AA', 'AA', 'AA', 'AAA', 'AA', 'AAA', 'AA', 'AA', 'AA', 'A', 'AA', 'AA', 'A', 'AA', 'AA']	200
ENST00000262304:36	['G']	1
ENST00000262315:10	['C', 'C', 'C']	3
ENST00000262345:10	['TTGCAGAGAACATAAAATCCTACA']	1
ENST00000262367:17	['AAA', 'A', 'AA', 'AA', 'AAAA', 'AA', 'AA', 'AAAA', 'AA', 'AA', 'AA', 'AAA', 'AAAA', 'AAAAA', 'A', 'AA', 'AA', 'AA', 'AAA', 'AA', 'A', 'AAA', 'AA', 'AA', 'AAA', 'AA', 'A', 'A', 'A', 'AA', 'A', 'AA', 'A', 'A', 'AAAA', 'AAAA', 'AA', 'AAA', 'AA', 'AA', 'A', 'AA', 'AA', 'AA', 'AAA', 'A', 'A', 'AA', 'AAA', 'AA', 'A', 'AAAA', 'AA', 'AA', 'A', 'A', 'AAAA', 'A', 'AAA', 'A', 'AAAA', 'AAA', 'AAA', 'AAAA', 'AAAA', 'A', 'AA', 'AAAA', 'AA', 'AA', 'AAA', 'AA', 'AA', 'AA', 'AA', 'A', 'A', 'AA', 'AA', 'AAAA', 'AA', 'AA', 'AA', 'AAAA', 'AA', 'A', 'A', 'AAA', 'A', 'AA', 'AA', 'AA', 'AA', 'AAA', 'A', 'AAA', 'AAAA', 'AAA', 'A', 'AA', 'AA', 'A', 'AA', 'AA', 'A', 'AAAA', 'AA', 'A', 'AA', 'AAAA', 'A', 'AA', 'A', 'AA', 'A', 'A', 'AAAA', 'AAA', 'AAAA', 'A', 'AAA', 'A', 'A', 'AAA', 'A', 'A', 'A', 'A', 'AAA', 'AA', 'AAAAA', 'AA', 'A', 'AA', 'A', 'AAA', 'AAA', 'A', 'AA', 'A', 'AAA', 'A', 'AA', 'AA', 'AAA', 'A', 'A', 'A', 'A', 'AAAA', 'AAA', 'AA', 'A', 'A', 'AA', 'AAA', 'AA', 'A', 'A', 'AA', 'AAAA', 'AA', 'A', 'A', 'A', 'AAA', 'AAAA', 'AA', 'AA', 'AA', 'AAA', 'A', 'AA', 'AA', 'A', 'AAA', 'AA', 'A', 'A', 'AAAA', 'AAA', 'AAA', 'AAA', 'AAA', 'AAA', 'A', 'AA', 'AA', 'AA', 'A', 'AA', 'A', 'AA', 'A', 'A', 'AA', 'AAA', 'AAA', 'AAA', 'AAAA', 'AAA', 'AAAA']	202
ENST00000262367:18	['CTG']	1
ENST00000262375:1	['T', 'T']	2
ENST00000262410:9	['TCCC']	1
ENST00000262424:2	['CTC', 'CTC']	2
ENST00000262424:8	['CTGTGCTGGGCTGTCCTGCCACTGTAGCCTCTGAGT']	1
ENST00000262435:1	['AA', 'A', 'A', 'AA', 'AA', 'A', 'AA', 'AAA', 'AA', 'A', 'AA', 'AA', 'AA', 'A', 'AA', 'AA', 'A', 'AA', 'AAA', 'AA', 'AA', 'A', 'AAA', 'AA', 'AA', 'AA', 'A', 'AAA', 'A', 'A', 'A', 'AAA', 'A', 'A', 'A', 'AA', 'AA', 'AA', 'AA', 'AA', 'AA', 'AA', 'A', 'AA', 'AAA', 'AA', 'AA', 'AA', 'AA', 'AA', 'A', 'AA', 'AA', 'AA', 'AA', 'AAA', 'A', 'AA', 'AA', 'AA', 'AA', 'AA', 'A', 'AAA', 'AAA', 'AA', 'A', 'AAA', 'AA', 'AAA', 'A', 'AA', 'AAA', 'AA', 'AA', 'AA', 'AA', 'AA', 'AA', 'A', 'AAA', 'AAA', 'AAA', 'AAA', 'AA', 'AA', 'AA', 'AA', 'A', 'A', 'A', 'A', 'AA', 'A', 'AA', 'A', 'A', 'A', 'A', 'A', 'AA', 'AA', 'AAA', 'A', 'A', 'A', 'A', 'A', 'AA', 'A']	110
ENST00000262450:29	['GG', 'GG', 'GG', 'GG', 'GG', 'GG', 'GG', 'GG', 'GGG', 'GG', 'GG', 'GG', 'GG', 'GG', 'GG', 'GGG', 'GG', 'GG', 'GG', 'GG', 'GG', 'GG', 'GG', 'GG', 'GG', 'GG', 'GG', 'GG', 'GG', 'GG', 'GG', 'GG', 'GG', 'GG', 'GG']	35
ENST00000262450:40	['A', 'A', 'A', 'A', 'A', 'A', 'A', 'A', 'A', 'A', 'A']	11
ENST00000262461:4	['T', 'T']	2
ENST00000262482:8	['G', 'G']	2
ENST00000262487:5	['T', 'T']	2
ENST00000262510:18	['C', 'C']	2
ENST00000262510:4	['T']	1
ENST00000262518:31	['A', 'A']	2
ENST00000262545:11	['G']	1
ENST00000262551:5	['TGTA', 'TGTA']	2
ENST00000262551:6	['A', 'A', 'A', 'A', 'A', 'A', 'A', 'A', 'A', 'A', 'A', 'A', 'A', 'A']	14
ENST00000262554:11	['A']	1
ENST00000262570:4	['A', 'A', 'A', 'A', 'A', 'A', 'A', 'A']	8
ENST00000262580:1	['C', 'C']	2
ENST00000262623:21	['GA', 'GA']	2
ENST00000262644:2	['A', 'A', 'A', 'A']	4
ENST00000262646:5	['A', 'A']	2
ENST00000262650:11	['GA', 'GA', 'GA', 'GA']	4
ENST00000262713:1	['GAGAA', 'GAGAA', 'GAGAA', 'GAGAA', 'GAGAA', 'GAGAA']	6
ENST00000262715:10	['A']	1
ENST00000262715:3	['T', 'T']	2
ENST00000262715:49	['A', 'A']	2
ENST00000262715:54	['TT']	1
ENST00000262719:2	['GTTT', 'GTTT']	2
ENST00000262726:29	['A', 'A', 'A', 'A', 'A', 'A', 'A', 'A', 'A', 'A', 'A', 'A', 'A', 'A', 'A', 'A', 'A', 'A', 'A', 'A', 'A']	21
ENST00000262738:2	['G', 'G']	2
ENST00000262746:2	['G', 'G']	2
ENST00000262752:11	['A', 'A', 'A', 'A', 'A', 'A', 'A', 'A', 'A', 'A', 'A', 'A', 'A', 'A', 'A', 'A', 'A', 'A', 'A', 'A', 'A', 'A', 'A', 'A', 'A', 'A', 'A', 'A', 'A', 'A', 'A', 'A', 'A', 'A', 'A', 'A', 'A', 'A', 'A', 'A', 'A', 'A', 'A']	43
ENST00000262752:20	['A', 'A', 'A', 'A', 'A', 'A', 'A', 'A', 'A', 'A', 'A']	11
ENST00000262753:8	['A', 'A']	2
ENST00000262794:21	['CA', 'CA']	2
ENST00000262809:1	['AAAAAAA', 'AAAAAAAAA', 'AAAAAAA', 'AAAAAAAAA', 'AAAAAAAAAAAA', 'AAAAAAAAAA', 'AAAAA', 'AAAAAAAAA', 'AAAAAAAAA', 'AAAAAAAAA', 'AAAAAAAAA', 'AAAAAAAAA', 'ATAAAAAAAAA', 'AAAAAAAAAAA', 'AAAAAAAA', 'AAAAA', 'AAAAAAAAAAA', 'AAAAAAAAA', 'AAAAAAAA', 'AAAAAAAAAA', 'AAAAAAAA', 'AAAAAAAAAAA', 'AAAAAAAA', 'AAAAAAAAAA', 'AAAAAAAAAAAA', 'AAAAAAAAA', 'AAAAAAAA', 'AAAAAAAAAA', 'AAAAAAAAA', 'AAAAAAAAAA', 'AAAAAAAAAAAA', 'AAAAAAAAAA', 'AAAAAAAAAAAAAA', 'AAAAAAAA', 'AAAAAAAAA', 'AAAAAAAAAAA', 'AAAAAAAA', 'AAAAAAAAA', 'AAAAAAAAAAA', 'AAAAAAAAA', 'AAAAAAAAAA', 'AAAAA', 'AAAAAAAAA', 'AAAAAAAAA', 'AAAAAAAAA', 'AAAAAAAAA', 'AAAAAAAAAA', 'AAAAAAAAA', 'AAAAAA', 'AAAAAAAAAA', 'AAAAAAAA', 'AAAAAAAAA', 'AAAAAAAAA', 'AAAAAA', 'AAAAAAAAA', 'AAAAAAAAAA', 'AAAAAAAAA', 'AAAAAAAA', 'AAAAAAAAA', 'AAAAAAAAA', 'AAAAAAA', 'AAAAAAAAA', 'AAAAAAAAAAA', 'AAAAAAA', 'AAAAAAAA', 'AAAAAAAAA', 'AAAAAAAAAAA', 'AAAAAAAAA', 'AAAAAAA', 'AAAAAAAAAA', 'AAAAAAAAAAAAA', 'AAAAAAAAA', 'AAAAAAAA', 'AAAAAAAAAAAA', 'AAAAAAAAA', 'AAAAAAAAAAAA', 'AAAAAAA', 'AAAAAAA', 'AAAAAAAAAAAAAA', 'AAAAAAAAAAAA', 'AAAAAA', 'AAAAAAAAAA', 'AAAAAAAA', 'AAAAAAAAA', 'AAAAAAAA', 'AAAAAAAAAAAAAA', 'AAAAAAAAAAA']	87
ENST00000262815:11	['C']	1
ENST00000262820:1	['T', 'T', 'T', 'T', 'T', 'T', 'T']	7
ENST00000262820:5	['A', 'AA', 'AA', 'AA', 'AA', 'AA', 'AA', 'AA', 'AA', 'AA', 'AA', 'AA', 'AA', 'AA', 'A', 'AA', 'AA', 'AA', 'AA', 'AA', 'AA', 'AA', 'AA', 'AA', 'AA', 'AA', 'AA', 'AA', 'AA', 'AA', 'AAA', 'A', 'AA', 'AA', 'A', 'AA', 'AA', 'AA', 'A', 'AA', 'AA', 'AA', 'AA', 'A', 'AA', 'AA', 'AA', 'AA', 'AA', 'AA', 'AA', 'AA', 'AA', 'A', 'AA', 'AA', 'AA', 'AA', 'AA', 'AA', 'AA', 'AA', 'AA', 'AAA', 'A', 'AA', 'AA', 'AA', 'AA', 'AA', 'A', 'AA', 'AA', 'A', 'A', 'A', 'A', 'A', 'A', 'AA', 'A', 'A', 'A', 'A', 'A', 'A', 'A', 'AA', 'A', 'A', 'A', 'A', 'A', 'A', 'A', 'AA', 'A', 'AA', 'A', 'A', 'A', 'A', 'A', 'A', 'A', 'A', 'A', 'AA', 'A', 'AA', 'AA', 'AA', 'AA', 'AA', 'AA', 'AA', 'A', 'A', 'A', 'A', 'AA', 'A', 'A', 'A', 'A', 'A', 'A', 'A', 'A', 'A', 'A', 'A', 'A', 'A', 'A', 'A', 'A', 'AA', 'A', 'A', 'A', 'A', 'A', 'A', 'A', 'A', 'AA', 'A', 'A']	149
ENST00000262854:10	['A', 'A', 'A', 'A', 'A', 'A', 'A', 'A', 'A', 'A', 'A', 'A', 'A', 'A', 'A', 'A', 'A', 'A', 'A', 'A', 'A', 'A', 'A', 'A', 'A', 'A', 'A', 'A', 'A', 'A', 'A', 'A', 'A', 'A', 'A', 'A', 'A', 'A', 'A', 'A', 'A', 'A', 'A', 'A', 'A', 'A', 'A', 'A', 'A', 'A', 'A', 'A', 'A', 'A', 'A', 'A', 'A', 'A', 'A', 'A', 'A', 'A', 'A', 'A']	64
ENST00000262854:19	['A', 'A', 'A']	3
ENST00000262854:3	['T']	1
ENST00000262854:60	['T']	1
ENST00000262861:8	['GTTGGGC']	1
ENST00000262873:38	['GAGGCTGGGCAAGGGCTGTGGG']	1
ENST00000262873:6	['TCC']	1
ENST00000262888:1	['G', 'G', 'G']	3
ENST00000262891:12	['CT', 'T']	2
ENST00000262903:1	['A', 'AA', 'A', 'A', 'A', 'A', 'A', 'A', 'A', 'A', 'A', 'A', 'A', 'A', 'A', 'A']	16
ENST00000262903:13	['A', 'A']	2
ENST00000262919:12	['T', 'T', 'T', 'T', 'T', 'T', 'T', 'T', 'T', 'T', 'T', 'T', 'T', 'T', 'T', 'T', 'T', 'T', 'T', 'T', 'T', 'T', 'T', 'T', 'T', 'T', 'T', 'T', 'T', 'T', 'T', 'T', 'T', 'T', 'T', 'T', 'T', 'T', 'T', 'T', 'T', 'T', 'T', 'T', 'T', 'T', 'T', 'T', 'T', 'T', 'T', 'T', 'T', 'T', 'T', 'T', 'T', 'T', 'T', 'T', 'T', 'T', 'T', 'T', 'T', 'T', 'T', 'T', 'T', 'T', 'T', 'T', 'T', 'T', 'T', 'T']	76
ENST00000262953:1	['G', 'G', 'G', 'G', 'G', 'G', 'G', 'G', 'G', 'G', 'G', 'G', 'G', 'G', 'G', 'G', 'G', 'G', 'G', 'G', 'G', 'G', 'G', 'G', 'G', 'G', 'G', 'G', 'G', 'G', 'G', 'G', 'G', 'G', 'G', 'G', 'G', 'G', 'G', 'G', 'G', 'G', 'G', 'G', 'G', 'G', 'G', 'G', 'G', 'G', 'G']	51
ENST00000262982:1	['T', 'T']	2
ENST00000262992:17	['A', 'A', 'A', 'A', 'A', 'A', 'A', 'A', 'A', 'A', 'A', 'A', 'A', 'A', 'A', 'A', 'A', 'A', 'A', 'A', 'A', 'A', 'A', 'A', 'AA', 'A', 'A', 'A', 'A', 'A', 'A', 'A', 'A', 'A', 'A', 'A', 'A', 'AA', 'A', 'A']	40
ENST00000262992:9	['A', 'A', 'A', 'A', 'A', 'A', 'A', 'A', 'A', 'A', 'A', 'A', 'A', 'A', 'A', 'A', 'A', 'A', 'A', 'A', 'A', 'A', 'A', 'A', 'A', 'A', 'A', 'A', 'A', 'A', 'A', 'A', 'A', 'A', 'A', 'A', 'A', 'A', 'A', 'A', 'A', 'A', 'A', 'A', 'A', 'A', 'A', 'A', 'A', 'A', 'AA', 'A', 'A', 'A', 'A', 'A', 'A', 'A', 'A', 'A', 'A', 'A', 'A', 'A', 'A', 'A', 'A', 'A', 'A', 'A', 'A', 'A', 'A', 'A', 'A', 'A', 'A', 'A', 'A', 'A', 'AA', 'A', 'A', 'A', 'A', 'A']	86
ENST00000262999:3	['A', 'GA', 'AA', 'AA', 'AA', 'AA', 'AA', 'AA', 'AA', 'AA', 'AA', 'AA', 'AA', 'AA', 'AA', 'AA', 'AA', 'AA', 'AAA', 'AA', 'AAA', 'AA', 'AA', 'AA', 'AA', 'AA', 'AA', 'AA', 'AA', 'AAA', 'A', 'AA', 'AAA', 'AA', 'AA', 'AA', 'AA', 'A', 'AA', 'GAA', 'AAA', 'AA', 'A', 'A', 'AAA', 'A', 'A', 'AA', 'AA', 'AA', 'AAA', 'AA', 'AA', 'AA', 'AA', 'AA', 'AA', 'A', 'AA', 'AA', 'AA', 'AA', 'AA', 'A', 'AAA', 'AA', 'AA', 'AA', 'AA', 'AA', 'A', 'AA', 'A', 'AA', 'AA', 'AA', 'A', 'GA', 'A', 'A', 'AA', 'AA', 'AAA', 'AA', 'A', 'A', 'A', 'A', 'A', 'A', 'A', 'AA', 'AA', 'A', 'A', 'A', 'AA', 'A', 'AA', 'AA', 'A', 'A', 'A', 'A', 'AA', 'A', 'AA', 'A', 'AA', 'A', 'GA', 'AA', 'A', 'A', 'A', 'AA', 'AA', 'A', 'GAA', 'AA', 'AA', 'AA', 'AA', 'AA', 'A', 'A', 'AA', 'AA', 'AA', 'AA', 'A', 'A', 'A', 'A', 'A', 'AA', 'A', 'A', 'A', 'A', 'A', 'AA', 'A', 'A', 'AA', 'A', 'A', 'A', 'AA', 'A', 'A', 'GA', 'A', 'A', 'A', 'GA', 'AA', 'G']	158
ENST00000263035:8	['ACAG']	1
ENST00000263054:18	['A', 'A', 'A', 'A']	4
ENST00000263054:5	['A', 'A', 'A', 'A', 'A', 'A', 'A', 'A', 'A', 'A', 'A', 'A', 'A', 'A', 'A', 'A']	16
ENST00000263062:8	['AA', 'AA', 'A', 'AA', 'AA', 'AA', 'AA', 'A', 'AA', 'AA', 'AA', 'AA', 'AA', 'AA', 'AA', 'AA', 'AA', 'AA', 'AA', 'AA', 'AA', 'AA', 'AA', 'A', 'AA', 'AA', 'A', 'AA', 'AA', 'AA', 'AA', 'AA', 'AA', 'A', 'AA', 'A', 'A', 'AA', 'AA', 'AA', 'A', 'A', 'AA', 'AA', 'AA', 'AA', 'AA', 'A', 'AA', 'AA', 'AA', 'AA', 'AA', 'AA', 'A', 'A', 'A', 'AA', 'AA', 'AA', 'AAA', 'AA', 'AA', 'AA', 'AA', 'A', 'AA', 'A', 'AA', 'AA', 'AA', 'A', 'AA', 'AA', 'A', 'A', 'AA', 'AA', 'A', 'A', 'A', 'A', 'A', 'AA', 'A', 'AA', 'A', 'A', 'A', 'A', 'A', 'AA', 'AA', 'AAA', 'AA', 'A', 'A', 'A', 'AA', 'A', 'A', 'A', 'A', 'AAA', 'AA', 'A', 'A', 'A', 'AA', 'A', 'AA', 'A', 'AA', 'A', 'AA', 'AA', 'A', 'A', 'A', 'A', 'AA', 'AA', 'AA', 'A', 'A', 'AA', 'A', 'A', 'AA', 'AA', 'AA', 'A', 'AA', 'A', 'A', 'A', 'A', 'A', 'AA', 'A', 'AA', 'A', 'A', 'A', 'A', 'A', 'A', 'A', 'A', 'A', 'A', 'A', 'AA', 'AA', 'A', 'A', 'A', 'A', 'A', 'A', 'A', 'A', 'A', 'A', 'A', 'A', 'A', 'A', 'A', 'A', 'AAA', 'A', 'A', 'A', 'A', 'A', 'A', 'A', 'A', 'AA', 'A', 'A', 'A', 'AA', 'AA', 'A', 'A', 'A', 'A', 'A', 'A', 'AA', 'A', 'A', 'A', 'AA', 'A', 'A', 'A', 'A', 'AA', 'A', 'AA', 'A', 'AA', 'A', 'AA', 'AA']	208
ENST00000263073:4	['A', 'A']	2
ENST00000263088:10	['C', 'C', 'C', 'C']	4
ENST00000263088:15	['C']	1
ENST00000263088:20	['C', 'C', 'C', 'C']	4
ENST00000263092:6	['A', 'A', 'A', 'A', 'A', 'A', 'A', 'A', 'A', 'A', 'A', 'A', 'AA', 'A', 'A', 'A', 'A', 'A', 'A', 'A', 'A', 'A', 'A', 'A', 'A', 'A', 'A', 'A', 'A', 'A', 'A', 'AA', 'A', 'A', 'AA', 'A', 'A', 'A', 'A', 'A', 'A', 'A', 'A', 'A', 'A', 'A', 'A', 'A', 'A', 'A', 'A', 'A', 'A', 'A', 'A', 'A', 'A', 'A', 'A', 'A', 'AA', 'A', 'A', 'A', 'A', 'A', 'A', 'A']	68
ENST00000263102:1	['AA', 'AAA', 'AA', 'AAA', 'AA', 'AA', 'AAA', 'AAAA', 'AAA', 'AAA', 'AAA', 'AA', 'AAA', 'AA', 'AAA', 'AAA', 'AA', 'AAA', 'AAA', 'AAA', 'AAA', 'AAA', 'A', 'AA', 'AA', 'AAA', 'AA', 'AAA', 'AA', 'AA', 'AA', 'AAA', 'AAA', 'AAA', 'A', 'AAA', 'AAA', 'A', 'AAA', 'A', 'AA', 'AA', 'AA', 'A', 'AAA', 'AA', 'AAA', 'AAA', 'AAA', 'AA', 'A', 'AA', 'AAAA', 'AA', 'AA', 'AAA', 'AA', 'A', 'AAA', 'AAA', 'AAA', 'AAA', 'AA', 'AA', 'AAAA', 'AAA', 'AAA', 'AAA', 'AA', 'AAA', 'AAA', 'AA', 'A', 'A', 'A', 'AAA', 'A', 'AA', 'A', 'AA', 'AAA', 'AA', 'AA', 'AAA', 'AA', 'AA', 'AA', 'A', 'AA', 'AAA', 'AA', 'A', 'AA', 'AA', 'AA', 'AA', 'A', 'AA', 'AAA', 'AAA', 'AAA', 'AA', 'A', 'AAAA', 'A', 'AA', 'AAA', 'AAA', 'A', 'A', 'AA', 'A', 'AA', 'A', 'A', 'A', 'A', 'A', 'A']	119
ENST00000263181:13	['A', 'A', 'A', 'A', 'A', 'A']	6
ENST00000263201:8	['G']	1
ENST00000263228:4	['T', 'TT', 'TT', 'TT', 'TT', 'TT', 'TT', 'TT', 'TT', 'TT', 'TT', 'TT', 'TT', 'TT', 'TT', 'TT', 'TT', 'TT', 'TT', 'TT', 'TT', 'TT', 'TT', 'T', 'TT', 'TT', 'TT', 'T', 'TT', 'TT', 'TTT', 'TT', 'TT', 'T', 'T', 'TT', 'TT', 'TT', 'TT', 'TT', 'TT', 'TT', 'TT', 'TT', 'TT', 'TT', 'TT', 'T', 'TT', 'T', 'T', 'T', 'TT', 'T', 'TT', 'T', 'TTT', 'T', 'T', 'T', 'T', 'T', 'TT', 'T', 'TT', 'T', 'TT', 'TT', 'TT', 'TT', 'T', 'T', 'T', 'TT', 'T', 'TT', 'TT', 'T', 'TT', 'T', 'TT', 'T', 'T', 'T', 'TT', 'T', 'TTT', 'T', 'T', 'T', 'TT', 'T', 'T', 'T', 'T', 'T', 'TT', 'TT', 'T', 'T', 'T', 'T', 'T', 'TT', 'T', 'T', 'TT', 'T', 'T', 'T', 'T', 'T', 'T', 'TT', 'T', 'T', 'TTT', 'T', 'TT', 'T', 'T', 'T', 'T', 'T', 'T', 'T']	126
ENST00000263245:1	['A', 'A', 'A', 'A', 'A', 'A', 'A', 'A']	8
ENST00000263246:8	['GA', 'GA', 'GA', 'GA']	4
ENST00000263253:10	['G', 'G']	2
ENST00000263253:20	['AGTAACTGC']	1
ENST00000263257:2	['T']	1
ENST00000263265:18	['A', 'A', 'A', 'A', 'A', 'A', 'A', 'A', 'A', 'A', 'A', 'A', 'A', 'A', 'A', 'A', 'A', 'A', 'A', 'A', 'A', 'A', 'A', 'A', 'A', 'A', 'A', 'A', 'A', 'A', 'A', 'A', 'A', 'A', 'A', 'A']	36
ENST00000263269:10	['C', 'C', 'C']	3
ENST00000263270:1	['G', 'G']	2
ENST00000263278:4	['G', 'G']	2
ENST00000263317:11	['A', 'A', 'A', 'A', 'A', 'A', 'A', 'A', 'A', 'A', 'A', 'A', 'A', 'A', 'A', 'A', 'A', 'A', 'A', 'A', 'A', 'A', 'A', 'A', 'A', 'A', 'A', 'A', 'A', 'A', 'A', 'A', 'A', 'A', 'A', 'A', 'A', 'A', 'A', 'A', 'A', 'A', 'A', 'A', 'A', 'A', 'A', 'A', 'A', 'A', 'A', 'A', 'A', 'A', 'A', 'A', 'A', 'A', 'A', 'A', 'A', 'A', 'A', 'A', 'A', 'A', 'A', 'A', 'A', 'A', 'A', 'A', 'A', 'A', 'A', 'A', 'A', 'A', 'A', 'A', 'A', 'A', 'A', 'A', 'A', 'A', 'A', 'A', 'A', 'A', 'AA', 'A', 'A', 'A', 'A', 'A', 'A', 'A', 'A', 'A', 'A', 'A', 'A', 'A', 'A', 'A', 'A', 'A', 'A', 'A']	110
ENST00000263334:6	['C', 'C', 'C', 'C', 'C', 'C']	6
ENST00000263346:16	['A']	1
ENST00000263354:1	['A', 'A']	2
ENST00000263409:11	['A']	1
ENST00000263409:7	['A', 'A', 'A', 'A', 'A', 'A', 'A', 'A', 'A', 'A', 'A', 'A', 'A']	13
ENST00000263413:17	['GA', 'GA', 'GA', 'GA', 'GA', 'GA', 'GA', 'GA', 'GA', 'GA', 'GA', 'GA', 'GA', 'GA', 'GA', 'GA', 'GA', 'GA', 'GA', 'GA', 'GA', 'GA', 'GA', 'GA', 'GA', 'GA', 'GA', 'GA', 'GA', 'GA', 'GA', 'GA', 'GA', 'GA', 'GA', 'GA', 'GA', 'GA', 'GA', 'GA', 'GA', 'GA', 'GA', 'GA', 'GA', 'GA', 'GA', 'GA', 'GA', 'GA', 'GA', 'GA', 'GA', 'GA', 'GA', 'GA', 'GA', 'GA', 'GA', 'GA', 'GA', 'GA', 'GA', 'GA', 'GA', 'GA', 'GAGA', 'GA', 'GA', 'GA', 'GA', 'GA', 'GA', 'GA', 'GA', 'GA', 'GA', 'GA', 'GA', 'GA', 'GA', 'GA', 'GA', 'GA', 'GA', 'GA', 'GA', 'GA', 'GA', 'GA', 'GA', 'GA', 'GA', 'GA', 'GA', 'GA', 'GA', 'GA', 'GA', 'GA', 'GA', 'GA', 'GA', 'GA', 'GA', 'GA', 'GA', 'GA', 'GA', 'GA', 'GA', 'GA', 'GA', 'GA', 'GA', 'GA', 'GA', 'GA', 'GA', 'GA', 'GA', 'GA', 'GA', 'GA', 'GA', 'GA', 'GA', 'GA', 'GA', 'GA', 'GA', 'GA', 'GA', 'GA', 'GA', 'GA', 'GA', 'T', 'GA', 'GA', 'GA', 'GA', 'GA', 'GA', 'GA', 'GA', 'GA', 'GA', 'GA', 'GA', 'GA', 'GA', 'GA', 'GA', 'GA', 'GA', 'GA', 'GA', 'GA', 'GA']	160
ENST00000263468:5	['TC', 'TC']	2
ENST00000263525:22	['A', 'A']	2
ENST00000263549:7	['A', 'A', 'A', 'A', 'A', 'A', 'A', 'A', 'A', 'A', 'A', 'A', 'A', 'A', 'A']	15
ENST00000263578:5	['CA']	1
ENST00000263629:15	['A', 'A']	2
ENST00000263629:3	['A', 'A', 'A', 'A', 'A', 'A', 'A', 'A', 'A', 'A', 'A', 'A', 'AA', 'AA', 'AA', 'AA', 'A', 'AA', 'AA', 'A', 'AA', 'AA', 'A', 'AA', 'AA', 'A', 'A', 'A', 'A', 'AA', 'A', 'AA', 'A', 'AAA', 'A', 'A', 'A', 'A', 'A', 'A', 'AA', 'A', 'AA', 'A', 'A', 'A', 'A', 'AA', 'A', 'A', 'A', 'A', 'A', 'A', 'A', 'A', 'A', 'AA', 'AA', 'A', 'AA', 'AA', 'A', 'AA', 'A', 'A', 'A', 'A', 'A', 'A', 'A', 'A', 'A', 'A', 'A', 'A', 'A', 'A', 'A', 'A', 'A', 'A', 'A', 'A', 'A', 'A', 'A', 'A', 'A', 'A', 'A', 'A', 'A', 'A', 'A', 'A', 'A', 'A', 'A', 'A', 'A', 'A', 'A', 'A', 'A', 'A', 'A', 'A', 'A', 'A', 'A', 'A', 'A', 'A', 'A', 'A', 'A', 'A', 'A', 'A', 'A', 'A', 'A', 'A', 'A', 'A', 'A', 'A', 'A', 'A', 'A', 'A', 'A', 'A', 'A', 'A', 'AA', 'A', 'A', 'A', 'A', 'A', 'A', 'AA', 'A', 'A', 'A', 'A', 'A', 'G', 'A', 'A', 'A', 'A', 'A', 'A', 'A', 'A', 'A', 'A', 'A', 'A', 'A', 'A', 'A', 'AA', 'A', 'A', 'A', 'A', 'AA', 'A', 'A', 'A', 'A', 'A', 'A', 'A', 'A', 'A', 'A']	181
ENST00000263629:4	['A', 'A', 'A', 'A', 'A', 'A', 'A']	7
ENST00000263635:3	['CTCTA', 'CTCTA']	2
ENST00000263636:17	['AAG', 'AAG', 'AAG', 'AAG', 'AAG', 'AAG', 'AAG', 'AAG']	8
ENST00000263642:5	['A', 'A', 'A', 'A', 'A', 'A', 'A', 'A']	8
ENST00000263650:1	['GGAA']	1
ENST00000263650:6	['GA', 'GA', 'GA', 'GA', 'GA', 'GA', 'GA', 'GA', 'GA', 'GA', 'GA', 'GA', 'GA', 'GA', 'GA', 'GA', 'GA', 'GA', 'GA', 'GA', 'GA', 'GA', 'GA', 'GA', 'GA', 'GA', 'GA', 'GA', 'GA', 'GA', 'GA']	31
ENST00000263663:1	['C', 'C', 'C', 'C']	4
ENST00000263666:7	['A', 'A', 'A', 'A', 'A', 'A', 'A', 'A', 'A', 'A', 'A', 'A', 'A', 'A', 'A', 'A', 'A', 'A', 'A', 'A', 'A']	21
ENST00000263697:5	['A', 'A']	2
ENST00000263708:9	['G', 'G']	2
ENST00000263735:5	['T', 'T', 'T', 'T', 'T', 'T', 'T', 'T', 'T', 'T', 'T', 'T']	12
ENST00000263736:12	['A', 'A']	2
ENST00000263736:17	['A', 'AA', 'A', 'A', 'A', 'A', 'A', 'A', 'A', 'A', 'A', 'A', 'A', 'A', 'A', 'A', 'A', 'A', 'A', 'A', 'A', 'A', 'A', 'A', 'AA', 'A', 'A', 'A', 'A', 'A', 'A', 'A', 'A', 'A', 'A', 'A', 'A', 'A', 'A', 'A', 'A', 'AA', 'A', 'A', 'A', 'A', 'A', 'A', 'A', 'A', 'A', 'A', 'A', 'A', 'A', 'A', 'A', 'A', 'A', 'A', 'A', 'A', 'A', 'A', 'A', 'A', 'A', 'A', 'A', 'A', 'A', 'A', 'A', 'A', 'A', 'A', 'A', 'A', 'A', 'A', 'A', 'A', 'A', 'A', 'A', 'A', 'A', 'A', 'A', 'AA', 'A', 'A', 'A', 'A', 'A', 'A', 'A', 'A', 'A', 'A', 'A', 'A', 'A', 'A', 'A', 'A', 'A', 'A', 'A', 'A', 'A', 'A', 'A', 'A', 'A', 'A', 'A', 'A', 'A', 'A', 'A', 'A', 'A', 'A', 'A', 'A', 'A', 'A', 'A', 'A', 'A', 'A', 'A', 'A', 'A', 'A', 'A', 'A', 'A', 'A', 'A', 'A', 'A', 'A', 'A', 'A', 'A', 'A', 'A', 'A', 'A', 'A', 'A', 'A', 'A', 'A']	156
ENST00000263754:1	['T', 'T']	2
ENST00000263773:1	['A', 'A', 'A', 'A', 'A', 'A', 'A', 'A', 'A']	9
ENST00000263773:5	['A']	1
ENST00000263773:8	['A', 'A', 'A', 'A', 'A', 'A', 'A', 'A', 'A', 'A', 'A', 'A', 'A', 'A', 'A', 'A', 'A', 'A', 'A', 'A', 'A', 'A', 'A', 'A', 'A', 'A', 'A', 'A', 'A', 'A', 'A', 'A', 'A', 'A', 'A', 'A', 'A', 'A', 'A', 'A', 'A', 'A', 'A', 'A', 'A', 'A', 'A', 'AA', 'A', 'A', 'A', 'A', 'A', 'A', 'A', 'A', 'A', 'A', 'A', 'A', 'A', 'A', 'AA', 'A', 'A', 'A', 'A', 'A', 'A', 'A', 'A', 'A', 'A', 'A', 'A', 'A', 'A', 'A', 'A', 'A', 'A', 'A', 'A', 'A', 'A', 'A', 'A', 'A', 'A', 'A', 'A', 'A', 'A', 'AA', 'A', 'A', 'A', 'A', 'A']	99
ENST00000263791:5	['T']	1
ENST00000263798:12	['TGT', 'TGT', 'TGT', 'TGT', 'TGT', 'TGT', 'TGT']	7
ENST00000263798:16	['GTACGAATTCTGGAGGACTCGAGGGTGGGAGACAGCAGCAGGTGCCAAGAGGAGCTAGCTGATGGTCGGCTCCTGCCTGGGACAGTATCTGCTATGCATGGGGGTAGCTTGGGAGCAAAGATGCAAAGATGTCCTGGCTCTTGTGGGCCTGTGAGCATGGCAGAAGGCTGACTCTCTCCCTCAATGCCCCTTGTAG']	1
ENST00000263798:6	['A', 'A', 'A']	3
ENST00000263798:7	['TAGCAATCTTCTCTCTTTGGCTGC']	1
ENST00000263801:12	['AAA', 'AA', 'AAAA', 'AAA', 'AA', 'AAA', 'AAA', 'AAA', 'AAA', 'AA', 'AA', 'AA', 'AAA', 'AAA', 'AAA', 'AAAAA', 'AA', 'AAA', 'AAA', 'AAA', 'AA', 'AAAA', 'AA', 'AAA', 'AAAA', 'AAA', 'A', 'AAAAAA', 'A', 'AAA', 'AA', 'AAA', 'AA', 'AAA', 'AAA', 'AAAA', 'AAA', 'AA', 'AAAA', 'AA', 'AAA', 'AA', 'AA', 'A', 'AA', 'AAA', 'AAA', 'AA', 'AAAA', 'AA', 'AAA', 'AA', 'AA', 'AA', 'AAAA', 'AA', 'AAA', 'AAA', 'AAA', 'AAAA', 'AAA', 'AA', 'AA', 'AA', 'AAA', 'AA', 'A', 'AA', 'AAAA', 'AA', 'AAAA', 'AA', 'A', 'AA', 'AA', 'A', 'AA', 'AA', 'A', 'A', 'A', 'A']	82
ENST00000263801:13	['TCAC']	1
ENST00000263801:23	['ACTT', 'ACTT', 'ACTT', 'ACTT']	4
ENST00000263801:24	['AA', 'A', 'AA', 'AAA', 'AA', 'AA', 'A', 'AA', 'AA', 'AA', 'AA', 'AAA', 'AAA', 'AA', 'AA', 'AA', 'AA', 'AA', 'AA', 'AA', 'AA', 'AA', 'AA', 'AA', 'AA', 'A', 'AA', 'AA', 'AA', 'AA', 'AA', 'A', 'A', 'AA', 'AA', 'AA', 'AA', 'A', 'AA', 'A', 'A', 'AA', 'A', 'A', 'A', 'A', 'AAA', 'AA', 'AA', 'AA', 'AA', 'AA', 'A', 'A', 'A', 'A', 'A', 'A', 'AA', 'AA', 'AA', 'A', 'A', 'A', 'A', 'A', 'A', 'A', 'A', 'AA', 'A', 'A', 'A', 'A']	74
ENST00000263805:17	['GA', 'GA']	2
ENST00000263816:4	['AAAAAA', 'AAAAAAAA', 'AAA', 'AAAAAAAAAAA', 'AAAAAAA', 'AAAAA', 'AAAAAAAAAAA', 'AAA', 'AAAAAA', 'AAAAAAAAAA', 'AAAAAAAA', 'AAAAAAA', 'AAAAAAA', 'AAAAAAAAA', 'AAAA', 'AAA', 'AAAAAAAA', 'AAAA', 'AAAAAAAA', 'AAAAAAA', 'AAAAAAAAAAA', 'AAAAAAA', 'AAAAAAA', 'AAAAAA', 'AAAAAAA', 'AAAAAAA', 'AAAAAAAAA', 'AAAAAAAA', 'AAAAAAAA', 'AAAAAA', 'AAAAAA', 'AAAAAAAA', 'AAAAAAA', 'AAAAAAA', 'AAAAAAA', 'AAAAAA', 'AAAAAAAAAAAA', 'AAAAAAA', 'AAAAAAAA', 'AAAAAA', 'AAAAAAAA', 'AAAAAAAAA', 'AAAAAAA', 'AAAAAAAA', 'AAAAAAAAAAA', 'AAAAAAAAAAA', 'AAAAAAAAA', 'AAAAAAA', 'AAAAAAAAAA', 'AAAAAAAAA', 'AAAAAAA', 'AAAAAAA', 'AAAAAA', 'AAAAAAAAAAAA', 'AAAAAAAA', 'AAAAAAAA', 'AAAAAAA', 'AAA', 'AAAAA', 'AAAAAAAAA', 'AAAAAAA', 'AAAAAAAAA', 'AAAAAAAA', 'AAAAAAA', 'AAAAAA', 'AAAAAAA', 'AAAAAA', 'AAAAAAA', 'AAAAAA', 'AAAAAAAAAA', 'AAAAAA', 'AAAAAAAA', 'AAAAAAA', 'AAAAAAAAAA', 'AAAAAAAAA', 'AAAAAAA', 'AAAAAAA', 'AAAAAAAAA', 'AAAAAAAAA', 'AAAAAAAA', 'AAAAAAAA', 'AAAAAAAAA', 'AAAAAAAAA', 'AAAAAAAAA', 'AAAAAAAAAAA', 'AAAAAAAAA', 'AAAAAA', 'AAAAAAAAAA', 'AAAAAAAAAA', 'AAAAAAAAAA', 'AAAAAAAA', 'AAAAAAAAAAA', 'AAAAAAAA', 'AAAAAAAA', 'AAAAAA', 'AAAAAAAAA', 'AAAAAAAAAAAA', 'AAAAAAAAA', 'AAAAAAAAA', 'AAAAAAAAA', 'AA', 'AAAAAAAAAA', 'AAAAAAAAAA', 'AAAAAAAA', 'AAAAA', 'AAA', 'AA', 'AAAAAAA', 'AAAAAA', 'AAAAAAA', 'AAAAAAA', 'AAAAAAAAAA', 'AAAAAAAAA', 'AAAAAAAAA']	114
ENST00000263817:2	['A', 'A', 'A', 'A', 'A', 'A', 'A', 'A', 'A', 'A', 'A', 'A', 'A', 'A', 'A', 'A', 'A', 'A', 'A', 'A', 'A', 'A', 'A', 'A', 'A', 'A', 'A', 'A', 'A', 'A', 'A']	31
ENST00000263817:26	['AAAAA']	1
ENST00000263817:5	['AACCT', 'AACCT']	2
ENST00000263817:8	['AAAAA']	1
ENST00000263849:1	['T', 'T']	2
ENST00000263881:24	['A', 'A', 'A', 'A', 'A', 'A', 'A', 'A', 'A', 'A', 'A', 'A', 'A', 'A']	14
ENST00000263881:30	['A', 'A', 'A', 'A']	4
ENST00000263881:4	['AAG']	1
ENST00000263881:7	['A', 'A', 'A', 'A', 'A', 'A', 'A', 'A', 'A', 'A', 'A', 'A', 'A', 'A', 'A', 'A', 'A', 'A', 'A', 'A', 'A', 'A', 'A', 'A', 'A', 'A', 'A', 'A', 'A', 'A', 'A', 'A', 'A', 'A', 'A', 'A', 'A']	37
ENST00000263904:2	['A', 'A', 'AA', 'AA', 'AA', 'AA', 'AA', 'AA', 'AA', 'AA', 'AA', 'AA', 'AA', 'AA', 'AA', 'AA', 'AA', 'AA', 'AA', 'AA', 'A', 'AA', 'AA', 'AA', 'AA', 'AA', 'A', 'AA', 'AA', 'AAA', 'AA', 'A', 'AA', 'AA', 'A', 'A', 'AA', 'AA', 'AA', 'AA', 'AA', 'AA', 'AA', 'AA', 'A', 'A', 'AA', 'A', 'AA', 'AA', 'AA', 'AA', 'AA', 'AA', 'AA', 'A', 'A', 'AA', 'AA', 'AA', 'AA', 'AA', 'A', 'AA', 'AA', 'AA', 'A', 'A', 'A', 'A', 'AA', 'A', 'A', 'AA', 'A', 'T', 'A', 'A', 'A', 'AA', 'A', 'AA', 'A', 'AA', 'A', 'AAA', 'A', 'A', 'AA', 'AA', 'AA', 'AA', 'AA', 'A', 'AA', 'AA', 'A', 'A', 'A', 'A', 'A', 'A', 'A', 'A', 'A', 'A', 'A', 'A', 'A', 'A', 'A', 'A', 'AAA', 'A', 'A', 'A', 'A', 'AA', 'AA', 'A', 'A', 'A', 'A', 'A', 'A', 'A', 'AA', 'A', 'A', 'A', 'T', 'A', 'A', 'AAA', 'A', 'A', 'A', 'A', 'A', 'AA', 'A', 'A', 'A', 'A']	144
ENST00000263915:6	['A', 'A', 'A', 'A', 'AA', 'A', 'A', 'A', 'A', 'A', 'A', 'A', 'A', 'A', 'A', 'A', 'A', 'A', 'A', 'A', 'A', 'A', 'A', 'A', 'A', 'A', 'A', 'A', 'A', 'A', 'A', 'A', 'A', 'A', 'A', 'A', 'A', 'A', 'A', 'A', 'A', 'A', 'A', 'AA', 'A', 'A', 'A', 'A', 'AA', 'A', 'A', 'A', 'A', 'A', 'A', 'A', 'A', 'A', 'A', 'A', 'AA', 'A', 'A', 'AA', 'A', 'A', 'A', 'A', 'A', 'A', 'A', 'A', 'A', 'A', 'A', 'A', 'A', 'A', 'A', 'A', 'A', 'A', 'A', 'AA', 'A', 'A', 'AA', 'A', 'A', 'A', 'A', 'A', 'A', 'A', 'A', 'A', 'A', 'A', 'A', 'A', 'A', 'A', 'A', 'A', 'A', 'A', 'A', 'A', 'A', 'AA', 'A', 'A', 'A', 'A', 'A', 'A', 'A', 'A', 'A', 'A', 'A', 'A', 'A', 'A', 'A', 'A', 'A', 'A', 'A', 'A', 'A', 'A', 'A', 'A', 'A', 'A', 'A', 'A', 'A', 'A', 'A', 'A', 'A', 'A', 'A', 'A', 'A', 'A', 'A', 'A', 'A', 'A', 'AA', 'A', 'A', 'A', 'A', 'A', 'A', 'A', 'A', 'A', 'A', 'A', 'AA', 'A', 'A', 'A', 'A', 'A', 'A', 'A', 'A', 'A']	174
ENST00000263918:8	['A', 'A', 'A', 'A', 'A', 'A', 'A', 'A', 'A', 'A', 'A', 'A', 'A', 'A', 'A', 'A', 'A', 'A']	18
ENST00000263923:6	['A', 'A', 'A']	3
ENST00000263923:7	['G', 'G']	2
ENST00000263923:8	['A', 'A']	2
ENST00000263925:10	['AA', 'A', 'AA', 'AA', 'AA', 'AA', 'AA', 'AA', 'AA', 'AA', 'AA', 'AA', 'AA', 'AA', 'AA', 'AAA', 'AA', 'AA', 'AA', 'AA', 'AA', 'A', 'AA', 'AA', 'AA', 'AA', 'A', 'A', 'AA', 'AA', 'A', 'A', 'A', 'AA', 'AA', 'AA', 'AA', 'A', 'A', 'AA', 'AA', 'AA', 'AA', 'AA', 'A', 'A', 'AA', 'AA', 'AA', 'A', 'A', 'AA', 'A', 'AA', 'AA', 'A', 'A', 'A', 'AA', 'A', 'AA', 'AA', 'AA', 'A', 'A', 'A', 'A', 'A', 'A', 'A', 'A', 'A', 'A', 'A', 'A', 'AA', 'A', 'AA', 'A', 'A', 'A', 'A', 'A', 'A', 'A', 'A', 'A', 'AA', 'A', 'A', 'A', 'A', 'A', 'A', 'AA', 'A', 'A', 'A', 'A', 'AA', 'A', 'AA', 'A', 'A', 'A', 'A', 'A', 'A', 'A', 'AA', 'A', 'AA', 'A', 'A', 'A', 'A', 'AA', 'A', 'A', 'A', 'A', 'AA', 'A', 'AA']	124
ENST00000263932:9	['C', 'C']	2
ENST00000263955:1	['A', 'A', 'A', 'GC', 'A', 'A', 'A', 'A', 'A', 'A', 'A']	11
ENST00000263956:6	['A', 'A', 'A', 'A', 'A', 'A', 'A', 'A', 'A', 'A', 'A', 'A', 'A', 'A', 'A', 'A', 'A', 'A', 'A', 'A', 'A', 'A', 'A', 'A', 'A', 'A', 'A', 'A', 'A', 'A', 'A', 'A', 'A', 'A', 'A', 'A', 'A', 'A', 'A', 'A', 'A', 'A', 'A', 'A', 'A', 'A', 'A', 'A', 'A', 'A', 'A', 'A', 'A', 'A', 'A', 'A', 'A', 'A', 'A', 'A', 'A', 'A', 'A', 'A', 'A', 'A', 'A', 'A', 'A', 'A', 'A', 'A', 'A', 'A', 'A', 'A', 'A', 'A', 'A', 'A', 'A', 'A', 'A', 'A', 'A']	85
ENST00000263985:9	['AAA', 'AA', 'AAA', 'AAA', 'AAA', 'AAA', 'AAA', 'AAA', 'AAA', 'AAA', 'AAAA', 'AA', 'AAA', 'AAA', 'AAA', 'AAAA', 'AA', 'AA', 'AAA', 'AAA', 'AAAA', 'AAA', 'AAA', 'AA', 'AAA', 'AAA', 'AA', 'AAA', 'AA', 'AAAA', 'AAA', 'AAA', 'AAAA', 'AAA', 'AA', 'AAA', 'AAA', 'AAAA', 'AAA', 'AAA', 'AAA', 'AAA', 'AA', 'AAA', 'AA', 'A', 'AA', 'A', 'AAA', 'AAA', 'AA', 'AAA', 'AA', 'AAA', 'AA', 'AAA', 'AA', 'AAA', 'AA', 'AA', 'AAA', 'AAA', 'A', 'AAA', 'AAA', 'AAA', 'AA', 'AAA', 'AAA', 'AA', 'A', 'AAA', 'AAA', 'AA', 'A', 'AAA']	76
ENST00000264021:2	['A', 'A', 'A', 'A', 'A', 'A']	6
ENST00000264052:23	['CAA']	1
ENST00000264071:1	['AG', 'AG', 'AG', 'AG']	4
ENST00000264108:5	['TGATGAGTTTCACCTGACTTTTCCTGGCTTTTTCCCTAGGCTGACATGACATGTAGAGGCTTTCGAGAATATCATGAAAGGCTTCAGACCTTTT', 'TGATGAGTTTCACCTGACTTTTCCTGGCTTTTTCCCTAGGCTGACATGACATGTAGAGGCTTTCGAGAATATCATGAAAGGCTTCAGACCTTTT']	2
ENST00000264126:10	['T']	1
ENST00000264159:2	['AAAAAA', 'AAAAAAA', 'AAAAAAA', 'AAAA', 'AAAAAA', 'AAAAAAA', 'AAAA', 'A', 'AAA', 'AAA', 'AAAAA', 'AA', 'AA', 'AAAAA', 'AA', 'AAAAAAA', 'AAAAA', 'AAAAAAA', 'AAA', 'AA', 'AAA', 'AAAAA', 'AAAA', 'AAAA', 'AAAAA', 'A', 'AAA', 'A', 'AA', 'AAAAAA', 'A', 'AAAAA', 'AAAAAAAA', 'AAAAAAA', 'AAA', 'AA', 'AAAAA', 'AAA', 'AA', 'AAAA', 'AAA', 'AAAAAA', 'AAAA', 'AAAAAAA', 'AAAAA', 'AAAAA', 'AAAA', 'AA', 'AAAAA', 'AAAA', 'AAAAA', 'AA', 'AAAAAAAA', 'AAAAAAA', 'AAAA', 'AAAA', 'AAAAA', 'AAAAA', 'AAAAA', 'AAA', 'AAAAA', 'AAAAAAA', 'AAAA', 'AA', 'AA', 'AAAA', 'AAAAAA', 'AAAA', 'AAAAA', 'AA', 'A', 'AAAAAA', 'AAA', 'AAAA', 'AA', 'AAAAA', 'AAAAAA', 'AA', 'AAAAAAAAA', 'AAAA', 'AAAAA', 'AAAA', 'AAAA', 'AAAAAA', 'AAA', 'AA', 'AAAA', 'A', 'A', 'AAAAAAA', 'AAAAAAAA', 'AAAAAAA', 'AAAAAAAA', 'AAAAAAAAA', 'AAAAAA', 'AAAAAAA', 'AAAAAAA', 'AAAAAAAAA', 'AAAAAA', 'AAAAAAA', 'AAAAA', 'AAAAAA', 'AAAAAAAAA', 'AAAAAAA', 'AAAAA', 'AAA', 'AAAAAA', 'A', 'A', 'A', 'A', 'A', 'AAA', 'A', 'AAA', 'AAAAA', 'A', 'AAA']	118
ENST00000264161:1	['A', 'A', 'A', 'A', 'A', 'A', 'A', 'A']	8
ENST00000264161:6	['AAA', 'AA', 'AAAA', 'AA', 'AAA', 'A', 'AA', 'AAAA', 'AA', 'AAA', 'A', 'A', 'AA', 'AA', 'AAA', 'AAAAA', 'AA', 'AAAA', 'AA', 'AAA', 'AA', 'AAAA', 'AAAAAA', 'A', 'AAAA', 'AA', 'AA', 'AA', 'A', 'AAAA', 'AA', 'AA', 'AAA', 'AA', 'AAA', 'AA', 'AAA', 'AA', 'AAAA', 'A', 'AAA', 'AAAAAA', 'AA', 'AAA', 'AA', 'AAAA', 'AA', 'A', 'AA', 'AA', 'AAA', 'AAA', 'AAA', 'AA', 'AAA', 'AAA', 'AA', 'A', 'AA', 'AAAAA', 'AAAAA', 'AAAA', 'A', 'AAAA', 'AAA', 'AAAA', 'A', 'AAAA', 'AA', 'A', 'AAA', 'AAAA', 'A', 'AAA', 'AAA', 'AAA', 'A', 'A', 'AA', 'AA', 'A', 'AAA', 'AA', 'AAA', 'AA', 'AA', 'A', 'AAAA', 'AA', 'AA', 'AAAA', 'AAAAA', 'AA', 'AA', 'AAA', 'A', 'AAA']	97
ENST00000264167:11	['A', 'A']	2
ENST00000264167:5	['T']	1
ENST00000264183:9	['TA', 'TA', 'T', 'TA', 'T', 'TA', 'T', 'TA']	8
ENST00000264198:1	['AA', 'A', 'AAA', 'AAA', 'A', 'AA', 'AA', 'A', 'A', 'AA', 'A', 'A', 'AAA', 'AA', 'A', 'AAA', 'A', 'AA', 'AAAA', 'AA', 'A', 'AA', 'A', 'AA', 'A', 'AA', 'A', 'AAA', 'AA', 'A', 'A', 'AA', 'A', 'AA', 'AAA', 'A', 'AA', 'AA', 'AA', 'AA', 'AAA', 'AAA', 'A', 'A', 'A', 'A', 'AA', 'AA', 'AA', 'AA', 'AA', 'AA', 'A', 'AA', 'A', 'AA', 'AA', 'AAA', 'AA', 'A', 'A', 'A', 'A', 'A', 'A', 'A', 'A', 'AA', 'A', 'A', 'AA', 'A', 'A', 'A', 'A', 'A', 'A', 'A', 'AA', 'A', 'AA', 'A', 'A', 'A', 'AA']	85
ENST00000264211:7	['A', 'A', 'A', 'A', 'A', 'A', 'A', 'A', 'A', 'A', 'A', 'A', 'A', 'A', 'A', 'A', 'A', 'A', 'A', 'A', 'A', 'A', 'A', 'A', 'A', 'A', 'A', 'A', 'A', 'A', 'A', 'A', 'A', 'A', 'A', 'A', 'A', 'A', 'A', 'A', 'A', 'A', 'A', 'A', 'A', 'A', 'A', 'A', 'A', 'A', 'A', 'A', 'A', 'A', 'A', 'A', 'A', 'A', 'A', 'A', 'A', 'A', 'A', 'A', 'A', 'A', 'A', 'A', 'A', 'A', 'A', 'A', 'A', 'A', 'A', 'A', 'A', 'A', 'A', 'A', 'A', 'A', 'A', 'A', 'A', 'A', 'A', 'A', 'A', 'A', 'A', 'A', 'A', 'A', 'A', 'A', 'A', 'A', 'A', 'A', 'A', 'A', 'A', 'A', 'A', 'A', 'A', 'A', 'A', 'A', 'A', 'A', 'A', 'A', 'A', 'A', 'A', 'A', 'A', 'A', 'A', 'A', 'A', 'A', 'A', 'A', 'A']	127
ENST00000264218:5	['A', 'A', 'A', 'A', 'A', 'A', 'A', 'A']	8
ENST00000264233:17	['AA', 'AA', 'AAA', 'AAA', 'AAAAA', 'AA', 'AAAA', 'AAAAA', 'AA', 'AA', 'AAA', 'AA', 'AA', 'AAA', 'AAAAA', 'AAA', 'AA', 'AAAAAA', 'AA', 'AAA', 'A', 'AA', 'AAA', 'AA', 'AAA', 'AAA', 'AAAAA', 'AAA', 'AA', 'AAAA', 'AAA', 'AA', 'AAA', 'AAA', 'AA', 'AA', 'A', 'AAA', 'AAA', 'A', 'AAA', 'A', 'AAA', 'AAAAA', 'AAAAA', 'AA', 'AAAA', 'A', 'AA', 'AAA', 'A', 'AAA', 'AAAA', 'AAAA', 'AAAA', 'AAAAA', 'AA', 'AAAA', 'AA', 'AAAA', 'AA', 'AA', 'AAAA', 'AA', 'AA', 'A', 'AA', 'AAA', 'AAAA', 'AAA', 'AAAAA', 'AA', 'AAAA', 'AA', 'AAAAAA', 'AA', 'AAA', 'AAAAA', 'AAA', 'AAAA', 'AA', 'AA', 'AAA', 'AA', 'AAA', 'AA', 'AAA', 'AAA', 'AAA', 'AAAA', 'AAAA', 'AA', 'AA', 'AAAA', 'AA', 'AA', 'AAA', 'AAAA', 'AAA', 'AAAA', 'AAAAA', 'AA', 'AAA', 'AA', 'AA', 'AAAAA', 'AA', 'AAAAA', 'AA', 'AAAA', 'AA', 'AAAA', 'AA', 'AAA', 'AAAAA', 'AAA', 'AA', 'AAAAA', 'AAA', 'AAAA', 'A', 'AAAA', 'AAA', 'AA', 'AAAAA', 'AAA', 'AAAA', 'AA', 'AAA', 'AAAAA', 'AAAA', 'AA', 'AAAAA', 'AAA', 'AAAAA', 'AAAAAA', 'AAA', 'AAAA', 'AA', 'AA', 'AAAA', 'AAA', 'AAA', 'AAAAA', 'A', 'AAAAAA', 'A', 'AA', 'AAA', 'AAA', 'AAA', 'C']	152
ENST00000264233:29	['A', 'A', 'A', 'A', 'A', 'A', 'A', 'AA', 'A', 'A', 'A', 'A', 'A', 'A', 'A', 'A', 'A', 'A', 'A', 'A', 'A', 'A', 'A', 'A', 'A', 'A', 'A', 'A', 'A', 'A', 'AA', 'AA', 'A', 'A', 'A', 'A', 'A', 'A', 'A', 'A', 'A', 'A', 'A', 'A', 'A', 'A', 'A', 'A', 'A', 'A', 'A', 'A', 'A', 'A', 'A', 'A', 'A', 'A', 'A', 'A', 'A', 'A', 'A', 'A', 'A', 'A', 'A', 'A', 'A', 'A', 'A', 'A', 'A', 'A', 'A', 'A', 'A', 'A', 'A', 'A', 'A', 'A', 'A', 'A', 'A', 'A', 'A', 'A', 'A', 'A', 'A', 'A', 'A', 'A', 'A', 'A', 'AA', 'A', 'A', 'A', 'A', 'A', 'A', 'A', 'A', 'A', 'A', 'A', 'A', 'A', 'AA']	111
ENST00000264233:5	['A', 'A']	2
ENST00000264233:8	['A', 'A', 'A', 'A', 'A', 'A', 'A', 'A', 'A', 'A', 'A', 'A', 'A', 'A', 'A', 'A', 'A', 'A', 'A', 'A', 'A', 'A', 'A', 'A', 'A', 'A', 'A', 'A', 'A', 'A', 'A', 'A', 'A', 'A', 'A', 'A', 'A', 'A', 'A', 'A', 'A', 'A', 'A', 'A', 'A', 'A', 'A', 'A', 'A', 'A']	50
ENST00000264255:4	['A', 'A', 'A', 'AAA', 'A', 'AA', 'AA', 'AA', 'AAA', 'AA', 'A', 'AAA', 'AAAA', 'AA', 'AAA', 'AAA', 'AA', 'AAA', 'AA', 'AA', 'A', 'A', 'AAA', 'AA', 'AA', 'AA', 'A', 'AA', 'AA', 'AA', 'AAAAA', 'A', 'AA', 'AA', 'AA', 'AA', 'AA', 'AA', 'A', 'AA', 'AA', 'AA', 'AA', 'A', 'AA', 'AA', 'AA', 'A', 'A', 'AAA', 'AA', 'A', 'A', 'AA', 'AAA', 'AA', 'AA', 'A', 'AA', 'AA', 'AA', 'A', 'A', 'AAAA', 'A', 'A', 'AA', 'A', 'AA', 'AA', 'A', 'A', 'AAAA', 'AAA', 'AA', 'AA', 'AA', 'AA', 'AA', 'A', 'A', 'AA', 'A', 'AA', 'A', 'AAA', 'AA', 'A', 'AAAA', 'AA', 'AA', 'AA', 'A', 'AAAAA', 'A', 'A', 'A', 'A', 'AA', 'AAAAAA', 'A', 'A', 'AA', 'AA', 'AAAA', 'A', 'A', 'AA', 'A', 'AA', 'AA', 'AAAA', 'A', 'A', 'A', 'AA', 'AAAA', 'AAA', 'AAA', 'AAA', 'AAAA', 'AAA', 'AA', 'AAA', 'AA', 'AA', 'AAAA', 'AA', 'AAAAA', 'AA', 'AAAA', 'A', 'AAA', 'AA', 'AAAA', 'AAAA', 'AA', 'A', 'A', 'A', 'AAAA', 'AA', 'AA', 'AA', 'AAAAA', 'AAA', 'AAAA', 'AA', 'AA', 'AAA', 'AAAA', 'AAA', 'AAAAAA', 'AA', 'AAAAA', 'AAA', 'A', 'AAA', 'A', 'AAAAA', 'AA', 'AA', 'AAAA', 'AAAA', 'AAA', 'AAA', 'AA', 'AAAA', 'AA', 'AAA', 'AAAA', 'AAA', 'AAAA', 'AAAA', 'AAAAA', 'AAAAA', 'AAA', 'AA', 'AA', 'A', 'AA', 'AAAA', 'A', 'AAAA', 'A', 'AAA', 'AAAA', 'A', 'AA']	189
ENST00000264260:8	['A', 'A', 'A', 'A', 'A', 'A']	6
ENST00000264266:7	['A', 'A', 'A', 'TTTTA', 'A', 'A', 'A', 'A', 'TA', 'TA']	10
ENST00000264316:6	['A', 'A', 'A', 'A', 'A', 'A', 'A', 'A', 'A', 'A', 'A', 'A', 'A', 'A', 'A', 'A', 'A', 'A']	18
ENST00000264331:35	['T', 'T', 'T']	3
ENST00000264331:4	['AAAAAAAAAAAAAAAAAA', 'AAAAAAAAAAAAAAAAAAAAAA', 'AAAAAAAAAAAAAAAAAAA', 'AAAAAAAAAAAAAAAAAAAAAA', 'AAAAAAAAAAAAAAAAAAAA', 'AAAAAAAAAAAAAAAAA', 'AAAAAAAAAAAAAAAAAAA', 'AAAAAAAAAAAAAAAAAAAAAAAAA', 'AAAAAAAAAAAAAAAAAAA', 'AAAAAAAAAAAAAAAAAAAAAA', 'AAAAAAAAAAAAAAAAAAAAAAAAA', 'AAAAAAAAAAAAAAAAAAAAAAAA', 'AAAAAAAAAAAAAAAAAAAAAA', 'AAAAAAAAAAAAAAAAAA', 'AAAAAAAAAAAAAAAAAAAA', 'AAAAAAAAAAAAAAAAAAAAAAAAA', 'AAAAAAAAAAAAAAAAAAAA', 'AAAAAAAAAAAAAAAAAAAAAAAA', 'AAAAAAAAAAAAAAAAAAAA', 'AAAAAAAAAAAAAAAAAAAAAAAA', 'AAAAAAAAAAAAAAAAAAAA', 'AAAAAAAAAAAAAAAAAAAAAA', 'AAAAAAAAAAAAAAAAAAAAA', 'AAAAAAAAAAAAAAAAAAAA', 'AAAAAAAAAAAAAAAAAAAAA', 'AAAAAAAAAAAAAAAAAAA', 'AAAAAAAAAAAAAAAAAAAAAAA', 'AAAAAAAAAAAAAAAAAAAAA', 'AAAAAAAAAAAAAAAAAAAAAAA', 'AAAAAAAAAAAAAAAAAAAA', 'AAAAAAAAAAAAAAAAAAAAAAA', 'AAAAAAAAAAAAAAAAAA', 'AAAAAAAAAAAAAAAAAAAAAAAA', 'AAAAAAAAAAAAAAAAAAAAA', 'AAAAAAAAAAAAAAAAAAA', 'AAAAAAAAAAAAAAAAAAAAA', 'AAAAAAAAAAAAAAAAAAA', 'AAAAAAAAAAAAAAAAAAAAAAAA', 'AAAAAAAAAAAAAAAAAAAAAAAAA']	39
ENST00000264331:8	['A', 'A', 'A', 'A', 'A', 'A', 'A', 'A', 'A', 'A', 'A', 'A', 'A', 'A', 'A', 'A', 'A', 'A', 'A', 'A', 'A', 'A', 'A', 'A', 'A', 'A', 'A', 'A', 'A', 'A', 'A', 'A', 'A', 'A', 'A', 'A', 'A', 'A', 'A', 'A', 'A', 'A', 'A', 'A', 'A', 'A', 'A', 'A', 'A', 'A', 'A', 'A', 'A', 'A', 'A', 'A', 'A', 'A', 'A', 'A', 'A', 'A', 'A', 'A', 'A', 'A', 'A', 'A', 'A', 'A']	70
ENST00000264335:2	['AAA', 'AA', 'A', 'A', 'A', 'A', 'AA', 'A', 'AA', 'AAA', 'AA', 'A', 'A', 'A', 'A', 'AAA', 'A', 'AA', 'A', 'AA', 'AA', 'A', 'A', 'AA', 'A', 'A', 'A', 'A', 'A', 'A', 'A', 'A', 'AAAA', 'A', 'A', 'A', 'A', 'A', 'A', 'A', 'A', 'A', 'A', 'A', 'AA', 'A', 'A', 'A', 'AA', 'A', 'AA', 'A', 'A', 'A', 'AAAA', 'A', 'A', 'AA', 'A', 'AA', 'A', 'AA', 'A', 'A', 'A', 'AA', 'A', 'A', 'A', 'A', 'A', 'A', 'AA', 'AA', 'AAAA', 'AAA', 'AAAA', 'A', 'A', 'AAA', 'AA', 'A', 'AA', 'AAA', 'A', 'AAA', 'AAAA', 'AAA', 'AAA', 'AAA', 'AAA', 'AAA', 'AAA', 'AA', 'AAAA', 'AA', 'AA', 'AA', 'AA', 'AAA', 'AA', 'A', 'A', 'AAA', 'A', 'AAA', 'AAA', 'AA', 'A', 'AA', 'AAA', 'A', 'AAA', 'A', 'AAA', 'AA', 'AAA', 'AAA', 'AA', 'AA', 'AAA', 'AAA', 'AAA', 'AAA', 'AA', 'AA', 'A', 'AA', 'AA', 'A', 'A', 'AA', 'A', 'AA', 'AAA', 'A', 'AA', 'AAA', 'AA', 'AA', 'AAA', 'AAAA', 'AAA', 'AAA', 'AAA', 'A', 'AA', 'AA', 'AA']	149
ENST00000264344:3	['A', 'A', 'A', 'A', 'AA', 'A', 'A', 'A', 'A', 'A', 'A', 'A', 'A', 'A', 'A', 'A', 'A', 'A', 'A', 'A', 'A', 'A', 'A', 'A', 'A', 'A', 'A', 'A', 'A', 'A', 'A', 'A', 'A', 'A', 'A', 'A', 'A', 'A', 'A', 'A', 'A', 'A', 'A', 'A', 'A', 'A', 'A', 'A', 'A', 'A', 'A', 'A', 'A', 'A', 'A', 'A', 'A', 'A', 'A', 'A', 'A', 'A', 'A', 'A', 'A', 'A', 'A', 'A', 'A', 'A', 'A', 'A', 'A', 'A', 'A', 'A', 'A', 'A', 'A', 'A', 'A', 'A', 'A', 'A', 'A', 'A', 'A', 'A', 'A', 'A', 'A', 'A', 'A', 'A', 'A', 'A', 'A', 'A', 'A', 'A']	100
ENST00000264344:6	['A', 'AA', 'A', 'A', 'A', 'A', 'A', 'A', 'A', 'A', 'A', 'A', 'A', 'A', 'A', 'A', 'A', 'A', 'A', 'A', 'A', 'A', 'A', 'A', 'A', 'A', 'A', 'A', 'A', 'A', 'A', 'A', 'A', 'A', 'A', 'A', 'A', 'A', 'A', 'A', 'A', 'A', 'A', 'A', 'A', 'A', 'A', 'A', 'A', 'A', 'A', 'A', 'A', 'A', 'A', 'A', 'A', 'A', 'A', 'A', 'AA', 'A', 'A', 'A', 'A', 'A', 'A', 'A', 'A', 'A', 'A', 'A', 'A', 'A', 'A', 'A', 'A', 'A', 'A', 'A', 'A', 'A', 'A', 'A']	84
ENST00000264344:9	['A', 'A']	2
ENST00000264346:17	['TTTTCT']	1
ENST00000264363:13	['A']	1
ENST00000264363:5	['A', 'TG', 'A', 'TG']	4
ENST00000264363:8	['A', 'A', 'A', 'A', 'A', 'A', 'A']	7
ENST00000264382:1	['A']	1
ENST00000264382:30	['A', 'A', 'A', 'A', 'A', 'A', 'A', 'A', 'A', 'A', 'A', 'A', 'A', 'A', 'A', 'A', 'A', 'A', 'A', 'A', 'A', 'A', 'A', 'A', 'A', 'A', 'A', 'A', 'A', 'A', 'A']	31
ENST00000264382:32	['G', 'G', 'G', 'G']	4
ENST00000264382:35	['A', 'A', 'A', 'A']	4
ENST00000264387:2	['T', 'A', 'A']	3
ENST00000264399:10	['AC']	1
ENST00000264409:2	['T']	1
ENST00000264434:3	['A', 'A', 'A', 'A', 'A', 'A', 'A', 'A', 'A', 'A', 'A', 'A', 'A', 'A', 'A', 'A', 'A', 'A', 'A', 'A', 'A', 'A', 'A', 'A', 'A', 'A', 'A', 'A', 'A', 'A', 'A', 'A', 'A', 'A']	34
ENST00000264434:5	['A', 'A', 'A', 'A', 'A', 'A', 'A', 'A', 'A', 'A', 'A', 'A', 'A', 'A', 'A', 'A', 'A', 'AA', 'A', 'A', 'A', 'A', 'A', 'A', 'A', 'A', 'A', 'A', 'A', 'A', 'A', 'A', 'A', 'A', 'A', 'A', 'A', 'A', 'A', 'A', 'A', 'A', 'A', 'A', 'A', 'A', 'A', 'A', 'A', 'A', 'A', 'AA', 'A', 'A', 'A', 'A', 'A', 'A', 'A', 'A', 'A', 'A', 'A', 'A', 'A', 'A', 'A', 'A', 'A', 'A', 'A', 'A', 'A', 'A', 'AA', 'A', 'A', 'A', 'A', 'A', 'A']	81
ENST00000264447:6	['A', 'A']	2
ENST00000264463:6	['A', 'A']	2
ENST00000264515:3	['A', 'A', 'A', 'A', 'A', 'A', 'A', 'A', 'A', 'A', 'A', 'A', 'A', 'A', 'A', 'A', 'A', 'A', 'A', 'A', 'A', 'A', 'A', 'A', 'A', 'A', 'A', 'A', 'A', 'A', 'A', 'A', 'A', 'A', 'A', 'A', 'A', 'A', 'A', 'A', 'A', 'A', 'A', 'A', 'A', 'A']	46
ENST00000264538:8	['GAGAGGA']	1
ENST00000264596:3	['A', 'A', 'A', 'A', 'A', 'A', 'A', 'A', 'A', 'A', 'A']	11
ENST00000264613:12	['A', 'A', 'AA', 'AA', 'AA', 'AA', 'AA', 'A', 'A', 'AA', 'A', 'AAA', 'AA', 'AA', 'AA', 'AA', 'AA', 'AA', 'AA', 'A', 'AA', 'AA', 'AA', 'A', 'AA', 'A', 'AA', 'AA', 'A', 'AA', 'A', 'A', 'AA', 'AA', 'A', 'A', 'A', 'AA', 'AAA', 'AA', 'AA', 'AA', 'AA', 'AA', 'AA', 'AA', 'AA', 'AA', 'AA', 'AA', 'AAA', 'A', 'AA', 'AA', 'A', 'AA', 'A', 'A', 'A', 'AA', 'A', 'A', 'A', 'A', 'A', 'A', 'AA', 'AA', 'A', 'A', 'A', 'A', 'A', 'A', 'A', 'A', 'A', 'A', 'A', 'A', 'AA']	81
ENST00000264634:2	['G', 'G', 'G', 'G', 'G', 'G', 'G', 'G', 'G', 'G', 'G', 'G', 'G', 'G']	14
ENST00000264651:1	['A', 'A', 'A', 'A', 'A']	5
ENST00000264651:6	['A', 'A']	2
ENST00000264657:18	['A', 'A']	2
ENST00000264658:10	['AA', 'AAAAAA', 'AAAA', 'AAA', 'AAAAA', 'AAAA', 'AA', 'AAA', 'AAA', 'AAAA', 'AAA', 'AAA', 'AAAA', 'AAA', 'AAAAA', 'AAAA', 'AAAAA', 'AAAAAA', 'AAAAA', 'AAAA', 'A', 'AAA', 'AAAA', 'AAAA', 'AAA', 'AAAAAA', 'AAAA', 'A', 'AAAA', 'AAAAAA', 'AAAA', 'AAAA', 'AAA', 'AAAA', 'AAAA', 'AAAA', 'AAAA', 'AAAA', 'AAAA', 'AAAA', 'AAAA', 'AAAA', 'AAAA', 'AAAA', 'AAAA', 'AAAA', 'AAA', 'AAA', 'AAAAA', 'AAAAA', 'AA', 'AAAAA', 'AAAA', 'AAAAA', 'AAAAA', 'AAAAAA', 'AAA', 'AAAAA', 'AAAA', 'AAAA', 'AAAA', 'AAAA', 'AAAA', 'AAAA', 'AAAAA', 'AAA', 'AAAAA', 'AAAA', 'AAAAA', 'AAAAA', 'AAAA', 'AAAAAA', 'AAAA', 'AAAA', 'AAAAA', 'AAAA', 'AAAA', 'AAAA', 'AAAAA', 'AAA', 'AAAA', 'AAAA', 'AAAA', 'AAAAA', 'AAAA', 'AAA', 'AAAAAA', 'AAAA', 'AAA', 'AAAA', 'AAAA', 'AAA', 'AAA', 'AAAAAAA', 'AAAA', 'AAAAAA', 'AAAAAA', 'AAAA', 'AAAA', 'AAAA', 'AAAAA', 'AAAA', 'AAAAAA', 'AAAAAA', 'AAAAAA', 'AAAA', 'AAAAAA', 'AAA', 'AAAAAA', 'AAAA', 'AAAAAA', 'AAAAA', 'AAAA', 'AAAA', 'AAAA', 'AAA', 'AAAAA', 'AAA', 'AAAA', 'AAAAAA', 'AAA', 'AAAAA', 'AAAAA', 'AAAA', 'AAAAA', 'AAAA', 'AAA', 'AAAAA', 'AAAA', 'AAAA', 'AAAAAA', 'AAAAA', 'AAAA', 'AAAAA', 'AAA', 'AAA', 'AAAA', 'AAAAAA', 'AAAA', 'AAAAA', 'AAAA', 'AAA', 'AAAAAA', 'AAAAA', 'AAAAA', 'AAAA', 'AAAAAA', 'AAAAA', 'AAAAAA', 'AAAAA', 'AAAAAA', 'AAAA']	152
ENST00000264668:1	['T', 'T', 'T', 'T']	4
ENST00000264668:8	['T', 'T', 'T', 'T']	4
ENST00000264669:1	['AAAAAAAAAAA', 'AAAAAAAAAAAA', 'AAAAAAAAAAAA', 'AAAAAAAAAAAAA', 'AAAAAAAAAAAAAA', 'AAAAAAAAAA', 'AAAAAAAAAAA', 'AAAAAAAAAAAA', 'AAAAAAAAAAA', 'AAAAAAAAAA', 'AAAAAAAAAAAA', 'AAAAAAAAAAA']	12
ENST00000264669:3	['A', 'A', 'A', 'A']	4
ENST00000264670:3	['A', 'A']	2
ENST00000264670:4	['AA', 'AA', 'AA', 'A', 'AA', 'AA', 'AA', 'AA', 'AA', 'AA', 'AA', 'AA', 'AAA', 'AA', 'AA', 'AAA', 'AAA', 'AA', 'AA', 'AA', 'AA', 'AA', 'AA', 'A', 'A', 'A', 'AA', 'AA', 'A', 'AA', 'AA', 'AA', 'AA', 'AA', 'AA', 'AA', 'A', 'AA', 'A', 'AAA', 'AA', 'A', 'AA', 'AAA', 'AA', 'AA', 'AA', 'AAA', 'A', 'A', 'AA', 'A', 'AA', 'A', 'A', 'A', 'AA', 'AA', 'A', 'A', 'A', 'AA', 'A', 'AA', 'AA', 'AA', 'AA', 'A', 'A', 'AA', 'A', 'A', 'A', 'AA', 'A', 'AA', 'AA', 'AAAA', 'AA', 'A', 'AA', 'AA', 'AA', 'A', 'A', 'A', 'AA', 'A', 'A', 'A', 'A', 'A', 'AA', 'A', 'A', 'A', 'A', 'A', 'A', 'A', 'A', 'A', 'A', 'AAA', 'A', 'A', 'AA', 'AA', 'A', 'A', 'A', 'A', 'A', 'A', 'AA', 'A', 'A', 'A']	118
ENST00000264677:6	['A', 'A', 'A', 'A', 'A', 'A', 'A', 'A', 'A', 'A', 'A', 'A', 'A', 'A', 'A', 'AA', 'A', 'A', 'A', 'A', 'A', 'A', 'A', 'A', 'A', 'A', 'A', 'A', 'A', 'A', 'A', 'A', 'A', 'A', 'A', 'A', 'A', 'A', 'A', 'A', 'A', 'A', 'A', 'A', 'A', 'A', 'A', 'A', 'A', 'A', 'A', 'A', 'A', 'A', 'AA', 'A', 'A', 'A', 'A', 'A', 'A', 'A', 'A', 'A', 'A', 'A', 'A', 'A', 'A', 'A', 'A', 'A', 'A', 'A', 'A', 'A', 'A', 'A', 'A', 'A']	80
ENST00000264677:8	['A', 'A', 'A', 'A', 'A', 'A', 'A', 'A', 'A', 'A', 'A', 'A', 'A', 'A', 'A', 'A', 'A', 'A', 'A', 'A', 'A', 'A', 'A', 'A', 'A', 'A', 'A', 'A', 'A', 'A', 'A', 'A', 'A', 'A', 'A', 'A', 'A', 'A', 'A', 'A', 'A', 'A', 'A', 'A', 'A', 'A', 'A', 'A', 'A', 'A', 'A', 'A', 'A', 'A', 'A', 'A', 'A', 'A', 'A', 'A', 'A', 'A', 'A', 'A', 'A', 'A', 'A', 'A', 'A', 'A', 'A', 'A', 'A', 'A', 'A', 'A', 'A', 'A', 'A', 'A', 'A', 'A', 'A', 'A', 'A', 'A', 'A', 'A', 'A', 'A', 'A', 'A', 'A', 'A', 'A', 'A', 'A', 'A', 'A', 'A', 'A', 'A', 'A', 'A', 'A', 'A']	106
ENST00000264690:1	['T', 'T']	2
ENST00000264720:8	['GA', 'GA', 'GA', 'GA', 'GA', 'GA', 'GA', 'GAGA', 'GA', 'GA', 'GA', 'GA', 'GA', 'GAGA']	14
ENST00000264741:20	['G', 'G', 'G', 'G', 'G', 'G', 'G', 'G', 'G', 'G', 'G', 'G', 'G', 'G', 'G', 'G', 'G', 'G', 'G', 'G', 'G', 'G', 'G', 'G', 'G', 'G']	26
ENST00000264790:7	['A', 'A', 'A', 'A', 'A', 'A', 'A', 'A', 'A', 'A', 'A', 'A', 'A', 'A', 'A', 'A', 'A', 'A', 'A', 'A', 'A', 'A', 'A', 'A', 'A', 'A', 'A', 'A', 'A', 'A', 'A', 'A', 'A', 'A', 'A', 'A', 'A', 'A', 'A', 'A', 'A', 'A', 'A', 'A', 'A', 'A', 'A', 'A', 'A', 'A', 'A', 'A', 'A', 'A', 'A', 'A', 'A', 'A', 'A', 'A', 'A', 'A', 'A', 'A', 'A', 'A', 'A', 'A', 'A', 'A', 'A', 'A', 'A', 'A', 'A', 'A', 'A', 'A', 'A', 'A', 'A', 'A', 'A', 'A', 'A', 'A', 'A', 'A', 'A']	89
ENST00000264818:4	['G', 'G']	2
ENST00000264819:10	['G', 'G']	2
ENST00000264819:2	['A', 'A']	2
ENST00000264819:4	['AAAA', 'AA', 'AA', 'AA', 'AAA', 'A', 'AAAA', 'AA', 'AAAA', 'AAAA', 'AAAAA', 'AAA', 'A', 'AA', 'AAAAAAA', 'AA', 'AAA', 'AA', 'AAAA', 'AAAA', 'AA', 'AAA', 'AAA', 'A', 'AAA', 'AAAA', 'AA', 'A', 'AAA', 'AA', 'AAAA', 'AAA', 'AAA', 'AAA', 'AAAA', 'AA', 'A', 'AA', 'AAA', 'AAA', 'AAA', 'AA', 'A', 'AA', 'AA', 'AAA', 'A', 'AA', 'AA', 'A', 'A', 'AA', 'A', 'AA', 'AA', 'AA', 'AAA', 'AAA', 'AA', 'A', 'AA', 'A', 'AA', 'A', 'A', 'AA', 'AA', 'A', 'A', 'AA', 'A', 'AA', 'A', 'AAA', 'A', 'AA', 'AA', 'A', 'AAA', 'AA', 'AA', 'A', 'A', 'AAAA', 'A', 'A', 'AA', 'A', 'AAA', 'AA', 'AAA', 'AA']	92
ENST00000264828:33	['A', 'A', 'A', 'AA', 'A', 'AA', 'AA', 'A', 'AA', 'AA', 'A', 'AA', 'A', 'A', 'A', 'A', 'AA', 'A', 'A', 'A', 'A', 'A', 'AA', 'A', 'A', 'AA', 'A', 'A', 'AA', 'A', 'A', 'A', 'AA', 'A', 'A', 'A', 'AA', 'A', 'AA', 'A', 'A', 'A', 'AA', 'A', 'A', 'A', 'A', 'AA', 'A', 'A', 'A', 'AA', 'A', 'A', 'AA', 'A']	56
ENST00000264867:12	['A', 'A']	2
ENST00000264867:4	['A', 'A']	2
ENST00000264867:5	['A', 'A', 'A', 'A', 'A', 'A', 'A', 'A', 'A', 'A', 'A', 'A', 'A', 'A', 'A', 'A', 'A', 'A', 'A', 'A', 'A', 'A', 'A', 'A', 'A', 'A', 'A', 'A', 'A', 'A', 'A', 'A', 'A', 'A', 'A', 'A', 'AA', 'A', 'A', 'A', 'A', 'A', 'A', 'A', 'A', 'A', 'A', 'A', 'A', 'A', 'A', 'A', 'A', 'A', 'A', 'A', 'A', 'A', 'A', 'A', 'A', 'A', 'A', 'A', 'A', 'A', 'A', 'A', 'A', 'A', 'A', 'A', 'A', 'A', 'A', 'A', 'A', 'A', 'A', 'A', 'A', 'A', 'A', 'A', 'A', 'A', 'A', 'A']	88
ENST00000264870:1	['AAAA', 'AAAA', 'AAA', 'AA', 'AAAA', 'AA', 'AA', 'AAA', 'AAAA', 'AAA', 'AA', 'AAAA', 'AAA', 'A', 'AAA', 'AAAA', 'AAA', 'AA', 'AA', 'A', 'AA', 'AA', 'AAA', 'A']	24
ENST00000264870:11	['GAGA']	1
ENST00000264870:13	['AG', 'AG']	2
ENST00000264883:8	['A', 'A', 'A', 'A', 'A', 'A', 'A', 'A', 'A', 'A', 'A', 'A', 'A', 'A']	14
ENST00000264908:5	['C', 'C']	2
ENST00000264926:3	['A']	1
ENST00000264951:11	['A', 'A', 'A', 'A']	4
ENST00000264951:37	['A', 'A', 'A', 'A']	4
ENST00000264956:17	['C', 'C', 'C', 'C', 'C', 'C', 'C', 'C', 'C', 'C', 'C']	11
ENST00000264963:3	['AG', 'AG', 'AG', 'AG', 'AG', 'AG', 'AG']	7
ENST00000264968:3	['A', 'A', 'A', 'A', 'A', 'A', 'A', 'A', 'A', 'A', 'A', 'A', 'A', 'A', 'A', 'A', 'A', 'A', 'A', 'A', 'A', 'A', 'AA', 'A', 'A', 'A', 'A', 'A', 'A', 'A', 'A', 'A', 'A', 'A', 'A', 'A', 'A', 'A', 'A', 'A', 'A', 'A', 'A', 'A', 'A', 'A', 'A', 'A', 'A', 'A', 'A', 'A', 'A', 'A', 'A', 'A', 'A', 'A', 'A', 'A', 'A', 'A', 'A', 'A', 'A', 'A', 'A', 'A', 'A', 'A', 'A', 'A', 'A', 'A', 'AA', 'A', 'A', 'A', 'A', 'A', 'A', 'A', 'A', 'A', 'A', 'A', 'A', 'A', 'A', 'A']	90
ENST00000264977:2	['T', 'T']	2
ENST00000264995:6	['TG']	1
ENST00000265016:6	['T', 'T']	2
ENST00000265022:15	['A', 'A', 'A', 'A', 'A', 'A', 'A', 'A', 'A', 'A', 'A', 'A', 'A', 'A', 'A', 'A', 'A', 'A', 'A', 'A', 'A', 'A', 'A', 'A', 'A', 'A', 'A', 'A', 'A', 'A', 'A', 'A', 'A', 'A', 'A', 'A', 'A', 'A', 'A', 'A', 'A', 'A', 'A', 'A', 'A', 'A', 'A', 'A', 'A', 'A']	50
ENST00000265022:16	['GAA']	1
ENST00000265022:4	['A', 'A', 'A', 'A', 'A', 'A', 'A', 'A', 'A', 'A', 'A', 'A', 'A', 'A', 'A', 'A', 'A', 'A']	18
ENST00000265028:5	['GT']	1
ENST00000265036:10	['A', 'A']	2
ENST00000265036:8	['A', 'A']	2
ENST00000265038:11	['A', 'A', 'AA', 'AA', 'AAA', 'AA', 'A', 'AA', 'AA', 'AA', 'AA', 'A', 'AA', 'AA', 'AA', 'AAA', 'AAA', 'AAA', 'AA', 'AA', 'AAA', 'A', 'AA', 'AAA', 'AAA', 'AA', 'AAA', 'AAA', 'AA', 'A', 'AA', 'AA', 'AA', 'AA', 'AA', 'AA', 'A', 'AA', 'AAA', 'AA', 'A', 'AAA', 'AA', 'AAA', 'A', 'AA', 'AA', 'AA', 'AA', 'A', 'AA', 'AA', 'A', 'AAA', 'AAA', 'AAA', 'AAA', 'AA', 'A', 'AA', 'AAA', 'AAA', 'AA', 'AA', 'A', 'A', 'AA', 'AAA', 'AA', 'AA', 'AA', 'A', 'AA', 'AA', 'AA', 'AAA', 'AA', 'AA', 'A', 'A', 'AA', 'AA', 'A', 'AAA', 'AA', 'AAA', 'AA', 'A', 'AA', 'A', 'AA', 'AA', 'AA', 'AAA', 'AAA', 'AA', 'AA', 'AA', 'A', 'AA', 'AA', 'AAA', 'AA', 'AA', 'A', 'AAA', 'AAA', 'A', 'AA', 'AA', 'AA', 'AAA', 'AAAA', 'AAA', 'AA', 'A', 'A', 'AA', 'AA', 'AAA', 'A', 'A', 'A', 'A', 'A', 'AA', 'AA', 'AA', 'AA', 'A', 'A', 'AA', 'AA', 'AA', 'A', 'A', 'AA', 'AA', 'A', 'AA', 'AA', 'AA', 'AA', 'AA', 'AA', 'A', 'AA', 'A', 'AA', 'AAA', 'A', 'AA', 'A', 'A', 'A', 'A', 'A', 'AA', 'AA', 'A', 'AA', 'A', 'AA', 'A', 'AA', 'AA', 'A', 'A', 'AA', 'A', 'AAA', 'A', 'A', 'A', 'AA', 'A']	176
ENST00000265044:2	['AAGAAAAAGAAAAA', 'AAGAAAAAGAAAAA', 'AAGAAAAAGAAAAA', 'AAGAAAAAGAAAAA']	4
ENST00000265070:1	['A', 'A']	2
ENST00000265074:2	['CC']	1
ENST00000265081:16	['TC']	1
ENST00000265081:4	['T', 'T']	2
ENST00000265097:3	['A']	1
ENST00000265104:17	['AAAAAA', 'AAAAAA', 'AAAAAAA', 'AAAAAAAA', 'AAAAAAAA', 'AAAAA', 'AAAAAAAAA', 'AAAAAA', 'AAAAAA', 'AAAAA', 'AAAAA', 'AAAAAAA', 'AAAA', 'AAAAA', 'AAAAAAA', 'AAAAAAAA', 'AAAAA', 'AAAAAAA', 'AAAAA', 'AAAAA', 'AAAAA', 'AAAAAAAA', 'AAAA', 'AAAAA', 'AAAAAAA', 'AAAAAAA', 'AA', 'AAAAAAA', 'AAAAAA', 'AAAAA', 'AAAAAAAA', 'AAAAAAA', 'AAAAAAA', 'AAAAAA', 'AAAAAAA', 'AAAAAAAAA', 'AAAAAA', 'AAAAAAA', 'AAAAAA', 'AAAAAA', 'AAAAA', 'AAAAA', 'AAAAAA', 'AAAAA', 'AAAA']	45
ENST00000265104:24	['AA', 'AA', 'AA', 'A', 'AA', 'A', 'A', 'AA', 'AA', 'A', 'AA', 'A', 'A', 'A', 'AA', 'AA', 'A', 'AA', 'AA', 'A', 'AA', 'A', 'A', 'AA', 'AA', 'AA', 'A', 'A', 'AA', 'A', 'A', 'A', 'A', 'A', 'A', 'A', 'A', 'AA', 'AA', 'A', 'A', 'A', 'A', 'A', 'A', 'A', 'A', 'A', 'A', 'A', 'AA', 'AA', 'AA', 'AA', 'AA', 'AA', 'A', 'A', 'A', 'A', 'A', 'A', 'A']	63
ENST00000265104:47	['A', 'A', 'A', 'A', 'A', 'A', 'A', 'A', 'A', 'A', 'A', 'A', 'A', 'A', 'A', 'A', 'A', 'A', 'A', 'A', 'A', 'A', 'A', 'A', 'A', 'A', 'A', 'A', 'A', 'A', 'A', 'A', 'A', 'A', 'A', 'A', 'A', 'A', 'A', 'A', 'A']	41
ENST00000265104:64	['T', 'T', 'T', 'T', 'T', 'T']	6
ENST00000265107:8	['T', 'T', 'T']	3
ENST00000265109:11	['T', 'T', 'T', 'T', 'T', 'T']	6
ENST00000265109:9	['TA', 'TA']	2
ENST00000265112:3	['TTTTTA']	1
ENST00000265136:3	['ACACAGGTATTTCCATGTAGGTACCT']	1
ENST00000265136:4	['A', 'A', 'A', 'A', 'A', 'A', 'A', 'A', 'A', 'A', 'A', 'A', 'A', 'A', 'A', 'A', 'A', 'A', 'A', 'A', 'A', 'A', 'A', 'A', 'A', 'A', 'A', 'A', 'A', 'A', 'A', 'A', 'A', 'A', 'A', 'A', 'A', 'A', 'A', 'A', 'A', 'A', 'A', 'A', 'A', 'A', 'A', 'A', 'A', 'A', 'A', 'A', 'A', 'A', 'A', 'A', 'A', 'A', 'A', 'A', 'A', 'A', 'A', 'A', 'A', 'A', 'A', 'A', 'A', 'A', 'A', 'A', 'A', 'A', 'A', 'A', 'A', 'A', 'A', 'A', 'A', 'A', 'A', 'A', 'A', 'A', 'A', 'A', 'A', 'A', 'A', 'A', 'A', 'A', 'A', 'A', 'A', 'A', 'A', 'A', 'A', 'A', 'A', 'A', 'A', 'A', 'A', 'A', 'A', 'A', 'A', 'A', 'A', 'A', 'A', 'A', 'A', 'A', 'A', 'A', 'A', 'A', 'A', 'A', 'A', 'A', 'A', 'A', 'A', 'A', 'A', 'A', 'A', 'A', 'A', 'A', 'A', 'A', 'A', 'A', 'A', 'A', 'A', 'A', 'A', 'A', 'A', 'A', 'A', 'A', 'A', 'A', 'A', 'A', 'A', 'A', 'A', 'A', 'A', 'A', 'A', 'A', 'A', 'A', 'A', 'A', 'A', 'A', 'A', 'A', 'A', 'A', 'A', 'A', 'A', 'A', 'A', 'A', 'A', 'A', 'A', 'A', 'A', 'A', 'A', 'A', 'A', 'A', 'A', 'A', 'A', 'A', 'A', 'A', 'A', 'A', 'A']	197
ENST00000265138:3	['A', 'A']	2
ENST00000265148:11	['A', 'A', 'A', 'A', 'A', 'A', 'A', 'A', 'A', 'A', 'A', 'A', 'A', 'A', 'A', 'A']	16
ENST00000265148:4	['A', 'A', 'A', 'A', 'A', 'A']	6
ENST00000265148:40	['A', 'A', 'A', 'A']	4
ENST00000265148:44	['T', 'T', 'T', 'T', 'T', 'T', 'T', 'T', 'T', 'T']	10
ENST00000265162:13	['TTGTCTTTC']	1
ENST00000265164:1	['A', 'A', 'A', 'A']	4
ENST00000265164:6	['A', 'A']	2
ENST00000265165:7	['GGT', 'GGT', 'GGT', 'GGT', 'GGT', 'GGT', 'GGT', 'GGT', 'GGT', 'GGT', 'GGT', 'GGT', 'GGT', 'GGT', 'GGT', 'GGT', 'GGT', 'GG', 'GGT', 'GGT', 'GGT', 'GGT', 'GGT', 'GGT', 'GGT', 'GGT', 'GGT', 'GGT', 'GGT', 'GGT', 'GGT', 'GGT', 'GGT', 'GGT', 'GGT', 'GGT', 'GGT', 'GGT', 'GGT', 'GGT', 'GGT', 'GGT', 'GGT', 'GGT', 'GGT', 'GGT', 'GGT']	47
ENST00000265171:4	['T', 'T']	2
ENST00000265174:1	['A', 'A', 'A', 'A', 'A', 'A', 'A', 'A', 'A']	9
ENST00000265174:3	['A', 'A', 'A', 'A', 'A', 'A', 'A', 'A', 'A', 'A', 'A', 'A', 'A', 'A', 'A', 'A', 'A', 'A', 'A', 'A', 'A', 'A', 'A', 'A', 'A', 'A', 'A', 'A', 'A', 'A', 'A', 'A', 'A', 'A', 'A', 'A', 'A', 'A', 'A', 'A', 'A', 'A', 'A', 'A', 'A', 'A', 'A', 'A', 'A', 'A', 'A', 'A']	52
ENST00000265191:5	['A', 'AAA', 'AA', 'AA', 'AA', 'AA', 'AA', 'AAA', 'AA', 'AA', 'AAA', 'AA', 'AA', 'AA', 'AA', 'AA', 'AA', 'AA', 'AA', 'AA', 'A', 'A', 'A', 'AAA', 'AA', 'AA', 'AA', 'AA', 'AAA', 'AA', 'AA', 'A', 'AA', 'A', 'AAA', 'AA', 'AA', 'AA', 'A', 'AA', 'A', 'AA', 'AA', 'A', 'AA', 'AA', 'AA', 'AA', 'AA', 'AA', 'AA', 'AA', 'AA', 'AA', 'A', 'A', 'AA', 'AA', 'AAA', 'AA', 'AA', 'AAA', 'AA', 'AA', 'A', 'A', 'AA', 'A', 'AAA', 'AA', 'AAA', 'AA', 'A', 'A', 'A', 'A', 'A', 'AA', 'A', 'A', 'AA', 'A', 'A', 'AA', 'A', 'AA', 'A', 'AAA', 'A', 'A', 'A', 'A', 'AA', 'A', 'A', 'AA', 'A', 'A', 'AA', 'A', 'AA', 'A', 'AA', 'A', 'A', 'AA', 'A', 'A', 'AA', 'A', 'AA', 'AA', 'A', 'A', 'A', 'AA', 'AA', 'A', 'AA', 'A', 'A', 'A', 'AA', 'A', 'A', 'AAA', 'A', 'A', 'A', 'AA', 'AA', 'A', 'AAA', 'AA', 'AA', 'A', 'AA', 'AA', 'A', 'A', 'AA', 'A', 'A', 'A', 'AA', 'A', 'A', 'A', 'AA', 'A', 'AA', 'A', 'A', 'A', 'AA', 'A']	156
ENST00000265198:10	['A', 'AA', 'AA', 'AA', 'AA', 'AA', 'AA', 'AA', 'AA', 'AA', 'AA', 'AA', 'AA', 'AA', 'AA', 'AA', 'AA', 'AA', 'AA', 'AA', 'AA', 'AA', 'AA', 'AA', 'AA', 'AA', 'AA', 'AA', 'AA', 'AA', 'AA', 'AAA', 'A', 'AA', 'AA', 'AA', 'AA', 'AA', 'A', 'AA', 'AA', 'A', 'AA', 'AA', 'AA', 'AA', 'A', 'AA', 'AA', 'AA', 'AA', 'AA', 'AA', 'AAA', 'AA', 'AA', 'AA', 'AA', 'A', 'AA', 'AA', 'A', 'A', 'A', 'A', 'A', 'A', 'A', 'AA', 'A', 'A', 'A', 'A', 'AA', 'AA', 'A', 'A', 'AA', 'A', 'A', 'A', 'A', 'A', 'A', 'A', 'AA', 'A', 'A', 'AA', 'AA', 'A', 'AA', 'A', 'A', 'A', 'A', 'A', 'A', 'A', 'A', 'A', 'AA', 'AA', 'AA', 'AA', 'A', 'A', 'A', 'A', 'AA', 'A', 'A', 'A', 'AA', 'AA', 'A', 'AA', 'A', 'A', 'A', 'A', 'A', 'A', 'AA', 'A', 'A', 'A', 'A', 'A', 'AA', 'A', 'A', 'A']	133
ENST00000265245:5	['A']	1
ENST00000265271:14	['T', 'T']	2
ENST00000265272:1	['CT']	1
ENST00000265272:15	['A', 'A']	2
ENST00000265272:19	['AAAGA']	1
ENST00000265293:6	['GGGAAGGCGCATCACTAACCCTGCTCTCCCCTCCTTCAGA']	1
ENST00000265293:7	['CTC', 'CTC']	2
ENST00000265342:13	['A', 'A', 'A', 'A', 'A', 'A', 'A']	7
ENST00000265343:5	['A', 'A']	2
ENST00000265348:13	['G', 'G']	2
ENST00000265361:10	['A', 'A', 'A', 'A']	4
ENST00000265361:7	['A', 'A']	2
ENST00000265371:17	['A', 'A', 'A', 'A']	4
ENST00000265381:2	['AG']	1
ENST00000265382:15	['C', 'C']	2
ENST00000265388:12	['A', 'A']	2
ENST00000265388:3	['CTGCA']	1
ENST00000265394:10	['A', 'A']	2
ENST00000265395:2	['A', 'A', 'A', 'A', 'A', 'A', 'A', 'A', 'A', 'A', 'A', 'A', 'A']	13
ENST00000265403:1	['T', 'T']	2
ENST00000265417:11	['A', 'A', 'A', 'A', 'A', 'A', 'A', 'A', 'A', 'A', 'A', 'A', 'A', 'A', 'A', 'A', 'A', 'A', 'A', 'A', 'A', 'A', 'A', 'A', 'A']	25
ENST00000265417:17	['A', 'A', 'A', 'A', 'A', 'A', 'A', 'A', 'A', 'A', 'A']	11
ENST00000265425:2	['A']	1
ENST00000265428:3	['T', 'T']	2
ENST00000265431:9	['G', 'G', 'G', 'G']	4
ENST00000265459:11	['G']	1
ENST00000265465:9	['T', 'T']	2
ENST00000265471:4	['T']	1
ENST00000265529:2	['AAG', 'AAG']	2
ENST00000265560:2	['A']	1
ENST00000265563:7	['T', 'T']	2
ENST00000265602:9	['A', 'A', 'A', 'A', 'A', 'A', 'A', 'A', 'A', 'A']	10
ENST00000265631:13	['A']	1
ENST00000265631:2	['A', 'A', 'A', 'A', 'A', 'A', 'A', 'A']	8
ENST00000265631:4	['GA']	1
ENST00000265631:8	['GCC']	1
ENST00000265689:9	['A', 'A', 'A', 'A', 'A', 'A', 'A', 'A', 'A', 'A', 'A', 'A', 'A', 'A', 'A', 'A', 'A', 'A', 'A', 'A', 'A', 'A', 'A', 'A', 'A', 'A', 'A', 'A', 'A', 'A', 'A', 'A', 'A', 'A', 'A', 'A', 'A', 'A', 'A', 'A', 'A', 'A', 'A', 'A', 'A', 'A']	46
ENST00000265708:10	['A', 'A', 'A', 'A', 'A', 'A', 'A', 'A', 'A', 'A', 'A', 'A', 'A', 'A', 'A', 'A', 'A', 'A', 'A', 'A', 'A', 'A', 'A', 'A', 'A', 'A', 'A', 'A', 'A', 'A', 'A', 'A', 'A', 'A', 'A', 'A', 'AA', 'A', 'A', 'A', 'A', 'A', 'A', 'A', 'A', 'A', 'AA', 'A', 'A', 'A', 'A', 'A']	52
ENST00000265708:18	['A', 'A', 'A', 'A', 'A', 'A', 'A', 'A', 'A', 'A', 'A', 'A', 'A', 'A', 'A', 'A', 'A', 'A', 'A', 'A', 'A', 'A', 'A', 'A', 'A', 'A']	26
ENST00000265713:4	['ACTC', 'ACTC']	2
ENST00000265723:3	['A', 'A', 'A', 'A', 'A', 'A', 'A', 'A', 'A', 'A']	10
ENST00000265723:5	['A', 'A', 'A', 'A', 'AA', 'A', 'A', 'A', 'A', 'A', 'A', 'A', 'A', 'A', 'A', 'A', 'AA', 'A', 'A', 'A']	20
ENST00000265723:6	['A', 'A', 'A', 'A']	4
ENST00000265724:4	['AG']	1
ENST00000265742:15	['T', 'T']	2
ENST00000265800:4	['G']	1
ENST00000265827:1	['TGAAA']	1
ENST00000265843:2	['A', 'A', 'A', 'A', 'A', 'A', 'A', 'A', 'A', 'A', 'A', 'A', 'A', 'A', 'A', 'A', 'A', 'A', 'A', 'A', 'A', 'A', 'A', 'A', 'A', 'A', 'A', 'A', 'A']	29
ENST00000265846:5	['GA']	1
ENST00000265849:6	['AAA', 'AAA', 'AAA', 'AAAA', 'AA', 'AAA', 'AAA', 'AAAAA', 'AAA', 'AAAAA', 'AAAA', 'A', 'AA', 'AAA', 'AAA', 'AAA', 'AA', 'A', 'AAA', 'AAAA', 'AAA', 'AAA', 'AAA', 'AAAA', 'AA', 'AAAA', 'AAA', 'AA', 'AAAA', 'AAA', 'AAAA', 'AAAAAA', 'AA', 'AAA', 'AAA', 'AAA', 'AAAAA', 'AA', 'AAA', 'AAAAAA', 'A', 'AAAA', 'AAAA', 'AAA', 'AAAAAAA', 'AAAA', 'AAA', 'AAA', 'AAAA', 'AAA', 'AA', 'AAAA', 'AAA', 'AAAA', 'AAAAA', 'AAA', 'AAAA', 'AAA', 'AAA', 'AAA', 'A', 'AAA', 'AA', 'AAA', 'AA', 'A', 'AAA', 'AAA', 'AAA', 'AA', 'AA', 'AAAA', 'A', 'AAA', 'AAAAA', 'AA', 'AA', 'AAAA', 'AAAA', 'AAA', 'AAAA', 'AAAA', 'AAAA', 'AAA', 'AAA', 'AAA', 'AAAA', 'AAA', 'AAA', 'AAAA', 'AA', 'AAA', 'AAA', 'AAA', 'AAAA', 'AAA', 'AAAA', 'AAA', 'AAA', 'AAAA', 'AA', 'AAA', 'A']	103
ENST00000265866:7	['A']	1
ENST00000265872:10	['T', 'T']	2
ENST00000265896:1	['TA', 'TA']	2
ENST00000265909:2	['CA', 'CAAA', 'C', 'C', 'C', 'C', 'C', 'CA', 'CA', 'CA', 'C', 'C', 'C', 'CA', 'C', 'C', 'CA', 'C', 'CA', 'CA', 'CA', 'CAAAA', 'CAA', 'CA', 'CA', 'C', 'CAA', 'CAA', 'CA', 'CA', 'CA', 'C', 'CAA', 'CA', 'CAA', 'CA']	36
ENST00000265963:13	['T', 'T', 'T', 'T', 'T', 'T', 'T']	7
ENST00000265965:9	['AAA', 'AA', 'AAAA', 'AAA', 'AAA', 'AAA', 'AA', 'AA', 'AAAA', 'AA', 'AAAA', 'AAAA', 'AAA', 'AAAA', 'AAA', 'AAAA', 'AAA', 'AAAA', 'AA', 'AA', 'AA', 'AA', 'AA', 'AAAA', 'A', 'AA', 'AAA', 'AA', 'AAAA', 'AAA', 'AA', 'AAAA', 'AA', 'A', 'AAAA', 'AAA', 'AAA', 'AAA', 'AAAA', 'AAA', 'A', 'AA', 'AAAA', 'AA', 'AA', 'AAA', 'AA', 'AAA', 'AAA', 'AAA', 'AA', 'AAAA', 'AA', 'AA', 'AAAA', 'AA', 'AA', 'AAAA', 'AAA', 'A', 'AAA', 'AAA', 'AAA', 'AA', 'AAA', 'AAA', 'AA', 'A', 'AA', 'A', 'AAAA', 'AAA', 'AA', 'A', 'AAAA', 'AAAA', 'AAAA', 'AA', 'AA', 'AA', 'AA', 'AA', 'AAA', 'AAA', 'AAA', 'AAA', 'AAA', 'A', 'A', 'AA', 'AA', 'AAAA', 'AA', 'A', 'AAA', 'AA', 'A', 'AAA', 'A', 'A', 'AA', 'AAA', 'AAAAA', 'AAAA', 'AA', 'AAAA', 'AAA', 'AAA', 'AAA', 'AA', 'A', 'AAA', 'AA', 'AA', 'AA', 'AAA', 'AAA', 'AAA', 'AAA', 'AA', 'AAA', 'AA', 'AAA', 'AAAA', 'AAA', 'AAA', 'AAAA', 'AA', 'A', 'AAA', 'AA', 'AAA', 'AA', 'AAA', 'AAA', 'AA', 'A', 'A', 'AA', 'AAA']	140
ENST00000265986:11	['GAGAT']	1
ENST00000265997:7	['A', 'A']	2
ENST00000265997:8	['A', 'A', 'AA', 'A', 'AA', 'A', 'A', 'A', 'AA', 'A', 'A', 'A', 'AA', 'A', 'A', 'A', 'A', 'A', 'A', 'A', 'A', 'A', 'AA', 'A', 'A', 'A', 'A', 'A', 'A', 'A', 'A', 'A', 'A', 'A', 'A', 'A', 'A', 'A', 'AA', 'A', 'A', 'A', 'A', 'A', 'A', 'AA', 'A', 'A', 'A', 'A', 'A', 'A', 'A', 'A', 'A', 'A', 'A', 'A', 'A', 'A', 'A', 'A', 'A', 'A', 'A', 'A', 'A', 'A', 'A', 'A', 'AA', 'A', 'A', 'A', 'AA', 'A', 'A']	77
ENST00000266037:3	['A', 'A']	2
ENST00000266041:18	['G', 'G']	2
ENST00000266058:3	['AA', 'AA']	2
ENST00000266254:8	['GA', 'GA']	2
ENST00000266383:1	['C']	1
ENST00000266397:1	['AG']	1
ENST00000266497:30	['T', 'T', 'T']	3
ENST00000266546:9	['A', 'A', 'A']	3
ENST00000266560:3	['GA']	1
ENST00000266736:7	['T', 'T']	2
ENST00000266742:4	['A']	1
ENST00000266742:7	['T']	1
ENST00000266743:4	['T']	1
ENST00000267064:15	['G']	1
ENST00000267068:5	['A']	1
ENST00000267101:24	['AG']	1
ENST00000267102:4	['A', 'A']	2
ENST00000267116:12	['A']	1
ENST00000267116:14	['AG', 'AG', 'AG']	3
ENST00000267116:26	['TGG', 'A', 'A']	3
ENST00000267163:5	['AG']	1
ENST00000267205:4	['G', 'G']	2
ENST00000267436:3	['AA', 'AA', 'A', 'AA', 'AA', 'AAA', 'AA', 'AAA', 'AA', 'AA', 'AA', 'AAA', 'AA', 'AA', 'AAA', 'AA', 'AAA', 'AA', 'AA', 'AA', 'AA', 'AAA', 'AA', 'AA', 'AA', 'AA', 'AA', 'AAA', 'AA', 'A', 'AA', 'AAA', 'AA', 'AA', 'A', 'AAA', 'AA', 'AA', 'AA', 'AA', 'AA', 'AA', 'AAA', 'AA', 'AA', 'AA', 'AA', 'AA', 'A', 'A', 'AAA', 'AA', 'AA', 'AAA', 'AAA', 'AA', 'AA', 'AA', 'AA', 'AAA', 'AA', 'A', 'AA', 'AA', 'AA', 'A', 'AA', 'A', 'A', 'A', 'A', 'AA', 'A', 'A', 'AA', 'AA', 'A', 'AA', 'A', 'A', 'A', 'AA', 'AA', 'AA', 'A', 'A', 'A', 'AA', 'AA', 'A', 'AA', 'A', 'A', 'A', 'AA', 'A', 'A', 'AA', 'A', 'A', 'AA', 'AA', 'AA', 'A', 'A', 'A', 'AA', 'A', 'AA', 'AA', 'A', 'A', 'AA', 'AA', 'A', 'A', 'AAA', 'A', 'AA', 'AA', 'AA', 'AA', 'AAA', 'A', 'A', 'AA', 'A', 'AA', 'A', 'A', 'A', 'A', 'AA', 'A', 'A', 'A', 'AA', 'A', 'A', 'AA', 'AA', 'A', 'A', 'A', 'A', 'AA', 'A', 'A', 'A', 'A']	150
ENST00000267436:5	['A', 'A']	2
ENST00000267485:5	['A', 'AA']	2
ENST00000267488:4	['T', 'T', 'T', 'T', 'T', 'T', 'T', 'T', 'T', 'T', 'T', 'T', 'T', 'T', 'T', 'T', 'T', 'T']	18
ENST00000267584:1	['GCG']	1
ENST00000267615:10	['G', 'G']	2
ENST00000267622:2	['A', 'A', 'A', 'A', 'A', 'A', 'A', 'A', 'A', 'A', 'A', 'A', 'A', 'A', 'A', 'A', 'A', 'A', 'A', 'A', 'A', 'A', 'A', 'A', 'A', 'A', 'A', 'A', 'A', 'A', 'A', 'A', 'A', 'A', 'A', 'A', 'A', 'A', 'A', 'A', 'A', 'A', 'A', 'A', 'A', 'A', 'A', 'A', 'A', 'A', 'A', 'A', 'A', 'A', 'A', 'A', 'A', 'A', 'A', 'A', 'A', 'A', 'A', 'A', 'A', 'A', 'A', 'A', 'A', 'A', 'A', 'A', 'A', 'A', 'A', 'A', 'A', 'A', 'A', 'A', 'A', 'A', 'A', 'A', 'A', 'A', 'A', 'A', 'A', 'A', 'A', 'A', 'A', 'A', 'A', 'A', 'A']	97
ENST00000267807:17	['A', 'A', 'A', 'AA', 'A', 'A', 'AA', 'A', 'A', 'AA', 'A', 'A', 'A', 'A', 'A', 'A', 'AA', 'A', 'A', 'A', 'A', 'A', 'A', 'A', 'A', 'A', 'A', 'A', 'A', 'A', 'A', 'A', 'AA', 'A', 'A', 'A', 'A', 'A', 'AA', 'A', 'A', 'A', 'A', 'A', 'A', 'A', 'A', 'A', 'AA', 'A', 'AA', 'A', 'A', 'AA', 'A', 'A', 'AAA', 'A', 'A', 'A', 'A', 'A', 'A', 'A', 'A', 'A', 'AA', 'A', 'A', 'AA', 'A', 'A', 'A', 'A', 'A', 'A', 'A', 'AA', 'A', 'A', 'A', 'AA', 'A', 'A', 'A', 'A', 'A', 'AA', 'A', 'A', 'A', 'A', 'A', 'A', 'A', 'A', 'A', 'A', 'A', 'AA', 'A', 'AAA', 'A', 'A', 'AA', 'AA', 'A', 'A', 'A', 'A', 'AA', 'A', 'A', 'AA', 'A', 'A', 'A', 'A', 'A', 'A', 'A', 'A', 'A', 'A', 'A', 'A', 'A', 'A', 'A', 'A', 'A', 'A', 'A', 'A', 'A', 'A', 'A', 'A', 'A', 'A', 'A', 'A', 'AA', 'AA', 'A', 'A', 'A', 'A', 'A', 'A', 'A', 'A', 'A', 'A', 'AA', 'A', 'A', 'A', 'A', 'A', 'A', 'A', 'A', 'A', 'AA', 'A', 'A', 'A', 'A', 'A', 'A', 'A', 'A', 'A', 'A', 'A', 'A', 'AA', 'A', 'A', 'AA', 'A', 'A', 'A', 'A', 'A', 'AA', 'AA', 'A', 'A', 'A', 'A', 'A', 'A', 'AA', 'A', 'A', 'A', 'A', 'A', 'AA', 'A', 'A', 'A', 'A', 'A', 'A', 'AA', 'A', 'A', 'A', 'A', 'A', 'A', 'A', 'A', 'AA', 'A', 'AA', 'A', 'A', 'A', 'A', 'A', 'AA', 'A', 'A', 'A', 'AAA', 'A', 'A', 'AA', 'A', 'AA', 'AA', 'A', 'A', 'AA', 'A', 'AA']	240
ENST00000267812:7	['A', 'A', 'A', 'A', 'A', 'A', 'A', 'A', 'A', 'A', 'A', 'A', 'A', 'A', 'A', 'A', 'A', 'A', 'A', 'A', 'A', 'A', 'A', 'A', 'A', 'A', 'A']	27
ENST00000267884:3	['A', 'A']	2
ENST00000267890:3	['A', 'A', 'A', 'A']	4
ENST00000268070:5	['A', 'A', 'A', 'A', 'A', 'A']	6
ENST00000268099:6	['GA', 'GA']	2
ENST00000268124:3	['GAG', 'GAG', 'GAG', 'GAG', 'GAG', 'GAG', 'GAG']	7
ENST00000268171:14	['G', 'G']	2
ENST00000268383:4	['A', 'A', 'A', 'A', 'A', 'A', 'A', 'A', 'A']	9
ENST00000268489:8	['AAAA', 'AAA', 'AA', 'AA', 'AAAAA', 'AAA', 'AAA', 'AA', 'AAA', 'AAA', 'AAA', 'AAAA', 'AAAA', 'AAAAA', 'AAA', 'AAA', 'AAA', 'A', 'AA', 'AA', 'AAAAA', 'A', 'AAA', 'AAAA', 'AAAAAA', 'AA', 'AAAA', 'A', 'AAA', 'AAAA', 'AAA', 'A', 'AA', 'AA', 'AA', 'AAAA', 'AA', 'AAAAA', 'AAAAA', 'AA', 'AAAA', 'AAA', 'AA', 'AAA', 'AA', 'AAAA', 'AAAA', 'A', 'AAAA', 'AAAA', 'AA', 'AAAA', 'AAA', 'AAA', 'AA', 'AAA', 'AAA', 'AA', 'AAAAA', 'AAAA', 'AA', 'AA', 'AA', 'AAA', 'AA', 'AA', 'AAA', 'AA', 'AA', 'AA', 'AAA', 'AAAA', 'AA', 'AA', 'AA', 'AAAAAA', 'AAA', 'AAAA', 'AAA', 'AAA', 'AAA', 'A', 'AAAA', 'AA', 'AAAA', 'A', 'AAA', 'AAA']	88
ENST00000268616:12	['G', 'G']	2
ENST00000268676:10	['GACTGCCAGCAG']	1
ENST00000268712:11	['A', 'A', 'A', 'A', 'A', 'A', 'A', 'A', 'A', 'A', 'A', 'A', 'A', 'A', 'A', 'A', 'A', 'A', 'A']	19
ENST00000268712:31	['A', 'A', 'A', 'A', 'A', 'A', 'A', 'A']	8
ENST00000269080:24	['CTAAAAGAAG', 'CTAAAAGAAG']	2
ENST00000269080:29	['A']	1
ENST00000269081:22	['A', 'A', 'A', 'A', 'A', 'A', 'A', 'A']	8
ENST00000269081:27	['A', 'A', 'A', 'A', 'A', 'A', 'A', 'A', 'A', 'A', 'A', 'A', 'A']	13
ENST00000269122:15	['AATA']	1
ENST00000269142:10	['TCTGCTTCTGCAGGTAA', 'TCTGCTTCTGCAGGTAA']	2
ENST00000269162:10	['T']	1
ENST00000269162:9	['T', 'T', 'T', 'T', 'T', 'T']	6
ENST00000269187:9	['A', 'A', 'A', 'A', 'A', 'A', 'A', 'A', 'A', 'A', 'A', 'A', 'A', 'A', 'A', 'A', 'A', 'A', 'A', 'A', 'A', 'A', 'A', 'A', 'A', 'A', 'A', 'A', 'A', 'A', 'A']	31
ENST00000269214:11	['A', 'A', 'A', 'A', 'A', 'A', 'A', 'A', 'A', 'A', 'A', 'A', 'A', 'A', 'A', 'A', 'A', 'A', 'A', 'A', 'A', 'A', 'A', 'A', 'A', 'A', 'A', 'A', 'A', 'A', 'A', 'A']	32
ENST00000269214:6	['A', 'A', 'A', 'A', 'A', 'A', 'A', 'A']	8
ENST00000269228:13	['AAA', 'AA', 'AAAA', 'AAAA', 'AAA', 'AAAA', 'AAAA', 'AAAA', 'AAAAA', 'AAA', 'AAA', 'AAAA', 'AAAA', 'AAAAA', 'AAA', 'AAA', 'AAA', 'AAAAAA', 'AAAAA', 'AAAA', 'AAAAA', 'AAAA', 'AAAA', 'AAAAAA', 'AAAA', 'AAA', 'AAA', 'AA', 'AAA', 'AAAAA', 'AAAAA', 'AA', 'AAAAAA', 'AAAAAA', 'AA', 'AAAAAAA', 'AAA', 'AAAAA', 'AAAAAA', 'AAAA', 'AAAA', 'AAAAA', 'AAAAA', 'AAA', 'AAAA', 'AAA', 'AAAA', 'AAAAA', 'AAAAAA', 'AAAAA', 'AAAAAA', 'AAAAAA', 'AAA', 'AAA', 'AAAA', 'AAAA', 'AAAAAA', 'AAAA', 'AAAAA', 'AAAAAA', 'AAA', 'AAAAA', 'AAAAAA', 'AAAAA', 'AAAAA', 'AAA', 'AAA', 'AAAA', 'AAA', 'AAAA', 'AAA', 'AAAA', 'AAAA', 'AAAA', 'AAAAA', 'AAA', 'AAAA', 'AAA', 'AAAA', 'AAAA', 'AAA', 'AAA', 'AAA', 'AAAAAA', 'AAA', 'AAAAA', 'AAAA', 'AAAA', 'AAA', 'AAA', 'AAAA', 'AAA', 'AAAA', 'AAAA', 'AAAA', 'AAAA', 'AAAAA', 'AAAA', 'AAAAA', 'AAAA', 'AAAAAA', 'AAAAA', 'AAAA', 'AAAA', 'AAAA', 'AA', 'AAAA', 'AA', 'AAAAAA', 'AAAAAAA', 'AAAA', 'AAAAAAA', 'AAAA', 'AAAAA', 'AAAAA', 'AAAA', 'AAAA', 'AAAA', 'AAA', 'AAA', 'AAA', 'AAAA', 'AAAAA', 'AAAAA', 'AAAAA', 'AAAAA', 'AAA', 'AAA', 'AAA', 'AA']	130
ENST00000269228:24	['GA', 'GA', 'GA', 'GA', 'GA', 'GA', 'GA', 'GA', 'GA', 'GA', 'GA', 'GA', 'GA', 'GA', 'GA', 'GA', 'GA', 'GA', 'GA', 'GA', 'GA', 'GA', 'GA', 'GA', 'GA', 'GA', 'GA', 'GA', 'GA', 'GA', 'GA', 'GA']	32
ENST00000269298:3	['GA']	1
ENST00000269305:8	['T', 'T']	2
ENST00000269346:8	['C']	1
ENST00000269392:2	['A']	1
ENST00000269397:1	['G']	1
ENST00000269445:15	['TGTAA', 'TGTAA']	2
ENST00000269844:27	['CA']	1
ENST00000269881:3	['A', 'A']	2
ENST00000270112:3	['TT', 'TT', 'TTT', 'TT', 'TTTTT', 'TT', 'TT', 'TTT', 'TT', 'TTT', 'T', 'TTT', 'TT', 'TT', 'TT', 'TT', 'TT', 'TT', 'TT', 'TTT', 'TT', 'TT', 'TT', 'TT', 'TT', 'TT', 'TTT', 'TT', 'TTT', 'TT', 'TT', 'TT', 'TTT', 'TT', 'TT', 'TT', 'TT', 'TTT', 'TT', 'TT', 'TT', 'TTT', 'TT', 'TTT', 'TTT', 'TTT', 'TTT', 'TT', 'TT', 'TT', 'TT', 'TT', 'TTT', 'TT', 'TT', 'TT', 'TTT', 'TT', 'TT', 'TT', 'TTT', 'TT', 'TTT', 'TT', 'TT', 'T', 'T', 'TT', 'T', 'TTTT', 'TT', 'TTTTT', 'TT', 'TTT', 'T', 'TTT', 'TT', 'T', 'TT', 'TTT', 'TTT', 'TT', 'TTT', 'TTT', 'TT', 'TT', 'TTTT', 'TTTT', 'TTT', 'TTTT', 'TT', 'TT', 'TT', 'TT', 'TT', 'TT', 'T', 'T', 'T', 'TT', 'T', 'T', 'TT']	103
ENST00000270279:10	['TCCAT']	1
ENST00000270570:12	['AG', 'AG']	2
ENST00000271373:2	['A', 'A', 'A', 'A', 'A', 'A', 'A', 'A', 'A', 'A', 'A', 'A', 'A', 'A', 'A', 'A', 'A', 'A', 'A', 'A', 'A', 'A', 'A', 'A', 'A', 'A', 'A', 'A', 'A', 'A', 'A', 'A', 'A', 'A', 'A', 'A', 'A', 'A', 'A', 'AA', 'A', 'A', 'A', 'A', 'A', 'A', 'A', 'A', 'A', 'A', 'AA', 'A', 'A', 'A', 'A', 'A', 'A', 'A', 'A', 'A', 'A', 'A', 'A', 'A', 'A', 'A', 'A', 'A', 'A', 'A', 'A', 'A', 'A', 'A', 'A', 'A', 'A', 'A', 'A', 'A', 'A', 'A', 'A', 'A', 'A', 'A', 'A', 'A', 'A', 'A', 'A', 'A', 'A', 'A', 'A', 'A', 'A', 'A', 'A', 'A', 'A', 'A', 'A', 'A', 'A', 'A', 'A', 'A', 'A', 'A', 'A', 'A', 'A', 'A', 'A', 'A', 'A', 'A', 'A', 'A', 'A', 'A', 'A', 'A', 'A', 'A', 'A', 'A', 'A', 'A', 'A', 'A', 'A', 'A', 'A', 'A', 'A']	137
ENST00000271373:4	['AAA']	1
ENST00000271375:1	['TGTATATGTATTTTTTTTTTTTCAA', 'TGTATATGTATTTTTTTTTTTTCAA']	2
ENST00000271588:49	['T', 'T']	2
ENST00000271620:2	['A', 'A', 'A', 'A', 'A', 'A', 'A', 'A', 'A', 'A', 'A']	11
ENST00000271651:3	['AAA']	1
ENST00000271715:14	['G', 'G', 'G', 'G', 'G']	5
ENST00000271715:16	['A']	1
ENST00000271751:1	['AAA', 'AAA', 'AAA', 'AAAAA', 'AA', 'AAAA', 'AAA', 'AAAAA', 'AAAAAA', 'AAAAA', 'AAA', 'AAA', 'AAAAA', 'AAAA', 'AAA', 'AAAA', 'AAAA', 'AAAAA', 'AAAAA', 'AAAA', 'AAAA', 'AAA', 'AAA', 'AAA', 'AAAAA', 'AA', 'AAAAAA', 'AAAA', 'AAAAA', 'AA', 'AAAAA', 'AAAAAA', 'AAA', 'AAA', 'AAAAAA', 'AAA', 'AAAA', 'AAAA', 'AAAAA', 'AAAAA', 'AAAAA', 'AAAAAA', 'AAAAAA', 'AAAA', 'AA', 'AAAA', 'AAAAA', 'AAAAA', 'AAAA', 'AA', 'AAAA', 'AAAA', 'AA', 'AAA', 'AAA', 'AA', 'AAAA', 'AAAAA', 'AAAAA', 'AAAA', 'AAAA', 'AAA', 'AAAAA', 'AAAA', 'AAAA', 'AAAAA', 'AAAAA', 'AAAA', 'AAAA', 'AAAAAA', 'AAA', 'AAA', 'AAAAAA', 'AAAAA', 'AA', 'AAAAAA', 'AAA', 'AAAA', 'AA', 'AAA', 'AAA', 'AAA', 'AAAA', 'AA', 'AAAAAA', 'AAA', 'AAAAA', 'AAAA', 'AAAAA', 'AAAA', 'AAAA', 'AAAA', 'AAAAA', 'AAAA', 'AAAA', 'AAA', 'AA', 'AAAAA', 'AA', 'AA', 'AAAAA', 'AAAA', 'AAAA', 'AAA', 'AA', 'AAAAA', 'AAAA', 'AAA', 'AA', 'AA', 'AAA', 'AAA', 'AAAA', 'AAA', 'AAA', 'AAAA', 'AAAA', 'AA', 'AAA', 'AAAAA', 'AAA', 'AAA', 'AAA', 'AA', 'AAAAA', 'AA', 'AA', 'A', 'AA', 'AA', 'AAAA', 'AAA', 'AAAA', 'AAAA', 'AAAA', 'AA', 'AAAAA', 'AAA', 'AA', 'AAA', 'AAA', 'AAAA', 'AAA', 'AAAA', 'AAA', 'AAAA', 'AAAA', 'AA', 'AAAA', 'AAA', 'AAA', 'AA', 'AAA', 'AAAA', 'AA', 'AAAAA', 'AAA', 'AA', 'AAA', 'AA', 'AAA', 'AAA', 'AA', 'AAAA', 'AAAA', 'AA', 'AAAA', 'AA', 'A', 'AA', 'AA', 'AAAA', 'AAAA', 'AA', 'AAAAA', 'AAA', 'AA', 'AA', 'AAA', 'AAAA', 'AA', 'AAAAA', 'AAAA', 'AAAAA', 'AAA', 'AAA', 'AAAAAA', 'AA', 'AAAA', 'A']	190
ENST00000271751:10	['GA', 'GA', 'GA', 'GA', 'GA', 'GA', 'GA', 'GA', 'GA', 'GA', 'GA', 'GA', 'GA', 'GAGA', 'GA', 'GAGA', 'GA', 'GA', 'GA', 'GA', 'GA', 'GAGA', 'GA', 'GA', 'GA', 'GA', 'GA', 'GA', 'GA', 'GA', 'GAGA', 'GA', 'GA', 'GA', 'GA', 'GA', 'GA', 'GA', 'GA', 'GA', 'GA', 'GA', 'GA', 'GA', 'GA', 'GA', 'GA', 'GA', 'GA', 'GAGA', 'GA', 'GA', 'GA', 'GA', 'GA', 'GA', 'GA', 'GA', 'GA', 'GA', 'GAGA', 'GA', 'GA', 'GA', 'GA', 'GA', 'GA', 'GA', 'GA', 'GA', 'GA', 'GA', 'GA', 'GAGA', 'GA', 'GA', 'GA', 'GA', 'GA', 'GA', 'GA', 'GA', 'GAGA', 'GA', 'GA', 'GA', 'GA', 'GA', 'GA', 'GA', 'GA', 'GA', 'GA', 'GA', 'GA', 'GA', 'GA', 'GA', 'GA', 'GA', 'GA', 'GA', 'GA', 'GA', 'GA', 'GA', 'GA', 'GA', 'GA', 'GA', 'GA', 'GAGA', 'GA', 'GA', 'GA', 'GA', 'GA', 'GA', 'GA', 'GA', 'GAGA', 'GA', 'GA', 'GA', 'GA', 'GA', 'GA', 'GA', 'GA', 'GA', 'GA', 'GA', 'GA', 'GA', 'GA', 'GA', 'GA', 'GA', 'GA', 'GA', 'GA', 'GA', 'GA', 'GA', 'GA', 'GA', 'GA', 'GA', 'GA', 'GA', 'GA', 'GA', 'GA', 'GA', 'GA', 'GA', 'GA', 'GA', 'GA', 'GA', 'GA', 'GA', 'GA', 'GA', 'GAGA', 'GA', 'GA', 'GA', 'GA', 'GA', 'GA', 'GA', 'GA', 'GA', 'GA', 'GA', 'GA', 'GA', 'GA', 'GA', 'GA', 'GA', 'GA', 'GA', 'GA', 'GA', 'GA', 'GA', 'GA', 'GA', 'GA', 'GA', 'GA', 'GA', 'GA', 'GA', 'GA', 'GA', 'GA', 'GA', 'GA', 'GA', 'GA', 'GA', 'GA', 'GAGA', 'GA', 'GA', 'GAGA', 'GA', 'GA', 'GAGA', 'GA', 'GA', 'GA', 'GA', 'GA', 'GA', 'GA', 'GA', 'GAGA', 'GA', 'GA', 'GA', 'GA', 'GA', 'GA', 'GA', 'GA']	229
ENST00000271764:4	['AAG', 'AAG']	2
ENST00000271971:12	['T', 'T', 'T']	3
ENST00000272065:5	['TTGTTATGCAGGTTTTGCCATTTTCTTCTTTTTCCTGTCCATTTAGGGGAATGACTCTGACTTTGAGACGGTGTACCAGCAG']	1
ENST00000272091:6	['A', 'A']	2
ENST00000272163:7	['AAAA', 'AAAAA', 'A', 'AA', 'AA', 'AAA', 'AAA', 'AAAA', 'AAAAA', 'AA', 'AAA', 'AA', 'AA', 'AAA', 'AAA', 'AA', 'A', 'AA', 'AA', 'AAA', 'AA', 'AAA', 'AAA', 'AAA', 'AAAA', 'AA', 'AAA', 'AAA', 'AAA', 'AAA', 'A', 'AA', 'AA', 'AAAA', 'AA', 'AA', 'A', 'AAA', 'AAA', 'AA', 'AA', 'AAAAA', 'AA', 'AAA', 'AAAA', 'AA', 'A', 'AAA', 'AAA', 'AAA', 'AAAA', 'AAA', 'AAAA', 'AAA', 'AAA', 'AAA', 'AA', 'AAA', 'A', 'AA', 'AAAA', 'AA', 'AAA', 'AA', 'AAA', 'AA', 'A', 'A', 'A', 'AA', 'AAAA', 'AA', 'AAAAA', 'AA', 'AAA', 'AAA', 'A', 'AA', 'AAA', 'AAAAAA', 'AAAA', 'A', 'AAA', 'A', 'AAA', 'AAAA', 'AA', 'AAA', 'AA', 'AAAA', 'AA', 'AA', 'AA', 'A', 'AA', 'A', 'AAAA', 'AAA', 'AAA', 'AAAAA', 'AAAA', 'AAAA', 'AAA', 'AAA', 'AA', 'AAAAA', 'AAA', 'AAAAAA', 'AAAAA', 'AAAAA', 'AA', 'AAAA', 'AAAAA', 'AA', 'AAAA', 'AA', 'AAAA', 'AAAAA', 'AAAA', 'AAAA', 'AAA', 'AAAA', 'AAAA', 'AAA', 'AAAA', 'AA', 'AAAAA', 'AAAAAAA', 'AAAAA', 'AAA', 'AAAA', 'AA', 'AA', 'AAA', 'AAA', 'AAAAA', 'AA', 'AAAA', 'AAA', 'AAAA', 'AA', 'A', 'AAA', 'A', 'A', 'AA', 'A', 'A']	148
ENST00000272190:8	['G', 'G']	2
ENST00000272203:12	['G', 'G']	2
ENST00000272203:8	['GA']	1
ENST00000272227:7	['A', 'A', 'A', 'A', 'A', 'A', 'A', 'A', 'A', 'A', 'A', 'A']	12
ENST00000272238:1	['AATTGGAGGGTAGGGAGTGGTGAGGCGGGGATATCTGACACATCTCTCCTTCTGTTTCTGTTTGTGTATGTTTGTCCTGGTTCTGGGCAGTCACTGGGTAAGAGAAGACTGGAAGCATGTCGGAGTTTTGGTT']	1
ENST00000272322:4	['A', 'A']	2
ENST00000272371:32	['A', 'A']	2
ENST00000272371:9	['G']	1
ENST00000272418:8	['GG']	1
ENST00000272424:3	['A', 'A', 'A', 'A']	4
ENST00000272427:1	['A', 'A', 'A', 'A', 'A', 'A', 'A', 'A', 'A', 'A', 'A', 'A', 'A', 'A', 'A', 'A', 'A', 'A', 'A', 'A', 'A', 'A', 'A', 'A', 'A', 'A', 'A', 'A', 'A', 'A', 'A', 'A', 'A', 'A', 'A', 'A', 'A', 'A', 'A', 'A', 'A', 'A', 'A', 'A', 'A', 'A', 'A', 'A', 'A', 'A', 'A', 'A', 'A', 'A', 'A', 'A', 'A', 'A', 'A', 'A', 'A', 'A', 'A', 'A', 'A', 'A', 'A', 'A', 'A', 'A', 'A', 'A', 'A', 'A', 'A', 'A', 'A', 'A', 'A', 'A', 'A', 'A', 'A', 'A', 'A', 'A', 'A', 'A', 'A', 'A', 'A', 'A', 'A', 'A', 'A', 'A', 'A', 'A', 'A', 'A', 'A', 'A', 'A', 'A', 'A', 'A', 'A', 'A', 'A', 'A', 'A', 'A', 'A', 'A', 'A', 'A', 'A', 'A', 'A', 'A', 'A', 'A', 'A', 'A', 'A', 'A', 'A', 'A', 'A', 'A', 'A', 'A', 'A', 'AA', 'AA', 'A', 'A', 'A', 'A', 'A', 'A', 'A', 'A', 'A', 'A', 'A', 'A', 'A', 'A', 'A', 'A', 'A', 'A', 'A', 'A', 'A', 'A', 'A', 'A', 'A', 'A', 'A', 'A', 'A', 'A', 'A', 'A', 'A', 'A', 'A', 'A', 'A', 'A', 'A', 'A', 'A', 'A', 'A', 'A', 'A', 'A', 'A', 'A', 'A', 'A', 'A', 'A', 'A', 'A', 'A', 'A', 'A', 'A', 'A', 'A', 'A', 'A', 'A', 'A', 'A', 'A', 'A', 'AA', 'A', 'A', 'A', 'A', 'A', 'A', 'A', 'A', 'A', 'A', 'A', 'A', 'A', 'A', 'AA', 'A', 'A', 'A', 'A', 'A']	223
ENST00000272427:10	['CC', 'CC', 'TACC']	3
ENST00000272433:10	['AG', 'AG']	2
ENST00000272433:11	['G', 'G']	2
ENST00000272570:7	['A', 'A', 'A', 'A', 'A', 'A', 'A', 'A', 'A', 'A', 'A', 'A', 'A', 'A', 'A', 'A', 'A', 'A', 'A', 'A', 'A', 'A', 'A', 'A', 'A', 'A', 'A', 'A', 'A', 'A', 'A', 'A', 'A', 'A', 'A', 'A', 'A', 'A', 'A', 'A', 'A', 'A', 'A', 'A', 'A', 'A', 'A', 'A', 'A', 'A', 'A', 'A', 'A', 'A', 'A', 'A', 'A', 'A', 'A', 'A', 'A', 'A', 'A', 'A', 'A', 'A', 'A', 'A', 'A', 'A', 'A', 'A', 'A', 'A', 'A', 'A', 'A', 'A', 'A', 'A', 'A', 'A', 'A', 'A', 'A', 'A', 'A', 'A', 'A', 'A', 'A', 'A', 'A', 'A', 'A', 'A', 'A', 'A', 'A', 'A', 'A', 'A', 'A', 'A', 'A', 'A', 'A', 'A', 'A', 'A', 'A', 'A', 'A', 'A', 'A', 'A', 'A', 'A', 'A', 'A', 'A', 'A', 'A', 'A', 'A', 'A', 'A', 'A', 'A', 'A', 'A', 'A', 'A', 'A', 'A', 'A', 'A', 'A', 'A', 'A', 'A', 'A', 'A', 'A', 'A', 'A', 'A', 'A', 'A', 'A', 'A', 'A', 'A', 'A', 'A', 'A', 'A', 'A', 'A', 'A', 'A', 'A', 'A']	163
ENST00000272647:3	['A', 'A', 'A', 'A', 'A', 'A', 'A', 'A', 'A', 'A', 'A', 'A', 'A', 'A', 'A', 'A', 'A', 'A', 'A', 'A', 'A', 'A']	22
ENST00000272771:3	['G', 'G', 'G', 'G', 'G', 'G', 'G', 'G', 'G']	9
ENST00000272771:5	['A', 'A', 'A', 'A', 'A']	5
ENST00000272793:17	['T', 'T']	2
ENST00000272793:32	['GC']	1
ENST00000272847:10	['CTC', 'CTC']	2
ENST00000272895:22	['A', 'A', 'A', 'A', 'A']	5
ENST00000273130:9	['AAAA', 'AAA', 'AAA', 'AA', 'AAA', 'AA', 'AAA', 'AA', 'AA', 'AA', 'AAA', 'AA', 'AA', 'AAA', 'AAA', 'AAA', 'AAA', 'AA', 'AAAA', 'AAA', 'AAA', 'AAA', 'AAA', 'A', 'AAAA', 'AA', 'AA', 'AAA', 'AA', 'AAA', 'AAA', 'AAA', 'AAAA', 'AA', 'A', 'A', 'A', 'AA', 'AAA', 'AA', 'AA', 'AA', 'AAA', 'AA', 'AAA', 'AAA', 'AAA', 'AA', 'AA', 'AAAA', 'A', 'AAA', 'AAAA', 'AA', 'AAA', 'AA', 'AAA', 'AA', 'AAA', 'AAA', 'AAA', 'AAA', 'AAA', 'AA', 'AAA', 'AA', 'AA', 'AAAA', 'AAA', 'AA', 'A', 'AAA', 'AAAA', 'AAA', 'AAAAA', 'A', 'A', 'AAA', 'AAA', 'AA', 'AA', 'AA', 'AAA', 'AAA', 'A', 'AAA', 'AAA', 'AAA', 'AA', 'AA', 'AAA', 'A', 'AAA', 'AA', 'AAA', 'AAA', 'AA', 'AA', 'A', 'AAA', 'A', 'AAAAA', 'AAAAAA', 'AA', 'AAAA', 'AAA', 'AAA', 'AAA', 'AAA', 'AAAA', 'AA', 'A', 'AA', 'AA', 'AAA', 'AAAA', 'AAA', 'AA', 'AAAAA', 'AA', 'A', 'AAAA', 'AAAAA', 'AAA', 'AAAA', 'AAA', 'AAA', 'AAA', 'AAAAA', 'AA', 'AAA', 'AAAA', 'AAA', 'AAA', 'AA', 'AAAA', 'AAA', 'AAA', 'AAAAA', 'AA', 'AAAA', 'GAAA', 'AAAAA', 'AAA', 'AA', 'AAA', 'AAAA', 'AAA', 'AAA', 'AA', 'AAAA', 'AA', 'AA', 'A', 'AA', 'AAA', 'A', 'AA', 'AAA', 'A', 'AAA']	161
ENST00000273173:2	['C', 'C']	2
ENST00000273179:6	['A']	1
ENST00000273183:4	['T', 'T']	2
ENST00000273183:9	['C']	1
ENST00000273347:6	['A', 'A', 'A', 'A', 'A', 'A', 'A', 'A', 'A', 'A', 'A', 'A', 'A', 'A', 'A', 'A', 'A', 'A', 'A', 'A']	20
ENST00000273352:5	['A', 'A']	2
ENST00000273353:1	['A', 'A', 'A', 'A', 'A', 'AA', 'A', 'A', 'AA', 'A', 'A', 'A', 'A', 'A', 'AA', 'A', 'A', 'A', 'A', 'AA', 'A', 'A', 'A', 'A', 'A', 'A', 'A', 'A', 'A', 'A', 'A', 'A', 'A', 'A', 'A', 'A', 'A', 'A', 'A', 'A', 'A', 'A', 'AA', 'A', 'AA', 'A', 'A', 'A', 'A', 'A', 'A', 'A']	52
ENST00000273353:17	['AAA', 'AAA', 'AAA', 'AA', 'AAA', 'AAA', 'AAAA', 'AA', 'AAAA', 'AAA', 'AAAA', 'AAAA', 'AAAA', 'AAAA', 'AAAA', 'AAAA', 'AAAA', 'A', 'AAAA', 'AAAA', 'AAA', 'AAA', 'AAA', 'AAAA', 'AAA', 'A', 'AAAA', 'AAA', 'AAAA', 'AAAA', 'AAAA', 'AAA', 'AAAA', 'A', 'AA', 'AAA', 'AAA', 'AAAA', 'AAAA', 'AAA', 'AAAA', 'AAAAA', 'AAA', 'AAA', 'AA', 'AAAA', 'AAA', 'AAAA', 'AA', 'AAA', 'AAAA', 'AAA', 'AA', 'AAA', 'AAAA', 'AA', 'AAAA', 'AA', 'AAAA', 'AAAA', 'AAAA', 'AAA', 'AAAA', 'AAAA', 'AAA', 'AAAA', 'AAA', 'AAA', 'AAA', 'AAA', 'AAA', 'AA', 'AAAA', 'AAAA', 'AAA', 'AAA', 'AAA', 'AAA', 'AAAA', 'AAAA', 'AAAA', 'AAAA', 'AAAA', 'AAAA', 'AAA', 'AA', 'AAA', 'AAAA', 'AAAA', 'AAA', 'AAA', 'AAA', 'AAAA', 'AAAA', 'AAA', 'AAA', 'AAA', 'AA', 'AAAA', 'AAA', 'AAAA', 'AAA', 'AA', 'AAA', 'AAA', 'AA', 'AAA', 'AAA', 'AAAA', 'AAA', 'AAAA', 'AAA', 'AAAA', 'AAA', 'AAA', 'AAA', 'AA', 'AAA', 'AAA', 'AAA', 'AAA', 'AAA', 'AAAA', 'AAAA', 'AAA', 'AAAA', 'AAA', 'AAAA', 'AAA', 'A', 'AAAA', 'AAA', 'AA', 'AAAA', 'A', 'AAA', 'C']	137
ENST00000273353:19	['A', 'A', 'A', 'A', 'A', 'A', 'A', 'A', 'A', 'A', 'A', 'A', 'A', 'A', 'AA', 'A', 'A', 'A', 'A', 'A', 'A', 'A', 'AAA', 'A', 'A', 'A', 'A', 'A', 'A', 'A', 'A', 'A', 'A', 'A', 'A', 'A', 'A', 'A', 'A', 'A', 'A', 'A', 'A', 'A', 'A', 'A', 'A', 'A', 'A', 'A', 'A', 'AA', 'A', 'A', 'A', 'A', 'AA', 'A', 'A', 'A', 'A', 'A', 'A', 'A', 'A', 'A', 'A', 'A', 'A', 'A', 'A', 'A', 'A', 'A', 'A', 'A', 'A', 'A', 'A', 'A', 'A', 'A', 'A', 'A', 'A', 'A', 'A', 'A', 'A', 'A', 'A', 'A', 'A', 'A', 'A', 'A', 'A', 'A', 'A', 'A', 'A', 'A', 'A', 'A', 'A', 'A', 'A', 'A', 'A', 'A', 'A', 'AA', 'AA', 'A', 'A', 'A', 'A', 'A', 'A', 'A', 'AA', 'A', 'A', 'A', 'A', 'A', 'A', 'A', 'A', 'A', 'A', 'A', 'A', 'A', 'A', 'A', 'A', 'A', 'A', 'A', 'A', 'A', 'A', 'A', 'AA', 'A', 'A', 'A', 'A', 'A', 'AA', 'A', 'A', 'A', 'A', 'A', 'A', 'A', 'A', 'A', 'A', 'A', 'A', 'A', 'A', 'AA', 'A', 'AA', 'A', 'A', 'A', 'A', 'A', 'A', 'A', 'A', 'A', 'A', 'A', 'A']	180
ENST00000273353:40	['AAAT', 'AAAAT', 'AAAAT', 'AAT', 'AAAAT', 'AAT', 'AAAAT', 'AAT']	8
ENST00000273368:4	['A', 'A']	2
ENST00000273390:13	['T', 'T', 'T', 'T']	4
ENST00000273398:3	['T', 'T', 'T', 'T']	4
ENST00000273666:9	['TTC', 'TTC', 'TTC', 'TC', 'TTC', 'TTC', 'TC', 'TTC', 'C', 'C', 'TTC', 'TTC', 'TC', 'TTC', 'TTC', 'TC', 'TTC', 'TTC', 'TTC', 'TC', 'TTC', 'TTC', 'TTC', 'C', 'TTC', 'C', 'TTC', 'TC', 'TC', 'TTC', 'TC', 'TTC', 'TC', 'TC', 'TC', 'TTC', 'TTC', 'TTC', 'TTC', 'TTC', 'TC', 'C', 'TTC', 'TTC', 'TC', 'TC', 'TTC', 'C', 'TC', 'TC', 'TC']	51
ENST00000273783:10	['G', 'G']	2
ENST00000273853:11	['A', 'A']	2
ENST00000273857:2	['A']	1
ENST00000273857:4	['A', 'AA', 'AA', 'AA', 'AAA', 'AAA', 'AAA', 'AA', 'AA', 'AA', 'AA', 'AA', 'AAA', 'A', 'A', 'AA', 'AA', 'AA', 'AA', 'AA', 'AA', 'A', 'AAA', 'A', 'AA', 'AAA', 'AAA', 'AA', 'AAA', 'AA', 'AAA', 'AA', 'AAA', 'A', 'AA', 'AA', 'AA', 'AAA', 'AA', 'AA', 'AAA', 'AAA', 'A', 'AA', 'A', 'AAAA', 'AA', 'AA', 'A', 'AA', 'A', 'AA', 'AA', 'AA', 'AAAA', 'AA', 'AA', 'A', 'A', 'AA', 'A', 'A', 'A', 'A', 'A', 'A', 'A', 'A', 'A', 'A', 'A', 'AAA', 'A', 'A', 'A', 'A', 'A', 'AA', 'AAAAA', 'A', 'AA', 'A', 'A', 'A', 'A', 'A', 'A', 'AAAA', 'AAA', 'A', 'AA', 'A', 'A', 'AAA', 'A', 'AAA', 'AA', 'A', 'A', 'AA', 'AAA', 'AA', 'AA', 'A', 'A', 'A', 'AA', 'A', 'A', 'A', 'AA']	111
ENST00000273857:5	['A', 'A', 'A', 'A', 'A', 'A', 'AA', 'A', 'A', 'A', 'A', 'A', 'A', 'A', 'A', 'A', 'A', 'A', 'A', 'A', 'A', 'A', 'A', 'A', 'A', 'A', 'A', 'A', 'A', 'A', 'A', 'A', 'A', 'A', 'A', 'A', 'A', 'A', 'A', 'A', 'A', 'A', 'A', 'A', 'A', 'A', 'A', 'A', 'AA', 'A', 'A', 'A', 'A', 'A', 'A', 'A', 'A', 'A', 'A', 'A', 'A', 'A', 'A', 'A', 'A', 'A', 'A', 'AA', 'A', 'A', 'A', 'A', 'A', 'A', 'A', 'A', 'A', 'A', 'A', 'A', 'A', 'A', 'A', 'A', 'A', 'A', 'A', 'A', 'A', 'A', 'A', 'A', 'A', 'A', 'A', 'A', 'A', 'A', 'A', 'A', 'A', 'A', 'A', 'A', 'A', 'A', 'A', 'A', 'A', 'A', 'A', 'A', 'A', 'A', 'A', 'A', 'A', 'A', 'A', 'A', 'A', 'A', 'A', 'A', 'A', 'A', 'A', 'A', 'A', 'A', 'A', 'A', 'A', 'A', 'A', 'A', 'A', 'A', 'A', 'A', 'A', 'A', 'AA', 'A', 'A', 'A', 'A', 'A', 'A', 'A', 'A', 'A', 'A', 'A', 'A', 'A', 'A', 'AA', 'AA', 'A', 'A', 'A', 'A', 'A', 'A', 'A', 'A', 'A', 'A', 'A', 'A', 'A', 'A', 'A', 'A', 'A', 'A', 'A', 'AA', 'A', 'A', 'A', 'A', 'A', 'A', 'A', 'A', 'AA', 'A', 'A', 'A', 'A', 'A', 'A', 'A', 'A', 'A', 'A', 'A', 'A', 'A', 'A', 'A', 'A', 'A', 'A', 'A', 'A', 'A', 'A', 'A', 'A', 'AA', 'A', 'A', 'A', 'A', 'A', 'A', 'A', 'A', 'AA', 'AA', 'A', 'A', 'A', 'A', 'A', 'A', 'A', 'A', 'A', 'A', 'A', 'A', 'A', 'A', 'A', 'A', 'AA', 'A', 'A', 'AA', 'A', 'A', 'A', 'A', 'A', 'A', 'A', 'A', 'A', 'A', 'A', 'A', 'A', 'A', 'A']	258
ENST00000273980:16	['A']	1
ENST00000273980:24	['A', 'A', 'A', 'A', 'A', 'A', 'A', 'A', 'AA', 'A', 'A', 'A', 'A', 'A', 'A', 'A', 'A', 'A', 'A', 'A', 'A', 'A', 'A', 'A', 'A', 'A', 'A', 'A', 'A', 'A', 'A', 'A', 'A', 'A', 'AA', 'A', 'A', 'A', 'A', 'A', 'A', 'A', 'A', 'A', 'A', 'A', 'A', 'A', 'A', 'A', 'A', 'A', 'A', 'A', 'A', 'A', 'A', 'A', 'A', 'A', 'A', 'A', 'A', 'A', 'A', 'A', 'A', 'A', 'A', 'A', 'A', 'A', 'A', 'A', 'A', 'A', 'A', 'A', 'A', 'A', 'A', 'A', 'A', 'A', 'A', 'A', 'A', 'A', 'A', 'A', 'A', 'A', 'A', 'AA', 'A', 'A', 'A', 'A', 'A', 'A', 'A', 'A', 'A', 'A', 'A', 'A', 'A', 'A', 'A', 'A', 'A', 'A', 'A', 'A', 'A', 'A', 'A', 'A', 'A', 'A', 'A', 'A', 'A', 'A', 'A', 'A', 'A', 'A', 'A', 'AA', 'A', 'A', 'A', 'A', 'A', 'AA', 'A', 'A']	138
ENST00000273980:26	['A', 'A', 'A', 'A', 'A', 'A', 'A', 'A', 'A', 'A', 'A', 'A', 'A', 'A', 'A', 'A', 'A', 'A', 'A', 'A', 'A', 'A', 'A', 'A', 'A', 'A', 'A', 'A', 'A', 'A', 'A', 'A', 'A', 'A', 'A', 'A', 'A', 'A', 'A', 'A', 'A', 'A', 'A', 'A', 'A', 'A', 'A', 'A', 'A', 'A', 'A', 'A', 'A', 'A', 'A', 'A', 'A', 'A', 'A', 'A', 'A', 'A', 'A', 'A', 'A', 'A', 'A', 'A', 'A', 'A', 'A', 'A', 'A', 'A', 'A', 'A', 'A', 'A', 'A', 'A', 'A', 'A', 'A', 'A', 'A', 'A', 'A', 'A', 'A', 'A', 'A', 'A', 'A', 'A', 'A', 'A', 'A', 'A', 'A', 'A', 'A', 'A', 'A', 'AA', 'A', 'A', 'A', 'A', 'A', 'A', 'A', 'A', 'A', 'A', 'A', 'A', 'A', 'A', 'A', 'A', 'A', 'A', 'A', 'A', 'A', 'A', 'A', 'A', 'A', 'A', 'A', 'A', 'A', 'A', 'A', 'A', 'A', 'A', 'A', 'A', 'A', 'A', 'A', 'A', 'A', 'A', 'A', 'A', 'A', 'A', 'A', 'A']	152
ENST00000273980:7	['AAATA', 'AAATA', 'AAATA', 'AAATA', 'AAATA']	5
ENST00000273990:1	['A', 'A']	2
ENST00000274026:1	['A', 'A', 'A', 'A', 'A', 'A', 'A', 'A', 'A', 'A', 'A', 'A', 'A', 'A', 'A', 'A', 'A', 'A', 'A', 'A', 'A', 'A', 'A', 'A', 'A', 'A', 'A', 'A', 'A', 'A', 'A', 'A', 'A', 'A', 'A', 'A', 'A', 'A', 'A', 'A', 'A', 'A', 'A', 'A', 'A', 'A', 'A', 'A', 'A', 'A', 'A']	51
ENST00000274140:10	['AG']	1
ENST00000274170:6	['A', 'A', 'A', 'A', 'A', 'A', 'A', 'A', 'A', 'A', 'A']	11
ENST00000274181:14	['CCTCATGGGC', 'CCTCATGGGC']	2
ENST00000274278:4	['AG']	1
ENST00000274376:6	['T', 'T']	2
ENST00000274498:16	['T']	1
ENST00000274547:1	['AAAA', 'AAAAA', 'AAAAA', 'A', 'A', 'AA']	6
ENST00000274547:8	['A', 'A', 'A', 'A', 'A', 'A', 'A', 'A', 'A', 'A', 'A', 'A', 'A', 'A', 'A', 'A', 'A', 'A', 'A', 'A', 'A', 'A', 'A', 'A', 'A', 'A', 'A', 'A', 'A', 'A', 'A', 'A', 'A', 'A', 'A', 'A', 'A', 'A', 'A', 'A', 'A', 'A', 'A', 'A', 'A', 'A', 'A', 'A', 'A', 'A', 'A']	51
ENST00000274721:3	['G', 'G', 'G', 'G', 'G', 'G']	6
ENST00000274813:3	['A', 'A', 'AAA', 'AA', 'AA', 'AA', 'AA', 'AA', 'AA', 'AA', 'AA', 'AA', 'AA', 'AA', 'AA', 'AA', 'AA', 'AA', 'AA', 'A', 'AA', 'A', 'A', 'AA', 'A', 'A', 'A', 'AA', 'A', 'A', 'A', 'AA', 'AA', 'A', 'A', 'A', 'AA', 'AA', 'A', 'A', 'A', 'A', 'AA', 'A', 'AA', 'A', 'A', 'A', 'A', 'A', 'A', 'A', 'A', 'A', 'A', 'AA', 'A', 'A', 'AA', 'A', 'A', 'AAA', 'AA', 'A', 'A', 'A', 'A', 'A', 'A', 'A', 'A', 'A', 'A', 'A', 'A', 'A', 'A', 'A', 'A', 'AA', 'A', 'A', 'A', 'A', 'A', 'AA', 'A', 'A', 'A', 'A', 'A', 'A', 'A', 'A', 'A', 'A', 'A', 'A', 'A', 'A', 'A', 'A', 'A', 'A', 'A', 'A', 'A', 'A', 'A', 'A', 'A', 'A', 'A', 'AA', 'A', 'A', 'A', 'A', 'A', 'A', 'A', 'A']	122
ENST00000274813:6	['AG', 'AG']	2
ENST00000274979:9	['C', 'C', 'C', 'C', 'C', 'C', 'C', 'C']	8
ENST00000275053:1	['GGGGGG', 'GGGG', 'GGGGG', 'GGGGGG', 'GGGG', 'GGGGG', 'GGGG', 'GGGG', 'GGGG', 'GGGG', 'GGGG', 'GGGGG', 'GGGG', 'GGGG', 'GGGG', 'GGGGG', 'GGGGG', 'GGGG', 'GGGGG', 'GGGGG', 'GGGG', 'GGGGG', 'GGGG', 'GGGG', 'GGGGG', 'GGGGG', 'GGGG', 'GGGG', 'GGGG', 'GGGG', 'GGGG', 'GGGG', 'GGGG', 'GGGG', 'GGGGG', 'GGGGG', 'GGGG', 'GGGGG', 'GGGG', 'GGGGG', 'GGGG', 'GGGG', 'GGGG', 'GGGG', 'GGGG', 'GGGG', 'GGGG', 'GGGG', 'GGGG', 'GGGG', 'GGGGG', 'GGGG', 'GGGG', 'GGGGG', 'GGG', 'GGGG']	56
ENST00000275072:6	['TGT', 'TGT']	2
ENST00000275233:17	['A', 'A']	2
ENST00000275233:19	['A', 'A', 'A', 'A', 'A', 'A', 'A', 'A', 'A', 'A', 'A', 'A', 'A', 'A', 'A', 'A', 'A', 'A', 'A', 'A']	20
ENST00000275233:23	['A', 'A']	2
ENST00000275233:27	['A', 'A', 'A', 'A', 'A', 'A', 'A', 'A']	8
ENST00000275233:4	['A', 'A']	2
ENST00000275233:5	['A', 'A', 'A', 'A']	4
ENST00000275235:2	['TTTTCCTTCCAGTTTGTTGTAGCAGTG']	1
ENST00000275358:12	['A', 'A', 'A', 'A', 'A', 'A', 'A']	7
ENST00000275358:19	['A', 'A', 'A', 'A', 'A', 'A', 'A', 'A', 'A', 'A', 'A', 'A', 'A', 'A', 'A', 'A', 'A', 'A', 'A', 'A', 'A', 'A', 'A', 'A', 'A', 'A', 'A', 'A', 'A', 'A', 'A', 'A', 'A', 'A', 'A', 'A', 'A', 'A', 'A', 'A', 'A', 'A', 'A', 'A']	44
ENST00000275560:6	['T']	1
ENST00000275857:2	['A', 'A', 'A', 'A', 'A', 'A', 'A', 'A', 'A', 'A', 'A', 'A', 'A', 'A', 'A', 'A', 'A', 'A', 'A', 'A', 'A', 'A', 'A', 'A', 'A', 'A', 'A', 'A', 'A', 'A', 'A', 'A', 'A', 'A', 'A', 'A', 'A', 'A']	38
ENST00000275884:18	['A', 'A', 'A', 'A', 'A', 'A', 'A', 'A', 'A', 'A', 'A', 'A', 'A', 'A', 'A', 'A', 'A', 'A', 'A', 'A', 'A', 'A', 'A', 'A', 'A', 'A', 'A', 'A', 'A', 'A', 'A', 'A', 'A', 'A', 'A', 'A', 'A', 'A', 'A', 'A', 'A', 'A', 'A', 'A', 'A', 'A', 'A', 'A', 'A', 'A', 'A', 'A', 'A', 'A', 'A', 'A', 'A', 'A', 'A', 'A', 'A', 'A', 'A', 'A', 'A', 'A', 'A', 'A', 'A', 'A', 'A', 'A', 'A', 'A', 'A', 'A', 'A', 'A', 'A', 'A', 'A', 'A', 'A', 'A', 'A', 'A', 'A', 'A', 'A', 'A', 'A', 'A', 'A', 'A', 'A', 'A', 'AA', 'A', 'A', 'A', 'A', 'A', 'A', 'A', 'A', 'A', 'A', 'A', 'A', 'A', 'A', 'A', 'A', 'A', 'A', 'A']	116
ENST00000276014:2	['T', 'T']	2
ENST00000276014:4	['GAA']	1
ENST00000276079:3	['TC', 'TC']	2
ENST00000276211:1	['T']	1
ENST00000276211:10	['T', 'T']	2
ENST00000276297:4	['A', 'A', 'A', 'A', 'A', 'A', 'A', 'A', 'A', 'A', 'A', 'A', 'A', 'A', 'A', 'A', 'A', 'A', 'A', 'A', 'A', 'A', 'A', 'A', 'A', 'A', 'A', 'A', 'A', 'A', 'A', 'A', 'A', 'A']	34
ENST00000276416:2	['GA']	1
ENST00000276431:5	['A', 'A']	2
ENST00000276431:6	['A']	1
ENST00000276480:12	['A', 'A', 'A', 'A']	4
ENST00000276654:3	['A', 'A', 'A', 'A', 'A', 'A', 'A', 'A', 'A', 'A', 'A', 'A', 'A', 'A', 'A', 'A', 'A', 'A', 'A', 'A', 'A', 'A', 'A', 'A', 'A', 'A', 'A', 'A', 'A', 'A', 'A']	31
ENST00000276654:6	['A', 'A']	2
ENST00000276692:9	['A', 'A', 'A', 'A', 'A', 'A', 'A', 'A', 'A', 'A', 'A', 'A', 'A', 'A', 'A', 'A', 'A', 'A', 'A', 'A', 'A', 'A', 'A', 'A', 'A', 'A', 'A', 'A', 'A', 'A', 'A', 'A', 'A', 'A', 'A', 'A', 'A', 'A', 'A', 'A', 'A', 'A', 'A', 'A', 'A', 'A', 'A', 'A', 'A', 'A', 'A', 'A', 'A', 'A', 'A', 'A', 'A', 'A', 'A', 'A', 'A', 'A', 'A', 'A', 'A', 'A', 'A']	67
ENST00000276708:8	['A', 'A', 'A']	3
ENST00000276826:2	['G', 'G', 'G']	3
ENST00000276925:1	['AG']	1
ENST00000277225:10	['TTACCAGG']	1
ENST00000277517:3	['A', 'A']	2
ENST00000277531:27	['G', 'G']	2
ENST00000277570:2	['AC', 'AC', 'AC']	3
ENST00000277632:1	['A', 'A']	2
ENST00000277632:11	['G', 'G']	2
ENST00000277632:5	['A', 'A', 'A', 'A', 'A', 'A', 'A', 'A', 'A', 'A', 'A', 'A', 'A', 'A', 'A', 'A', 'A', 'A', 'A', 'A', 'A', 'A', 'A', 'A', 'A', 'A', 'A', 'A', 'A', 'A', 'A', 'A', 'A', 'A', 'A', 'A', 'A', 'A', 'A', 'A', 'A', 'A', 'A', 'A', 'A', 'A', 'A', 'A', 'A', 'A', 'A', 'A', 'A']	53
ENST00000277865:10	['A', 'A', 'A']	3
ENST00000278174:8	['GAAA', 'GAAA']	2
ENST00000278187:3	['T']	1
ENST00000278193:4	['A', 'A', 'A', 'A', 'A', 'A', 'A', 'A', 'A', 'A', 'A', 'A', 'A', 'A', 'A', 'A', 'A', 'A', 'A', 'A', 'A', 'A', 'A', 'A', 'A', 'A', 'A', 'A', 'A', 'A', 'A', 'A', 'A', 'A', 'A', 'A', 'A', 'A', 'A', 'A', 'A', 'A', 'A', 'A', 'A', 'A', 'A', 'A', 'A', 'A', 'A', 'A', 'A', 'A', 'A', 'A', 'A', 'A', 'A', 'A', 'A', 'A', 'A', 'A', 'A', 'A', 'A', 'A', 'A', 'A', 'A', 'A', 'A', 'A', 'A', 'A', 'A', 'A', 'A', 'A', 'A', 'A', 'A', 'A', 'A', 'A', 'A', 'A', 'A', 'A', 'A', 'A', 'A', 'A', 'A', 'G', 'A', 'A', 'A', 'A', 'AA', 'A', 'A', 'AA', 'A', 'A', 'A', 'A', 'A', 'A', 'A', 'A', 'AA', 'A', 'A', 'A', 'AA', 'A', 'A', 'A', 'A', 'A', 'A', 'A', 'A', 'A', 'A', 'A', 'A', 'A', 'A', 'A', 'A', 'A', 'A', 'A', 'AA', 'A', 'AA', 'A', 'A', 'AA', 'A', 'A', 'A', 'A', 'A', 'G']	148
ENST00000278302:2	['AGG', 'AGG']	2
ENST00000278612:13	['A', 'A', 'A', 'A', 'A', 'A', 'A', 'A', 'A', 'A', 'A', 'A', 'A', 'A', 'A', 'A', 'A']	17
ENST00000278616:47	['T', 'T', 'T', 'T', 'T', 'T', 'T', 'T', 'T', 'T', 'T']	11
ENST00000278655:13	['A']	1
ENST00000278655:25	['TC', 'TC']	2
ENST00000278655:34	['TG', 'G']	2
ENST00000278715:12	['G', 'G']	2
ENST00000278742:10	['T']	1
ENST00000278823:4	['GA', 'GA']	2
ENST00000278829:4	['GGA']	1
ENST00000278836:6	['CCCTC']	1
ENST00000278886:17	['A', 'A']	2
ENST00000278886:19	['A']	1
ENST00000278888:5	['T', 'T', 'T', 'T', 'T', 'T', 'T', 'T', 'T', 'T', 'T', 'T', 'T', 'T', 'T', 'T', 'T', 'T', 'T', 'T', 'T', 'T', 'T', 'T', 'T', 'T', 'T', 'T', 'T', 'T', 'T', 'T', 'T', 'T', 'T', 'T', 'T', 'T', 'T', 'T', 'T', 'T', 'T', 'T', 'T', 'T', 'T', 'T', 'T', 'T', 'T', 'T', 'T', 'T', 'T', 'T', 'T', 'T', 'T', 'T', 'T', 'T', 'T', 'T', 'T', 'T', 'T', 'T', 'T', 'T', 'T', 'T', 'T', 'T', 'T', 'T', 'T', 'T', 'T', 'T', 'T', 'T', 'T', 'T', 'T', 'T', 'T', 'T', 'T', 'T', 'T', 'T', 'T', 'T', 'T', 'T', 'T', 'T', 'T', 'T', 'T', 'T', 'T', 'T', 'T', 'T', 'T', 'T', 'T', 'T', 'T', 'T', 'T', 'T', 'T', 'T', 'T', 'T', 'T', 'T', 'T', 'T', 'T', 'T', 'T', 'T', 'T', 'T', 'T', 'T', 'T', 'T', 'T', 'T', 'T', 'T', 'T', 'T', 'T', 'T', 'T', 'T', 'T', 'T', 'T', 'T', 'T', 'T', 'T', 'T', 'T', 'T', 'T', 'T', 'T', 'T', 'T', 'T', 'T', 'T', 'T', 'T', 'T', 'T', 'T', 'T', 'T', 'T', 'T', 'T', 'T', 'T', 'T', 'T', 'T', 'T', 'T', 'T', 'T', 'T', 'T', 'T', 'T', 'T', 'T', 'T', 'T', 'T', 'T', 'T', 'T', 'T', 'T', 'T', 'T', 'T', 'T', 'T', 'T', 'T', 'T', 'T', 'T', 'T', 'T', 'T', 'T', 'T', 'T', 'T', 'T', 'T', 'T', 'T', 'T', 'T', 'T', 'T', 'T', 'T', 'T', 'T', 'T', 'T', 'T', 'T', 'T', 'T', 'T', 'T', 'T', 'T', 'T', 'T', 'T', 'T', 'T', 'T', 'T', 'T', 'T', 'T', 'T', 'T', 'T', 'T', 'T', 'T', 'T', 'T', 'T', 'T', 'T', 'T', 'T', 'T', 'T', 'T', 'T', 'T', 'T', 'T', 'T', 'T', 'T', 'T', 'T', 'T', 'T', 'T', 'T', 'T', 'T', 'T', 'T', 'T', 'T', 'T', 'T', 'T', 'T', 'T', 'T', 'T', 'T', 'T', 'T', 'T', 'T', 'T', 'T', 'T', 'T', 'T', 'T', 'T', 'T', 'T', 'T', 'T']	300
ENST00000278980:6	['AAAA', 'AA', 'AAAA', 'AAAAA', 'AAAAAA', 'AAA', 'AAA', 'AAAA', 'AAAAA', 'AAAAA', 'AAAAA', 'AAAA', 'AAAAA', 'AAAA', 'AAAA', 'AAAAAA', 'AAAAAAA', 'AA', 'AA', 'AAAA', 'AAAAAA', 'AAA', 'AAAA', 'AAAAA', 'AAAAA', 'AAAAAA', 'AAAAA', 'AAAA', 'AAAAAA', 'AAAAA', 'AAAAA', 'AAAAAA', 'AAAAAA', 'AAAAA', 'AAAAAA', 'AAAA', 'AAAA', 'AAA', 'AAAA', 'AAA', 'AAAAA', 'AAAAAA', 'AAA', 'AAAAA', 'AAA', 'AAAAAA', 'AAAA', 'AAAA', 'AAAAA', 'AAAAA', 'AAAA', 'AAAA', 'AAAA', 'AAA', 'A', 'AAAA', 'AAAAA', 'AAAA', 'AAAAA', 'AAAAAA', 'AAAAA', 'AAAAA', 'AAAAA', 'AAAA', 'AAAAA', 'AAAA', 'AAAAA', 'AAA', 'AAAAA', 'AAAAAA', 'AAAA', 'AAA', 'AAAA', 'AAAAA', 'AAA', 'AAAAA', 'AAAA', 'AAAA', 'AAAAA', 'AAA', 'AAAAA', 'AAA', 'AAAA', 'AAAAA', 'AAAAAA', 'AAAA', 'AAAA', 'AAAA', 'AAA', 'AAAA', 'C', 'C', 'C', 'AAAA', 'AAAA', 'AA', 'AAAAA', 'AA', 'AAAA', 'AAAA', 'AAAA', 'AAAAA', 'AAAAA', 'AAAA', 'AAAA', 'AAAAA', 'AAAA', 'AAA', 'AAAAA', 'AAA', 'AAAA', 'AAAAA', 'AAA', 'AAAA', 'C', 'C', 'A', 'AAA', 'A', 'AAAA', 'AAAAA', 'AA', 'AAAAA', 'AAA', 'A', 'A', 'AAA', 'C']	128
ENST00000279027:9	['AG']	1
ENST00000279068:6	['G']	1
ENST00000279147:1	['GAA', 'GAA']	2
ENST00000279230:15	['G']	1
ENST00000279230:18	['C', 'C', 'C']	3
ENST00000279230:21	['C', 'C']	2
ENST00000279242:3	['GTGG']	1
ENST00000279263:8	['CT']	1
ENST00000279839:6	['A', 'A', 'A', 'A', 'A', 'A', 'A']	7
ENST00000279907:6	['A', 'A', 'A', 'A', 'A', 'A', 'A', 'A', 'A', 'A', 'A', 'A', 'A', 'A', 'A', 'A', 'A', 'A', 'A', 'A', 'A', 'A', 'A', 'A', 'A', 'A', 'A', 'A', 'A', 'A', 'A', 'G', 'A', 'A', 'A', 'A', 'A', 'A', 'A', 'A', 'A', 'A', 'A', 'A', 'A', 'A', 'A', 'A', 'A', 'A', 'A', 'A', 'A', 'A', 'A', 'A', 'G', 'A', 'A', 'A', 'A', 'A', 'A', 'A', 'A', 'A', 'A', 'A', 'A']	69
ENST00000279907:8	['A', 'A', 'A', 'A', 'A', 'A', 'A', 'A', 'A', 'A']	10
ENST00000280020:3	['T', 'T']	2
ENST00000280083:1	['C']	1
ENST00000280200:1	['A', 'A', 'A', 'A', 'A', 'A', 'A', 'A', 'A', 'A', 'A', 'A', 'AA', 'A', 'A', 'A', 'A', 'A', 'A', 'A', 'A', 'A', 'A', 'A', 'A', 'A', 'A', 'A', 'AA', 'A', 'A', 'A', 'A', 'A', 'A', 'A', 'AA', 'A', 'A', 'A', 'A', 'A', 'AA', 'A', 'A', 'A', 'A', 'A', 'A', 'A', 'AAA', 'A', 'A', 'AA', 'A', 'A', 'A', 'A', 'A', 'AAA', 'A', 'A', 'A', 'AA', 'AAA', 'A', 'AA', 'A', 'A', 'A', 'A', 'A', 'A', 'A', 'A', 'AA', 'AA', 'A', 'A', 'A', 'A', 'A', 'AA', 'A', 'A', 'A', 'AA', 'A', 'A', 'A', 'A', 'AA', 'A', 'A', 'A', 'A', 'A', 'AA', 'A', 'A']	100
ENST00000280333:3	['CTT']	1
ENST00000280333:32	['CCA']	1
ENST00000280333:51	['T', 'T']	2
ENST00000280350:4	['A', 'A']	2
ENST00000280357:2	['G']	1
ENST00000280358:2	['TTTGTCCTG', 'TTTGTCCTG', 'TTTGTCCTG']	3
ENST00000280377:1	['T', 'T']	2
ENST00000280377:11	['T', 'T']	2
ENST00000280481:14	['TC']	1
ENST00000280551:13	['AAA', 'A', 'A', 'AAA', 'AAAA', 'AAA', 'AAA', 'AA', 'AA', 'AAAAA', 'AAAA', 'AAAA', 'AA', 'AA', 'AA', 'AAAA', 'AA', 'AAA', 'AA', 'AAA', 'AA', 'AAA', 'AAA', 'AAAA', 'AAA', 'A', 'AAA', 'AA', 'AAAA', 'AAA', 'AAA', 'AAA', 'AAA', 'AAA', 'AAA', 'AAA', 'AA', 'AA', 'A', 'AAAA', 'AAAA', 'AA', 'AA', 'AAAAA', 'AAA', 'AAAA', 'AA', 'AAAA', 'AAA', 'AA', 'AAA', 'A', 'A', 'AA', 'AAA', 'AAA', 'AAA', 'AA', 'AAA', 'AAAA', 'AAA', 'AA', 'AA', 'AAA', 'AA', 'AAA', 'AA', 'AAA', 'AA', 'A', 'AAAAA', 'AAAAA', 'AA', 'AA', 'AA', 'AA', 'A', 'A', 'AA', 'AAA', 'AA', 'A', 'A', 'A', 'A', 'AA', 'AAA', 'A', 'A', 'AA', 'A', 'A', 'AAA', 'A', 'A', 'A', 'AA', 'AA', 'AAA', 'AAA', 'AAAA', 'A', 'A', 'A', 'AA', 'A', 'AA', 'AA', 'AA', 'A', 'A', 'AAA', 'AA', 'A', 'A', 'AA', 'AA', 'AAA', 'AA', 'AA', 'AA', 'A', 'AAA', 'AA', 'A', 'A', 'A', 'A', 'AA', 'A', 'AA', 'AAA', 'AA', 'AAA']	134
ENST00000280551:14	['A', 'A']	2
ENST00000280551:19	['AAGACAATTT']	1
ENST00000280551:22	['A', 'A', 'A', 'A', 'A', 'A', 'A', 'A', 'A', 'AA', 'A', 'A', 'A', 'A', 'A', 'AA', 'A', 'A', 'A', 'A', 'AA', 'A', 'A', 'A', 'AA', 'A', 'A', 'A', 'A', 'A', 'A', 'A', 'A', 'A', 'A', 'A', 'AA', 'A', 'A', 'A', 'A', 'A', 'A', 'A', 'A', 'A', 'A', 'A', 'A', 'A', 'A', 'A', 'A', 'A', 'A', 'A', 'A', 'A', 'A', 'A', 'A', 'A', 'A', 'A', 'A', 'A', 'A', 'A', 'A', 'A', 'A', 'A', 'A', 'A', 'A', 'A', 'A', 'A', 'A', 'A', 'A', 'A', 'A', 'A', 'A', 'A', 'A', 'A', 'A', 'A', 'A', 'A', 'A', 'A', 'A', 'A', 'A', 'A', 'A', 'A', 'A', 'A', 'A', 'A', 'A', 'A', 'A', 'A', 'A', 'A', 'A', 'A']	112
ENST00000280612:2	['A', 'A', 'A', 'A', 'A', 'A', 'A', 'A', 'A', 'A', 'A', 'A', 'A', 'A', 'A', 'A', 'AA', 'A', 'A', 'A', 'A', 'A', 'A', 'A', 'A', 'A', 'A', 'A', 'A', 'A', 'A', 'A', 'A', 'A', 'A', 'A', 'A', 'A', 'A', 'A', 'A', 'A', 'A', 'A', 'A', 'A', 'A', 'A', 'A', 'A', 'A', 'A', 'A', 'A', 'A', 'A', 'A', 'A', 'A', 'A', 'A', 'A', 'AA', 'A', 'AA', 'A', 'A', 'A', 'A', 'A', 'A', 'A', 'A', 'A', 'A', 'AA', 'A', 'A', 'A', 'A', 'A', 'A', 'A', 'A', 'A', 'A', 'A', 'A', 'A', 'A', 'A', 'A', 'A', 'A', 'A', 'A', 'A', 'A', 'A', 'A', 'A', 'A', 'A', 'A', 'A', 'A', 'A', 'A', 'A', 'A', 'A', 'AA', 'A', 'AA', 'A', 'A', 'A', 'A', 'A', 'A', 'A', 'A', 'AA', 'A', 'A', 'A', 'A', 'A', 'A', 'A', 'A', 'A', 'A', 'A', 'A', 'A', 'A', 'A', 'A', 'A', 'A', 'A', 'A', 'AA', 'A', 'A', 'A', 'A', 'AA', 'A', 'A', 'A', 'A', 'A', 'A', 'A', 'A', 'A', 'A', 'A', 'A', 'A', 'A']	163
ENST00000280612:3	['GCAAAC']	1
ENST00000280665:2	['A', 'A']	2
ENST00000280756:2	['A']	1
ENST00000280772:14	['AA', 'A', 'AAA', 'AA', 'AA', 'AA', 'AA', 'AA', 'AAA', 'AAA', 'AA', 'A', 'A', 'AA', 'AA', 'AA', 'AA', 'AAA', 'AA', 'AA', 'AAA', 'A', 'AA', 'AA', 'AA', 'AA', 'AAA', 'AAA', 'A', 'A', 'A', 'A', 'AAA', 'A', 'AA', 'AA', 'A', 'AAA', 'AA', 'AAA', 'A', 'AA', 'A', 'AAA', 'A', 'AA', 'AA', 'AAA', 'A', 'A', 'A', 'A', 'AA', 'AAA', 'AAA', 'A', 'AAA', 'AA', 'A', 'A', 'AA', 'AA', 'A', 'AA', 'A', 'AA', 'AA', 'AA', 'A', 'AA', 'A', 'A', 'AA', 'AA', 'AA', 'AAA', 'A', 'A', 'A', 'AA', 'AA', 'AA', 'AA', 'AA', 'AA', 'AA', 'A', 'A', 'A', 'AA', 'AA', 'AA', 'AA', 'AA', 'AA', 'AA', 'AA', 'AA', 'AA', 'AAA', 'AA', 'AA', 'AA', 'A', 'AA', 'AAA', 'AAA', 'A', 'AA', 'AA', 'AA', 'AA', 'AA', 'AA', 'A', 'AA', 'A', 'A', 'A', 'AA', 'AAA', 'AA', 'A', 'AA', 'AA', 'AA', 'AA', 'AA', 'AA', 'A', 'AA', 'AAA', 'AA', 'A', 'AA']	135
ENST00000280772:27	['A', 'A', 'A', 'A', 'A', 'A', 'A', 'A', 'A', 'A', 'A', 'A']	12
ENST00000280772:38	['AAAG', 'AAAG']	2
ENST00000280871:3	['TA']	1
ENST00000280871:5	['A', 'AAA', 'A', 'AA', 'AA', 'AA', 'AA', 'AA', 'AA', 'AA', 'AAA', 'AA', 'AA', 'A', 'AA', 'AA', 'AA', 'AA', 'AA', 'AA', 'AA', 'AA', 'AA', 'A', 'A', 'AA', 'AA', 'AA', 'A', 'A', 'AA', 'AA', 'AA', 'A', 'AA', 'AA', 'AA', 'A', 'AA', 'AA', 'AA', 'AA', 'A', 'AA', 'A', 'A', 'AA', 'AA', 'AA', 'AA', 'AA', 'AA', 'A', 'AA', 'AA', 'AA', 'AA', 'AA', 'AA', 'AA', 'A', 'A', 'AA', 'AA', 'AA', 'AA', 'A', 'A', 'AA', 'AA', 'A', 'AA', 'A', 'AA', 'AA', 'AA', 'A', 'AA', 'AA', 'A', 'AA', 'A', 'A', 'A', 'A', 'A', 'AA', 'AA', 'AA', 'A', 'AA', 'A', 'A', 'A', 'AA', 'A', 'A', 'A', 'AA', 'AA', 'AA', 'A', 'A', 'A', 'A', 'A', 'A', 'AA', 'AA', 'A', 'AA', 'A', 'A', 'AA', 'A', 'AA', 'A', 'A', 'AA', 'A', 'A', 'A', 'A', 'A', 'AA', 'A', 'A', 'A', 'A', 'A', 'A', 'AA', 'AA', 'A', 'A', 'A', 'A', 'A', 'A', 'AA', 'A', 'A', 'AA', 'A', 'A', 'A', 'A', 'AA', 'A', 'A', 'A', 'AA', 'A', 'A', 'A', 'A', 'A', 'AA', 'A', 'A', 'A', 'AA', 'A', 'A', 'A', 'A']	166
ENST00000280904:13	['AAGA', 'AAGA']	2
ENST00000280979:11	['A', 'A', 'A', 'A', 'A', 'A', 'A', 'A']	8
ENST00000281038:11	['AA', 'AA', 'AAA', 'AAA', 'AA', 'AA', 'A', 'A', 'A', 'AAA', 'AA', 'A', 'AA', 'AA', 'A', 'AA', 'AA', 'AA', 'A', 'A', 'AA', 'A', 'AAA', 'AAA', 'AA', 'AA', 'AAA', 'AA', 'A', 'AA', 'AAA', 'AAA', 'AA', 'AA', 'A', 'AA', 'AA', 'AA', 'AAA', 'A', 'A', 'A', 'AA', 'AA', 'A', 'AA', 'A', 'AA', 'AA', 'A', 'AA', 'AAA', 'A', 'A', 'A', 'AA', 'A', 'A', 'A', 'A', 'A', 'A', 'AA', 'AA', 'AA', 'A', 'AA', 'A', 'AA', 'AA', 'A', 'A', 'AA', 'A', 'AA', 'A', 'AA', 'AA', 'AA', 'A', 'AA', 'A', 'A', 'A', 'A', 'A', 'A', 'A', 'A', 'A', 'A', 'A', 'A', 'A', 'AA', 'A', 'AA', 'AA', 'AA', 'AA', 'A', 'AAA', 'AA', 'AA', 'A', 'A', 'AA', 'AA', 'A', 'AA', 'A', 'AA', 'A', 'AA', 'AA', 'A', 'AA', 'AA', 'A', 'A', 'A', 'AAA', 'AA']	123
ENST00000281092:19	['AAGTACA']	1
ENST00000281129:17	['A', 'A']	2
ENST00000281129:21	['AA', 'A', 'AA', 'AA', 'AA', 'AA', 'A', 'AAA', 'AA', 'A', 'A', 'AA', 'AA', 'AAA', 'AA', 'AA', 'AA', 'AAA', 'AA', 'A', 'A', 'AA', 'AA', 'AA', 'AA', 'AA', 'AA', 'AAA', 'AA', 'AA', 'A', 'AA', 'A', 'A', 'AAA', 'AA', 'AA', 'AA', 'AA', 'AA', 'AA', 'AA', 'AA', 'A', 'AA', 'AAA', 'AA', 'AA', 'AA', 'AA', 'AA', 'A', 'AA', 'AA', 'A', 'A', 'AA', 'AA', 'AA', 'AA', 'A', 'AA', 'AA', 'AA', 'A', 'A', 'AA', 'AA', 'AA', 'A', 'AA', 'A', 'AA', 'AA', 'AA', 'AA', 'A']	77
ENST00000281129:22	['A', 'A', 'A', 'A', 'A', 'A', 'A', 'A']	8
ENST00000281141:1	['GGGA', 'GGGA', 'GGGA', 'GGGA']	4
ENST00000281141:9	['T', 'T']	2
ENST00000281142:3	['A', 'A', 'A', 'A', 'A', 'A', 'A', 'A', 'A', 'A', 'A', 'A', 'A', 'A', 'A', 'A', 'A', 'A', 'A']	19
ENST00000281172:19	['A', 'A', 'A', 'AA', 'AAA', 'AAA', 'AAA', 'AAA', 'AA', 'AA', 'AAA', 'AA', 'AA', 'AAA', 'AA', 'AAA', 'AA', 'AA', 'AA', 'AAA', 'AA', 'AA', 'AA', 'AA', 'AAAA', 'AAA', 'A', 'AA', 'AAA', 'AAA', 'AAA', 'AA', 'AA', 'AAA', 'AAAA', 'AA', 'AAA', 'AA', 'A', 'AA', 'AA', 'AA', 'AA', 'AAA', 'A', 'AA', 'AA', 'AA', 'AA', 'AA', 'AAAA', 'AA', 'AA', 'AA', 'AA', 'AA', 'A', 'A', 'AAA', 'AAA', 'AAA', 'AAAA', 'AAA', 'AAAA', 'AAA', 'A', 'AAAA', 'AA', 'A', 'A', 'AA', 'AA', 'AA', 'AA', 'A', 'AAA', 'A', 'AA', 'AA', 'AA', 'A', 'AA', 'A', 'AA', 'A', 'AA', 'AAA', 'AA', 'AA', 'A', 'A', 'A', 'AAA', 'AA', 'AA', 'A', 'AA', 'AA', 'A', 'A', 'AA', 'A', 'AA', 'AA', 'AA', 'AA', 'AAA', 'AA', 'AA', 'AA', 'AA', 'A', 'AAA', 'AA', 'AA', 'AA', 'A', 'A', 'AA', 'AA', 'A', 'A', 'A', 'A', 'AAAA', 'A', 'AA', 'A', 'AA', 'AAA', 'AAAA', 'AA', 'AAAA', 'AA', 'A', 'A', 'A', 'A', 'AA', 'AA', 'A']	141
ENST00000281182:10	['A']	1
ENST00000281282:3	['T']	1
ENST00000281382:3	['AA', 'AA', 'AA', 'AA', 'AA', 'AAA', 'AA', 'AA', 'A', 'AA', 'AA', 'AA', 'AA', 'AAA', 'AA', 'AA', 'AA', 'AA', 'AA', 'AA', 'AA', 'AA', 'AA', 'AA', 'AA', 'AA', 'AA', 'AA', 'AA', 'A', 'AA', 'AA', 'AA', 'AA', 'AA', 'AAA', 'AA', 'AA', 'A', 'AA', 'AA', 'AA', 'AA', 'AA', 'AA', 'AA', 'AA', 'AA', 'AA', 'AA', 'AA', 'AA', 'A', 'AA', 'AA', 'A', 'AA', 'A', 'AA', 'AA', 'AA', 'AA', 'AA', 'A', 'AA', 'AA', 'AA', 'AA', 'A', 'AA', 'AA', 'AA', 'AA', 'AA', 'AAA', 'AA', 'AA', 'AA', 'AA', 'AA', 'AA', 'AAA', 'AA', 'AA', 'AA', 'AA', 'AA', 'A', 'AA', 'AA', 'A', 'AA', 'AA', 'AA', 'A', 'AA', 'AA', 'AA', 'AA', 'AA', 'A', 'AA', 'A', 'A', 'AA', 'AA', 'AA', 'A', 'AA', 'AA', 'AA', 'AAA', 'AA', 'AA', 'AA', 'AA', 'A', 'A', 'A', 'A', 'A', 'A', 'A', 'A', 'A', 'A', 'A', 'A', 'A', 'A', 'A', 'AA', 'AA', 'AA', 'AA', 'AA', 'AA', 'A', 'A', 'A', 'A', 'A', 'A', 'A', 'A', 'A', 'AA', 'A']	148
ENST00000281419:23	['T', 'T', 'T', 'T', 'T', 'T', 'T', 'T']	8
ENST00000281453:6	['AAA', 'AA', 'AA', 'AAA', 'AA', 'AA', 'AAA', 'AAA', 'AA', 'AAA', 'AA', 'AA', 'AA', 'AAA', 'AAA', 'AA', 'AAA', 'AAA', 'AA', 'AA', 'AAA', 'AAA', 'AA', 'AA', 'AA', 'AA', 'AAA', 'AA', 'AA', 'AA', 'AAA', 'AAA', 'AAA', 'AAA', 'AA', 'AA', 'AA', 'AAA', 'AAA', 'AAA', 'AAA', 'AA', 'AA', 'AAA', 'AA', 'A', 'AA', 'AA', 'AAA', 'AAA', 'AAA', 'AAA', 'AAA', 'AA', 'AAA', 'A', 'AA', 'AA', 'AAA', 'A', 'AAA', 'AAA', 'AA', 'AAA', 'AAA', 'A', 'AA', 'AAA', 'AAA', 'AAA', 'AA', 'AAA', 'AAA', 'AAA', 'AA', 'AA', 'AAA', 'AAA', 'AAA', 'AA', 'AA', 'AAA', 'AA', 'AAA', 'AAA', 'AA', 'AAA', 'AA', 'AAA', 'AA', 'AAA', 'AA', 'AAA', 'AAA', 'AAA', 'AA', 'AA', 'AA', 'AAAA', 'AA', 'AAA', 'AA', 'AA', 'AA', 'AA', 'AA', 'AAA', 'AA', 'AAA', 'AAA', 'AAA', 'A', 'AA', 'AAA', 'AA', 'AA', 'AA', 'AA', 'AA', 'AA', 'AA', 'AA', 'AAA', 'AA', 'A', 'AA', 'AAA', 'AAA', 'AA', 'AA', 'AAA', 'AA', 'AA', 'AA', 'AA', 'AA', 'AA', 'AA', 'AA', 'AA', 'AA', 'AA', 'AA', 'AA', 'AA', 'AA', 'AA', 'AA', 'AA', 'AA', 'AA', 'AA', 'AAA', 'AA', 'AA', 'AA', 'AA', 'AA', 'AA', 'AA', 'A', 'A', 'AA', 'AA', 'AAA', 'AA', 'AAA', 'AA', 'AAA', 'AAA', 'AAA', 'AA', 'AA', 'AA', 'A']	175
ENST00000281455:3	['A', 'A', 'A', 'A', 'A', 'A', 'A']	7
ENST00000281471:3	['G', 'G']	2
ENST00000281471:4	['A']	1
ENST00000281513:29	['A', 'A', 'A', 'A', 'A', 'A']	6
ENST00000281513:43	['A', 'AA', 'A', 'A', 'A', 'A', 'AA', 'A', 'A', 'A', 'A', 'A', 'A', 'A', 'A', 'A', 'A', 'A', 'A', 'A', 'A', 'A', 'A', 'A', 'A', 'A', 'A', 'A', 'A', 'A', 'A', 'A', 'A', 'A']	34
ENST00000281513:44	['A', 'A', 'A', 'A', 'A', 'A', 'A', 'A', 'A', 'A', 'A', 'A', 'A', 'A', 'A', 'A', 'A', 'A', 'A', 'A', 'A', 'A', 'A', 'A', 'A', 'A', 'A', 'A', 'A', 'A', 'A', 'A']	32
ENST00000281513:48	['AAGA', 'AAGA']	2
ENST00000281543:1	['C', 'C']	2
ENST00000281543:5	['A', 'A']	2
ENST00000281631:3	['TTTTG']	1
ENST00000281701:12	['AAG', 'AAG']	2
ENST00000281701:17	['AG']	1
ENST00000281708:3	['AA', 'AA', 'A', 'AAA', 'AAA', 'AAAA', 'AAAAAA', 'A', 'AA', 'AAAA', 'AA', 'AAA', 'AAAA', 'AAA', 'AAA', 'AAAA', 'AAA', 'AAA', 'AAA', 'AAA', 'AAA', 'C', 'AA', 'AAA', 'AAA', 'AAAA', 'AA', 'AAA', 'AAA', 'AAA', 'AAA', 'AAAAA', 'AAA', 'AAA', 'AAAA', 'AAA', 'AAA', 'A', 'AAA', 'AAA', 'AAAA', 'AAA', 'AA', 'AAAA', 'AAA', 'AA', 'AAA', 'AA', 'AA', 'AAA', 'A', 'AAAA', 'AAA', 'AAA', 'AAA', 'AAA', 'AA', 'AA', 'AAA', 'AAA', 'AAAA', 'AA', 'A', 'AAAAA', 'AAA', 'AAA', 'AA', 'AAAA', 'AAAA', 'AAAA', 'AAA', 'AA', 'AAAA', 'A', 'AAA', 'AAAA', 'AA', 'AA', 'AAA', 'AAAA', 'AAA', 'AAA', 'AAA', 'AA', 'AAA', 'A', 'AAA', 'AAA', 'AA', 'AA', 'AAAA', 'AAA', 'AAAA', 'AAAA', 'AAA', 'AAA', 'AAA', 'AA', 'AAA', 'AAA', 'AAAA', 'A', 'A', 'AAA', 'AA', 'AAA', 'AAA', 'AAA', 'A', 'AAA', 'AAA', 'A', 'AA', 'AAAA', 'AA', 'A', 'AAAA', 'AAA', 'AAA', 'A', 'A', 'A', 'AAAAA', 'AA', 'AAA', 'AA', 'A', 'AA', 'AA', 'AA', 'AA', 'A', 'AA', 'AAA', 'AA', 'A', 'AAAA', 'AAAA', 'AAA', 'AA', 'A', 'AA', 'AA', 'A', 'A', 'AA', 'A', 'AA', 'AAAAA', 'AAA', 'T', 'AAA', 'AA', 'AA', 'AAA', 'AA', 'A', 'AAA', 'AA', 'A', 'AAA', 'A']	162
ENST00000281708:5	['A', 'A', 'A', 'A']	4
ENST00000281708:8	['ACTT', 'ACTT', 'ACTT', 'ACTT']	4
ENST00000281821:5	['A', 'A']	2
ENST00000281821:8	['AAT', 'AAT']	2
ENST00000281828:12	['A', 'A', 'A', 'A', 'A', 'A', 'A', 'A', 'A', 'A', 'A', 'A', 'A', 'A', 'A', 'A', 'A', 'A', 'A', 'A', 'A', 'A', 'A', 'A', 'A', 'A', 'A', 'A', 'A', 'A', 'A', 'A', 'A', 'A', 'A', 'A', 'A', 'A', 'A', 'A', 'A', 'A', 'A', 'A', 'A', 'A', 'A', 'A', 'A', 'A', 'A', 'A', 'A', 'A', 'A', 'A', 'A', 'A', 'A', 'A', 'A', 'A', 'A', 'A', 'A', 'A', 'A', 'A', 'A', 'A', 'A', 'A', 'A', 'A', 'A', 'A', 'A', 'A', 'A', 'A', 'A', 'A', 'A', 'A', 'A', 'A', 'A', 'A', 'A', 'A', 'A', 'A', 'A', 'A', 'A', 'A', 'A', 'A', 'A', 'A', 'A', 'A', 'A', 'A', 'A', 'A', 'A', 'A', 'A', 'A', 'A', 'A', 'A', 'A', 'A', 'A', 'A', 'A', 'A', 'A', 'A', 'A', 'A', 'A', 'A', 'A', 'A', 'A', 'A', 'A', 'A', 'A', 'A', 'A', 'A', 'A', 'A', 'A', 'A', 'A', 'A', 'A', 'A', 'A', 'A', 'A', 'A', 'A', 'A', 'A', 'A', 'A', 'A', 'A', 'A', 'A', 'A', 'A', 'A', 'A', 'A', 'A', 'A', 'A', 'A', 'A', 'A', 'A', 'A', 'A', 'A', 'A', 'A', 'A', 'A', 'A', 'A', 'A', 'A', 'A', 'A', 'A', 'A', 'A', 'A', 'A', 'A']	187
ENST00000281924:6	['CTG']	1
ENST00000281928:10	['G']	1
ENST00000281928:2	['A', 'A', 'A', 'A', 'A', 'A', 'A', 'A', 'A', 'A', 'A', 'A', 'A', 'A', 'A', 'A', 'A', 'A', 'A', 'A', 'A', 'A', 'A', 'A', 'A', 'A', 'A', 'A', 'A', 'A', 'A', 'A', 'A', 'A', 'A', 'A', 'A', 'A', 'A', 'A', 'A', 'A', 'A', 'A', 'A', 'A', 'A', 'A', 'A', 'AA', 'A', 'A', 'A', 'A', 'A', 'A', 'A', 'A', 'A', 'A', 'A', 'A', 'AA', 'A', 'A', 'A', 'A', 'A', 'A', 'A', 'A', 'A', 'A', 'A', 'A', 'A', 'A', 'A', 'A', 'A', 'A', 'A', 'A', 'A', 'A', 'A', 'A', 'A', 'A', 'A', 'A', 'A', 'A', 'A', 'A', 'A', 'A', 'A', 'A', 'A', 'A', 'A', 'A', 'A', 'A', 'A', 'A', 'A', 'A', 'A', 'A', 'A', 'A', 'AA', 'A', 'A', 'A', 'A', 'A', 'A', 'A', 'A', 'A', 'A', 'A', 'A']	126
ENST00000281928:7	['A', 'A', 'A', 'A', 'A', 'A', 'A', 'A', 'A', 'A', 'A', 'A', 'A', 'A', 'A', 'A', 'A', 'A', 'A', 'A', 'A', 'A', 'A', 'A', 'A', 'A', 'A', 'A', 'A', 'A', 'A']	31
ENST00000282041:13	['TTA']	1
ENST00000282041:35	['TG']	1
ENST00000282041:38	['AAAA', 'AA', 'AAAAA', 'AA', 'AA', 'AAA', 'AAAA', 'A', 'AAAA', 'AAAAA', 'AAAAAA', 'AAA', 'AAA', 'AAAAA', 'AAAA', 'AAA', 'AAAA', 'AA', 'AAAAAA', 'AAAAA', 'AA', 'AAA', 'AAAAA', 'AAA', 'AAAA', 'AA', 'AAAA', 'AAAA', 'AA', 'AAAAA', 'AAA', 'AAAA', 'AAAA', 'AAAA', 'AA', 'AAA', 'AA', 'AA', 'AAA', 'AA', 'AAAA', 'AAAAA', 'AAAA', 'AAA', 'AAA', 'AAAAAA', 'AA', 'AAAAAA', 'AAAAAA', 'AAAAA', 'AAAAA', 'AAAA', 'AAA', 'AA', 'AAAA', 'AAA', 'AAAA', 'AAAAA', 'AAAA', 'AAAA', 'AAA', 'AAAAA', 'AAAA', 'AAAA', 'AA', 'AA', 'AAAA', 'AAAA', 'AA', 'AAAAAA', 'AAAAAAA', 'AAAAA', 'AAAAAA', 'AAAAAAA', 'AAAA', 'AAAA', 'AAA', 'AAAAAA', 'AA', 'AAA', 'AAAAA', 'AAAAAAA', 'AAAAA', 'AAA', 'AAAAAA', 'AAA', 'AAAA', 'AAAAAAA', 'AAAA', 'A', 'AAA', 'AAA', 'AAA', 'AAAA', 'AA', 'AAA', 'A', 'AAAA', 'A', 'AAAA', 'AAA', 'AAA', 'AAAA', 'AA', 'AAAAA', 'A', 'AAA', 'AAAA', 'AA', 'AAAA', 'AA', 'AA', 'AA', 'AA', 'AA', 'AAA', 'AA', 'AAA', 'AA', 'AA', 'AA', 'AAA', 'AAA', 'AAAA', 'AAAA', 'AA', 'AAA', 'AA', 'AA', 'AAAAA', 'AA', 'A', 'AAA', 'AA', 'AA', 'AA', 'AAA', 'AAA', 'AAA', 'AAAAA', 'AAA', 'AAA', 'AAA', 'AA', 'AAA', 'AA', 'AAA', 'AA', 'A', 'AA', 'AAA', 'AA', 'AA', 'AA', 'AAA', 'AA', 'AAAAA', 'AAA', 'AA', 'AA', 'A', 'A', 'AA', 'A', 'AA', 'A', 'AAAAA', 'AAAAAAA', 'AAAAAA', 'A', 'AAAAA', 'AAA', 'AA', 'AAAA', 'A', 'A']	176
ENST00000282041:41	['G', 'G']	2
ENST00000282074:6	['AAAAAA', 'AAAAAA', 'AAAAAA', 'AAAAA', 'AAAAA', 'A', 'AAAAA', 'AAAAA', 'A', 'A']	10
ENST00000282185:3	['A', 'A']	2
ENST00000282251:14	['AA', 'A', 'A', 'AA', 'AA', 'AA', 'AAA', 'AA', 'AA', 'A', 'AAA', 'AAA', 'AAA', 'AA', 'AAA', 'AA', 'A', 'AA', 'AAA', 'AA', 'AA', 'AA', 'AAA', 'AAA', 'AAA', 'AA', 'AAA', 'AAA', 'AAA', 'AA', 'AA', 'A', 'AAA', 'AA', 'A', 'A', 'AA', 'A', 'AA', 'AA', 'AAA', 'A', 'AAA', 'A', 'AA', 'AA', 'AA', 'AA', 'AA', 'AAA', 'A', 'AA', 'AA', 'AA', 'AA', 'AA', 'AA', 'A', 'AA', 'AA', 'AAA', 'AAA', 'AAA', 'A', 'AA', 'A', 'A', 'AAA', 'AA', 'A', 'A', 'AA', 'AA', 'AA', 'AAA', 'A', 'AA', 'AA', 'A', 'AA', 'A', 'A', 'A', 'AA', 'AA', 'AA', 'AA', 'AAA', 'AA', 'AA', 'A', 'A', 'AAA', 'AA', 'AAA', 'A', 'A', 'AAA', 'AA', 'AAA', 'AAA', 'AA', 'AAA', 'AA', 'AAA', 'A']	106
ENST00000282251:4	['A', 'A', 'A', 'A', 'A', 'A', 'A', 'A', 'A', 'A', 'A', 'A', 'A', 'A', 'A', 'A', 'A', 'A', 'A', 'A', 'A', 'A', 'A', 'A', 'A', 'A', 'A', 'A', 'A', 'A', 'A', 'A', 'A']	33
ENST00000282272:8	['A', 'A', 'A', 'A', 'A', 'A', 'A', 'A']	8
ENST00000282282:1	['C']	1
ENST00000282397:10	['A', 'A', 'A', 'A', 'A', 'A', 'A', 'A', 'A', 'A', 'A', 'A', 'A', 'A', 'A', 'A', 'A', 'A', 'A', 'AA', 'A', 'A', 'A', 'AA', 'A', 'A', 'A', 'A', 'A', 'A', 'A', 'A', 'A', 'A', 'A', 'A', 'A', 'A', 'A', 'A', 'A', 'A', 'A', 'A', 'A', 'A', 'A', 'A', 'A', 'A', 'A', 'A', 'A', 'A', 'A', 'A', 'A', 'A', 'A', 'A', 'A', 'AA', 'A', 'A', 'A', 'A', 'AA']	67
ENST00000282538:6	['TTC']	1
ENST00000282570:11	['T', 'T', 'T', 'T', 'T', 'T']	6
ENST00000282588:3	['A']	1
ENST00000282753:2	['TCTCTCTCTC', 'TCTCTCTC', 'TCTCTC', 'TCTCTCTCTCTCTCTCTC', 'TCTCTCTCTCTC', 'TCTCTCTCTCTC', 'TCTCTCTCTC', 'TCTCTCTCTC', 'TCTCTCTCTCTCTC', 'TC', 'TCTC', 'TCTCTCTCTCTCTC', 'TCTCTC', 'TCTCTCTCTCTCTCTC', 'TCTCTCTCTCTC', 'TCTCTCTC', 'TCTCTCTC', 'TCTCTCTCTC', 'TCTCTC', 'TCTCTCTC', 'TCTCTCTC', 'TCTCTCTCTC', 'TCTCTCTCTC', 'TCTCTCTCTCTCTCTC', 'TC', 'TCTCTCTCTCTCTC', 'TCTC', 'TCTCTC', 'TCTCTCTCTC', 'TCTCTCTCTC', 'TCTCTCTCTCTCTCTCTC', 'TCTCTCTCTC', 'TCTCTCTCTC', 'TCTCTCTCTCTC', 'TCTCTC', 'TCTCTCTC', 'TCTCTCTC', 'TCTCTCTCTC', 'TC', 'TCTCTC', 'TCTCTCTCTCTC', 'TCTCTCTCTCTC', 'T', 'TCTCTC', 'TCTCTCTCTC', 'TCTCTCTCTCTC', 'TCTCTCTCTCTC', 'TCTCTCTCTCTCTCTCTCTC', 'TCTCTCTCTC', 'TCTCTCTC', 'TCTCTCTCTCTC', 'TCTCTC', 'TCTCTCTCTCTC', 'TCTCTCTCTC', 'TCTC', 'TCTCTCTC', 'TCTCTCTC', 'TCTCTCTCTCTC', 'TCTCTCTC', 'TCTCTCTCTCTC', 'TCTCTC', 'TCTCTCTCTCTC', 'TCTCTCTCTCTC', 'TCTCTCTC', 'TCTCTCTCTC', 'TCTCTCTCTCTCTCTC', 'TC', 'TCTCTC', 'TCTCTCTC', 'TCTCTCTC', 'TCTCTC', 'TCTCTCTCTC', 'T', 'TCTCTCTC']	74
ENST00000282849:10	['A', 'A', 'A', 'A', 'AA', 'A', 'A', 'A', 'A', 'A', 'A', 'A', 'A', 'A', 'A', 'A', 'A', 'A', 'A', 'A', 'A', 'A', 'A', 'A', 'A', 'A', 'A', 'A', 'A', 'A', 'A', 'A', 'A', 'A', 'A', 'A', 'AA', 'A', 'A', 'A', 'A', 'A', 'AA', 'A', 'A', 'A', 'A', 'A', 'A', 'A', 'A', 'A', 'A', 'A', 'A', 'A', 'A', 'A', 'A', 'A', 'A', 'A', 'A', 'A', 'A', 'A', 'A', 'A', 'A', 'A', 'AA', 'A', 'A', 'A', 'A', 'A', 'A', 'A', 'A', 'A', 'A', 'A', 'A', 'AA', 'A', 'A', 'A', 'AA', 'A', 'A', 'A', 'A', 'A', 'AA', 'A', 'A', 'A', 'AA', 'A', 'A', 'A', 'A', 'A', 'A', 'A', 'A', 'A', 'A', 'A', 'AA', 'A', 'A', 'A', 'A', 'A', 'A', 'A', 'A', 'A', 'A', 'A', 'A', 'A', 'A', 'A', 'AA', 'A', 'A', 'A', 'A', 'A', 'A', 'A', 'A', 'A', 'A', 'A', 'A', 'A', 'A', 'A', 'A', 'A', 'A', 'A', 'A', 'A', 'A', 'A', 'A', 'A', 'A', 'A', 'AA', 'A', 'A', 'AA', 'AA', 'A', 'A', 'AA', 'A', 'A', 'A', 'A', 'A', 'A']	167
ENST00000282924:4	['AAAAAAAAAAA', 'AAAAAAAAAAA', 'AAAAAAAAAAAAAA', 'AAAAAAAAAAAAAAA', 'AAAAAAAAAAA', 'AAAAAAAA', 'AAAAAAAAA', 'AAAAAAAAAA', 'AAAAAAAAAAAAA', 'AAAAAAAAAA', 'AAAAAAAAA', 'AAAAAAAAAA', 'AAAAAAAAAA', 'AAAAAAAAAA', 'AAAAAAAAAAAAA', 'AAAAAAAAAAAA', 'AAAAAAAAAAAAA', 'AAAAAAAAAAAAA', 'AAAAAAAAAAA', 'AAAAAAAAA', 'AAAAAAAAA', 'AAAAAAAA', 'AAAAAAAAA', 'AAAAAAAAAAA', 'AAAAAAAAAAAAAA', 'AAAAAAAAAAAAAAA', 'AAAAAAAAA', 'AAAAAAAAAA', 'AAAAAAAAA', 'AAAAAAAAAA', 'AAAAAAA', 'AAAAAAAAAAAA', 'AAAAAAAAAA', 'AAAAAAAA', 'AAAAAAAAAAAA', 'AAAAAAAAAA', 'AAAAAAAAAAA', 'AAAAAAAAA', 'AAAAAAAAAA', 'AAAAAAA', 'AAAAAAAAA', 'AAAAAAA', 'AAAAAAAAAAAA', 'AAAAAAAAAA', 'AAAAAAAAAA', 'AAAAAAAAAAA', 'AAAAAAAAAAAAA', 'AAAAAAAAA', 'AAAAAAAAAAA', 'AAAAAAAAAAAA', 'AAAAAAAAAAA', 'AAAAAAAAAAA', 'AAAAAAAAAAAA', 'AAAAAAAAAAA', 'AAAAAAAA', 'AAAAAAAAAAAAA', 'AAAAAAAAAAAA']	57
ENST00000283006:5	['T', 'T', 'T', 'T', 'T', 'T', 'T', 'T', 'T', 'T', 'T', 'T', 'T', 'T', 'T', 'T', 'T', 'T', 'T', 'T', 'T', 'T', 'T', 'T', 'T', 'T', 'T', 'T', 'T', 'T', 'T', 'T', 'T', 'T', 'T', 'T', 'T', 'T', 'T', 'T', 'T', 'T', 'T', 'T', 'T', 'T', 'T', 'T', 'T', 'T', 'T', 'T', 'T', 'T', 'T', 'T', 'T', 'T', 'T', 'T', 'T', 'T', 'T', 'T', 'T', 'T', 'T', 'T', 'T', 'T', 'T', 'T', 'T', 'T', 'T', 'T', 'T', 'T', 'T', 'T', 'T', 'T', 'T', 'T', 'T', 'T', 'T', 'T', 'T', 'T', 'T', 'T', 'T', 'T', 'T', 'T', 'T', 'T', 'T', 'T', 'T', 'T', 'T', 'T', 'T', 'T', 'T', 'T', 'T', 'T', 'T', 'T', 'T', 'T', 'T', 'T', 'T', 'T', 'T', 'T', 'T', 'T', 'T', 'T', 'T', 'T', 'T', 'T', 'T', 'T', 'T', 'T', 'T', 'T', 'T', 'T', 'T', 'T', 'T', 'T', 'T', 'T', 'T', 'T', 'T', 'T', 'T', 'T', 'T', 'T', 'T', 'T', 'T', 'T', 'T', 'T', 'T', 'T', 'T', 'T', 'T', 'T', 'T', 'T', 'T', 'T', 'T', 'T', 'T', 'T', 'T', 'T', 'T', 'T', 'T', 'T', 'T', 'T', 'T', 'TT', 'TT', 'T', 'T', 'T', 'T', 'T', 'T', 'T', 'T', 'T', 'T', 'T', 'T', 'T', 'T', 'T']	196
ENST00000283109:7	['A', 'A', 'A', 'A', 'A', 'A', 'A', 'A', 'A', 'A', 'A', 'A', 'A', 'A', 'A', 'A', 'A', 'A', 'A', 'A', 'A', 'A', 'A', 'A', 'A', 'A', 'A', 'A', 'A', 'A']	30
ENST00000283179:9	['A', 'A', 'A', 'A', 'A', 'A']	6
ENST00000283195:8	['ATTTTTTTTTCAGG', 'ATTTTTTTTTCAGG']	2
ENST00000283228:12	['GAAAA', 'GAAAA', 'GAAAA', 'GAAAA', 'GAAAA', 'GAAAA', 'GAAAA', 'GAAAA', 'GAAAA', 'GAAAA', 'GAAAA', 'GAAAA', 'GAAAA', 'GAAAA', 'GAAAA', 'GAAAA', 'GAAAA', 'GAAAA', 'GAAAA', 'GAAAA', 'GAAAA', 'GAAAA', 'GAAAA', 'GAAAA']	24
ENST00000283233:6	['A', 'A', 'A', 'A', 'A']	5
ENST00000283249:14	['AAA', 'AAA', 'AAA', 'AAA', 'AAAA', 'AAA', 'AAAA', 'AAAA', 'AAAA', 'AAAA', 'AAAA', 'AAAA', 'AAA', 'AAAA', 'AAAA', 'AAA', 'AAAAA', 'AAA', 'AAAA', 'AAA', 'AAA', 'AAAA', 'AAAA', 'AAA', 'AAA', 'AAAA', 'AAAAA', 'AAA', 'AAA', 'AAA', 'AAA', 'AAAA', 'AAAA', 'AAA', 'AAAA', 'AAA', 'AAA', 'AAA', 'AAA', 'AAAA', 'AAA', 'AAA', 'AAA', 'AAA', 'AAA', 'AAA', 'AAAAA', 'AAA', 'AAA', 'AAA', 'AAA', 'AAA', 'AAA', 'AAA', 'AAAA', 'AAA', 'AAA', 'AAA', 'AAA', 'AAA', 'AAA', 'AAAA', 'AAA', 'AAAA', 'AAAA']	65
ENST00000283290:1	['A', 'A', 'A', 'A', 'A', 'A', 'A', 'A', 'A', 'A']	10
ENST00000283290:4	['A', 'A', 'A', 'A', 'A', 'A', 'A', 'A', 'A', 'A', 'A', 'A', 'A', 'A', 'A', 'A', 'A', 'A', 'A', 'A', 'A', 'A', 'A', 'A', 'A', 'A', 'A', 'A', 'A', 'A', 'A', 'A', 'A', 'A']	34
ENST00000283290:5	['CTC', 'CTC']	2
ENST00000283351:14	['A', 'A', 'A', 'A', 'A', 'A', 'A', 'A', 'A', 'A', 'A', 'A', 'A', 'A', 'A', 'A', 'A', 'A', 'A', 'A', 'A', 'A', 'A', 'A', 'A', 'A']	26
ENST00000283351:15	['A', 'A', 'A', 'A', 'A', 'A', 'A', 'A', 'A', 'A', 'A', 'A', 'A', 'A', 'A', 'A', 'A', 'A', 'A', 'A', 'A', 'A', 'A', 'A', 'A', 'A', 'A', 'A', 'A', 'A', 'A', 'A', 'A', 'A', 'A', 'A', 'A', 'A', 'A', 'A', 'A', 'A', 'A', 'A', 'A', 'A', 'A', 'A', 'A', 'A', 'A', 'A', 'A', 'A', 'A', 'A', 'A', 'A', 'A', 'A', 'A']	61
ENST00000283351:21	['A', 'A', 'A', 'A', 'A', 'A', 'A', 'A', 'A', 'A', 'A', 'A', 'A', 'A', 'A', 'A', 'A', 'A', 'A', 'A', 'A', 'A', 'A', 'A', 'A', 'A', 'A', 'A', 'A', 'A', 'A', 'A', 'A', 'A', 'A', 'A', 'A', 'A', 'A', 'A', 'A', 'A', 'A', 'A', 'A', 'A', 'A', 'A', 'A', 'A', 'A', 'A', 'A', 'A', 'A', 'A', 'A', 'A', 'A', 'A', 'A', 'AA', 'A', 'A', 'A', 'A', 'A', 'A', 'A', 'A', 'A', 'A', 'A', 'A', 'A', 'A', 'A', 'A', 'A', 'A', 'A', 'A', 'A', 'A', 'A', 'A', 'A', 'A', 'A', 'AA', 'A', 'A', 'A', 'A', 'A']	95
ENST00000283351:23	['A']	1
ENST00000283351:26	['CTGAGAAAAGAAAG']	1
ENST00000283351:7	['A', 'A']	2
ENST00000283415:10	['A', 'A', 'A', 'A', 'A', 'A', 'A']	7
ENST00000283415:2	['A']	1
ENST00000283547:1	['T', 'T']	2
ENST00000283684:1	['A', 'A', 'A', 'A', 'A', 'A', 'A', 'A', 'A', 'A', 'A', 'A', 'A', 'A', 'A', 'A', 'A', 'A', 'A', 'A', 'A', 'A', 'A', 'A', 'A', 'A', 'A', 'A', 'A', 'A', 'A', 'A', 'A', 'A', 'A', 'A', 'A', 'A', 'A', 'A', 'A', 'A']	42
ENST00000283871:4	['A', 'A', 'A', 'A', 'A', 'A', 'A', 'A', 'A', 'A', 'A', 'A', 'A', 'A', 'A', 'A', 'A', 'A', 'A', 'A', 'A', 'A', 'A', 'A', 'A', 'A', 'A', 'A', 'A', 'A', 'A', 'A']	32
ENST00000283871:7	['A', 'A', 'A', 'A', 'A', 'A', 'A', 'A']	8
ENST00000283882:3	['A', 'A', 'A', 'A', 'A', 'A', 'A', 'A', 'A', 'A', 'A', 'A', 'A', 'A', 'A', 'A', 'A', 'A']	18
ENST00000283916:1	['AG', 'AG']	2
ENST00000283943:1	['A', 'AA', 'A', 'A', 'A', 'A', 'A', 'A', 'A', 'A', 'A', 'A', 'A', 'AAA', 'A', 'A', 'A', 'A', 'A', 'A', 'A', 'A', 'A', 'A', 'A', 'A']	26
ENST00000283943:12	['T']	1
ENST00000283943:18	['A', 'A', 'A', 'A', 'A', 'A']	6
ENST00000283943:36	['A', 'A']	2
ENST00000284037:11	['AA']	1
ENST00000284049:14	['A', 'A', 'AA', 'AAA', 'AA', 'AA', 'AA', 'A', 'AA', 'AAA', 'A', 'AA', 'AA', 'AA', 'A', 'A', 'AA', 'AA', 'AA', 'AA', 'A', 'A', 'A', 'A', 'A', 'AA', 'A', 'A', 'A', 'AA', 'AA', 'A', 'A', 'A', 'A', 'AA', 'A', 'A', 'A', 'A', 'A', 'A', 'A', 'AA', 'AA', 'A', 'A', 'A', 'A', 'A', 'A', 'A', 'A', 'A', 'AA', 'A', 'A', 'A', 'A', 'A', 'AA', 'A', 'A', 'A', 'A', 'A', 'A', 'A', 'A', 'A', 'A', 'A']	72
ENST00000284049:16	['A', 'A']	2
ENST00000284136:9	['A', 'A', 'A', 'A', 'A', 'A', 'A', 'A', 'A', 'A', 'A', 'AA', 'A', 'A', 'A', 'A', 'A', 'AA', 'A', 'AA', 'A', 'AA', 'AA', 'AA', 'A', 'A', 'A', 'A', 'A', 'A', 'A', 'A', 'A', 'A', 'A', 'A', 'A', 'A', 'A', 'A', 'A', 'A', 'A', 'A', 'A', 'A', 'A', 'A', 'AA', 'A', 'AA', 'A', 'A', 'A', 'A', 'AA', 'A', 'A', 'A', 'A', 'A', 'A', 'A', 'A', 'A', 'A', 'A', 'A', 'A', 'A', 'A', 'A', 'A', 'A', 'A', 'A', 'A', 'A', 'A', 'A', 'A', 'A', 'A', 'A']	84
ENST00000284262:2	['C', 'C']	2
ENST00000284273:12	['C', 'C', 'C', 'C', 'C', 'C', 'C', 'C']	8
ENST00000284322:12	['AA', 'AAAA', 'AA', 'AAA', 'AA', 'AAA', 'AAA', 'AAA', 'AAA', 'AA', 'A', 'AA', 'AAAA', 'AAA', 'AAA', 'AAA', 'AAAAA', 'AAAA', 'AA', 'AA', 'AA', 'AA', 'A', 'AAAA', 'AAAAA', 'AA', 'AAA', 'A', 'AAAA', 'AAA', 'AAAA', 'AA', 'AAA', 'AA', 'AAA', 'AAA', 'AAA', 'AAA', 'AAAA', 'AAAA', 'AAAAA', 'AA', 'AAA', 'AAA', 'AAAA', 'AA', 'AAAA', 'AAAA', 'AAAA', 'AA', 'AA', 'AAAA', 'AAA', 'AA', 'AA', 'AA', 'AAAA', 'AA', 'AAAAA', 'AAA', 'AAAA', 'AAAA', 'AAA', 'AAAA', 'AAAAA', 'AAAA', 'AAAAA', 'AAAA', 'AAA', 'AAAA', 'AA', 'AAAA', 'AAAA', 'AAAA', 'AAAA', 'AAAAA', 'AAA', 'AA', 'A', 'AAAA', 'AAAA', 'AAA', 'A', 'A']	84
ENST00000284322:28	['GA', 'GA']	2
ENST00000284425:23	['A', 'AA', 'AA', 'AA', 'AA', 'AA', 'AA', 'A', 'AA', 'AA', 'AA', 'AA', 'AA', 'A', 'AA', 'A', 'AA', 'AA', 'A', 'AA', 'AA', 'AA', 'AA', 'AA', 'A', 'A', 'A', 'A', 'A', 'A', 'AA', 'A', 'A', 'A', 'A', 'AA', 'A', 'A', 'AA', 'AA', 'A', 'A', 'A', 'A', 'A', 'A', 'A', 'A', 'A', 'A', 'A', 'A', 'A', 'A', 'A', 'A', 'A', 'A', 'A', 'A', 'A', 'A', 'A', 'A', 'A', 'A', 'A']	67
ENST00000284425:37	['A', 'A', 'A', 'A', 'A', 'A', 'A', 'A', 'A', 'A']	10
ENST00000284425:7	['AG', 'AG', 'AG', 'AG']	4
ENST00000284486:2	['A']	1
ENST00000284509:1	['T']	1
ENST00000284637:10	['A', 'A', 'A', 'A', 'A', 'A', 'A', 'A', 'A', 'A', 'A', 'A', 'A', 'A', 'A', 'A', 'A', 'A', 'A', 'A', 'A', 'A', 'A', 'A', 'A', 'A', 'A', 'A', 'A', 'A', 'A', 'A', 'A', 'A', 'A', 'A', 'A', 'A', 'A', 'A', 'A', 'A', 'A', 'A', 'A', 'A', 'A', 'A', 'A', 'A', 'A', 'A', 'A', 'A', 'A', 'A', 'AA', 'A', 'A', 'A', 'A', 'A', 'A', 'A', 'A', 'A', 'A', 'A', 'A', 'A', 'A', 'A', 'A', 'A', 'A', 'A', 'A', 'A', 'A', 'A', 'A', 'A', 'A', 'A', 'A', 'A', 'A', 'A', 'A', 'AA', 'A', 'A', 'A']	93
ENST00000284637:2	['AA', 'A', 'A', 'A', 'AA', 'AA', 'A', 'A', 'AA', 'A', 'A', 'A', 'A', 'A', 'A', 'AA', 'A', 'A', 'A', 'A', 'AA', 'A', 'A', 'A', 'A', 'A', 'A', 'A', 'A', 'A', 'A', 'A', 'A', 'A', 'A', 'AA', 'A', 'AA', 'A', 'A', 'A', 'A', 'A', 'A', 'A', 'A', 'AA', 'A', 'A', 'A', 'A', 'A', 'A', 'A', 'A', 'A', 'A', 'A', 'AAA', 'A', 'A', 'A', 'A', 'A', 'A', 'AA', 'A', 'A', 'A', 'A', 'A', 'A', 'A', 'A', 'A', 'AA', 'AA', 'A', 'A', 'A', 'A', 'A', 'A', 'A', 'AA', 'A', 'AA', 'A', 'A', 'A', 'AA', 'A', 'A', 'A', 'A', 'A', 'A', 'A', 'A', 'A', 'A', 'A', 'A', 'A', 'AA', 'A', 'A', 'A', 'A', 'AA', 'A', 'A', 'A', 'A', 'AA', 'A', 'A', 'A', 'A', 'A', 'A', 'A', 'A', 'A', 'A', 'A', 'A', 'A', 'A', 'A', 'A', 'A', 'A', 'AA', 'A', 'A', 'A', 'A', 'A', 'A', 'AA', 'A', 'A', 'A', 'A', 'A', 'A', 'A', 'A', 'A', 'A', 'A', 'A', 'A', 'A', 'A', 'A', 'A', 'A', 'A', 'A', 'A', 'A', 'A', 'A', 'A', 'A', 'A', 'A', 'A', 'A']	171
ENST00000284690:3	['A', 'A', 'A', 'A', 'A', 'A', 'A', 'A', 'A', 'A', 'A', 'A', 'A', 'A', 'A', 'A', 'A', 'A', 'A', 'A', 'A', 'A', 'A', 'A', 'A', 'A', 'A', 'A', 'A', 'A', 'A', 'A', 'A', 'A', 'A', 'A', 'A', 'A', 'A', 'A', 'A', 'A', 'A', 'A']	44
ENST00000284727:1	['GGA']	1
ENST00000284776:17	['ATG']	1
ENST00000284776:2	['A', 'A', 'A', 'A', 'A', 'A', 'A', 'A', 'A', 'A', 'A', 'A', 'A', 'A', 'A', 'A', 'A', 'A', 'A', 'A', 'A', 'A', 'A', 'A', 'A', 'A', 'A']	27
ENST00000284881:2	['A', 'A', 'A', 'A', 'A', 'A', 'A', 'A', 'A', 'A', 'A', 'A', 'A', 'A', 'A', 'A', 'A', 'A', 'A', 'A', 'A', 'A', 'A', 'A', 'A', 'A', 'A', 'A', 'A', 'A', 'A', 'A']	32
ENST00000284898:5	['A', 'A', 'A', 'A', 'A', 'A', 'A', 'A', 'A', 'A', 'A', 'A', 'A', 'A']	14
ENST00000284951:18	['AGG', 'AGG']	2
ENST00000284984:7	['A', 'A', 'A', 'A']	4
ENST00000285093:9	['A', 'A']	2
ENST00000285238:6	['C', 'C']	2
ENST00000285243:3	['A', 'A', 'A', 'A', 'A', 'A', 'A', 'A', 'A', 'A', 'A', 'A', 'A', 'A', 'A', 'A', 'A', 'A', 'A', 'A', 'A', 'A', 'A', 'A', 'A', 'A', 'A']	27
ENST00000285697:1	['A', 'A', 'A', 'A']	4
ENST00000285873:20	['A', 'A']	2
ENST00000285873:26	['A', 'A']	2
ENST00000285873:8	['A', 'A', 'A', 'A', 'A', 'A', 'A', 'A', 'A', 'A', 'A', 'A', 'A', 'A', 'A', 'A', 'A', 'A', 'A', 'A', 'A', 'A', 'A', 'A', 'A', 'A', 'A', 'A', 'A', 'A', 'A', 'A', 'A', 'A', 'A', 'A', 'A', 'A', 'A', 'A', 'A', 'A', 'A', 'A']	44
ENST00000285968:3	['T', 'T']	2
ENST00000286063:19	['AAAAC', 'AAAAC']	2
ENST00000286091:8	['CACCCCCCACCCCCGCAGGTCTTGGTGGGGGTCCCT']	1
ENST00000286190:10	['A', 'A', 'A', 'A', 'A', 'A']	6
ENST00000286195:13	['A', 'A', 'A', 'A', 'A']	5
ENST00000286195:5	['A', 'A', 'A', 'A', 'A', 'A', 'A', 'A', 'A', 'A', 'A', 'A', 'A', 'A', 'A', 'A', 'A', 'A', 'A', 'A', 'A', 'A', 'A', 'A', 'A', 'A', 'A', 'A']	28
ENST00000286195:7	['A', 'A']	2
ENST00000286355:17	['G', 'G', 'G']	3
ENST00000286355:3	['CT']	1
ENST00000286364:5	['T', 'T', 'T', 'T', 'T', 'T', 'T', 'T', 'T', 'T', 'T', 'T', 'T', 'T', 'T', 'T', 'T', 'T', 'T', 'T', 'T', 'T', 'T', 'T', 'T', 'T', 'T', 'T', 'T', 'T', 'T', 'T', 'T', 'T', 'T', 'T']	36
ENST00000286448:7	['T', 'T']	2
ENST00000286544:2	['A', 'A']	2
ENST00000286548:5	['AAA', 'AA', 'AAA', 'AA', 'AAA', 'A', 'A', 'AA', 'AAA', 'AAA', 'AA', 'AAA', 'AA', 'A', 'A', 'AAA', 'A', 'AA', 'AAA', 'A', 'AA', 'AA', 'A', 'A', 'A', 'AA', 'AAA', 'AA', 'AAA', 'AAA', 'A', 'AAA', 'A', 'AAA', 'A', 'A', 'A', 'A', 'AA', 'AA', 'AA', 'AA', 'AA', 'AA', 'AAA', 'AA', 'AAA', 'AA', 'AA', 'A', 'A', 'A', 'AA', 'A', 'AAAAA', 'AA', 'AA', 'A', 'A', 'A', 'AA', 'AA', 'AAA', 'A', 'AA', 'A', 'AA', 'AAA', 'AA', 'A', 'A', 'A', 'AA', 'A', 'A', 'AA', 'A', 'AA', 'A', 'A', 'A', 'A', 'A', 'A', 'A', 'A', 'A', 'AA', 'AA', 'A', 'AAA', 'AA', 'A', 'A', 'A', 'A', 'AAA', 'A', 'A', 'AA', 'AA', 'A', 'A', 'AAA', 'AAA', 'A', 'AA', 'A', 'AA', 'AA', 'A', 'AA', 'A', 'A', 'A', 'A', 'A', 'A', 'A', 'A', 'AA', 'A', 'A']	123
ENST00000286574:3	['C', 'A', 'C', 'A']	4
ENST00000286574:7	['A', 'A']	2
ENST00000286614:2	['AAAAAA', 'AAAAAAAAAAA', 'AAAAAAAAAA', 'AAAA', 'AAAAAAA', 'AAAA', 'AAAAAAAA', 'AAAAAA', 'AAAA', 'AAAAAAAAAAAAA', 'AAAAAAAAA', 'AAAAAAA', 'AAAAAA', 'AAAAAAAAAAAA', 'AAAAAAAAA', 'AAAAAAAAAAA', 'AAAAA', 'AAAAA', 'AAAAAA', 'AAAAAA', 'AAAAA', 'AAAAAAAA', 'AAAAAAA', 'AAAAAAAAA', 'AAAAAAAA', 'AAAAAAAAAA', 'AAAAAAAAAAAAA', 'AAAAAAAAAAA', 'AAAAAAAAA', 'AAAAAAAA', 'AAAAAAAAAAAAAAA', 'AAAAAAAA', 'AAAAAA', 'AAAAAAA', 'AAAAAA', 'AAAAAAAAAAAAA', 'AAAAAAAA', 'AAAAAAAA', 'AAAAAAAAAAAA', 'AAAAAAAAAA', 'AAAAAAAAAA', 'AAAAAAAA', 'AAAAAA', 'AAAAAA', 'AAAA', 'AAAAAA', 'AAAAAAAA', 'AAAAAA', 'AAAAAAA', 'AAAAAAAAAAA', 'AAAAAAAA', 'AAAAAAAAAA', 'AAAA', 'AAAAAAAAA', 'AAAAAAAAAAA', 'AAAAAAAAA', 'AAAAAAAA', 'AAAAAAAAA', 'AAAAAAAAAAA', 'AAAAAAAAAAA', 'AAAAAAAAA', 'AAAAAA', 'AAAAAAAA', 'AAAAAAAAAA', 'AAAAAAAAA', 'AAAAAAAAA', 'AAAAAAAAA', 'AAAAAAAAAAA', 'AAAAAAAAA', 'AAAAAAAAAAAA', 'AAAAAAA', 'AAAA', 'AAA', 'AAAAA', 'AAAAAAAAA', 'AAAAAAAAAAA', 'AAAAAAA', 'AAAAAAAAAA', 'AAAAAA', 'AAAAAAAAAA', 'AAAAAAAAAA', 'AAAAAA', 'AAAAAAAAAA', 'AAAAAAAAA', 'AAAAAAAA', 'AAAAAAAA', 'AAAAAA', 'AAA', 'AAAA', 'AAAAAAAAAA', 'AAAAAAAA', 'AA', 'AAAAAAAAAA', 'AAAAAAAA', 'AAAAAAAAAA', 'AAAAAAAAA', 'AAAAAAAAAA', 'AAAAAAAAAAAA', 'AAAAAAAAAAA', 'AAAAAAA', 'AAAAAAAAA', 'AAAAAAAAAAAA', 'AAAAAAAA', 'AAAAAAAAAAAAA', 'AAAAAAA', 'AAAAAAAAAAAAA', 'AAAAAAAAAA', 'AAAAAAAAAAAA', 'AAAAAAAAAAAA', 'AAAAAAAAAA', 'AAAAAA', 'AAAAAAAAAAA', 'AAAAAAAAA', 'AAAAAAAAAAAA', 'AAAAAAAAA', 'AAAAAAAAAA', 'AAAAAAAAAAA', 'AAAAAAAA', 'AAAAAAAAAA', 'AAAAAAA', 'AAAAAAAA', 'AAAAAAAAAAA', 'AAAAAAAAAAA', 'AAAAAAAAAA', 'AAAAAAAA', 'AAAAAAA', 'AAAAAAAAA', 'AAAAAAAAAA', 'AAA', 'AAAAAAAA', 'AAAAAAAAAAA', 'AAAAAAAAAA', 'AAAAAAAA', 'AAAAAAAA', 'AAAAAAAAAAA', 'AAAAAAAAAAA', 'AAAAAAAAAA', 'AAAAAAAAAA', 'AAAAAAAAA', 'AAAAAAAAAAA', 'AAAAAAAA', 'AAAAAAAA', 'AAAAAAAA', 'AAAAAA', 'AAAAAAA', 'AAA', 'AAAAAAA', 'AAAAAAAAAAA', 'AAAAAAAAA', 'AAAAAAAAAA', 'AAAAAAAAA', 'AAAAA', 'AAAAAAAAAAAAAAA', 'AAAAAAAAA', 'AAAAAAAA', 'AAAAAAAAAAA', 'AAAAA', 'AAAAAAA', 'AAAAAAAAAA', 'AAAAAAAAAAA', 'AAAAAAAAAAAA', 'AAAAAAAA', 'AAAAAAAAA', 'AAAAAAA', 'AAAAAAAAAAAA', 'AAAAAAAA', 'AAAAAAA', 'AAAAAAAAAA', 'AAAAAAAAAA', 'AAAAAAAA', 'AAAAAA', 'AAAAAAAA', 'AAAAAAAAAA', 'AAAAAAAAAAAA', 'AAAAAAAAAAAAA', 'AAAAAAAAAAAAA', 'AAAAAAAAAAAAAAA', 'AAAAAAAAAAA', 'AAAAAAAAAAAA', 'AAAAAAAAAAA', 'AAAAAAAAAA', 'AAAAAAAAAA', 'AAAAAAAAAAAAA', 'AAAAAAAAAAAAA', 'AAAAAAAAAAAAA', 'AAAAAAAAAAA', 'AAAAA', 'AAAAAAA', 'AAAAAA', 'AAAAAAAAAA', 'AAAAAAAA', 'AAAAAAAAA', 'AAAAAAA', 'AAAAAAA', 'AAAAAA', 'AAAAAAAA', 'AAAAAAAAAAAA', 'AAAAAAAA', 'AAAAAAAAAAA', 'AAAAAAAAA', 'AAAAAAAAAAAAA', 'AAAAAAAAAAA', 'AAAAAAAAAAAA', 'AAAAAAA', 'AAAAAAAAAAAA', 'AAAAAAAAAA', 'AAAAAAAAAAAAAA', 'AAAAAAAA', 'AAAAAAAAAAAAAA', 'AAAAAAAAAAAAA', 'AAAAAAAAAAAAAA', 'AAAAAAAAAAAA', 'AAAAAAAAAAA', 'AAAAAAAAAA', 'AAAAAAAAAAAA', 'AAAAAAAAAAAAAA', 'AAAAAAAAAAAA']	217
ENST00000286614:4	['TG']	1
ENST00000286621:3	['T']	1
ENST00000286628:2	['A', 'A']	2
ENST00000286692:3	['A', 'A', 'A', 'A']	4
ENST00000286692:6	['A', 'A']	2
ENST00000286788:1	['A', 'A', 'A', 'A', 'A', 'A', 'A', 'A', 'A', 'A', 'A', 'A', 'A', 'A', 'A', 'A']	16
ENST00000286835:8	['A', 'A', 'A', 'A', 'A', 'A', 'A', 'A', 'A', 'A', 'A', 'A', 'A', 'A', 'A', 'A', 'A', 'A', 'A', 'A', 'A', 'A', 'A', 'A', 'A', 'A', 'A', 'A', 'A', 'A', 'A', 'A', 'A', 'A', 'A', 'A', 'A', 'A', 'A', 'A', 'A', 'A', 'A', 'A', 'A', 'A', 'A', 'A', 'A', 'A', 'A', 'A', 'A', 'A', 'A', 'A', 'A', 'A', 'A', 'A', 'A', 'A', 'A', 'A', 'A', 'A', 'A', 'A', 'A', 'A', 'A', 'A']	72
ENST00000286835:9	['C']	1
ENST00000287097:14	['T', 'T']	2
ENST00000287196:8	['AG', 'AG']	2
ENST00000287380:19	['A', 'A']	2
ENST00000287394:4	['A', 'A', 'A', 'A', 'A', 'A', 'A', 'A', 'A', 'A', 'A', 'A', 'A', 'A', 'A', 'A', 'A', 'A', 'A', 'A', 'AA', 'A', 'A', 'A', 'A', 'A', 'A', 'A', 'A', 'A', 'A', 'A', 'A', 'A', 'A', 'A', 'A', 'A', 'A', 'AA']	40
ENST00000287394:7	['A', 'A', 'A', 'A', 'A', 'A', 'A', 'A', 'A', 'A', 'A', 'A', 'A', 'A']	14
ENST00000287468:3	['GT', 'GT', 'GT', 'GT', 'GT', 'GT', 'GT', 'GT', 'GT']	9
ENST00000287497:1	['G']	1
ENST00000287585:3	['AG', 'AG', 'AG', 'AG', 'AG', 'AG', 'AG', 'AG', 'AG', 'AG', 'AG', 'AG', 'AG', 'AG', 'AG', 'AGAG', 'AG', 'AG', 'AG', 'AGAG', 'AG', 'AGAG', 'AGAG', 'AG', 'AG', 'AGAGAG', 'AG', 'AG', 'AGAG', 'AG', 'AG', 'AG', 'AG', 'AGAG', 'AG', 'AGAGAG', 'AG', 'AG', 'AG', 'AG', 'AG', 'AG', 'AG', 'AG', 'AG', 'AGAG', 'AG', 'AG', 'AG', 'AG', 'AG', 'AG', 'AG', 'AG', 'AGAG', 'AG', 'AG', 'AG', 'AG', 'AG', 'AGAG', 'AG', 'AG', 'AG', 'AG', 'AG', 'AG', 'AG', 'AG', 'AG', 'AG', 'AG', 'AG', 'AG', 'AG', 'AG', 'AG', 'AG', 'AG', 'AG', 'AG', 'AG', 'AG', 'AG', 'AG', 'AG', 'AG', 'AG', 'AG', 'AG', 'AG', 'AG', 'AG', 'AG', 'AG']	95
ENST00000287777:3	['C', 'C', 'C', 'C', 'C', 'C', 'C', 'C']	8
ENST00000287820:3	['A', 'A', 'A', 'A', 'A', 'A', 'A', 'A', 'A', 'A', 'A', 'A', 'A', 'A', 'A', 'A', 'A', 'A', 'A', 'A', 'A', 'A', 'A', 'A', 'A', 'A', 'A', 'A', 'A', 'A', 'A', 'A', 'A', 'A', 'A', 'A', 'A', 'A', 'A', 'A', 'A', 'A', 'A', 'A', 'A', 'A', 'A', 'A', 'A', 'A', 'A', 'A', 'A', 'A', 'A', 'A', 'A', 'A', 'A', 'A', 'A', 'A', 'A', 'A', 'A', 'A', 'A', 'AA', 'A', 'A', 'A', 'A', 'A', 'A', 'A', 'A', 'A', 'A', 'A', 'A', 'A', 'A', 'A', 'A', 'A', 'A', 'A', 'A', 'A', 'A', 'A', 'A', 'A', 'A', 'A', 'A', 'A', 'A', 'A', 'A', 'A', 'A', 'A', 'A', 'A', 'A', 'A', 'A', 'A', 'A', 'A', 'A', 'A', 'A']	114
ENST00000287844:12	['A', 'A']	2
ENST00000287844:8	['A', 'A']	2
ENST00000287878:5	['A', 'A', 'A', 'A']	4
ENST00000287996:10	['GAA', 'GAA']	2
ENST00000288235:11	['A', 'A', 'A', 'A', 'A', 'A', 'A', 'A', 'A', 'A', 'A', 'A', 'A', 'A', 'A', 'A', 'A', 'A', 'A', 'A', 'A', 'A', 'A', 'A', 'A', 'A', 'A', 'A', 'A', 'A', 'A', 'A', 'A', 'A', 'A', 'A', 'A', 'A', 'A', 'A', 'A', 'A', 'A', 'A', 'A', 'A', 'A', 'A', 'A', 'A', 'A', 'A', 'A', 'A', 'A', 'A', 'A', 'A', 'A', 'A', 'A', 'A', 'A', 'A', 'A', 'A', 'A', 'A', 'A', 'A', 'A', 'A', 'A', 'A', 'A', 'A', 'A', 'A', 'A', 'A', 'A', 'A', 'A', 'A', 'A', 'A', 'A', 'A', 'A', 'A', 'A', 'A', 'A', 'A', 'A', 'A', 'A', 'A', 'A', 'A', 'A', 'A', 'A', 'A', 'A', 'A', 'A', 'A', 'A', 'A', 'A']	111
ENST00000288235:26	['GA', 'GA']	2
ENST00000288266:11	['T', 'T', 'T', 'T', 'T', 'T', 'T', 'T', 'T']	9
ENST00000288490:30	['A', 'A']	2
ENST00000288490:7	['T']	1
ENST00000288602:17	['AA', 'AAA', 'AA', 'AA', 'AAAAAAAAAAAGA', 'A', 'AA', 'AA', 'AAA', 'AA', 'AAA', 'A', 'A', 'A', 'A', 'A', 'AA', 'A', 'A', 'A', 'AA', 'AA', 'A', 'A', 'AA', 'A', 'A', 'A', 'AA', 'A', 'AA', 'A', 'A', 'A', 'AA', 'A', 'A', 'A', 'A', 'A', 'AAA', 'A', 'A', 'A', 'A', 'A', 'A', 'A', 'A', 'A', 'A', 'A', 'A', 'AA', 'A', 'A', 'A', 'A', 'A', 'A', 'AA', 'A', 'A', 'A', 'A', 'A', 'A', 'A']	68
ENST00000288602:9	['AAA']	1
ENST00000288670:11	['T', 'T']	2
ENST00000288828:11	['GA']	1
ENST00000289004:4	['AGG', 'AGG']	2
ENST00000289081:4	['A', 'A', 'A', 'A', 'A', 'A', 'A']	7
ENST00000289081:8	['T']	1
ENST00000289119:5	['G', 'G']	2
ENST00000289153:7	['TGT']	1
ENST00000289371:10	['A', 'A']	2
ENST00000289416:2	['G', 'G']	2
ENST00000289672:2	['A', 'AA', 'AA', 'AA', 'A', 'A', 'AA', 'A', 'A', 'AA', 'AA', 'AA', 'AA', 'A', 'A', 'A', 'A', 'AA', 'AA', 'A', 'A', 'A', 'A', 'AAA', 'AA', 'A', 'AA', 'A', 'A', 'A', 'A', 'AA', 'AA', 'A', 'A', 'A', 'A', 'A', 'A', 'A', 'A', 'AAA', 'A', 'A', 'AA', 'A', 'AA', 'A', 'AAA', 'AAA', 'A', 'A', 'A', 'AA', 'AA', 'AAA', 'AA', 'AAA', 'A', 'AA', 'A', 'AAA', 'A', 'A', 'A', 'A', 'AA', 'A', 'A', 'A', 'A', 'AA', 'AAA', 'A', 'A', 'AA', 'A', 'AA', 'A', 'AAAA', 'A', 'A', 'AA', 'A', 'A', 'AAA', 'A', 'AA', 'AA', 'A', 'A', 'A', 'A', 'A', 'A', 'AAA', 'A', 'A', 'AA', 'A', 'AA', 'A', 'A', 'A', 'AA', 'A', 'A', 'AA', 'AAA', 'A', 'A', 'A', 'A', 'A', 'A', 'A', 'A', 'A', 'A', 'A', 'A', 'A', 'A', 'A', 'A', 'A', 'AAA', 'A', 'A', 'A', 'A', 'A', 'A', 'A', 'A', 'A', 'AA', 'A', 'A', 'A', 'A', 'A', 'A', 'A', 'A', 'A', 'A', 'A', 'A', 'A', 'A', 'AA']	152
ENST00000289672:23	['TG']	1
ENST00000289753:2	['C', 'C']	2
ENST00000289865:12	['CTTTCCCGATCTCCTTTTTTCCT']	1
ENST00000290039:20	['A', 'A']	2
ENST00000290158:5	['T', 'T']	2
ENST00000290246:3	['AG', 'AG', 'AG', 'AG', 'AG', 'AG', 'AG', 'AG', 'AG', 'AG', 'AG', 'AG', 'AG', 'AG', 'AG', 'AG', 'AG', 'AG', 'AG', 'AG', 'AG', 'AG', 'AG', 'AG', 'AG', 'AG', 'AG', 'AG', 'AG', 'AG', 'AG', 'AG', 'AG', 'AG', 'AG', 'AG', 'AG', 'AG', 'AG', 'AG']	40
ENST00000290271:3	['TC']	1
ENST00000290341:13	['C', 'C']	2
ENST00000290524:4	['ACTT', 'ACTT']	2
ENST00000290583:6	['G', 'G']	2
ENST00000290649:4	['A', 'A', 'A', 'A']	4
ENST00000290650:2	['A', 'A']	2
ENST00000290650:4	['A', 'A']	2
ENST00000290650:5	['A', 'A', 'A', 'A']	4
ENST00000290705:2	['T', 'T']	2
ENST00000290810:6	['AA', 'AA', 'AA', 'AA', 'AAA', 'AA', 'AA', 'AA', 'AAA', 'AA', 'AA', 'A', 'A', 'AA', 'A', 'AA', 'AA', 'A', 'A', 'A', 'A', 'AA', 'A', 'A', 'A', 'A', 'A', 'A', 'AA', 'AA', 'A', 'AA', 'AA', 'AA', 'A', 'A', 'A', 'A', 'A', 'A', 'A', 'A', 'A', 'A', 'A', 'AA', 'A', 'A', 'A', 'A', 'A', 'A', 'A', 'AA', 'A', 'A', 'A', 'A', 'A', 'A', 'A', 'A', 'A', 'A', 'A', 'A', 'A', 'A', 'A', 'A', 'A']	71
ENST00000290949:6	['G', 'G', 'G', 'G', 'G', 'G', 'G', 'G', 'G', 'G']	10
ENST00000290974:2	['AG', 'AG']	2
ENST00000291270:1	['G', 'G', 'G', 'G', 'G', 'G']	6
ENST00000291458:3	['AA', 'A', 'AA', 'AA', 'AA', 'AA', 'AA', 'AA', 'A', 'A', 'A', 'AA', 'AA', 'A', 'A', 'AA', 'A', 'A', 'AA', 'AA', 'A', 'AA', 'A', 'AA', 'A', 'A', 'AA', 'A', 'AA', 'AA', 'AA', 'A', 'AA', 'A', 'A', 'AA', 'A', 'A', 'A', 'AA', 'A', 'A', 'A', 'A', 'A', 'A', 'AA', 'A', 'AA', 'A', 'AA', 'A', 'A', 'A', 'A', 'A', 'A', 'A', 'A', 'A', 'A', 'A', 'AA', 'A', 'A', 'A', 'A', 'A', 'A', 'A', 'A', 'A', 'A', 'A', 'A', 'A', 'AA', 'A', 'A', 'AA', 'A', 'AA', 'A', 'A', 'A', 'A', 'A', 'A', 'A', 'A', 'A', 'A', 'A', 'A', 'AA', 'A', 'A', 'A', 'A', 'AA', 'A', 'A', 'A', 'A', 'A', 'A', 'A', 'A', 'A', 'AA', 'A', 'AA', 'A', 'A', 'A', 'A', 'A', 'A', 'A']	119
ENST00000291478:4	['G', 'G']	2
ENST00000291495:4	['C', 'C']	2
ENST00000291565:8	['C']	1
ENST00000291572:7	['C']	1
ENST00000291688:22	['AAGA', 'AAGA', 'AAGA']	3
ENST00000291842:15	['G', 'GAGGACAGTCCTGTCCAACAGGGAGG', 'C', 'C', 'C', 'C', 'G', 'GAGGACAGTCCTGTCCAACAGGGAGG', 'GAGGACAGTCCTGTCCAACAGGGAGG', 'GAGGACAGTCCTGTCCAACAGGGAGG', 'GAGGACAGTCCTGTCCAACAGGGAGG', 'GAGGACAGTCCTGTCCAACAGGGAGG', 'GAGGACAGTCCTGTCCAACAGGGAGG', 'C', 'C', 'GAGGACAGTCCTGTCCAACAGGGAGG', 'GAGGACAGTCCTGTCCAACAGGGAGG', 'GAGGACAGTCCTGTCCAACAGGGAGG', 'C', 'GAGGACAGTCCTGTCCAACAGGGAGG', 'GAGGACAGTCCTGTCCAACAGGGAGG']	21
ENST00000291971:5	['G']	1
ENST00000291971:6	['CC']	1
ENST00000292125:5	['AA', 'AA', 'AAAAA', 'A', 'AAAA', 'AAAA', 'AAA', 'AAA', 'AAAA', 'AAAAAA', 'AAAA', 'AAAA', 'AAA', 'AAAA', 'AAAA', 'AAA', 'AAA', 'AAA', 'AAAA', 'AA', 'AA', 'AAA', 'AAAAA', 'AAA', 'AAAAA', 'AAA', 'AAA', 'AAA', 'AAA', 'AAA', 'AAA', 'AAA', 'AAAAAA', 'A', 'AA', 'AAA', 'AAAA', 'AAAA', 'AAAA', 'AAAA', 'AA', 'AA', 'AAA', 'AAAA', 'AAA', 'AAAAAA', 'AAAA', 'AAAA', 'AAAA', 'AAAA', 'AAAA', 'AAAAA', 'AAAAA', 'AAA', 'AAAA', 'AAA', 'AA', 'AAA', 'AAAAA', 'A', 'AA', 'AAA', 'AA', 'AAAAA', 'AAA', 'AAAAAA', 'AA', 'AAA', 'AAAA', 'AAAA', 'AAA', 'AAA', 'AAAA', 'AAAA', 'AAA', 'AAA', 'AAAA', 'AA', 'AAAAA', 'AA', 'AAA', 'AAAA', 'AA', 'AAA', 'AA', 'AAAA', 'AAAA', 'A', 'AAA', 'AAAA', 'C', 'A', 'AAA', 'AAAA', 'AA']	95
ENST00000292147:4	['G']	1
ENST00000292211:8	['GA', 'GA', 'GA', 'GA', 'GA', 'GA', 'GA', 'GA', 'GA', 'GA', 'GA', 'GA', 'GA', 'GA', 'GA', 'GA', 'GA', 'GA', 'GA', 'GA', 'GA', 'GA', 'GA', 'GA', 'GA', 'GA', 'GA', 'GA', 'GA', 'GA', 'GA', 'GA', 'GA', 'GA', 'GA', 'GA', 'GA', 'GA', 'GA', 'GA', 'GA', 'GA', 'GA', 'GA', 'GA', 'GA', 'GA', 'GA', 'GA', 'GA', 'GA', 'GA', 'GA', 'GA', 'GA', 'GA', 'GA', 'GA', 'GA', 'GA', 'GA', 'GA', 'GA', 'GA', 'GA', 'GA', 'GA', 'GA', 'GA', 'GA', 'GA', 'GA', 'GA', 'GA', 'GA', 'GA', 'GA', 'GA', 'GA', 'GA', 'GA', 'GA', 'GA', 'GA', 'GA', 'GA', 'GA', 'GA', 'GA', 'GA', 'GA', 'GA', 'GA', 'GA', 'GA', 'GA', 'GA', 'GA', 'GA', 'GA', 'GA', 'GA', 'GA', 'GA', 'GA', 'GA', 'GA', 'GA', 'GA', 'GA', 'GA', 'GA', 'GA', 'GA', 'GA', 'GA', 'GA', 'GA', 'GA', 'GA', 'GA', 'GA', 'GA', 'GA', 'GA', 'GA', 'GA', 'GA', 'GA', 'GA', 'GA', 'GA', 'GA', 'GA', 'GA', 'GA', 'GA', 'GA', 'GA', 'GA', 'GA', 'GA', 'GA', 'GA', 'GA', 'GA', 'GA', 'GA', 'GA', 'GA', 'GA', 'GA', 'GA', 'GA', 'GA', 'GA', 'GA', 'GA', 'GA', 'GA', 'GA', 'GA', 'GA', 'GA', 'GA', 'GA', 'GA', 'GA', 'GA', 'GA', 'GA', 'GA', 'GA', 'GA']	174
ENST00000292246:10	['A', 'A']	2
ENST00000292246:7	['AAA', 'AAA', 'AAA', 'AA', 'AAA', 'A', 'AAA', 'AA', 'AAA', 'AA', 'AAA', 'AAAA', 'AAAAA', 'AA', 'AAA', 'AA', 'AA', 'AAAAAA', 'AAA', 'AA', 'AAA', 'AAA', 'AAAA', 'AAAA', 'AAAA', 'AAAA', 'AAAA', 'A', 'AA', 'AAAAA', 'AAAA', 'AAAA', 'AAA', 'AAA', 'AA', 'AA', 'AAA', 'AAAA', 'AAA', 'AAAA', 'AA', 'AAAAA', 'AAA', 'AA', 'A', 'AAA', 'AAA', 'AAAA', 'AA', 'AA', 'AAAA', 'AA', 'AAA', 'AA', 'AAAA', 'AA', 'A', 'AAA', 'AAA', 'AAA', 'AA', 'AAAA', 'AA', 'AA', 'AAAA', 'A', 'AA', 'AAAAA', 'AAAAAA', 'AAA', 'AAAAA', 'AAA', 'AAA', 'AA', 'AA', 'AA', 'A', 'AAAAA', 'AAAA', 'AA', 'AAAA', 'AA', 'AA', 'AA', 'AA', 'A', 'AAAAA', 'AAAAAA', 'AAAA', 'AAAAAA', 'A', 'AAAAAA', 'AAAA', 'AAAAAA', 'AAAAAA', 'AAAAAA', 'AAAA', 'AAAAAA', 'AAAAAA', 'AAAA', 'AAAAA', 'A', 'AA', 'AAAAAA', 'AAAAAA', 'AAAAA', 'A', 'AA', 'AA', 'A', 'AAA', 'AA']	112
ENST00000292530:4	['TTCAT', 'TTCAT']	2
ENST00000292579:4	['A', 'A', 'A', 'A', 'A', 'A', 'A', 'A', 'A', 'A', 'A', 'A', 'A', 'A', 'A', 'A', 'A', 'A', 'A', 'A', 'A', 'A', 'A', 'A', 'A', 'A', 'A', 'A', 'A', 'A', 'A', 'A']	32
ENST00000292644:10	['T']	1
ENST00000292644:5	['TTC', 'TTC']	2
ENST00000292823:3	['TT']	1
ENST00000293195:10	['G']	1
ENST00000293308:2	['AC']	1
ENST00000293328:2	['A', 'A', 'A', 'A', 'A', 'A', 'A', 'A', 'A', 'A', 'A', 'A']	12
ENST00000293350:15	['C', 'C']	2
ENST00000293373:13	['T', 'T']	2
ENST00000293405:1	['G', 'G', 'G', 'G', 'G', 'G']	6
ENST00000293636:1	['TT', 'CTGGACCATATCC', 'CTGGACCATATCC', 'TT', 'CTGGACCATATCC', 'TT', 'TT', 'CTGGACCATATCC', 'CTGGACCATATCC', 'TT', 'CTGGACCATATCC', 'TT', 'CTGGACCATATCC', 'TT', 'TT', 'CTGGACCATATCC', 'TT', 'TT', 'TT']	19
ENST00000293760:3	['A']	1
ENST00000293925:5	['TT', 'TT']	2
ENST00000293970:5	['C', 'C']	2
ENST00000294129:1	['G', 'G', 'G', 'G', 'G', 'G', 'G', 'G']	8
ENST00000294129:8	['G', 'G', 'G', 'G']	4
ENST00000294172:20	['A', 'A']	2
ENST00000294179:10	['GAC']	1
ENST00000294179:8	['G']	1
ENST00000294241:4	['AGA']	1
ENST00000294353:10	['C', 'C']	2
ENST00000294383:28	['A']	1
ENST00000294383:47	['A', 'A', 'A', 'A', 'A', 'A', 'A', 'A', 'A', 'A', 'AA', 'A', 'A', 'A', 'A', 'A', 'A', 'A', 'A', 'A', 'A', 'A', 'A', 'AA', 'A', 'A', 'A', 'A', 'A', 'A', 'A', 'A', 'A', 'A', 'A', 'A', 'A', 'A', 'A', 'A', 'A', 'A', 'A', 'A', 'A', 'A', 'A', 'A', 'A', 'A', 'A', 'A', 'A', 'A', 'A', 'A', 'A', 'A', 'A', 'A', 'A']	61
ENST00000294383:54	['A', 'A', 'A', 'A', 'A', 'A', 'A', 'A', 'A', 'A', 'A', 'A', 'A', 'A', 'A', 'A', 'A']	17
ENST00000294409:3	['T', 'T', 'T']	3
ENST00000294507:6	['A', 'A']	2
ENST00000294613:1	['A', 'A', 'A', 'A', 'A', 'A', 'AA', 'A', 'A', 'AA', 'A', 'A', 'A', 'A', 'A', 'A', 'A', 'A', 'A', 'A', 'AA', 'A', 'A', 'A', 'A', 'A', 'A', 'AA', 'A', 'AA', 'A', 'A', 'A', 'A', 'A', 'A', 'A', 'A', 'A', 'A', 'A', 'A', 'A', 'A', 'A', 'A', 'A', 'A', 'A', 'A', 'A', 'A', 'A', 'A', 'A', 'A', 'A', 'A', 'A', 'A', 'A', 'A', 'A', 'A', 'A', 'A']	66
ENST00000294638:8	['A']	1
ENST00000294664:19	['T', 'T', 'T', 'T', 'T', 'T', 'T', 'T', 'T', 'T', 'T']	11
ENST00000294702:2	['T']	1
ENST00000294702:5	['AGAG', 'AGAGAGAG', 'AGAGAG', 'AGAG', 'AGAG', 'AGAGAG', 'AGAGAGAG', 'AGAGAGAGAG', 'AGAGAGAGAGAGAG', 'AGAGAG', 'AGAGAG', 'AGAGAG', 'AGAGAGAGAG', 'AG', 'AGAGAGAGAG', 'AGAG', 'AGAGAG', 'AGAGAGAGAGAG', 'AGAG', 'AGAG', 'AGAGAGAG', 'AGAGAG', 'AGAG', 'AGAGAGAGAG', 'AGAGAGAGAG', 'AGAGAGAG', 'AGAG', 'AG', 'AGAGAG', 'AGAGAG', 'AGAGAGAGAGAGAGAG', 'AG', 'AG', 'A', 'AGAGAG', 'AG']	36
ENST00000294724:18	['T']	1
ENST00000294724:32	['T', 'T']	2
ENST00000294954:10	['TACT']	1
ENST00000295055:11	['G']	1
ENST00000295065:7	['A', 'AA', 'AAA', 'AA', 'AA', 'AAA', 'AAAAA', 'AA', 'AA', 'AAA', 'AAA', 'AA', 'AAA', 'AA', 'AAA', 'AA', 'AA', 'AA', 'AAA', 'AAA', 'AA', 'AA', 'AA', 'AAA', 'AAA', 'AAA', 'AAA', 'AAA', 'A', 'AA', 'AA', 'AA', 'AAA', 'AAA', 'A', 'AA', 'AAA', 'AAA', 'AA', 'A', 'AAA', 'AA', 'AA', 'AAA', 'AAA', 'AA', 'AAA', 'AAA', 'AA', 'AAA', 'AA', 'AAA', 'AA', 'AA', 'AA', 'AA', 'AAAA', 'A', 'AA', 'AAA', 'AA', 'AA', 'AA', 'AA', 'AAAA', 'AAA', 'AA', 'AAA', 'AA', 'AA', 'AA', 'AA', 'AA', 'AA', 'AA', 'A', 'AAA', 'AAA', 'AA', 'AAA', 'AAA', 'AAAA', 'A', 'AAA', 'AA', 'A', 'AA', 'AAA', 'AAA', 'AAA', 'AAA', 'AAA', 'AA', 'AA', 'AAA', 'AAA', 'AA', 'AA', 'AAA', 'AA', 'AAA', 'A', 'AA', 'AA', 'AA', 'AAA', 'A', 'A', 'A', 'A', 'A', 'AAA', 'A', 'AAAA', 'AA', 'AA', 'AA', 'A', 'AAAAA', 'AA', 'A', 'AAA', 'AAA', 'AAA', 'A', 'A', 'AA', 'AAAA']	128
ENST00000295087:2	['A', 'A']	2
ENST00000295113:1	['T']	1
ENST00000295124:4	['AAT']	1
ENST00000295124:6	['TCTC', 'TCTC', 'CTC', 'TCTC', 'CTC', 'TCTC', 'CTC', 'TCTC', 'CTC', 'TCTC', 'CTC', 'CTC', 'CTC', 'CTC', 'TCTC', 'TCTC', 'TCTC', 'TCTC']	18
ENST00000295131:8	['A', 'A', 'A', 'A', 'A', 'A', 'A', 'A', 'A', 'A', 'A', 'A', 'A', 'A', 'A', 'AA', 'A', 'A', 'A', 'A', 'A', 'A', 'A', 'A', 'A', 'A', 'A', 'A', 'A', 'A', 'A', 'A', 'A']	33
ENST00000295133:10	['A', 'A']	2
ENST00000295156:3	['C', 'C', 'C', 'C', 'C', 'C', 'C', 'C']	8
ENST00000295208:4	['AAA', 'AAAAA', 'AAAAAA', 'AAAAA', 'AAA', 'AAAA', 'AAAA', 'AAAA', 'AAAAAA', 'AAAA', 'AAAAA', 'AAAA', 'AAAAAA', 'AAAAA', 'AAA', 'AAAAA', 'AAAA', 'AAAAA', 'AAAAA', 'AAAA', 'AAAA', 'AA', 'AAAAA', 'A', 'AAAAA', 'AAAAA', 'AAA', 'AAA', 'AAAAAAA', 'AAAAA', 'AAAAA', 'AAAAAAA', 'A', 'AAAA', 'AAA', 'AA', 'AAA', 'AAA', 'AAAA', 'AAAA', 'AAAAA', 'AAAA', 'AA', 'AA', 'A', 'A', 'AAAAA', 'AA', 'AA', 'AA', 'AAAAA', 'AA', 'AAAA', 'AA', 'AAA', 'AA', 'A', 'A', 'AAAA', 'AAA', 'AAA', 'A', 'A', 'AAA', 'A', 'AAA', 'AA', 'A', 'AA', 'AA', 'A', 'AA', 'AAA', 'AAA', 'A', 'AA', 'AA', 'AAAAA', 'AA', 'AA', 'A', 'A', 'A', 'AA', 'A', 'AA', 'AAAAAAAA', 'A', 'AAAAAA', 'AAA', 'AA', 'AAAA', 'A', 'AAA', 'AAAAAA', 'AAAAAAA', 'AAAA', 'AAAAA', 'AAAAA', 'AAA', 'AAAA', 'AA', 'AAAAA', 'AAAAA', 'A', 'A', 'A', 'AAAA', 'AAAAA']	109
ENST00000295268:8	['A', 'A', 'A']	3
ENST00000295321:11	['A', 'A', 'A', 'A', 'A', 'A', 'A']	7
ENST00000295417:1	['A', 'A']	2
ENST00000295448:6	['AAAG', 'AAAG']	2
ENST00000295452:6	['A', 'A', 'A']	3
ENST00000295488:5	['ACAA']	1
ENST00000295491:2	['T', 'T', 'T', 'T', 'T', 'T', 'T', 'T', 'T', 'T', 'T', 'T', 'T', 'T', 'T', 'T', 'T', 'T', 'T', 'T', 'T', 'T', 'T', 'T', 'T', 'T', 'T', 'T']	28
ENST00000295550:2	['A', 'A']	2
ENST00000295550:38	['A']	1
ENST00000295645:1	['AAAAG', 'AAAAG', 'AAAAG', 'AAAAG', 'AAAAG', 'AAAAG', 'AAAAG', 'AAAAG', 'AAAAG', 'AAAAG']	10
ENST00000295666:4	['A', 'AA', 'AA', 'AA', 'AA', 'AA', 'AAA', 'AAA', 'AAA', 'AAA', 'AAAA', 'A', 'AA', 'A', 'AAA', 'A', 'A', 'AAA', 'AAA', 'AAA', 'AA', 'A', 'A', 'AA', 'AAA', 'A', 'A', 'A', 'A', 'A', 'A', 'AA', 'AA', 'AA', 'AAA', 'AA', 'AAA', 'AAA', 'A', 'AA', 'A', 'A', 'A', 'A', 'A', 'A', 'AA', 'AAA', 'AAA', 'A', 'A', 'A', 'A', 'AA', 'A', 'A', 'A', 'A', 'AA', 'A', 'AAA', 'AA', 'A', 'A', 'A', 'A', 'A', 'A', 'AA', 'AAA', 'A', 'AA', 'AA']	73
ENST00000295702:4	['AAG', 'AAG']	2
ENST00000295709:21	['C', 'C']	2
ENST00000295709:3	['GGT', 'GGT', 'GGT', 'GGT', 'GGT', 'GGT']	6
ENST00000295746:16	['AA', 'AA', 'AA', 'AA', 'AA', 'AA', 'AA', 'AA', 'AA', 'AAA', 'AA', 'AA', 'AA', 'AA', 'AA', 'AA', 'AA', 'AAA', 'AA', 'AAA', 'AA', 'AA', 'AA', 'AAA', 'AA', 'AA', 'AAA', 'AAA', 'AA', 'AA', 'AA', 'AA', 'AA', 'AA', 'AA', 'AA', 'A', 'AA', 'AA', 'AA', 'AA', 'AA', 'AA', 'AA', 'AA', 'AA', 'AA', 'AAA', 'AA', 'AA', 'AA', 'AA', 'AA', 'AA', 'AA', 'AAA', 'AA', 'AA', 'AA', 'AA', 'AA', 'AA', 'AA', 'AA', 'AA', 'AA', 'AA', 'AA', 'AA', 'AA', 'AA', 'AA', 'AA', 'AA', 'AAA', 'AAA', 'AAA', 'AA', 'A', 'AA', 'AA', 'AA', 'AA', 'AA', 'AA', 'A', 'AA', 'AA', 'AA', 'AA', 'A', 'AA', 'AA', 'A', 'A', 'AA', 'A', 'A', 'A', 'AA', 'A', 'AA', 'A', 'T', 'AA', 'A', 'AA', 'AA', 'AA', 'AA', 'AA', 'AA', 'AA', 'AA', 'A', 'AA', 'AA', 'A', 'A', 'A', 'A', 'A', 'A', 'A', 'A', 'A', 'A', 'A', 'A', 'A', 'A', 'A']	132
ENST00000295746:5	['A', 'A', 'A', 'A', 'A', 'A', 'A', 'A', 'A', 'A', 'A', 'A', 'A', 'A', 'A', 'A', 'A', 'A']	18
ENST00000295770:13	['G']	1
ENST00000295809:10	['C']	1
ENST00000295824:1	['G', 'G']	2
ENST00000295868:3	['A', 'A', 'A', 'A', 'A']	5
ENST00000295872:2	['A', 'A', 'A', 'A', 'A', 'A']	6
ENST00000295872:8	['A', 'A']	2
ENST00000295878:9	['GA', 'GA', 'GA', 'GA', 'GA']	5
ENST00000295887:7	['A', 'TTA', 'A', 'TTTA', 'TTTA', 'TTTTA', 'A', 'A', 'TTTTTA', 'TTTTA', 'TTTA']	11
ENST00000295887:8	['T', 'T', 'T', 'T', 'T', 'T', 'T', 'T']	8
ENST00000295888:11	['A', 'A', 'A', 'A', 'A', 'A', 'A', 'A', 'A', 'A', 'A', 'A', 'A', 'A', 'A', 'A', 'A', 'A', 'A', 'A', 'A', 'A', 'A', 'A', 'A', 'A']	26
ENST00000295888:15	['A', 'A']	2
ENST00000295910:6	['AG']	1
ENST00000295930:5	['T']	1
ENST00000295934:2	['A', 'A', 'A', 'A', 'A', 'A', 'A', 'A', 'A', 'A', 'A', 'A', 'A', 'A', 'A', 'A', 'A', 'A', 'A', 'A', 'A', 'A', 'A', 'A', 'A', 'A', 'A', 'A', 'A', 'A', 'A', 'A', 'A', 'A', 'A', 'A', 'A', 'A', 'A', 'A', 'A', 'A', 'A', 'A', 'A', 'A', 'A', 'A', 'A', 'A', 'A', 'A', 'A', 'A']	54
ENST00000295974:13	['G', 'G']	2
ENST00000295974:5	['A', 'A', 'A', 'A', 'A', 'A', 'A', 'A', 'A', 'A', 'A', 'A', 'A', 'A', 'A', 'G', 'A', 'A', 'A', 'A', 'A', 'A', 'A', 'A', 'A', 'A', 'A', 'G', 'A', 'A', 'G', 'A', 'A', 'A', 'G', 'A', 'A', 'A', 'A', 'A', 'A', 'A', 'A', 'A', 'A', 'A', 'A', 'A', 'A', 'A', 'A', 'A', 'A', 'A', 'A', 'A', 'AA', 'G', 'A', 'A', 'A', 'A', 'A', 'A', 'G', 'A', 'A', 'A', 'A', 'A', 'G', 'A', 'A', 'A', 'A', 'A', 'A', 'A', 'A', 'A', 'AA', 'A', 'A', 'A', 'A', 'A', 'A', 'A', 'A', 'A', 'A', 'A', 'A', 'A', 'A', 'A', 'A', 'A', 'A', 'A', 'A', 'A', 'A', 'A', 'A', 'A', 'A', 'A', 'A', 'A', 'A', 'A', 'A', 'A', 'A', 'A', 'A', 'A', 'A', 'A', 'A', 'A', 'G', 'A', 'GA', 'A', 'AA', 'G', 'A', 'A', 'A', 'A', 'G', 'G', 'A', 'A', 'G', 'A', 'G', 'A', 'A', 'A', 'A', 'A', 'A', 'A', 'A', 'A', 'A', 'A', 'A', 'A', 'A', 'A', 'A', 'A', 'A', 'A', 'G', 'A', 'A', 'A', 'A', 'GA']	164
ENST00000295992:5	['A', 'A', 'A', 'A']	4
ENST00000296015:7	['T', 'T', 'T', 'T']	4
ENST00000296027:1	['AAGA', 'AAGA']	2
ENST00000296046:4	['A', 'A', 'A', 'A']	4
ENST00000296059:5	['A', 'A']	2
ENST00000296088:6	['A', 'A']	2
ENST00000296129:1	['GAAG', 'GAAG', 'GAAG', 'GAAG']	4
ENST00000296181:7	['A', 'A']	2
ENST00000296215:3	['A', 'A', 'A', 'A', 'A', 'A', 'A', 'A']	8
ENST00000296220:8	['C']	1
ENST00000296273:9	['A', 'A', 'A', 'AAA', 'A', 'A', 'A', 'AAA']	8
ENST00000296292:5	['A', 'A', 'A', 'A', 'A', 'A', 'A', 'A']	8
ENST00000296302:17	['A', 'A', 'A', 'A']	4
ENST00000296302:19	['G', 'G']	2
ENST00000296302:23	['A']	1
ENST00000296302:9	['AAA', 'A', 'ACA', 'AAA', 'A', 'AAA', 'AAAA', 'AA', 'AA', 'AAA', 'AAAA', 'AAA', 'AAA', 'AC', 'AAAA', 'AC', 'AAAA', 'AAA', 'AAA', 'ACA', 'AA', 'AAA', 'AAA', 'AAAA', 'AAA', 'AAA', 'AAA', 'AC', 'AAA', 'AA', 'ACA', 'AAA', 'AC', 'AA', 'AC', 'AA', 'AA', 'AAA', 'ACA', 'AA', 'AAAA', 'AA', 'A', 'AA', 'AAAA', 'A', 'AAAA', 'AC', 'A', 'AAA', 'ACA', 'AC', 'AA', 'A', 'AAA', 'AAA', 'AAA', 'AA', 'ACA', 'AA', 'AC', 'A', 'AAAA', 'AA', 'AAA', 'A', 'AAA', 'A', 'AA', 'AAA', 'AA', 'AAAA', 'ACA', 'AA', 'AC', 'AAA', 'A', 'AAA', 'A', 'A', 'ACAA', 'AA', 'AAAA', 'A', 'A', 'AAA', 'AAA', 'A', 'AAAA', 'AC', 'AA', 'A', 'AA', 'ACA', 'AAA', 'AC', 'C', 'AAA', 'AAA', 'AA', 'ACA', 'AA', 'AA', 'ACAA', 'AA', 'AAAA', 'AC', 'AA', 'AA', 'AC', 'A', 'AA', 'ACA', 'AA', 'AC', 'A', 'AC', 'A', 'A', 'AA', 'A', 'A', 'ACA', 'A', 'AA', 'AAA', 'AAA', 'A', 'AAA', 'AA', 'A', 'A', 'AA', 'ACA', 'ACA', 'AA', 'A', 'AC', 'ACA', 'A', 'A', 'AC', 'ACA', 'AAA', 'A', 'A', 'ACA', 'AA', 'AA', 'AA', 'AC', 'ACA', 'AAA', 'ACA', 'AAA', 'AAAA', 'ACA', 'AA', 'AA', 'AC', 'AC', 'C', 'ACA', 'AC', 'AC', 'AC', 'ACA', 'AC', 'ACA', 'C', 'ACA', 'AC', 'AC', 'ACA', 'AC', 'ACA', 'AC', 'AC', 'AC', 'AC', 'AAA', 'A', 'AAA', 'AAA', 'AA', 'AA', 'AC', 'AC', 'AC', 'AC', 'ACA', 'ACA', 'AC', 'ACA', 'ACA', 'ACA', 'ACA', 'AC', 'AC', 'AC', 'ACA', 'AC', 'ACAA', 'ACA', 'AC', 'ACA', 'AC', 'AC', 'ACA', 'AC', 'AC', 'AC', 'ACAA', 'ACA', 'ACA']	215
ENST00000296315:8	['A']	1
ENST00000296328:2	['A', 'A', 'A', 'A', 'A', 'A', 'A', 'A', 'A', 'A', 'A', 'A', 'A', 'A', 'A', 'A', 'A', 'A', 'A', 'A', 'A', 'A', 'A', 'A', 'A', 'A', 'A', 'A', 'A', 'A', 'A', 'A', 'A', 'A', 'A', 'A', 'A', 'AA', 'A', 'A', 'A', 'A', 'A', 'A', 'A', 'A', 'A', 'A', 'A', 'A', 'A', 'A', 'A', 'A', 'A', 'A', 'A', 'A', 'A', 'A', 'A', 'A', 'A', 'A', 'A', 'A', 'A', 'A', 'A', 'A', 'A', 'A', 'A', 'A', 'A', 'A', 'AA', 'A', 'A', 'A', 'A']	81
ENST00000296350:10	['GA', 'GA', 'GA', 'GA', 'GA', 'GA', 'GA', 'GA']	8
ENST00000296388:2	['GAA']	1
ENST00000296412:4	['A', 'A', 'A', 'A', 'A', 'A', 'A', 'A', 'A', 'A', 'A', 'A', 'A', 'A', 'A', 'A', 'A', 'A', 'A', 'A', 'A', 'A', 'A', 'A', 'A', 'A', 'A', 'A', 'A', 'A', 'A', 'A', 'A', 'A', 'A', 'A']	36
ENST00000296412:8	['A', 'A']	2
ENST00000296420:7	['A', 'A']	2
ENST00000296420:9	['A', 'A', 'A', 'A', 'A', 'A', 'A', 'A', 'A', 'A', 'A', 'A', 'A', 'A', 'A', 'A', 'A', 'A', 'A', 'A', 'A', 'A', 'A', 'A', 'A', 'A', 'A', 'A', 'AA', 'A', 'AA', 'A', 'A', 'A', 'A', 'A', 'A', 'A', 'A', 'A', 'A', 'A', 'A', 'A', 'A', 'A', 'A', 'A', 'A', 'A', 'A', 'A', 'A', 'A', 'A', 'A', 'A', 'A', 'A', 'A', 'A', 'A', 'A', 'A', 'A', 'A', 'A', 'A', 'A', 'A', 'AA', 'A', 'A', 'A', 'A', 'A', 'A', 'A', 'A', 'A', 'A', 'A', 'A', 'A', 'A', 'A', 'A', 'A', 'A', 'A', 'A', 'A', 'A', 'A', 'A', 'A', 'A', 'A', 'A', 'A', 'A', 'A', 'A', 'A', 'A', 'A', 'A', 'A', 'A', 'A', 'A', 'A', 'A', 'A', 'A', 'A', 'A', 'A', 'A', 'A', 'A', 'A', 'A', 'A', 'A', 'A', 'A', 'A', 'A', 'A', 'A', 'A', 'A', 'A']	134
ENST00000296456:16	['G', 'G', 'G', 'G', 'G', 'G', 'G', 'G', 'G']	9
ENST00000296464:11	['A', 'A', 'A', 'A', 'A', 'A', 'A', 'A', 'A', 'A', 'A']	11
ENST00000296464:16	['T', 'T', 'T', 'T', 'T', 'T', 'T', 'T']	8
ENST00000296468:9	['A', 'A', 'A', 'A', 'A', 'A', 'A', 'A', 'A', 'A', 'A', 'A', 'A', 'A', 'A', 'A', 'A', 'A', 'A', 'A', 'A', 'A', 'A', 'A', 'A', 'A', 'A', 'A', 'A', 'A', 'A', 'A', 'A', 'A', 'A', 'A', 'A', 'A', 'A', 'A', 'A', 'A', 'A', 'A', 'A', 'A', 'A', 'A', 'A', 'A', 'A', 'A', 'A', 'A', 'A', 'A', 'A', 'A', 'A', 'A', 'A', 'A', 'A', 'A', 'A', 'A', 'A', 'A', 'A', 'A', 'A', 'A', 'A', 'A', 'A', 'A', 'A', 'A', 'A', 'A', 'A', 'A', 'A', 'A', 'A', 'A', 'A', 'A', 'AA', 'A', 'A', 'A', 'A', 'A', 'A', 'A', 'A', 'A', 'A', 'A', 'A', 'A', 'A', 'A', 'A', 'A', 'A', 'A']	108
ENST00000296486:8	['AA', 'A', 'AA', 'AA', 'AAA', 'AAA', 'AAA', 'AA', 'AA', 'AAA', 'AAA', 'AA', 'AAA', 'AAA', 'AA', 'AAA', 'AA', 'AAA', 'AA', 'AA', 'AA', 'AA', 'AA', 'AA', 'AAA', 'AAA', 'AA', 'AAA', 'AA', 'AAA', 'AA', 'A', 'AAA', 'AAA', 'A', 'A', 'AAA', 'AAA', 'AAA', 'AAA', 'AAA', 'AAA', 'AAA', 'AAA', 'AA', 'AAA', 'AA', 'A', 'AAA', 'AA', 'AA', 'AA', 'AA', 'A', 'A', 'AA', 'AAA', 'AA', 'A', 'AAA', 'A', 'AA', 'AAA', 'A', 'AAA', 'A', 'A', 'AA', 'AA', 'A', 'A', 'AAA', 'AA', 'AAAA', 'AA', 'AA', 'A', 'AA', 'AA', 'AA', 'AA', 'AA', 'AA', 'A', 'A', 'AA', 'AA', 'AA', 'AA', 'AAA', 'A', 'A', 'AA', 'AAA', 'A', 'AAA', 'AA', 'A', 'AA', 'AAA', 'A', 'A', 'A', 'AA', 'A', 'A', 'AA', 'A', 'A', 'AAA', 'AA', 'A', 'A', 'A', 'A', 'A', 'A', 'AA', 'A', 'A', 'AA', 'A', 'A', 'A', 'AAA', 'AA']	126
ENST00000296509:3	['A', 'A', 'A', 'A', 'A', 'A', 'A', 'A', 'A', 'A', 'A', 'A', 'A', 'A', 'A', 'A', 'A', 'A', 'A', 'A', 'A', 'A', 'A', 'A', 'A', 'A', 'A', 'A', 'A', 'A', 'A', 'A', 'A', 'A', 'A', 'A', 'A', 'A', 'A', 'A', 'A', 'A', 'A', 'A', 'A', 'A', 'A', 'A', 'A', 'A', 'A', 'A', 'A', 'A', 'A', 'A', 'A', 'A', 'A', 'A', 'A', 'A', 'A', 'A', 'A', 'A', 'A', 'A', 'A', 'A', 'A', 'A', 'A', 'A', 'A', 'A', 'A', 'A', 'A', 'A', 'A', 'A', 'A', 'A', 'A', 'A', 'A', 'A', 'A', 'A', 'A', 'A', 'A', 'A', 'A', 'A', 'A', 'A', 'A', 'A', 'A', 'A', 'A', 'A', 'A', 'A', 'A', 'A', 'A', 'A', 'A', 'A', 'A']	113
ENST00000296511:11	['AAA', 'AAAA', 'AAAA', 'AAAA', 'AAA', 'A', 'AAA', 'AAA', 'AA', 'AA', 'AA', 'AA', 'A', 'AA', 'AAA', 'AA', 'AAA', 'AA', 'AA', 'AAA', 'AA', 'AAAA', 'A', 'A', 'AA', 'AA', 'AA', 'AA', 'AAA', 'AA', 'AA', 'AAAA', 'AAAA', 'AA', 'AA', 'A', 'AAA', 'AA', 'AA', 'A', 'AA', 'AA', 'AAA', 'AA', 'A', 'AA', 'A', 'AA', 'AA', 'A', 'AA', 'AA', 'A', 'AAA', 'A', 'AAA', 'AA', 'A', 'AA', 'AAAAA', 'AA', 'AAA', 'AAA', 'AAA', 'A', 'AA', 'AA']	67
ENST00000296511:5	['T', 'T']	2
ENST00000296543:19	['CTTTC', 'CTTTC']	2
ENST00000296585:13	['AAA', 'AAA', 'AAA', 'AA', 'A', 'AA', 'AA', 'AA', 'AA', 'AA', 'AA', 'AAA', 'AA', 'AA', 'AAA', 'A', 'AA', 'AA', 'AA', 'AA', 'AA', 'A', 'AA', 'AA', 'AA', 'AA', 'AA', 'AAA', 'A', 'AA', 'AA', 'AA', 'AA', 'A', 'A', 'AA', 'AA', 'AAA', 'AA', 'AA', 'A', 'AA', 'AA', 'AA', 'A', 'AA', 'AA', 'A', 'AA', 'AA', 'AA', 'AA', 'A', 'A', 'AA', 'AA', 'AA', 'AAA', 'AA', 'A', 'A', 'AAA', 'A', 'AAA', 'AA', 'AA', 'AA', 'A', 'A', 'AA', 'AA', 'A', 'A', 'AA', 'A', 'A', 'AA', 'A', 'A', 'AAA', 'A', 'A', 'A', 'A', 'AA', 'A', 'A', 'AAAA', 'AAA', 'A', 'AAA', 'AA', 'A', 'A', 'A', 'AA', 'A', 'AA', 'AA', 'AA', 'AA', 'A', 'AAA', 'A', 'A', 'AA', 'AA', 'AA', 'AAA', 'AA', 'A', 'AA', 'A', 'AA', 'AAA', 'AA', 'A', 'AA', 'AAA', 'AAA', 'AA', 'AA', 'AA', 'AAA', 'A', 'AA', 'AA', 'A', 'AA', 'A', 'A', 'A', 'AA', 'AA', 'A', 'A', 'A', 'AA', 'AA', 'AAA', 'A', 'AA', 'AA', 'A', 'A', 'A', 'A', 'AA', 'A', 'A', 'AAA', 'A', 'AA', 'A', 'AAA', 'A', 'A', 'A', 'AAA', 'AA', 'AAA', 'AA', 'AA']	163
ENST00000296591:9	['A', 'A', 'A', 'A', 'A', 'A', 'A', 'A', 'A', 'A', 'A', 'A', 'A', 'A', 'A', 'A', 'A', 'A', 'A', 'A', 'A', 'A', 'A']	23
ENST00000296595:1	['A', 'A', 'A', 'A', 'A', 'A', 'A', 'A', 'A', 'A', 'A', 'A', 'A', 'A', 'A', 'A', 'A', 'A', 'A', 'A', 'A', 'A', 'A', 'A', 'A', 'A', 'A', 'A', 'A', 'A', 'A', 'A', 'A', 'A', 'A', 'A']	36
ENST00000296595:2	['A']	1
ENST00000296595:4	['AAAGAAAAA', 'AAAGAAAAAAAAA', 'AAAGAAAAA', 'AAAGAAAAAA', 'AAAGAAAAAAAAA', 'AG', 'AAAGAAAA', 'AAAGAAAAAAAAAA', 'AAAGAAAAAAAAAAA', 'AAAGAAAAAAAAA', 'AAAGAAAAAAAAAAAAAA', 'AAAGAAAAA', 'AAAGAAAAAAAAAA', 'AAAGAAAAAAAAA', 'AAAGAAA', 'AG', 'AG', 'G', 'G', 'G', 'AAG', 'AAAGAAAAA', 'G', 'G', 'AG', 'AAAGAAAAAAAAAAAAAA', 'AAG', 'AAAGAAAAAAAAAA']	28
ENST00000296595:6	['GGA', 'GGAA', 'GGAA', 'GGAAAA', 'G', 'G', 'G', 'GGAA', 'G']	9
ENST00000296603:7	['AA', 'AA', 'AA', 'A', 'AA', 'AAA', 'AA', 'AAAA', 'AAA', 'AAA', 'AAA', 'AA', 'AA', 'AA', 'AA', 'AAA', 'AA', 'AAA', 'AAA', 'AA', 'AA', 'AAA', 'AA', 'AAA', 'AAA', 'AA', 'AAA', 'AAA', 'A', 'AA', 'AA', 'A', 'AAA', 'AAA', 'AAAAA', 'AAAA', 'AA', 'AAAA', 'AAA', 'AAA', 'AA', 'AAA', 'AAAA', 'AA', 'AA', 'AA', 'A', 'AA', 'AA', 'AAA', 'AA', 'AAA', 'AAA', 'AA', 'AAA', 'AAAA', 'A', 'AA', 'AAA', 'AA', 'AAA', 'AA', 'AAA', 'A', 'AAA', 'AA', 'A', 'AAA', 'AAA', 'A', 'AA', 'AA', 'AAA', 'A', 'AAA', 'AA', 'AA', 'AAAA', 'AA', 'AAA', 'AA', 'A', 'AA', 'AAA', 'AA', 'AAA', 'AAA', 'AA', 'AA', 'AAA', 'AAA', 'AA', 'AAA', 'A', 'A', 'AAA', 'AAAA', 'A', 'AAAA', 'AA', 'AA', 'AAAA', 'AA', 'AA', 'AA', 'AAA', 'AA', 'AAAA', 'AAA', 'A', 'AA', 'AA', 'AA', 'AA', 'AAA', 'AAA', 'AAA', 'AAA', 'AA', 'AAA', 'AAA', 'AAA', 'AAA', 'AA', 'AAA', 'AAAA', 'AA', 'AAAA', 'AA', 'AAA', 'AAA', 'AAAA', 'AAA', 'AAA', 'AAAA', 'AAA', 'AA', 'A', 'AAAA', 'AAA', 'AA', 'AAA', 'AAAA', 'AAA', 'AAAA', 'AAA', 'AAA', 'AA', 'AAAA', 'AA', 'AAAAA', 'AAA', 'AAA', 'AA', 'AAA', 'AAA', 'AAA', 'AA', 'AA', 'A', 'AA', 'A', 'AAAA', 'AA', 'A', 'A', 'AAAA', 'A', 'AAA', 'AAAA']	170
ENST00000296603:8	['A', 'A']	2
ENST00000296604:1	['A', 'A', 'A', 'A', 'A', 'A', 'A', 'A', 'A', 'A', 'A', 'A', 'A', 'A', 'A']	15
ENST00000296632:3	['A', 'A']	2
ENST00000296666:5	['TACA']	1
ENST00000296679:1	['CTTGTA']	1
ENST00000296861:1	['A', 'A']	2
ENST00000297029:11	['TGAATTTGAATCATTGTTTTATTTTTCTTCATATTCCAGGTTGATGTTGATGCAAATTCAC']	1
ENST00000297029:6	['A', 'A']	2
ENST00000297056:1	['AA', 'A', 'AAA', 'AAAA', 'AAA', 'AAA', 'AAAA', 'AA', 'AAA', 'AA', 'AAA', 'AAA', 'AAAA', 'AAAA', 'AAAA', 'AAAA', 'AAA', 'AAA', 'AAA', 'AAA', 'A', 'AAA', 'AAA', 'AAAA', 'AAAA', 'AAAA', 'AAAA', 'A', 'AAA', 'AAA', 'AAA', 'AAA', 'AAA', 'AAAA', 'AAA', 'AAA', 'AAA', 'AAAA', 'AAA', 'AA', 'AAA', 'AA', 'AAA', 'AA', 'AA', 'AAAA', 'AAA', 'AA', 'AAA', 'AA', 'AAAA', 'AAA', 'AAAA', 'AAA', 'AA', 'AA', 'AAA', 'AAA', 'AAA', 'A', 'AA', 'AAA', 'AA', 'AAA', 'AAA', 'A', 'AAAA', 'AAA', 'AA', 'AA', 'AAA', 'AAA', 'AAAA', 'AAA', 'AAA', 'AA', 'AAA', 'AAA', 'A', 'AAA', 'AAA', 'AA', 'AAA', 'AAA', 'A', 'A', 'AAA', 'AAA', 'A', 'A', 'AA', 'A', 'AA', 'A', 'AA', 'AAA', 'A', 'AA', 'AAA', 'AA', 'A', 'A', 'AA', 'A', 'A', 'A', 'AAA', 'AA', 'AA', 'A', 'AA', 'A', 'AA', 'A', 'A', 'AA', 'AA', 'A', 'AAAA', 'AA', 'A', 'AAA', 'A', 'A', 'A', 'AAAA', 'AAA', 'AAA', 'AAA', 'A', 'AAA', 'AAA', 'A', 'A', 'A', 'AAA', 'AAA', 'AAA', 'AAA', 'A', 'AAA', 'AAA', 'AA', 'A', 'A', 'A', 'A', 'AAAA', 'A', 'AA', 'AAA', 'AAA', 'AA', 'A', 'AAAA']	155
ENST00000297056:9	['A', 'A', 'A', 'A', 'A', 'A']	6
ENST00000297063:6	['A']	1
ENST00000297146:2	['AAAAAA', 'AAAAAAAA', 'AAAAAA', 'AAAAA', 'AAA', 'AAA', 'AAAAA', 'AA', 'AAAAAA', 'AAA', 'AAAAA', 'AAA', 'AAAA', 'AAAAAA', 'AAAAA', 'AAA', 'AAA', 'AA', 'AA', 'AA', 'AAAAAAA', 'AAAAAAA', 'AAA', 'AA', 'AA', 'AAAA', 'AAAAAAA', 'AAAA', 'AAA', 'AA', 'AAAAA', 'AAAAAA', 'AAA', 'AAAA', 'AAA', 'AAAAAA', 'AAAA', 'AA', 'AAAAAA', 'AAAA', 'AA', 'AAAAAA', 'AA', 'AAAA', 'AAAA', 'AA', 'AA', 'AAAA', 'A', 'AAA', 'AAA', 'AAAAAAA', 'AAA', 'AAAAA', 'AAAAAA', 'AA', 'AA', 'AAAAAAA', 'AA', 'AA', 'AAA', 'AAA', 'AA', 'AA', 'AAAAA', 'AAAAA', 'A', 'AAA', 'AAAAA', 'AAAA', 'AAAAAAA', 'AAA', 'AAAAAA', 'AAA', 'AAA', 'AAAA', 'AAA', 'AAAA', 'AA', 'AA', 'AAAAAAA', 'AAAA', 'AAA', 'AAAA', 'AAAA', 'AA', 'AA', 'AAAA', 'AA', 'AA', 'AAA', 'AA', 'AAAAAA', 'AAAA', 'AAA', 'AAAAAAA', 'AAAA', 'AA', 'AAAAAA', 'AAA', 'AAAAA', 'AAAA', 'AAAAA', 'AA', 'AAAA', 'A', 'AAAA', 'AAAA', 'AAA', 'A']	110
ENST00000297151:5	['AA', 'A', 'AA', 'AA', 'AAA', 'A', 'A', 'AAAA', 'AA', 'AA', 'A', 'AAA', 'AA', 'AAA', 'AAA', 'AAA', 'AAA', 'AA', 'AA', 'AA', 'AA', 'AAA', 'AAA', 'AA', 'AAA', 'A', 'A', 'A', 'AAA', 'A', 'AAAA']	31
ENST00000297161:13	['G', 'G']	2
ENST00000297185:15	['A', 'A', 'A']	3
ENST00000297203:1	['AAA', 'AAA', 'A', 'AA', 'AAA', 'AAA', 'AA', 'AA', 'AA', 'AA', 'AAAA', 'AA', 'AAAA', 'AAA', 'AAAA', 'AA', 'AAA', 'AA', 'AAA', 'AAA', 'AAA', 'AA', 'AA', 'AA', 'AA', 'AAA', 'AAA', 'AAAA', 'AA', 'AAA', 'A', 'AA', 'AAA', 'AA', 'AA', 'AAAA', 'AAA', 'AAAA', 'AAAA', 'A', 'AA', 'AAA', 'AAAA', 'A', 'AAA', 'AA', 'AA', 'AA', 'AAAA', 'AA', 'A', 'A', 'AA', 'AAA', 'AA', 'A', 'AAA', 'AA', 'AA', 'AAA', 'AAA', 'AAA', 'A', 'AA', 'AA', 'A', 'AA', 'AAAA', 'A', 'AAAA', 'AA', 'AA', 'AAA', 'AA', 'AA', 'AA', 'A', 'AA', 'A', 'AA', 'AAA', 'AA', 'AA', 'AA', 'AA', 'A', 'A', 'A', 'A', 'A', 'AAAA', 'AA', 'AAAA', 'AA', 'AA', 'AAAA', 'AA', 'A', 'AA', 'AA', 'AA', 'A', 'A', 'A', 'AA', 'A', 'AA']	107
ENST00000297258:3	['CTT', 'CTT']	2
ENST00000297268:22	['G', 'TG']	2
ENST00000297268:7	['TTTTTC', 'TTTTTC']	2
ENST00000297338:7	['AAAAA', 'AAAAAAAAA', 'AAAAAAA', 'AAAAAAA', 'AAAAAAAAA', 'AAAAAAAAA', 'AAAAAAAAA', 'AAAAAAAAA', 'AAAAAAA', 'AAAAAAAAA', 'AAAAAAAA', 'AAAAAAAA', 'AAAAAAA', 'AAAAAAAAAA', 'AAAAAAAAA', 'AAAAAA', 'AA', 'AAAAAAA', 'AAAA', 'AAAAAAA', 'AA', 'AA', 'AAAAAAAAAAA', 'AAAAAA', 'AAAAAAA', 'AAAAAAAAAA', 'AAAAAAAA', 'AAAAA', 'AAAAAA', 'AAAAA', 'AAAAAAA', 'AAAAAA', 'AA', 'AAAAA', 'AAAAAAA', 'AAAAAAAA', 'AAAAAAAAAA', 'AAAAAAAA', 'AA', 'AAAA', 'AAAAAAAA', 'AAAAAAAAAAA', 'AAAAAAA', 'AAAAAAAA', 'AAAAAAAAA', 'AAAAAAAAA', 'AAAAAA', 'AAAAAA', 'AAAAAAAA', 'AAAAAAAA', 'AAAAAAAAAAAA', 'AAAAAAAA', 'AAAAAAAAAA', 'AA', 'AAAAAAAA', 'AAAAAAAA', 'AAAAAA', 'AA', 'AAAAAA', 'AAAAAAA', 'AAAAAAAA', 'AAAAAAAA', 'AAAAAAAAA', 'AAAAAAAA', 'AAAAAAAAA', 'AA', 'AAAAA', 'AAAA', 'AAAAAAAA', 'AAAAAA', 'AAAAAAAA', 'AAAAAAAAAAA', 'AAAAA', 'AAAAAAAA', 'AAAAAA', 'AAAAAA', 'AAAAAAAAAAA', 'AAAAAA', 'AAAAAAAA', 'AAAAAAAAAA', 'AAAAAAAAA', 'AAAAA', 'AAAAAAAAA', 'AAAAAAA', 'AAAAAAA', 'AAAAAAAA', 'AAAAA', 'AAAAAA', 'AAAAAAA', 'AAAAAAA', 'AAAAAAAA', 'AAAAAAA', 'AAAAAAAA', 'AAA', 'AAAAA', 'AAAAAAAA', 'AAAAAAA', 'AAAAAAA', 'AAAAAAAAAAAAA', 'AAAAAAAA', 'AAAAA', 'AAAAAAA', 'AAAAAA', 'AAAAAAAAAA', 'AAAAAAAA', 'AAAAA', 'AAAAAAA', 'AAAAAAAAA', 'AAAAAAA', 'AAAAAAAAAA', 'AAAAAAAA', 'AAAAAA', 'AAAAAAAAA', 'AAAAAAA', 'AAAAAAAA', 'AAAAAAAA', 'AAAAAAAA', 'AAAAAAAAAA', 'AAAA', 'AAAAA', 'AAAAAAAAA', 'AAAA', 'AAAAA', 'AAAAAAAA', 'AAAAAA', 'AAAAAAA', 'AAAAAAAAA', 'AAAAAAAAA', 'AAAAAAAA', 'AAAAAAAAAA', 'AAAAA', 'AAAAAAAAA', 'AAAAAAAAAAA', 'AAAAAA', 'AAAAAAAA', 'AAAAAAAAA', 'AAAAAAAAAAA', 'AAAAAAA', 'AAAAAA', 'AAAAAAAAA', 'AAAAAAAAAAA', 'AAAAAA', 'AAAAAAAA', 'AAAAAAAAAAA', 'AAAAAAAAAA', 'AAAAAAAAA', 'AAAAAAAAAAA', 'AAAAAAAA', 'AAAAAAAAAAA', 'AAAAAAAAAAA', 'AAAAAAAAAAAA', 'AAAAAAAAAA', 'AAAAAAAAAAA', 'AAAAAAAAAAA', 'AAAAAAAA', 'AAAAAAAA', 'AAAAAAAAAAAAA', 'AAAAAAAAAA', 'AAAAAAAAAA', 'AAAAAAA', 'AAAAAA', 'AAAAAAA', 'AAAAAAA', 'AAAAAAAAAA', 'AAAAAAAAA', 'AAAAAAAAA', 'AAAAAAAAAA', 'AAAAAAAAAAA', 'AAAAAAAAAA', 'AAAAAAAAAA', 'AAAAAAAAAAAAA', 'AAAAAAAAAA', 'AAAAAAAAAAA', 'AAAAAAAAAAA', 'AAAAAAAAAA', 'AAAAAAAA', 'AAAAAAAA']	177
ENST00000297338:9	['AA', 'AAAA', 'AA', 'AA', 'AA', 'AA', 'AA', 'A', 'AAAA', 'AA', 'AA', 'AAAA', 'AA', 'AAA', 'AA', 'AA', 'AA', 'AAA', 'AAA', 'AAA', 'AAA', 'AA', 'AA', 'A', 'A', 'AA', 'AA', 'A', 'A', 'AA', 'AAA', 'AA', 'AA', 'A', 'AA', 'AAA', 'AA', 'AA', 'AA', 'AAA', 'AA', 'AA', 'AA', 'AA', 'A', 'AAAA', 'AAAA', 'AA', 'A', 'A', 'AA', 'A', 'A', 'A', 'AAA', 'A', 'A', 'A', 'AA', 'A', 'AAAA', 'A', 'A', 'A', 'A', 'AA', 'A', 'A', 'AA', 'A', 'A', 'AA', 'AA', 'A', 'AAA', 'A', 'A', 'A', 'A', 'AA', 'AA', 'AAA', 'AA', 'AA', 'A', 'AA', 'A', 'A', 'AAA']	89
ENST00000297405:29	['G', 'A', 'A', 'G', 'A', 'A', 'A', 'A', 'A', 'GA', 'GA', 'A', 'A', 'A', 'A', 'A', 'GA', 'A', 'G', 'A', 'GA', 'GA', 'GA', 'AA', 'GA', 'GA', 'GA', 'A', 'G', 'GA', 'GA', 'GA', 'AA', 'GA', 'A', 'G', 'G', 'GA', 'GA', 'GA', 'GA', 'A', 'GA', 'A', 'A', 'A', 'GA', 'GA', 'GA', 'A', 'A', 'GA', 'GAA', 'G', 'A', 'GA', 'GA', 'GA', 'G', 'A', 'A', 'A', 'GA', 'GA', 'G', 'GA', 'GA', 'GA', 'GA', 'GA', 'GA', 'GA', 'GA', 'GA', 'GA', 'GAA', 'G', 'A', 'G', 'A', 'GA', 'GA', 'GA', 'GA', 'GAA', 'GAA', 'G', 'A', 'GA', 'GAA', 'A', 'GA', 'GA', 'GA', 'GA', 'G', 'G', 'G', 'GAA', 'A', 'GA', 'GA', 'A', 'GA', 'A', 'GA', 'GA', 'GA', 'AA', 'GA', 'G', 'A', 'GA', 'GA', 'GA', 'GA', 'GA', 'GA', 'GA', 'GA', 'G', 'A', 'GA', 'A', 'G', 'GA', 'GA', 'GAA', 'GA', 'G', 'A', 'GA', 'G', 'A', 'GA', 'G', 'A', 'GAA', 'AA', 'GA', 'GAA', 'A', 'GA', 'GA', 'GA', 'GAA', 'A', 'A', 'GA', 'GA', 'GA', 'GA', 'A', 'G', 'GA', 'G', 'G', 'G', 'G', 'G', 'G', 'GA', 'G', 'G', 'G', 'G', 'G', 'GA', 'GA', 'A', 'G', 'A', 'G', 'G', 'A', 'GA', 'GA', 'G', 'GA', 'A', 'G', 'G', 'G', 'G', 'G', 'GA', 'GA', 'G', 'G', 'GA', 'G', 'GA', 'GAA', 'G', 'G', 'G', 'G', 'G', 'G', 'G']	200
ENST00000297405:43	['A', 'A']	2
ENST00000297431:3	['A', 'A']	2
ENST00000297431:8	['A', 'A', 'A', 'A', 'A', 'A', 'A', 'A', 'A', 'A']	10
ENST00000297438:5	['T', 'T']	2
ENST00000297565:1	['T', 'T']	2
ENST00000297591:1	['A', 'A', 'A', 'A', 'A', 'A', 'A', 'A', 'A', 'A', 'A', 'A', 'A', 'A', 'A', 'A', 'A', 'A', 'A', 'A', 'A', 'A', 'A', 'A', 'A', 'A', 'A', 'A', 'A', 'A', 'A', 'A', 'A', 'A', 'A', 'A', 'A', 'A', 'A', 'A', 'A', 'A', 'A', 'A', 'A', 'A', 'A', 'A', 'A', 'A', 'A', 'A', 'A', 'A', 'A', 'A', 'A', 'A', 'A', 'A', 'A', 'A', 'A', 'A', 'A', 'A', 'A', 'A', 'A', 'A', 'A', 'A', 'A', 'A', 'A', 'A', 'A', 'A', 'A', 'A', 'A', 'A', 'A', 'A', 'A', 'A', 'A', 'A', 'A', 'A', 'A', 'A', 'A', 'A', 'A', 'A', 'A', 'A', 'A', 'A', 'A', 'A', 'A', 'A', 'A', 'A', 'A', 'A', 'A', 'A', 'A', 'A', 'A', 'A', 'A', 'A', 'A', 'A', 'A', 'A', 'A', 'A', 'A', 'A', 'A', 'A', 'A']	127
ENST00000297814:7	['A', 'A', 'A', 'A', 'A', 'A', 'A', 'A', 'A', 'A', 'A', 'A', 'A', 'A', 'A', 'A', 'A', 'A', 'A', 'A', 'A', 'A', 'A', 'A', 'A', 'A', 'A', 'A', 'A', 'A', 'A', 'A', 'A', 'A', 'A', 'A', 'A', 'A', 'A', 'A', 'A', 'A', 'A', 'A', 'A', 'A', 'A', 'AA', 'A', 'A', 'A', 'A', 'A', 'A', 'A', 'A', 'A', 'A', 'A', 'A', 'A', 'A', 'A', 'A', 'A', 'A', 'A', 'A', 'A', 'A', 'A', 'A', 'A', 'A', 'A', 'A', 'A', 'A', 'A', 'A', 'A', 'A']	82
ENST00000297814:8	['AA', 'A', 'A', 'A', 'A', 'A', 'A', 'A', 'A', 'A', 'A', 'A', 'A', 'AA', 'A', 'A', 'A', 'A', 'A', 'A', 'A', 'A', 'A', 'A', 'A', 'A', 'A', 'A', 'A', 'A', 'A', 'A', 'A', 'A', 'A', 'A', 'A', 'A', 'A', 'A', 'A']	41
ENST00000297848:2	['T', 'T']	2
ENST00000297848:3	['A']	1
ENST00000297873:4	['TG', 'TG', 'TG', 'TG', 'TG', 'TGTG', 'TG', 'TG', 'TGTG', 'TG', 'TG', 'TGTG', 'TG', 'TG', 'TG', 'TG', 'TGTG', 'TG', 'TG', 'TGTG', 'TG', 'TGTG', 'TG', 'TG']	24
ENST00000297954:12	['C', 'C']	2
ENST00000297977:9	['A', 'A', 'A', 'A', 'A', 'A', 'A', 'A', 'A']	9
ENST00000297990:9	['G', 'G', 'G', 'G']	4
ENST00000297991:1	['GAA', 'GAA']	2
ENST00000298139:14	['ATTT', 'ATTT']	2
ENST00000298159:2	['AAA', 'AAA', 'A', 'A', 'AAA', 'A', 'AAA', 'AAA', 'AAA', 'AA', 'A', 'AA', 'AAA', 'AAA', 'A', 'A', 'A', 'A', 'A', 'A', 'AAA', 'A', 'AAA', 'AA', 'AAA', 'A', 'AA', 'AA', 'AAA', 'A', 'A', 'A', 'AAA', 'AAA', 'AA', 'AAA', 'AAA', 'A', 'A', 'A', 'A', 'AAA', 'AA', 'AAA', 'AAA', 'A', 'AAA', 'A', 'AA', 'AA', 'AA', 'A', 'AAA', 'A', 'AA', 'AA', 'AAA', 'A', 'AAA', 'A', 'A', 'AAA', 'A', 'A', 'A', 'AA', 'A', 'AAA', 'AAA', 'A', 'A', 'A', 'AA', 'AA', 'AA', 'AAA', 'AA', 'AAA', 'AA', 'AA', 'AA', 'AA', 'AA', 'AA', 'AA', 'AA', 'AA', 'AA', 'AA', 'AA', 'AA', 'AA', 'AA', 'AA', 'AA', 'AA', 'AA', 'A', 'A', 'A', 'A', 'A', 'AA', 'A', 'AA', 'AAA', 'AAA', 'AAA', 'AAA', 'AA', 'AAA', 'A', 'AA', 'AA', 'AA', 'A', 'A']	117
ENST00000298198:3	['A', 'A', 'A', 'A', 'A', 'A', 'A', 'A', 'A', 'A', 'A', 'A', 'A', 'A', 'A', 'A', 'A', 'A', 'A', 'A', 'A']	21
ENST00000298248:4	['GA', 'GA', 'GA', 'GA', 'GA', 'GA', 'GA', 'GA', 'GA', 'GA', 'GA', 'GA', 'GA', 'GA', 'GA', 'GA', 'GA', 'GA', 'GA', 'GA', 'GA', 'GA', 'GA', 'GA', 'GA', 'GA', 'GA', 'GA', 'GA', 'GA', 'GA', 'GA', 'GA', 'GA', 'GA', 'GA', 'GA', 'GA', 'GA', 'GA']	40
ENST00000298248:7	['AGAAGG']	1
ENST00000298251:3	['GA', 'GA', 'GA']	3
ENST00000298307:7	['T', 'T', 'T', 'T', 'T', 'T']	6
ENST00000298310:10	['A', 'A']	2
ENST00000298310:32	['A', 'A', 'A', 'A', 'A']	5
ENST00000298317:5	['AG', 'AG', 'AG', 'AG', 'AG', 'AG', 'AG', 'AG', 'AG', 'AG', 'AG', 'AG', 'AG', 'AG', 'AG', 'AGAGAGAG', 'AG', 'AG', 'AG', 'AG', 'AG', 'AG', 'AG', 'AG', 'AG', 'AG', 'AG', 'AG', 'AG', 'AG', 'AG', 'AG', 'AG', 'AG', 'AG', 'AG', 'AG', 'AG', 'AG', 'AG', 'AG', 'AG', 'AG', 'AG', 'AG', 'AG', 'AG', 'AG', 'AG', 'AG', 'AG', 'AG', 'AG', 'AG', 'AG']	55
ENST00000298396:2	['AA', 'A', 'A', 'A', 'AAA', 'AAAAA', 'AAAA', 'AA', 'AAAA', 'AAAA', 'AAAA', 'AAA', 'AAAA', 'AAAA', 'AAA', 'AAAA', 'AAA', 'AAAA', 'AAAA', 'AAA', 'AAAAAA', 'AAA', 'AAAA', 'AAAA', 'AAAA', 'AAAAA', 'AAAAA', 'AA', 'A', 'AAAA', 'AAA', 'AAA', 'AAAAA', 'AAAAAA', 'AAA', 'AAAA', 'AAAA', 'AAA', 'AAAA', 'AAA', 'AAAA', 'AAAA', 'AAAA', 'AAAA', 'AAA', 'AAAA', 'AAAAA', 'AAAA', 'AAA', 'AAAA', 'AAA', 'AA', 'AAAA', 'AAAA', 'AAAAA', 'AAA', 'AA', 'AAAA', 'AAAA', 'AAA', 'AAAA', 'AAA', 'AAAA', 'AAA', 'AAAA', 'AAAA', 'A', 'AAAAAA', 'AAA', 'AAAA', 'AAAA', 'AAAA', 'AAA', 'AAAA', 'AAAA', 'AAA', 'A', 'AAA', 'AAA', 'AAAA', 'AAAA', 'AAAAA', 'AAAA', 'AAAA', 'AAAA', 'AAAA', 'AAA', 'AAAA', 'A', 'A', 'AAAA', 'AAAA', 'AAA', 'AAAA', 'AAAA', 'AAAAA', 'AAAA', 'AAA', 'AA', 'AA', 'AAAAA', 'AA', 'AAAA', 'AAAA', 'AAA', 'AAA', 'AAAA', 'AAAA', 'AAAA', 'AAAA', 'AAAA', 'AAA', 'AAAAA', 'AAAA', 'AAAA', 'AAA', 'AAA', 'AA', 'AA', 'AAAA', 'AAAAA', 'AAAAAA', 'AAAA', 'AAAA', 'A', 'AAAA', 'AAA', 'AA', 'AAA', 'AAAAAA', 'A', 'AAAA', 'AAAA', 'A', 'AA', 'AAAAA', 'AAAA', 'AAAA', 'AAAAA', 'AAAA', 'AAAAA', 'AAAAA', 'AAA', 'AAA', 'AAAA', 'AAAA', 'AAAA', 'AAAA', 'AAAA', 'AAAA', 'AAA', 'AAAA', 'AAA', 'AAAAA', 'AAA', 'A', 'AA', 'AAA', 'AAAA', 'A', 'AAAA', 'AA', 'AAAA', 'AAAA', 'AAA', 'AAAA', 'AAA', 'AAAA', 'AAAA', 'AAAA', 'A', 'AA', 'AAAA', 'AAAA', 'AAAA', 'AAA', 'AA', 'A', 'AAA', 'AAAA', 'AAA', 'AAAAA', 'AA', 'AAA', 'AAA', 'AA', 'A', 'AA', 'A', 'A', 'A', 'AA', 'AAA', 'AA', 'AA', 'AAA', 'A', 'AAA', 'A', 'A', 'A', 'A', 'AA', 'AA', 'AA', 'A', 'AAA', 'AA', 'AAA', 'AA', 'AAA', 'AA', 'AAA', 'A', 'AAAA', 'AA', 'AAA', 'A', 'AAA', 'AA', 'A', 'AA', 'AAAA', 'A', 'AAA', 'AAAA', 'A', 'AA', 'A', 'AA', 'A', 'AAA', 'AA', 'A', 'A', 'AAA', 'AAAA', 'AA', 'AAAA', 'AAAA', 'AAAA', 'AAAA', 'AAA', 'AAAAA', 'AAAA', 'AAA', 'AAA', 'AAAA', 'AA', 'AAAA', 'AAA', 'AAAA', 'AAAA', 'AA', 'AA', 'AA', 'AAAAA', 'AAA', 'AA', 'AA']	260
ENST00000298428:1	['AC']	1
ENST00000298472:15	['A', 'A']	2
ENST00000298472:7	['T']	1
ENST00000298510:2	['A', 'A', 'A', 'A', 'A', 'A', 'A', 'A', 'A', 'A']	10
ENST00000298510:3	['A', 'A', 'A', 'A', 'A', 'A', 'A', 'A']	8
ENST00000298552:13	['A']	1
ENST00000298552:20	['AA', 'A', 'AAA', 'AAA', 'AAAAA', 'AA', 'AA', 'AAA', 'AAAA', 'AAA', 'AA', 'AAAA', 'AA', 'AAAA', 'AAA', 'AAA', 'AAAA', 'AAA', 'AAAA', 'AA', 'AAA', 'AAA', 'AAAA', 'AA', 'AA', 'AA', 'AAA', 'AAAAA', 'AAA', 'AA', 'AA', 'A', 'AA', 'A', 'AA', 'AAA', 'A', 'A', 'AAA', 'A', 'AAA', 'AAA', 'AA', 'AA', 'AAA', 'AAAA', 'AAAA', 'AA', 'AAAA', 'AAAAA', 'AAA', 'AA', 'AAAA', 'AA', 'AAA', 'AAA', 'AAA', 'AA', 'AAA', 'A', 'A', 'AA', 'AA', 'AA', 'AAA', 'AA', 'AAAA', 'AA', 'AAA', 'AAA', 'AA', 'A', 'AAA', 'AAA', 'AA', 'AAA', 'AAAAA', 'AAAA', 'AAA', 'AA', 'AA', 'AA', 'AAA', 'AAA', 'A', 'AA', 'AAAAA', 'AAA', 'AAA', 'AAAA', 'AA', 'AA', 'AA', 'AA', 'AAA', 'AAA', 'AA', 'A', 'A', 'AA', 'AAAAA', 'A', 'AA', 'A', 'AA', 'AAA', 'AAAA', 'AAAA', 'AAAAA', 'AA', 'AAA', 'AA', 'A', 'A', 'AA', 'AAA', 'AAA', 'AAA', 'AAA', 'AA', 'AAA', 'AAA', 'AAA', 'AAA', 'A', 'AAA', 'AAAA', 'AA', 'AAAAA', 'AAA', 'AAAAA', 'AA', 'AA', 'AA', 'AA', 'AA', 'A', 'A', 'AAAAA', 'AAAAAAAA', 'AAAA', 'AAAAA', 'A', 'AAAA', 'AAAAAA', 'AAA', 'AAAA', 'AAAAAA', 'AAAA']	149
ENST00000298699:11	['A', 'A', 'A', 'A', 'A', 'A', 'A', 'A']	8
ENST00000298705:5	['GTCCCTCTCTCAATTGTTCATTTTCTCTTTTCA']	1
ENST00000298738:6	['A', 'A', 'A', 'A', 'A', 'A', 'A', 'A', 'A']	9
ENST00000298767:1	['A']	1
ENST00000298767:15	['A', 'A']	2
ENST00000298838:10	['G', 'G']	2
ENST00000298875:14	['A']	1
ENST00000298912:8	['A', 'A', 'A', 'A', 'A', 'A', 'A', 'A', 'A', 'A', 'A', 'A', 'A', 'A', 'A', 'A', 'A', 'A', 'A', 'A', 'A', 'A', 'A', 'A', 'A', 'A', 'A', 'A', 'A', 'A', 'A', 'A', 'A', 'A', 'A', 'A', 'A', 'A', 'A', 'A', 'A', 'A', 'A', 'A', 'A', 'A', 'A']	47
ENST00000299001:16	['A', 'A']	2
ENST00000299045:9	['CA']	1
ENST00000299084:6	['T', 'T']	2
ENST00000299138:8	['AAA', 'A', 'AAAAA', 'AA', 'AA', 'AA', 'AA', 'AAAA', 'AAA', 'AA', 'AA', 'AA', 'AA', 'AAA', 'A', 'AA', 'A', 'AA', 'AA', 'AA', 'A', 'A', 'AAAA', 'AA', 'AA', 'AA', 'A', 'AAA', 'AAAAAA', 'AA', 'AAAA', 'AA', 'AA', 'A', 'AAAA', 'AAA', 'AA', 'AA', 'AA', 'AAAA', 'AAA', 'AA', 'AA', 'A', 'AA', 'AAAA', 'AA', 'AAA', 'A', 'AAA', 'A', 'AA', 'AA', 'AA', 'AAA', 'AAA', 'AA', 'AA', 'AA', 'AAA', 'AAAA', 'AA', 'A', 'AAAA', 'AAA', 'AA', 'AAA', 'AA', 'AAAA', 'AA', 'AA', 'AA', 'AAA', 'AAAA', 'AAAAA', 'AA', 'AA', 'AA', 'A', 'AA', 'AA', 'AA', 'A', 'AAA', 'AAAAA', 'AAAA', 'AAAA', 'AAAA', 'AA', 'AA', 'AAA', 'AAA', 'AAAA', 'AAA', 'AAA', 'AAAA', 'AAA', 'AA', 'AAAAA', 'AA', 'AAA', 'AAA', 'AAA', 'AAAA', 'AA', 'AAAA', 'AAA', 'AAAA', 'AAAA', 'AAAA', 'AAA', 'AAAA', 'AAA', 'AAA', 'AA', 'AAA', 'AAA', 'AAA', 'AAAA', 'AAA', 'AAAA', 'AA', 'AAAA', 'AAAA', 'AAAAA', 'AAAA', 'AAAA', 'AAAA', 'AAAA', 'AAA', 'AAAA', 'A', 'A', 'AA', 'AAA', 'A', 'A', 'AAA', 'AAAA', 'AAAA', 'AAAAA', 'A', 'AAAA', 'AA', 'AAAAA', 'AAA']	146
ENST00000299166:4	['A']	1
ENST00000299206:5	['GAG', 'GAG', 'GAG', 'GAG', 'GAG', 'GAG', 'GAG', 'GAG', 'GAG']	9
ENST00000299275:16	['AC']	1
ENST00000299295:5	['C', 'C']	2
ENST00000299338:7	['A', 'A']	2
ENST00000299481:10	['GTTCATAGTT']	1
ENST00000299550:17	['G', 'G']	2
ENST00000299608:1	['A', 'A', 'A', 'A', 'A', 'A', 'A', 'A', 'A', 'A', 'A', 'A', 'A', 'A', 'A', 'A', 'A', 'A', 'A', 'A', 'A', 'A', 'A', 'A', 'A', 'A', 'A', 'A', 'A', 'A', 'A', 'A', 'A', 'A', 'A', 'A', 'A', 'A', 'A', 'A', 'A', 'A', 'A', 'A', 'A', 'A', 'A', 'A', 'A', 'A', 'A', 'A', 'A', 'A', 'A', 'A', 'A', 'A', 'A', 'A', 'A', 'A', 'A', 'A', 'A', 'A', 'A', 'A', 'A', 'A', 'A', 'A', 'A', 'A', 'A', 'A', 'A', 'A', 'A', 'A', 'A', 'A', 'A', 'A', 'A', 'A', 'A', 'A', 'A', 'A', 'A', 'A', 'A', 'A', 'A', 'A', 'A', 'A', 'A', 'A', 'A', 'A', 'A']	103
ENST00000299608:5	['AA', 'A', 'AA', 'A', 'AA', 'AA', 'A', 'AA', 'AA', 'A', 'AA', 'AA', 'AA', 'AA', 'AA', 'AA', 'AA', 'AA', 'AAA', 'AAAAA', 'A', 'AA', 'A', 'AAAAA', 'A', 'AA', 'AA', 'AA', 'A', 'AA', 'A', 'AA', 'A', 'AA', 'AA', 'A', 'A', 'A', 'A', 'A', 'AA', 'AA', 'AA', 'AAA', 'A', 'AAA', 'A', 'AA', 'AAA', 'AA', 'AA', 'A', 'A', 'AAA', 'AA', 'A', 'AAA', 'A', 'A', 'AAA', 'AA', 'AA', 'A', 'A', 'A', 'AA', 'AAA', 'AA', 'AAA', 'AA', 'AA', 'AA', 'A', 'A', 'AA', 'AA', 'A', 'A', 'A', 'A', 'A', 'A', 'AA']	83
ENST00000299633:5	['A', 'A', 'A', 'AAAAAA', 'AAAAAA', 'AAA', 'AAA', 'A', 'AA', 'AA', 'AA', 'AAAA', 'AAAA', 'AA', 'AAA', 'AA', 'AA', 'AA', 'AAA', 'AAA', 'AA', 'AA', 'AAA', 'A', 'A', 'AA', 'AA', 'AAAA', 'AAAA', 'AAA', 'AAAA', 'A', 'AAA', 'AA', 'AAAA', 'AA', 'AAA', 'A', 'A', 'AA', 'AA', 'A', 'AA', 'AA', 'AA', 'AA', 'A', 'AA', 'A', 'AAAA', 'AA', 'AAA', 'AAA', 'AA', 'A', 'A', 'AA', 'A', 'A', 'A', 'AAA', 'A', 'A', 'AA', 'AAA', 'A', 'AA', 'A', 'A', 'AA', 'AA', 'A', 'AA', 'A', 'A', 'AA', 'A', 'AA', 'A', 'A', 'A', 'AAA', 'AAA', 'AA', 'A', 'AA', 'A', 'A', 'A', 'A', 'AAA', 'A', 'A', 'AAAA']	94
ENST00000299687:3	['TTC']	1
ENST00000299752:11	['GGA', 'GGA', 'GGA', 'GGA', 'GGA', 'GGA', 'GGA', 'GGA', 'GGA']	9
ENST00000299752:16	['G']	1
ENST00000299752:7	['G', 'G', 'G', 'G', 'G', 'G']	6
ENST00000299767:9	['T', 'T']	2
ENST00000299980:12	['A', 'A']	2
ENST00000299980:15	['GAG', 'GAG', 'GAG', 'GAG', 'GAG', 'GAG', 'GAG', 'GAG', 'GAG']	9
ENST00000299980:4	['GA', 'GA', 'GA', 'GA', 'GA', 'GA', 'GA', 'G', 'GA', 'GA', 'G', 'GA', 'GA', 'G', 'G', 'A', 'GA', 'GA', 'G', 'G', 'G', 'GA', 'GA', 'G', 'G', 'G', 'G', 'G', 'GA', 'GA', 'G', 'G', 'G', 'G', 'G', 'G', 'G', 'G', 'GA', 'A', 'G', 'G', 'G', 'G', 'G', 'G', 'GA', 'G', 'G', 'G', 'G', 'G', 'G', 'G', 'G', 'G', 'G', 'G', 'G', 'G', 'G']	61
ENST00000300026:3	['A', 'A']	2
ENST00000300060:6	['G', 'G', 'G']	3
ENST00000300061:3	['C']	1
ENST00000300093:7	['TCCCTAGGGTATCAGCTCT']	1
ENST00000300146:1	['A', 'A', 'A', 'A', 'A', 'A', 'A', 'A', 'A', 'A', 'A', 'A', 'A', 'A', 'A', 'A', 'A', 'A', 'A', 'A', 'A', 'A', 'A', 'A', 'A', 'A', 'A', 'A', 'A', 'A', 'A', 'A', 'A', 'A']	34
ENST00000300146:3	['A', 'A']	2
ENST00000300146:6	['AAAAA', 'AAAAAA', 'AAAAAAAA', 'AAAAAA', 'A', 'AAAAAAA', 'A', 'AAAAAA', 'AAAAAA', 'AAAAA', 'AAAAAA', 'AAA', 'AAAAAA', 'AAAAA', 'AAAAA', 'AAAAAA', 'AA', 'AAAAA', 'AAAAAA', 'AAAA', 'AAAAAAAAAA', 'AAAAAAA', 'AAAAAAAAAAAA', 'AAAAA', 'AAAAA', 'AAAAA', 'AAAA', 'AAAAA', 'AAAAAAA', 'AAA', 'AA', 'AAAAAAAA', 'AAAAAA', 'AAAA', 'AAAAAA', 'AAAAAAA', 'AAAA', 'AAAAAAAA', 'AA', 'AAAA', 'AAAAAAA', 'AA', 'AAAAA', 'AAA', 'AAAAA', 'AAA', 'AAAAAA', 'AA', 'AAAAA', 'AAAAAAA', 'AAA', 'AAAA', 'AA', 'AAAAAA', 'AAAA', 'AAAA', 'AAAAA', 'AAAA', 'AAAAA', 'AAAAAA', 'AAAAAAAAA', 'AAAAAA', 'AAAAAA', 'AAAAAAAAA', 'AAAAAAAA', 'AAAAAAA', 'AAAAAAAAA', 'AAAAAAA', 'AAAAAAAAA', 'AAAAAAA', 'AAAAAA', 'AA', 'AAAAAA', 'AAAAAAA', 'AAAAAA', 'AAAAAAA', 'AAAAAA', 'AAAAAAA']	78
ENST00000300209:2	['G', 'G', 'G', 'G', 'G', 'G', 'G', 'G', 'G', 'G']	10
ENST00000300213:2	['C', 'C', 'C', 'C', 'C', 'C', 'C', 'C']	8
ENST00000300303:3	['G']	1
ENST00000300399:11	['G', 'G', 'G', 'G', 'G', 'G', 'G', 'G']	8
ENST00000300482:17	['TC']	1
ENST00000300527:12	['G', 'G']	2
ENST00000300527:15	['G', 'G']	2
ENST00000300584:2	['A', 'A', 'A', 'A', 'A', 'A', 'A', 'A', 'A', 'A', 'A', 'A', 'A', 'A', 'A', 'A', 'A', 'A', 'A', 'A', 'A']	21
ENST00000300584:6	['AA', 'AA', 'A', 'AAA', 'A', 'A', 'AA', 'AAA', 'A', 'A', 'AAA', 'AAA', 'AA', 'AA', 'AA', 'AAA', 'A', 'AAA', 'AA', 'AAA', 'AA', 'AA', 'AA', 'A', 'AA', 'A', 'AAA', 'AAA', 'AAA', 'AAA', 'AA', 'AA', 'AAA', 'AA', 'AAA', 'AAA', 'A', 'A', 'AA', 'A', 'AAA', 'AA', 'AAA', 'AAA', 'AAA', 'AA', 'AAA', 'AAA', 'AA', 'AA', 'A', 'AA', 'AAA', 'A', 'AA', 'AA', 'AA', 'AA', 'AA', 'A', 'AAA', 'AA', 'AA', 'A', 'AA', 'A', 'AAA', 'AAA', 'AAA', 'AA', 'A', 'A', 'A', 'A', 'A', 'AA', 'AA', 'AA', 'AA', 'AA', 'AA', 'AA', 'AA', 'AAA', 'AAA', 'AA', 'AA', 'AA', 'AAA', 'AAA', 'AA', 'A', 'A', 'A', 'A', 'A', 'AA', 'AAA', 'AA', 'A', 'AAA', 'A', 'A', 'AAA', 'A', 'A', 'A']	107
ENST00000300591:6	['AG', 'AG', 'AG', 'AG']	4
ENST00000300619:3	['AA', 'AA', 'AA', 'AA', 'AA', 'AA', 'AA', 'AA', 'AA', 'A', 'AA', 'AA', 'A', 'AA', 'AA', 'AA', 'AA', 'A', 'AA', 'A', 'AA', 'AA', 'AA', 'A', 'A', 'A', 'A', 'A', 'A', 'A', 'AA', 'A', 'A', 'A', 'A', 'A', 'A', 'A', 'AA', 'A', 'A', 'A', 'A', 'A', 'AA', 'A', 'A', 'A', 'A', 'A', 'A', 'A', 'A', 'A', 'A', 'A', 'A', 'A', 'A', 'A', 'A', 'AA', 'A', 'AA', 'A', 'A', 'A', 'A', 'A', 'A', 'A', 'A', 'A', 'A', 'A', 'A', 'A', 'A', 'A']	79
ENST00000300648:35	['G', 'G', 'G', 'G', 'G', 'G']	6
ENST00000300651:11	['A', 'A', 'A', 'A', 'A', 'A', 'A', 'A', 'A', 'A', 'A', 'A', 'A', 'A', 'A', 'A', 'A', 'A', 'A', 'A', 'A', 'A', 'A', 'A', 'A', 'A', 'A', 'A', 'A', 'A', 'A', 'A', 'A', 'A', 'A', 'A', 'A', 'A', 'A', 'A', 'A', 'A', 'A', 'A', 'A', 'A', 'A', 'A', 'A', 'A', 'A', 'A', 'A', 'A', 'A', 'A', 'A', 'A', 'A', 'A', 'A', 'A', 'A', 'A', 'A', 'A', 'A', 'A', 'A', 'A', 'A', 'A', 'A', 'A', 'A', 'A', 'A', 'A', 'A', 'A', 'A', 'A', 'A', 'A', 'A', 'A', 'A', 'A', 'A', 'A', 'A', 'A', 'TC', 'A', 'A', 'A', 'A', 'A', 'A', 'A', 'A', 'A', 'A', 'A', 'A', 'A', 'A', 'A', 'A', 'A', 'A', 'A']	112
ENST00000300714:8	['G', 'G']	2
ENST00000300896:10	['A', 'A', 'A', 'A', 'A', 'A', 'A', 'A']	8
ENST00000300896:13	['AA', 'A', 'AA', 'A', 'A', 'A', 'A', 'A', 'A', 'AA', 'A', 'AA', 'A', 'A', 'A', 'AA', 'A', 'A', 'A', 'A', 'A', 'A', 'A', 'A', 'A', 'A', 'A', 'A', 'AA', 'A', 'A', 'AA', 'AA', 'A', 'A', 'A', 'A', 'A', 'A', 'A', 'A', 'A', 'A', 'A', 'A', 'A', 'A', 'AA', 'AA', 'A', 'A', 'A', 'A', 'A', 'A', 'A', 'A', 'A', 'A', 'A', 'A', 'A', 'A', 'A', 'A', 'A', 'A', 'A', 'A', 'A', 'A', 'A', 'A', 'A', 'AA', 'A', 'A', 'A', 'A', 'AA', 'A', 'A', 'A', 'A', 'A', 'A', 'A', 'A', 'AA', 'A', 'A', 'A', 'A', 'A', 'AAA', 'A', 'A', 'A', 'A', 'A', 'A', 'A', 'A', 'A', 'A', 'A', 'A', 'A', 'A', 'A', 'A', 'A', 'A', 'A', 'A', 'A', 'A', 'A', 'A', 'A', 'A', 'AAA', 'A', 'A', 'A', 'A', 'A', 'A', 'A', 'A', 'A', 'A', 'A', 'A', 'A', 'A', 'A', 'A', 'AA', 'A', 'A', 'A', 'A', 'A', 'AA', 'A', 'A', 'AA', 'A', 'A', 'A', 'A']	152
ENST00000300952:2	['C', 'C']	2
ENST00000301011:3	['TGTC', 'TGTC']	2
ENST00000301015:18	['GAGGGCAGTGGGCACGTGGGGCTGGGCTTGGG']	1
ENST00000301050:5	['C', 'C', 'C', 'C', 'C', 'C', 'C', 'C', 'C', 'C', 'C', 'C', 'C', 'C', 'C', 'C', 'C', 'C', 'C', 'C', 'C']	21
ENST00000301050:7	['C', 'C']	2
ENST00000301067:31	['A', 'A', 'A', 'A', 'A', 'A', 'A', 'A', 'A', 'A', 'A', 'A', 'A', 'A', 'A', 'A', 'A', 'A', 'A', 'A', 'A', 'A', 'A', 'A', 'A', 'A', 'A', 'A', 'A', 'A', 'A', 'A', 'A', 'A', 'A', 'A', 'A', 'A', 'A', 'A', 'A', 'A', 'A', 'A', 'A', 'A', 'A', 'A', 'A', 'A', 'A', 'A', 'A', 'A', 'A', 'A', 'A', 'A', 'A', 'A', 'A', 'A', 'A']	63
ENST00000301146:6	['G', 'G']	2
ENST00000301178:17	['A']	1
ENST00000301180:2	['T', 'T', 'T', 'T']	4
ENST00000301204:5	['CA']	1
ENST00000301263:1	['GGGGAGG', 'GGGGAGG']	2
ENST00000301286:4	['GA']	1
ENST00000301399:3	['A', 'A', 'A', 'A', 'A', 'A', 'A', 'A', 'A', 'A', 'A', 'A', 'A', 'A', 'A', 'A', 'A', 'A', 'A', 'A', 'A', 'A', 'A', 'A', 'A', 'A', 'A', 'A', 'A', 'A', 'A', 'A', 'A', 'A', 'A', 'A', 'A', 'A', 'A', 'A', 'A', 'A', 'A', 'A', 'A', 'A', 'A', 'A', 'A', 'A', 'A', 'A', 'A', 'A', 'A', 'A', 'A', 'A', 'A', 'A', 'A', 'A', 'A', 'A', 'A', 'A', 'A', 'A', 'A', 'A', 'A', 'A', 'A', 'A', 'A', 'A', 'A', 'A', 'A', 'A', 'A', 'A', 'A', 'A', 'A', 'A', 'A', 'A', 'A', 'A', 'A', 'A', 'A', 'A', 'A', 'A', 'A', 'A', 'A', 'A', 'A', 'A', 'A', 'A', 'A', 'A', 'A', 'A', 'A', 'A', 'A', 'A', 'A', 'A', 'A', 'A', 'A', 'A', 'A', 'A', 'A', 'A', 'A', 'A', 'A', 'A', 'A', 'A', 'A', 'A', 'A', 'A', 'A', 'A', 'A', 'A', 'A', 'A', 'A', 'A', 'A', 'A', 'A', 'A', 'A', 'A', 'A', 'A', 'A', 'A', 'A', 'A', 'A', 'A', 'A', 'A', 'A', 'A', 'A', 'A', 'A', 'A', 'A', 'A', 'A', 'A', 'A', 'A', 'A', 'A', 'A', 'A', 'A', 'A', 'A', 'A', 'AA', 'A', 'A', 'A', 'A', 'A', 'A', 'A', 'A', 'A', 'A', 'A', 'A', 'A', 'A', 'A', 'A', 'A', 'A', 'A', 'A', 'A', 'A', 'A', 'A', 'A', 'A', 'A', 'A', 'A', 'A', 'A', 'A', 'A', 'A', 'A', 'A', 'A', 'A', 'A', 'A', 'A', 'A', 'A', 'A', 'A', 'A', 'A', 'A', 'A', 'A', 'A', 'A', 'A', 'A', 'A', 'A', 'A']	234
ENST00000301454:3	['G', 'G']	2
ENST00000301455:2	['TCCTCCCGTCCCA', 'TCCTCCCGTCCCA']	2
ENST00000301678:10	['G']	1
ENST00000301729:3	['G']	1
ENST00000301729:4	['GA', 'GA']	2
ENST00000301744:1	['G', 'G', 'G', 'G']	4
ENST00000301764:4	['G', 'G', 'G', 'G']	4
ENST00000301764:9	['C']	1
ENST00000301788:4	['CTTTC', 'CTTTC']	2
ENST00000301831:13	['T', 'T', 'T', 'T', 'T', 'T', 'T', 'T', 'T', 'T', 'T', 'T', 'T', 'T', 'T', 'T', 'T', 'T', 'T', 'T', 'T', 'T', 'T', 'T', 'T', 'T', 'T', 'T', 'T', 'T', 'T', 'T', 'T', 'T', 'T', 'T', 'T', 'T', 'T', 'T', 'T', 'T', 'T', 'T', 'T', 'T', 'T', 'T', 'T', 'T', 'T', 'T', 'T', 'T', 'T', 'T', 'T', 'T', 'T', 'T', 'T', 'T', 'T', 'T', 'T', 'T', 'T', 'T', 'T', 'T', 'T', 'T', 'T', 'T', 'T', 'T', 'T', 'T', 'T', 'T', 'T', 'T', 'T', 'T', 'T', 'T', 'T', 'T', 'T', 'T', 'T', 'T', 'T', 'T', 'T', 'T', 'T', 'T', 'T', 'T', 'T', 'T', 'T', 'T', 'T', 'T', 'T', 'T', 'T', 'T', 'T', 'T', 'T', 'T', 'T', 'T', 'T', 'T', 'T', 'T', 'T', 'T', 'T', 'T', 'T', 'T', 'T', 'T', 'T', 'T', 'T', 'T', 'T', 'T', 'T', 'T', 'T', 'T', 'T', 'T', 'T', 'T', 'T', 'T', 'T', 'T', 'T', 'T', 'T', 'T', 'T', 'T', 'T', 'T', 'T', 'T', 'T', 'T', 'T', 'T', 'T', 'T', 'T', 'T', 'T', 'T', 'T', 'T', 'T', 'T', 'T', 'T', 'T', 'T', 'T', 'T', 'T', 'T', 'T', 'T', 'T', 'T', 'T', 'T', 'T', 'T', 'T', 'T', 'T', 'T', 'T', 'T', 'T', 'T', 'T', 'T', 'T', 'T', 'T', 'T', 'T', 'T', 'T', 'T', 'T', 'T', 'T', 'T', 'T', 'T', 'T', 'T', 'T', 'T', 'T', 'T', 'T', 'T', 'T', 'T', 'T', 'T', 'T', 'T', 'T', 'T', 'T', 'T', 'T', 'T', 'T', 'T', 'T', 'T', 'T', 'T', 'T', 'T', 'T', 'T', 'T', 'T', 'T', 'T', 'T', 'T', 'T', 'T', 'T', 'T', 'T', 'T', 'T', 'T', 'T', 'T', 'T', 'T', 'T', 'T', 'T', 'T', 'T', 'T', 'T', 'T', 'T', 'T', 'T', 'T', 'T', 'T', 'T', 'T', 'T', 'T', 'T', 'T', 'T', 'T', 'T', 'T', 'T', 'T', 'T', 'T', 'T', 'T', 'T', 'T', 'T', 'T', 'T', 'T', 'T', 'T', 'T', 'T', 'T', 'T', 'T', 'T', 'T', 'T', 'T', 'T', 'T', 'T', 'T', 'T']	310
ENST00000301831:25	['A', 'A', 'A', 'A', 'A', 'A']	6
ENST00000301905:3	['A', 'A']	2
ENST00000302000:1	['A', 'A', 'AA', 'AA', 'AA', 'AA', 'AA', 'A', 'AA', 'AA', 'AA', 'AA', 'AA', 'AA', 'AA', 'A', 'AA', 'AA', 'AA', 'A', 'A', 'A', 'A', 'AA', 'AA', 'AA', 'AA', 'AAA', 'A', 'AAA', 'A', 'A', 'A', 'A', 'AA', 'AA', 'AA', 'AA', 'A', 'AA', 'A', 'A', 'AA', 'A', 'AA', 'AA', 'AA', 'AA', 'AA', 'AA', 'AA', 'A', 'AA', 'A', 'AA', 'A', 'A', 'A', 'A', 'A', 'AA', 'AAA', 'A', 'A', 'A', 'A', 'AAA', 'A', 'A', 'AA', 'A', 'AA', 'A', 'A', 'A', 'A', 'A', 'A', 'A', 'AAA', 'AA', 'A', 'A', 'A', 'A', 'AA', 'A', 'A', 'A', 'AA', 'A', 'AA', 'AA', 'A', 'AA', 'AA', 'AA', 'AA', 'AA', 'A', 'A', 'A', 'A', 'A', 'A', 'A', 'AA', 'AAA', 'A', 'A', 'AA', 'A', 'AAA', 'A', 'A', 'A', 'AA', 'A', 'AA', 'AA', 'AA', 'A', 'A', 'AA', 'AAA', 'A', 'AA', 'A', 'AA']	129
ENST00000302035:3	['A', 'A', 'A', 'A', 'A', 'A', 'A', 'A', 'A', 'A', 'A', 'A', 'A', 'A', 'A', 'A', 'A', 'A', 'A', 'A', 'A', 'A', 'A', 'A', 'A', 'A', 'A', 'A', 'A', 'A', 'A', 'A', 'A', 'A', 'A', 'A', 'A', 'A', 'A', 'A', 'A', 'A', 'A', 'A', 'A', 'A', 'A', 'A', 'A', 'A', 'A', 'A', 'A', 'A', 'A', 'A', 'A', 'A', 'A', 'A', 'A', 'A', 'A', 'A', 'A', 'A', 'A', 'A', 'A', 'A', 'A', 'A', 'A', 'A', 'A', 'A', 'A', 'A', 'A', 'A', 'A', 'A', 'A', 'A', 'A', 'A', 'A', 'A']	88
ENST00000302053:5	['A', 'AA', 'A', 'A', 'A', 'A', 'A', 'A', 'A', 'A', 'A', 'A', 'A', 'A', 'A', 'A', 'A', 'A', 'A', 'AA', 'A', 'A', 'A', 'A', 'A', 'AA', 'A', 'A', 'A', 'A', 'A', 'A', 'AA', 'A', 'A', 'A', 'A', 'A', 'A', 'A', 'A', 'A', 'A', 'A', 'A', 'A', 'A', 'AA', 'A', 'A', 'A', 'A', 'A', 'A', 'AA', 'A', 'AA', 'A', 'A', 'A', 'A', 'A', 'A', 'A', 'A', 'A', 'A', 'A', 'A', 'A', 'AA', 'A', 'A', 'A', 'A', 'A', 'A', 'A', 'A', 'A', 'A', 'A', 'A', 'A', 'A', 'A', 'A', 'A', 'A', 'A', 'A', 'A', 'A', 'A', 'AA', 'A', 'A']	97
ENST00000302060:2	['A', 'A', 'A', 'A', 'A', 'A', 'A', 'A', 'A', 'A', 'A', 'A', 'A', 'A', 'A', 'A', 'A', 'A', 'A', 'A', 'A', 'A', 'A', 'A', 'A', 'A', 'A', 'A', 'A', 'A', 'A', 'A', 'A', 'A', 'A', 'A', 'A', 'A', 'A', 'A', 'A', 'A']	42
ENST00000302068:2	['T', 'T']	2
ENST00000302102:9	['G', 'G']	2
ENST00000302243:11	['C']	1
ENST00000302250:1	['A', 'A']	2
ENST00000302262:2	['GGGCAG', 'GGGCAG']	2
ENST00000302278:15	['A', 'A', 'A', 'A', 'A', 'A', 'A', 'A', 'A', 'A', 'A', 'A', 'A', 'A', 'A', 'A', 'A', 'A', 'A', 'A', 'A', 'A', 'A', 'A', 'A', 'A', 'A', 'A', 'A', 'A', 'A', 'A', 'A', 'A', 'A', 'A', 'A', 'A', 'A', 'A', 'A', 'A', 'A', 'A', 'A', 'A', 'A', 'A', 'A', 'A', 'A', 'A', 'A', 'A', 'A', 'A', 'A', 'A', 'A', 'A', 'A', 'A', 'A', 'A', 'A', 'A', 'A', 'A', 'A', 'A', 'A', 'A', 'A', 'A', 'A', 'A', 'A', 'A', 'A', 'A', 'A', 'A', 'A', 'A', 'A', 'A', 'A', 'A', 'A', 'A', 'A', 'A', 'A', 'A', 'A', 'A', 'A', 'A', 'A', 'A', 'A', 'A', 'A', 'A', 'A', 'A', 'A', 'A', 'A', 'A', 'A', 'A', 'A', 'A', 'A', 'A', 'A', 'A', 'A', 'A', 'A', 'A', 'A', 'A', 'A', 'A', 'A', 'A', 'A', 'A', 'A', 'A', 'A', 'A', 'A', 'A', 'A', 'A', 'A', 'A', 'A', 'A', 'A', 'A', 'A', 'A', 'A', 'A', 'A', 'A', 'A', 'A', 'A', 'A', 'A', 'A', 'A', 'A', 'A', 'A', 'A', 'A', 'A', 'A', 'A', 'A', 'A', 'A', 'A', 'A', 'A', 'A', 'A', 'A', 'A', 'A', 'A', 'A', 'A', 'A', 'A', 'A', 'A', 'A', 'A', 'AA', 'A', 'A', 'A', 'A', 'A', 'A', 'A', 'A', 'A', 'A', 'A', 'A', 'A', 'A', 'A', 'A', 'A', 'A', 'A', 'A', 'A', 'A', 'A', 'A', 'AA', 'A', 'A', 'A', 'A', 'A', 'A', 'A', 'A', 'A', 'A', 'A', 'A', 'A', 'A', 'A', 'A', 'A', 'A', 'A', 'A', 'A', 'A', 'A', 'A', 'A', 'A', 'A', 'A', 'A', 'A', 'A', 'A', 'A', 'A', 'A', 'A', 'A', 'A', 'A', 'A', 'A', 'A', 'A', 'A', 'A', 'A', 'A', 'A', 'A', 'A', 'A', 'A', 'A', 'A', 'A', 'A', 'A', 'A', 'A', 'A', 'A', 'A', 'A', 'A', 'A', 'A', 'A', 'A', 'A', 'A', 'A', 'A', 'A', 'A', 'A', 'A', 'A', 'A', 'A', 'A', 'A', 'A', 'A', 'A', 'A', 'A', 'A', 'A', 'A', 'A', 'A', 'A', 'A', 'A', 'A', 'A', 'A', 'A', 'A', 'A', 'A', 'A', 'A', 'A', 'A', 'A', 'A', 'A', 'A', 'A', 'A', 'A', 'A', 'A', 'A', 'A', 'A', 'A', 'A', 'A', 'A', 'A', 'A', 'A', 'A', 'A', 'A', 'A']	339
ENST00000302312:2	['C', 'C', 'C']	3
ENST00000302313:11	['T', 'T', 'T', 'T', 'T', 'T', 'T', 'T', 'T', 'T', 'T', 'T', 'T', 'T', 'T', 'T', 'T', 'T', 'T', 'T', 'T', 'T', 'T', 'T', 'T', 'T', 'T', 'T', 'T', 'T', 'T', 'T', 'T', 'T', 'T', 'T', 'T', 'T', 'T', 'T', 'T', 'T', 'T', 'T', 'T', 'T', 'T', 'T', 'T', 'T', 'T', 'T', 'T', 'T', 'T', 'T', 'T', 'T', 'T', 'T', 'T', 'T', 'T', 'T', 'T', 'T', 'T', 'T', 'T', 'T', 'T', 'T', 'T', 'T', 'T', 'T', 'T', 'T', 'T', 'T', 'T', 'T', 'T', 'T', 'T', 'T', 'T', 'T', 'T', 'T', 'T', 'T', 'T', 'T', 'T', 'T']	96
ENST00000302328:24	['A', 'A', 'A']	3
ENST00000302342:3	['A', 'A', 'A', 'A', 'A', 'A', 'A', 'A', 'A', 'A', 'A', 'A', 'A', 'A', 'A', 'A', 'A', 'A', 'A', 'A', 'A', 'A', 'A', 'A', 'A', 'A', 'A', 'A', 'A', 'A', 'A', 'A', 'A', 'A', 'A', 'A', 'A', 'A', 'A', 'A', 'A', 'A', 'A', 'A', 'A', 'A', 'A', 'A', 'A', 'A', 'A', 'A', 'A', 'A', 'A', 'A', 'A', 'A', 'A', 'A', 'A', 'A', 'A', 'A', 'A', 'A', 'A', 'A', 'A', 'A', 'A', 'A', 'A', 'A', 'A', 'A', 'A', 'A', 'A', 'A', 'A', 'A', 'A', 'A', 'A', 'A', 'A', 'A', 'A', 'A', 'A', 'A', 'A', 'A', 'A', 'A', 'A', 'A', 'A', 'A', 'A', 'A', 'A', 'A', 'A', 'A', 'A', 'A', 'A', 'A', 'A', 'A', 'A', 'A', 'A', 'A', 'A', 'A', 'A', 'A', 'A', 'A', 'A', 'A', 'A', 'A', 'A', 'A', 'A', 'A', 'A', 'A', 'A', 'A', 'A', 'A', 'A', 'A', 'A', 'A', 'A', 'A', 'A', 'A', 'A', 'A', 'A', 'A', 'A', 'A', 'A', 'A', 'A', 'A', 'A', 'A', 'A', 'A', 'A', 'A', 'A', 'A', 'A', 'A', 'A', 'A', 'A', 'A', 'A', 'A', 'A', 'A', 'A', 'A', 'A', 'A', 'A']	177
ENST00000302445:2	['AAAAA', 'AAAAAAA', 'AAAAA', 'AAAA', 'AAA', 'AAA', 'AAAA', 'AAAAAA', 'AAA', 'A', 'AA', 'AA', 'AAA', 'AAAAA', 'AAA', 'AAA', 'AA', 'AAA', 'AAAA', 'AAAAA', 'AA', 'AA', 'AAA', 'AA', 'AAA', 'AA', 'A', 'AA', 'AAA', 'AAA', 'AAAAA', 'AAA', 'AAAA', 'AAAA', 'AA', 'AAA', 'AAA', 'AAA', 'AAAAA', 'AA', 'AAAAA', 'AA', 'AAA', 'AAA', 'AAA', 'AA', 'A', 'AAA', 'AA', 'AAA', 'AA', 'AAA', 'AAA', 'AAAAAAAA', 'AAAAA', 'AAAAAA', 'AAA', 'AAAA', 'A', 'AAA', 'AAAAAA', 'AAAA', 'AAAA', 'AAAAA', 'AAAAA', 'AAAA', 'AAAAAAA', 'AAA', 'AA', 'AAAA', 'A', 'AAAAA', 'AAAA', 'AAAA', 'AAA', 'AAAAAA', 'AAAAA', 'AAA', 'AAAA', 'AAA', 'AA', 'AAAAAA', 'AAAA', 'AAA', 'AAAAA', 'AAAAAA', 'AA', 'AAAA', 'AAAA', 'AA', 'AAA', 'AAAAA', 'AAAA', 'AA', 'AA', 'AAAAA', 'AAAAAAAAA', 'AAA', 'AAAA', 'AAAAAA', 'AAA', 'AAAA', 'AAAA', 'AAAAA', 'AAAAAA', 'AAAAA', 'AAAAA', 'AAAAA', 'AAAA', 'AAAA', 'AAAAA', 'AAAA', 'AAAA', 'AAAA', 'AAAA', 'AA', 'AAAAA', 'AAA', 'AAAA', 'AAA', 'AAA', 'AAAA', 'AAAAA', 'AAAA', 'AAAA', 'AAAAAA', 'AAA', 'AAAAAA', 'AAA', 'AAAAA', 'AAAAAA', 'A', 'AA', 'AAAA', 'AAA', 'AAAA', 'AAAA', 'AAAA', 'AAA', 'AAAAA', 'AAAA', 'AAA', 'AAA', 'AAAAAA', 'AAAA', 'AAAA', 'AAA', 'AAAA', 'AAAA', 'AAAAA', 'AAAA', 'AAAA', 'AAAA', 'AAAAA', 'AAAAAAA', 'AAAA', 'AAA', 'AAAA', 'AAA', 'AAA', 'AAA', 'AAAA', 'AA', 'AA', 'AAAA', 'AAA', 'AAAAA', 'AAAAAAAA', 'AAA', 'AAAAAAA', 'AAAAAAA', 'AAA', 'AAAA', 'AA', 'AAA', 'AAA', 'AAAAA', 'AAA', 'AAAA', 'AAAA', 'AAAAAA', 'AAAA', 'AAAAA', 'A', 'AAAAA', 'AAA', 'AA', 'AA', 'AA', 'AA', 'AAAAAA', 'AAAAAAAA', 'A', 'AAAAAAAA']	194
ENST00000302445:6	['A', 'A']	2
ENST00000302503:2	['TA', 'TA', 'TA', 'TA', 'TA', 'TA', 'TA', 'TA', 'TA', 'TA', 'TA', 'TA', 'TA', 'TA', 'TA', 'TA', 'TA', 'TA', 'TA']	19
ENST00000302503:3	['A', 'A']	2
ENST00000302506:2	['G']	1
ENST00000302558:1	['A', 'A', 'A', 'A', 'A', 'AA', 'A', 'A', 'A', 'A', 'A', 'A', 'A', 'A', 'A', 'A', 'A', 'A', 'A', 'A', 'A', 'A', 'A', 'A', 'A', 'A', 'A', 'A', 'A', 'A', 'AA', 'A', 'A', 'A', 'A', 'A', 'A', 'A', 'A', 'A', 'A', 'AA', 'A', 'A', 'A', 'A', 'A', 'A', 'A', 'A', 'A', 'A', 'A', 'A', 'A', 'A', 'A', 'A', 'A']	59
ENST00000302558:18	['A', 'AAA', 'AAA', 'AAA', 'A', 'AA', 'AA', 'A', 'AAA', 'AA', 'AA', 'AA', 'AA', 'AA', 'AA', 'AA', 'AA', 'AA', 'AA', 'AA', 'AA', 'AA', 'A', 'A', 'A', 'AA', 'A', 'AA', 'AA', 'AAA', 'A', 'AA', 'A', 'A', 'AA', 'AA', 'AA', 'AAA', 'AA', 'A', 'A', 'A', 'AA', 'AA', 'AA', 'AA', 'AA', 'AA', 'AA', 'A', 'AA', 'AA', 'AA', 'A', 'AA', 'AA', 'AA', 'A', 'AA', 'AA', 'AA']	61
ENST00000302558:8	['A', 'A', 'A', 'A', 'A', 'A', 'A', 'A', 'A', 'A', 'A']	11
ENST00000302641:3	['C']	1
ENST00000302692:4	['TTTC', 'TC', 'TTTC']	3
ENST00000302755:1	['A', 'AA', 'A', 'A', 'AA', 'A', 'A', 'A', 'A', 'AA', 'AA', 'AA', 'A', 'A', 'A', 'A', 'A', 'A', 'A', 'A', 'A', 'A', 'A', 'A', 'A', 'A', 'A', 'A', 'A', 'A', 'A', 'A', 'A', 'A', 'A', 'A', 'A', 'AA', 'A', 'A', 'A', 'A', 'A', 'A', 'A', 'A', 'A', 'A', 'A', 'A', 'A', 'A', 'A', 'A', 'A', 'A', 'A', 'A', 'A', 'A', 'A', 'AA', 'A', 'A', 'A', 'A', 'A', 'A', 'A', 'A', 'A', 'A', 'A', 'A', 'A', 'A', 'A', 'A', 'A', 'A', 'A', 'A', 'A', 'A', 'A', 'A', 'A', 'A', 'A', 'A']	90
ENST00000302764:2	['A', 'A', 'AA', 'A', 'A', 'A', 'A', 'A', 'A', 'A', 'A', 'A', 'A', 'A', 'A', 'A', 'A', 'A', 'A', 'A', 'A', 'A', 'A', 'A', 'A', 'AA', 'A', 'A', 'A', 'A', 'A', 'A', 'A', 'AA', 'A', 'A', 'A', 'A', 'A', 'A', 'A', 'A', 'A', 'A', 'A', 'A', 'A', 'A', 'A', 'A', 'A', 'A', 'A', 'A', 'A', 'A', 'A', 'A', 'A', 'A', 'A', 'A', 'A', 'A', 'A', 'A', 'A', 'A', 'A', 'A', 'A', 'A', 'A', 'A', 'AA', 'A', 'A', 'A', 'A', 'A', 'A', 'A', 'A', 'A', 'A', 'A', 'A', 'A', 'A', 'A', 'A', 'AA', 'A', 'A', 'A', 'A', 'A', 'A', 'A', 'A', 'A', 'A', 'A', 'A', 'A', 'A', 'A', 'A', 'A', 'A', 'A', 'A', 'A', 'A', 'A', 'A', 'A', 'A', 'A', 'A', 'A', 'A', 'A', 'A', 'A', 'A', 'A', 'A', 'A', 'A', 'A', 'AA', 'A', 'A', 'A', 'A', 'A', 'A', 'A', 'A', 'A', 'A', 'A', 'A', 'A', 'A', 'A', 'AA', 'A', 'A', 'A', 'A', 'A', 'A', 'A', 'A', 'A', 'A', 'A', 'A', 'A', 'A', 'A', 'A', 'A', 'A', 'A', 'A', 'A', 'A', 'A', 'A', 'A', 'A', 'A', 'A', 'A', 'A', 'A', 'A', 'A', 'AA', 'A', 'A']	184
ENST00000302787:10	['A', 'A']	2
ENST00000302850:2	['GA', 'GAGA', 'GA', 'GA', 'GAGA', 'GAGA', 'GA', 'GA', 'GAGA', 'GAGA', 'GA', 'GA', 'GA', 'GA', 'GAGA', 'GA', 'GA', 'GA', 'GAGA', 'GAGA', 'GA', 'GA', 'GAGA', 'GAGA', 'GA', 'GA', 'GAGAGA', 'GA', 'GAGA', 'GA', 'GAGA', 'GA', 'GA', 'GAGA', 'GA', 'GA', 'GAGA', 'GAGA', 'GAGA', 'GA', 'GA', 'GAGA', 'GA', 'GA', 'GA', 'GAGA', 'GA', 'GA', 'GA', 'GA', 'GA', 'GA', 'GA', 'GA', 'GAGA', 'GAGA', 'GA', 'GA', 'GA', 'GA']	60
ENST00000302904:20	['G']	1
ENST00000302904:5	['G', 'G', 'G', 'G', 'C', 'G', 'G', 'C', 'C', 'G', 'G', 'G', 'G', 'C', 'G', 'G', 'G', 'C', 'G', 'C']	20
ENST00000303045:49	['A', 'A', 'A']	3
ENST00000303115:7	['T', 'T']	2
ENST00000303145:12	['AA', 'AA', 'AA', 'AA', 'AA', 'AA', 'AAA', 'AA', 'AA', 'AA', 'AA', 'AA', 'AA', 'AA', 'AA', 'AAA', 'AA', 'AA', 'AAA', 'AAA', 'AA', 'AAA', 'AAA', 'AA', 'AA', 'AA', 'AA', 'AA', 'AA', 'AA', 'AA', 'AA', 'AA', 'AA', 'A', 'A', 'AA', 'AA', 'AA', 'AA', 'AA', 'AA', 'AA', 'AA', 'AA', 'AA', 'AA', 'A', 'AA', 'AA', 'AA', 'AA', 'AA', 'AA', 'AAA', 'AA', 'AA', 'AA', 'AA', 'AA', 'AA', 'AAA', 'AA', 'AA', 'AA', 'AA', 'AA', 'AA', 'AA', 'AA', 'AA', 'AAA', 'AA', 'AA', 'AA', 'A', 'AA', 'AAA', 'AAA', 'AA', 'AA', 'AA', 'AA', 'AA', 'AA', 'AA', 'AA', 'AA', 'AA', 'AAA', 'AA', 'A', 'AA', 'AA', 'AA', 'AA', 'AA', 'AA', 'AA', 'AA', 'A', 'A', 'AA', 'A', 'AAAA', 'AA', 'A', 'AA', 'A', 'A', 'A', 'AA', 'A', 'AA', 'AA', 'AA', 'AA', 'AA', 'A', 'AAA', 'AA', 'AA', 'AA', 'A', 'AA', 'AA', 'A', 'A', 'AA', 'AA', 'AAA', 'AA', 'AA', 'A', 'AA', 'A', 'A', 'A', 'A', 'A', 'AA', 'AA', 'AA', 'AA', 'AA', 'AA', 'AA', 'AA', 'AA', 'A', 'A', 'A', 'A', 'A', 'A', 'AA', 'A', 'A', 'A', 'A', 'A', 'A', 'A', 'AA']	164
ENST00000303236:12	['AGTT', 'AGTT', 'AGTT', 'AGTT']	4
ENST00000303254:2	['GTGATGTGG']	1
ENST00000303296:6	['ATGTTACTTTAAGATCTTTTAAAGTGGTTCTAAAA']	1
ENST00000303305:2	['A', 'A', 'A', 'AA', 'A', 'AA', 'A', 'AA', 'A', 'AA', 'A', 'AA', 'A', 'A', 'AAA', 'A', 'A', 'AA', 'AAA', 'A', 'A', 'AA', 'AAA', 'AA', 'AA', 'AA', 'AA', 'AAA', 'AA', 'A', 'AA', 'A', 'A', 'AA', 'A', 'A', 'AA', 'AA', 'AAA', 'AAA', 'AA', 'AA', 'A', 'A', 'A', 'AA', 'A', 'A', 'A', 'AA', 'A', 'AA', 'AA', 'A', 'AA', 'AA', 'AA', 'AAA', 'A', 'AAA', 'A', 'A', 'A', 'AA', 'A', 'A', 'A', 'AA', 'A', 'A', 'A', 'A', 'AA', 'A', 'A', 'A', 'A', 'AA', 'AA', 'A', 'A', 'A', 'A', 'A', 'AA', 'A', 'A', 'A', 'A', 'A', 'A', 'A', 'A', 'A', 'A', 'A', 'A', 'AA', 'A', 'A', 'AA', 'AA', 'A', 'A', 'A', 'A', 'A', 'AA', 'AA', 'AA', 'A', 'A', 'A', 'A', 'A', 'A', 'AA', 'AA', 'A', 'A', 'A', 'A', 'A', 'A', 'A', 'A', 'AA', 'A', 'A', 'A', 'A', 'A', 'A', 'AAA', 'A', 'AAA', 'A', 'AAA', 'A', 'A', 'A']	141
ENST00000303334:11	['GACA', 'GACA', 'GACA', 'GACA', 'GACA', 'GACA']	6
ENST00000303354:12	['A', 'A', 'A', 'A', 'A', 'A', 'A', 'A', 'A', 'A', 'A', 'A', 'A', 'A', 'A', 'A', 'A', 'A', 'A', 'A', 'A', 'A', 'A', 'AA', 'A', 'A', 'A', 'A', 'A', 'A', 'A', 'A', 'A', 'A', 'AA', 'A', 'A', 'A', 'A', 'A', 'A', 'A', 'A', 'A', 'A', 'A', 'AA', 'A', 'A', 'A', 'A', 'A', 'A', 'A', 'A', 'A', 'A', 'A', 'A', 'A', 'A', 'A', 'A', 'A', 'AA', 'A', 'A', 'A', 'A', 'A', 'A', 'A', 'A', 'A', 'A', 'A', 'A', 'A', 'A', 'A', 'A', 'A', 'A', 'A', 'A', 'A', 'AA', 'A', 'A', 'A', 'A', 'A', 'A', 'A', 'A', 'A', 'A', 'A', 'A', 'A', 'A', 'A', 'A', 'A', 'A', 'A', 'A', 'AA', 'A', 'A', 'A', 'A', 'A', 'A', 'A', 'A', 'A', 'A', 'A', 'A', 'A', 'A', 'A', 'A', 'A', 'AA', 'AA', 'A', 'A', 'A', 'A', 'A', 'A', 'A', 'A', 'A', 'A', 'A', 'A', 'A', 'A', 'A', 'A', 'A', 'A', 'A', 'A', 'A', 'A', 'A', 'A', 'A', 'A', 'A', 'A', 'A', 'A', 'A', 'A', 'A', 'A', 'A', 'A', 'A', 'A', 'A', 'A', 'AA', 'A', 'A', 'A', 'A', 'AA', 'AA', 'A', 'A', 'A', 'A', 'A', 'A', 'A', 'A', 'A', 'A', 'A', 'A', 'A', 'A', 'A', 'A', 'A', 'A', 'AA', 'A', 'A', 'A', 'A', 'A', 'A', 'A', 'A', 'A', 'A', 'A', 'A', 'A', 'A', 'A', 'A', 'A', 'A', 'A', 'A', 'A', 'AA', 'A', 'A', 'A', 'A', 'A', 'A', 'A', 'A', 'A', 'A', 'A', 'AA', 'A', 'A', 'A', 'A', 'A', 'A', 'A', 'A', 'A', 'A', 'A', 'A', 'A', 'A', 'A', 'A', 'A']	244
ENST00000303375:22	['C']	1
ENST00000303383:1	['A', 'AA', 'AA', 'AA', 'AA', 'AA', 'AA', 'AA', 'AA', 'AA', 'AA', 'AA', 'AA', 'AA', 'AA', 'AA', 'AA', 'AA', 'AA', 'AA', 'AAA', 'AA', 'AA', 'AA', 'AA', 'AA', 'AAA', 'AA', 'AA', 'AA', 'AA', 'AA', 'AAA', 'AA', 'A', 'AA', 'AAA', 'AAA', 'AAA', 'AA', 'AA', 'AA', 'AA', 'AA', 'AA', 'AA', 'AA', 'AA', 'AA', 'A', 'AA', 'AA', 'AA', 'AA', 'AA', 'AA', 'AA', 'AA', 'AA', 'AA', 'AA', 'AA', 'AA', 'A', 'A', 'A', 'AA', 'A', 'A', 'AA', 'AA', 'A', 'AA', 'AA', 'AA', 'AA', 'AA', 'AA', 'A', 'A', 'A', 'A', 'AAA', 'AA', 'A', 'AA', 'AA', 'A', 'A', 'A', 'A', 'AA', 'AA', 'AA', 'AA', 'A', 'AAA', 'A', 'A', 'A', 'A', 'A', 'A', 'A', 'A', 'A', 'A', 'A']	108
ENST00000303395:13	['A', 'A', 'A', 'A', 'A', 'A', 'A', 'A', 'A', 'A', 'A', 'A', 'A', 'A', 'A', 'A', 'A', 'A', 'A', 'A', 'A', 'A', 'A', 'A', 'A', 'A', 'A', 'A', 'A', 'A', 'A', 'A', 'A', 'A', 'A', 'A', 'A', 'A', 'A', 'A', 'A', 'A', 'A', 'A', 'A', 'A', 'A', 'A', 'A', 'A', 'A', 'A', 'A', 'A', 'A', 'A', 'A', 'A', 'A', 'A', 'A', 'A', 'A', 'A', 'A', 'A', 'A', 'A', 'A', 'A', 'A', 'A', 'A', 'A', 'A', 'A', 'A', 'A', 'A', 'A', 'A', 'A', 'A', 'A', 'A', 'A', 'A', 'A', 'A', 'A', 'A', 'A', 'A', 'A', 'A', 'A', 'A', 'A', 'A', 'A', 'A', 'A', 'A', 'A', 'A', 'A', 'A', 'A', 'A', 'A', 'A', 'A', 'A', 'A', 'A', 'A', 'A', 'A', 'A', 'A', 'A', 'A', 'A', 'A', 'A', 'A', 'A', 'A', 'A', 'A', 'A', 'A', 'A', 'A', 'A', 'A', 'A', 'A', 'A', 'A', 'A', 'A', 'A', 'A', 'A', 'A', 'A', 'A', 'A', 'A']	150
ENST00000303436:3	['A', 'A', 'A']	3
ENST00000303469:1	['G', 'G', 'G', 'G', 'G', 'G', 'G', 'AG', 'G', 'G', 'G', 'G', 'G', 'AAG', 'G', 'G']	16
ENST00000303538:28	['AA', 'A', 'AAA', 'AA', 'AA', 'AA', 'AA', 'AAA', 'A', 'A', 'AA', 'AA', 'AA', 'AA', 'AA', 'AA', 'AAA', 'AA', 'AA', 'AA', 'AA', 'AA', 'AA', 'A', 'A', 'A', 'A', 'A', 'A', 'A', 'A', 'AA', 'A', 'AA']	34
ENST00000303538:3	['A', 'AA', 'AA', 'AA', 'AA', 'AAA', 'AA', 'AA', 'AA', 'AA', 'A', 'AA', 'AA', 'AA', 'AA', 'AA', 'AA', 'AAA', 'AA', 'AA', 'AA', 'AA', 'AA', 'AA', 'AA', 'AA', 'AA', 'AA', 'A', 'AA', 'AA', 'AA', 'A', 'AA', 'AA', 'AA', 'AA', 'AA', 'AA', 'AA', 'AA', 'AA', 'AA', 'AA', 'A', 'AA', 'AA', 'AA', 'AA', 'A', 'AA', 'AA', 'AA', 'AA', 'AA', 'AA', 'A', 'AAA', 'AA', 'AA', 'A', 'AA', 'AA', 'A', 'AA', 'AA', 'A', 'AA', 'AA', 'AAA', 'AA', 'AA', 'AA', 'A', 'A', 'AA', 'AA', 'AA', 'AA', 'AA', 'A', 'AA', 'AA', 'AA', 'AA', 'AA', 'A', 'A', 'AA', 'AA', 'A', 'A', 'AA', 'A', 'A', 'A', 'AA', 'AA', 'AA']	99
ENST00000303538:5	['AAA', 'AAAA', 'AAA', 'AAAA', 'AAA', 'AAA', 'AAA', 'AAA', 'AA', 'AAAA', 'A', 'AAA', 'AA', 'AA', 'AAAA', 'AAA', 'AAAA', 'AAA', 'AA', 'AA', 'AA', 'AA', 'AA', 'AAAA', 'AA', 'AAA', 'AAA', 'AAA', 'AAA', 'AAAA', 'AAAA', 'AA', 'AAAAA', 'AAA', 'AA', 'AA', 'AA', 'AA', 'AAA', 'AAA', 'AA', 'A', 'AAAAAA', 'AA', 'AAAA', 'AAA', 'AAA', 'AA', 'AAAA', 'AAAAA', 'AAAA', 'AAAA', 'AAA', 'AA', 'AAAAA', 'AAA', 'AA', 'AAAA', 'AA', 'AAA', 'AAAAA', 'AAA', 'AA', 'AAA', 'AAA', 'AAA', 'AAA', 'AA', 'AAAA']	69
ENST00000303575:4	['A', 'A', 'A', 'A', 'A', 'A', 'A', 'A', 'A', 'A', 'A', 'A', 'A', 'A', 'A', 'A', 'A', 'A', 'A', 'A', 'A', 'A', 'A', 'A', 'A', 'A', 'A', 'A', 'A', 'A', 'A', 'A', 'A', 'A', 'A', 'A', 'A', 'A', 'A', 'A', 'A', 'A', 'A', 'A', 'A', 'A', 'A', 'A', 'A', 'A', 'A', 'A', 'A', 'A', 'A', 'A', 'A', 'A', 'A', 'A', 'A', 'A', 'A', 'A', 'A', 'A', 'A', 'A', 'A', 'A', 'A', 'A', 'A', 'A', 'A', 'A', 'A', 'A', 'A', 'A', 'A', 'A', 'A', 'A', 'A', 'A', 'A', 'A', 'A', 'A', 'A', 'A', 'A', 'A', 'A', 'A', 'A', 'A', 'A', 'A', 'A', 'A', 'A', 'A', 'A']	105
ENST00000303635:16	['T', 'AGGTGAA']	2
ENST00000303657:12	['G', 'G']	2
ENST00000303714:2	['AGAAACACTATGCA']	1
ENST00000303775:1	['A', 'A', 'A', 'A', 'A', 'A', 'A', 'A', 'A', 'A', 'A', 'A', 'A']	13
ENST00000303775:4	['TG']	1
ENST00000303892:2	['G', 'G', 'G']	3
ENST00000303904:6	['A', 'A']	2
ENST00000304032:12	['G', 'ACTCTGCATTTTTTTTTTTTTTTTTGCCTTTTCCGGTCCAATGGCAG', 'G']	3
ENST00000304129:13	['GA', 'GA']	2
ENST00000304129:14	['G', 'G']	2
ENST00000304129:7	['A', 'A']	2
ENST00000304195:3	['ACTT', 'ACTT']	2
ENST00000304195:7	['AAA', 'AA', 'AA', 'AAA', 'AAAA', 'AA', 'AAAA', 'AA', 'AAA', 'AAAA', 'AA', 'AAAA', 'AAAA', 'AAA', 'AAAA', 'AA', 'AAA', 'AAA', 'AAAA', 'AA', 'AAAA', 'AA', 'AAAA', 'AA', 'A', 'AA', 'AAA', 'AAA', 'AAAA', 'AA', 'AA', 'A', 'AAA', 'AA', 'AAAA', 'AAAA', 'AAA', 'AA', 'AAA', 'AAA', 'A', 'AAA', 'AA', 'AAA', 'AAAA', 'AA', 'AA', 'AAA', 'AA', 'AA', 'AAAA', 'AA', 'AA', 'AAA', 'AAAA', 'AA', 'AAAA', 'AA', 'A', 'AA', 'A', 'AA', 'AA', 'AA', 'AAA', 'A', 'AAA', 'AAA', 'A', 'A', 'AA', 'A', 'AA', 'AA', 'A', 'A', 'AAA', 'A', 'AA']	79
ENST00000304195:9	['A', 'A', 'A', 'A', 'A']	5
ENST00000304337:1	['TTGT']	1
ENST00000304385:6	['AAAAAAAAAAAA', 'AAAA', 'AAAAAAAAAAAAAA', 'AAAAAAAAA', 'AAAAAAAAAA', 'AAAAAAAAAAA', 'AAAAAAAAA', 'AAAAAAAAAAAA', 'AAAAAAAAA', 'AAAAAAAAAAAA', 'AAAAAAAAAAAA', 'AAAAAAAAAAA', 'AAAAAAAAAAAAAAAAAAAAAAAAAC', 'AAAAAAAAAAAAAAAAAAAAAAAAC', 'T']	15
ENST00000304430:4	['A']	1
ENST00000304494:1	['TCT']	1
ENST00000304543:6	['AAG', 'AAG']	2
ENST00000304543:9	['T', 'T', 'T', 'T']	4
ENST00000304611:12	['AG', 'AGAG', 'AG', 'AG', 'AG', 'AG', 'AG', 'AG', 'AG', 'AG', 'AG', 'AG', 'AG', 'AG', 'AG', 'AG', 'AG', 'AG', 'AG', 'AG', 'AG', 'AG', 'AG']	23
ENST00000304623:15	['A']	1
ENST00000304623:21	['CTAAACGGGAAAGAA']	1
ENST00000304636:3	['T', 'T', 'T']	3
ENST00000304698:6	['A', 'A', 'A', 'A']	4
ENST00000304743:15	['CTT', 'CTT']	2
ENST00000304895:11	['AAAAA', 'AAA', 'AA', 'A', 'AAA', 'AAA', 'AAAA', 'AAA', 'AA', 'AAAA', 'AAA', 'AAA', 'AAAA', 'AAA', 'AAA', 'AAAA', 'AAA', 'AAA', 'AAAA', 'AAAA', 'AAA', 'AAA', 'AAAA', 'AA', 'AAAA', 'AAA', 'AAAA', 'AAA', 'AAAA', 'AAA', 'AAA', 'AAA', 'AAA', 'A', 'AAAA', 'AAAA', 'AAAAA', 'A', 'AAA', 'AAA', 'AAA', 'AAA', 'A', 'AAAAA', 'AAAAA', 'AAAAAA', 'AAAA', 'AAAA', 'AAAAA', 'AAA', 'AA', 'AAAA', 'AAA', 'AAA', 'AAA', 'AA', 'AAAA', 'AAA', 'AAA', 'AAAA', 'AAAAA', 'AAA', 'AAAA', 'A', 'AAAA', 'AAAA', 'AAAA', 'AAA', 'AAA', 'AAA', 'AAA', 'AAAA', 'AAA', 'AAA', 'AAAA', 'AAAA', 'AAA', 'AAAA', 'AAAAA', 'AAAA', 'AAA', 'AAAA', 'A', 'AAAA', 'A', 'AAA', 'AAAA', 'AAA', 'AAAA', 'AAAAA', 'AAA', 'AAAA', 'AAAA', 'AAAAA', 'AAA', 'AA', 'AAAA', 'AAA', 'AAAA', 'AAAAA', 'AAA', 'AAA', 'AAAA', 'AAAAA', 'AAAA', 'AAAA', 'AAAA', 'AA', 'AAAA', 'AA', 'AAAA', 'AA', 'AA', 'AA', 'A', 'AAA', 'A', 'A', 'A', 'AA', 'AA', 'AA', 'AA', 'A', 'A', 'A', 'AA', 'A', 'AA', 'A', 'AA', 'A', 'A', 'A', 'A', 'A', 'AAAAA', 'AA', 'AA', 'AA', 'A', 'AA', 'AA', 'A', 'AA', 'A', 'A', 'AAAA', 'AA', 'AAAAA', 'AA', 'AA', 'AA', 'AAA', 'AAAA', 'A', 'AA', 'AA', 'AA', 'AA', 'AA', 'A', 'AAA', 'A', 'AA', 'A', 'AAA', 'AAAA', 'AA', 'AAA', 'A', 'AAA', 'AA', 'AAA', 'AA', 'A', 'AA', 'A', 'AA', 'AAA', 'AAA', 'AAAA', 'AAA', 'AA', 'AAA', 'AAA', 'AA']	187
ENST00000304992:26	['A', 'A', 'A', 'A', 'A']	5
ENST00000304992:8	['A', 'A', 'A', 'A']	4
ENST00000305089:2	['A', 'A', 'A', 'A', 'A', 'A', 'AA', 'A', 'A', 'A', 'AA', 'A', 'AA', 'AA', 'A', 'AA', 'A', 'A', 'AA', 'A', 'A', 'A', 'AA', 'AA', 'AA', 'A', 'AA', 'A', 'AA', 'AA', 'A', 'AA', 'A', 'AA', 'AA', 'A', 'A', 'AA', 'A', 'A', 'A', 'A', 'AAA', 'AA', 'AA', 'A', 'A', 'AA', 'A', 'A', 'AA', 'A', 'A', 'AA', 'A', 'A', 'AA', 'A', 'A', 'A', 'A', 'A', 'AA', 'AA', 'A', 'AA', 'AA', 'AA', 'A', 'AA', 'AA', 'AA', 'A', 'A', 'A', 'AA', 'A', 'AA', 'AAA', 'AA', 'AA', 'A', 'AA', 'AA', 'A', 'A', 'A', 'AA', 'AA', 'A', 'A', 'AA', 'A', 'A', 'AA', 'A', 'A', 'A', 'A', 'A', 'A', 'AA', 'A', 'A', 'A', 'A', 'A', 'AA', 'A', 'A', 'A', 'A', 'A', 'A', 'A', 'A', 'A', 'A', 'A', 'A', 'A', 'A', 'A', 'A', 'A', 'A', 'A', 'A', 'A', 'A', 'A', 'A', 'A', 'A', 'A', 'A', 'A', 'A', 'A', 'A', 'A', 'A', 'A', 'A', 'A', 'A', 'A', 'A', 'A', 'A', 'A', 'A', 'A', 'A', 'A', 'A', 'A', 'A', 'A', 'A', 'AA', 'A', 'A', 'A', 'A', 'A', 'A', 'A', 'A', 'A', 'A', 'A', 'A', 'A', 'AA', 'A', 'A', 'A', 'A', 'A', 'A', 'A', 'A', 'A', 'A', 'A', 'A', 'AA', 'A', 'A', 'A', 'A', 'A', 'A', 'A', 'A', 'A', 'A', 'AA', 'A', 'A', 'AA', 'A', 'A', 'A', 'A', 'A', 'AA', 'A', 'AA', 'A', 'A', 'AA', 'A', 'AAA', 'A', 'AA', 'A', 'A', 'A', 'A', 'AA', 'A', 'AA', 'A', 'AA', 'A', 'A', 'A', 'A', 'A', 'A', 'AA']	233
ENST00000305107:1	['G', 'G']	2
ENST00000305107:2	['A', 'A', 'A', 'A', 'A', 'A']	6
ENST00000305231:1	['T', 'T', 'T']	3
ENST00000305242:3	['AAA', 'AAA', 'AA', 'AAA', 'AAAA', 'AAAA', 'AAAA', 'AAAAA', 'AAA', 'AAAA', 'AAAA', 'AAAA', 'AAAA', 'AAAAA', 'AAAAA', 'AAAA', 'AAA', 'AAAA', 'AAAAA', 'A', 'AAAA', 'AAAA', 'AAAAA', 'AAAAA', 'AAAA', 'AAAA', 'AAAA', 'AAA', 'AA', 'AAAA', 'AA', 'AA', 'AAAA', 'AAAA', 'AAAAA', 'AAAAA', 'AAAAA', 'AAAA', 'AAAA', 'AAAA', 'AA', 'AAA', 'AAAA', 'AAAAAA', 'AAAA', 'AAAA', 'AAAA', 'AAAA', 'AAAAA', 'A', 'AAAA', 'AA', 'AAAA', 'AAAA', 'AAAA', 'AAA', 'AAAAA', 'A', 'AAAAAA', 'AAAA', 'AAAAA', 'AAAAA', 'AAAAA', 'AAAA', 'AAAAAA', 'AAAA', 'AAA', 'AAA', 'AAAA', 'AAA', 'AAAA', 'AAAAA', 'AAAAA', 'AAAA', 'AAAA', 'AAAA', 'AAAAAA', 'AAAAA', 'AAAA', 'AAA', 'AA']	81
ENST00000305476:11	['G', 'G', 'G', 'G']	4
ENST00000305631:2	['TG']	1
ENST00000305768:8	['A', 'A']	2
ENST00000305784:1	['A', 'A', 'A', 'A']	4
ENST00000305815:10	['GAATT']	1
ENST00000305815:26	['AA', 'AA', 'A', 'A', 'A', 'AAA', 'A', 'AA', 'AA', 'A', 'AA', 'AA', 'AAA', 'AA', 'AA', 'AA', 'AA', 'A', 'AA', 'AAA', 'A', 'A', 'AA', 'AA', 'A', 'A', 'A', 'AA', 'A', 'AA', 'AA', 'A', 'A', 'AA', 'A', 'A', 'A', 'AA', 'AAA', 'AA', 'AA', 'AA', 'AAA', 'A', 'A', 'AA', 'A', 'AAA', 'A', 'AAA', 'A', 'AA', 'AA', 'AA', 'AAAAA', 'AA', 'AA', 'AAA', 'AA', 'AAA', 'AA', 'A', 'AAA', 'AAA', 'AA', 'A', 'AA', 'A', 'AA', 'A', 'AAA', 'AAA', 'A', 'A', 'A', 'A', 'A', 'AAA', 'A', 'A', 'AA', 'AAA', 'AA', 'AAA', 'A', 'AA', 'A', 'AAA', 'AAA', 'AA', 'AAA', 'A', 'A', 'AA', 'AA', 'AAA', 'AA', 'A', 'A', 'AAAA', 'AA', 'AAA', 'AA', 'AAA', 'A', 'AAA', 'AA', 'AAAA', 'AAAA', 'AAAA', 'AAA', 'AAA', 'AAAA', 'AAA', 'A', 'A', 'AA', 'A', 'AAA', 'AAAA', 'A', 'A', 'AA', 'AAAA', 'AA', 'AAA', 'AAA', 'AAA', 'AA', 'AA', 'AAAA', 'AAA', 'AAA', 'AA', 'AA', 'A', 'AAA', 'AA', 'AA', 'A', 'AAA', 'AAA', 'A', 'AAA', 'AA', 'AAA', 'AAA', 'AAA', 'AA', 'AAAA', 'AA', 'AAA', 'AAA', 'AA', 'A', 'A', 'AAA', 'AA', 'AA', 'A', 'AA', 'A', 'AA', 'A']	164
ENST00000305815:7	['TT', 'TTT']	2
ENST00000305866:4	['A', 'A', 'A', 'A', 'A', 'A', 'A', 'A', 'A', 'A', 'A', 'A', 'A', 'A', 'A', 'A', 'A', 'A', 'A', 'AAA', 'A', 'A', 'A', 'A', 'A', 'A', 'A', 'A', 'A', 'A', 'A', 'A', 'A', 'A', 'A', 'A', 'A', 'A', 'A', 'A', 'A', 'A', 'A', 'A', 'A', 'A', 'A', 'A', 'AA', 'A', 'A', 'A', 'A', 'AA', 'A', 'A', 'A', 'AA', 'A', 'A', 'A', 'A', 'A', 'A', 'A', 'A', 'A', 'A', 'A', 'A', 'A', 'A', 'A', 'A', 'A', 'A', 'A', 'A', 'A', 'A', 'A', 'A', 'A', 'A', 'A', 'A', 'A', 'A', 'A', 'A', 'A', 'A', 'A', 'A', 'A', 'A', 'A', 'A', 'A', 'A', 'A', 'A', 'A', 'A', 'A', 'A', 'A', 'A', 'A', 'A', 'A', 'A', 'A', 'A', 'A', 'A', 'A', 'A', 'A', 'A', 'A', 'A', 'A', 'A', 'A', 'A', 'A', 'A', 'A', 'A', 'A', 'A', 'A', 'A', 'A', 'A', 'A', 'A', 'A', 'A', 'A', 'A', 'A', 'AA', 'A', 'A', 'A', 'A', 'A', 'A', 'A', 'A', 'A', 'A', 'A', 'A', 'A', 'A', 'AA', 'AA', 'A', 'A', 'A', 'A', 'A', 'A', 'A', 'A', 'A', 'A', 'A', 'A', 'AA', 'A', 'A', 'A', 'A', 'A', 'A', 'A', 'A', 'A', 'A', 'A', 'A', 'A', 'A', 'A', 'A', 'A', 'A', 'A', 'A', 'AA', 'AA', 'A', 'A', 'A', 'A', 'A', 'A', 'A', 'A', 'A', 'A', 'A', 'A', 'A', 'A', 'AA', 'A', 'A', 'A', 'A', 'A', 'A', 'A', 'A', 'A', 'A', 'A', 'AA', 'A', 'A', 'A', 'A', 'A', 'A', 'A', 'A', 'A', 'A', 'A', 'A', 'A', 'A', 'A', 'AA', 'A', 'A', 'A', 'A', 'A', 'A', 'A', 'A', 'A', 'A', 'A', 'A', 'A', 'A', 'A', 'A', 'A', 'A', 'A', 'A', 'A', 'A', 'A', 'A', 'A', 'A', 'A', 'A', 'A', 'A', 'AA', 'A', 'AA', 'A', 'A', 'A', 'A', 'A', 'A', 'A', 'A', 'A', 'A', 'A', 'A', 'A', 'A', 'A']	286
ENST00000305869:1	['C', 'C']	2
ENST00000305877:13	['C', 'C', 'C', 'C', 'C', 'C', 'C', 'C', 'C', 'C', 'C', 'C', 'C', 'C', 'C']	15
ENST00000305949:21	['C', 'C']	2
ENST00000305949:6	['A']	1
ENST00000305997:12	['A']	1
ENST00000305997:9	['A', 'A', 'A', 'A', 'A', 'A', 'A', 'A', 'A', 'A', 'A', 'A', 'A', 'A', 'A', 'A', 'A', 'A', 'A', 'A', 'A', 'A', 'A', 'A', 'A', 'A', 'A', 'A', 'A', 'A', 'A', 'A', 'A', 'A', 'A', 'A', 'A', 'A', 'A', 'A', 'A', 'A', 'A', 'A', 'A', 'A', 'A', 'A', 'A', 'A', 'A', 'A']	52
ENST00000306051:1	['C', 'C']	2
ENST00000306052:1	['G', 'G']	2
ENST00000306100:9	['A', 'A']	2
ENST00000306103:4	['AA', 'AA', 'AA', 'AAAAA', 'AA', 'AAAA', 'AAA', 'AA', 'AAA', 'AA', 'AAA', 'AAA', 'AAAAA', 'AA', 'AAA', 'AA', 'AAA', 'AAA', 'AAA', 'AA', 'AAA', 'AAA', 'AA', 'A', 'AA', 'AA', 'AA', 'AA', 'AAA', 'AA', 'AAA', 'AAAA', 'AAA', 'AA', 'AAA', 'A', 'AAAA', 'AAAA', 'AAA', 'AAAAA', 'AAAA', 'AAAA', 'AAA', 'AAAAA', 'AAA', 'AAAA', 'AAA', 'A', 'A', 'A', 'AAAA', 'AAA', 'AA', 'A', 'AA', 'AAA', 'A']	57
ENST00000306185:5	['A', 'A', 'A', 'A', 'A', 'A', 'A', 'A', 'A', 'A', 'A', 'A', 'A', 'A', 'AA', 'A', 'A', 'A', 'A', 'A', 'A', 'A', 'A', 'A', 'A', 'A', 'A', 'A', 'A', 'A', 'A']	31
ENST00000306193:3	['AAAAAAAAAAAAAA', 'AAAAAAAAAAAAA', 'AAAAAAAAAAAAA', 'AAAAAAAAAAAAA', 'AAAAAAAAAAAAAAA', 'AAAAAAAAAAAAA', 'AAAAAAAAAA', 'AAAAAAAAAAAAAAAA', 'AAAAAAAAAAA', 'AAAAAAAAAAAAAAA', 'AAAAAAAAAAAAA', 'AAAAAAAAAAAAA', 'AAAAAAAAAAAAA', 'AAAAAAAAAAAAAA', 'AAAAAAAAAAAA', 'AAAAAAAAAAAAA', 'AAAAAAAAAAAA', 'AAAAAAAAAAAAAA', 'AAAAAAAAAAAA', 'AAAAAAAAAAAAAA', 'AAAAAAAAAA', 'AAAAAAAAAAAAA', 'AAAAAAAAAAAAAA', 'AAAAAAAAAAAAAAA', 'AAAAAAAAAAAAAA', 'AAAAAAAAAAAA', 'AAAAAAAAAAAAAAAA', 'AAAAAAAAAAAAAAA', 'AAAAAAAAAAA', 'AAAAAAAAAAAAAAAAA', 'AAAAAAAAAAAAA', 'AAAAAAAA', 'AAAAAAAAAAA', 'AAAAAAAAAAAAA', 'AAAAAAAAAAAA', 'AAAAAAAAAAAA', 'AAAAAAAAAAAAAA', 'AAAAAAAAAAAA', 'AAAAAAAAAAAAA', 'AAAAAAA', 'AAAAAAAAAAAA', 'AAAAAAAAAAAA', 'AAAAAAAAAAAAAAA', 'AAAAAAAAAAAAAAA', 'AAAAAAAAAAAAAA', 'AAAAAAAAAAAAAA', 'AAAAAAAAAAAAAAAAA', 'AAAAAAAAAAA', 'AAAAAAAAAAAAA', 'AAAAAAAAAAAAAA', 'AAAAAAAAAAAAAA', 'AAAAAAAAAAAAAA', 'AAAAAAAAAAAAAAA', 'AAAAAAAAA', 'AAAAAAAAAAAAAA', 'AAAAAAAAAAAAAA', 'AAAAAAAAAAAAAAA', 'AAAAAAAAAAAA', 'AAAAAAAAAAAA', 'AAAAAAAAAAAA', 'AAAAAAAAAAAAAAAA', 'AAAAAAAAAAAAAAA', 'AAAAAAAAAAAAAAA', 'AAAAAAAAAAAAAA', 'AAAAAAAAAAAAAAA', 'AAAAAAAAAAAAAAAA', 'AAAAAAAAAAAAAA', 'AAAAAAAAAAAA', 'AAAAAAAAAAAA', 'AAAAAAAAAA', 'AAAAAAAAAAA', 'AAAAAAAAAAAAAA', 'AAAAAAAAAAAAAA', 'AAAAAAAAAAAA', 'AAAAAAAAAAAAA', 'AAAAAAAAAAAA', 'AAAAAAAAAAAAA', 'AAAAAAAAAAAAAAA', 'AAAAAAAAAAAAAA', 'AAAAAAAAAAA', 'AAAAAAAAAAAA', 'AAAAAAAAAAAA', 'AAAAAAAAAAAAAA', 'AAAAAAAAAAAA', 'AAAAAAAAAAAA', 'AAAAAAAAAAAA', 'AAAAAAAAAAAAA', 'AAAAAAAAAAAA', 'AAAAAAAAAAAA', 'ACAAAA', 'AAAAAAAAAAAAA', 'AAAAAAAAAAAAA', 'AAAAAAAAAAAAAA', 'AAAAAAAAAAAAAAA', 'AAAAAAAAAAAAAAA', 'AAAAAAAAAAAAAAA', 'AAAAAAAAAAAA', 'AAAAAAAAAAAAAAA', 'AAAAAAAAAAAAAAA', 'AAAAAAAAAAAAA', 'AAAAAAAAAAA', 'AAAAAAAAAAAAAAA', 'AAAAAAAAAAAAA', 'AAAAAAAAAAAAAAA', 'AAAAAAAAAAAAA', 'AAAAAAAAAAAAAA', 'AAAAAAAAAAAA', 'AAAAAAAAAAAAAA', 'AAAAAAAAAAAA', 'AAAAAAAAAAAAA', 'AAAAAAAAAAAAAAA', 'AAAAAAAAAAAAAAA', 'AAAAAAAAAAA', 'AAAAAAAAAAAA', 'AAAAAAAAAAAAAA', 'AAAAAAAAAAAAAAAA', 'AAAAAAAAAAAAAA', 'AAAAAAAAAAAAAAA', 'AAAAAAAAAAAAAA', 'AAAAAAAAAAAAAA', 'AAAAAAAAAAAAA', 'AAAAAAAAAAAAAAA', 'AAAAAAAAAAAAAAA', 'AAAAAAAAAAAAAAA', 'AAAAAAAAAAAA', 'AAAAAAAAAAAAAA', 'AAAAAAAAAAAAA', 'AAAAAAAAAAA', 'AAAAAAAAAAAA', 'AAAAAAAAAAAAAA', 'AAAAAAAAAAAAAA', 'AAAAAAAAAAAAA', 'AAAAAAAAAAAAAA', 'AAAAAAAAAAA', 'AAAAAAAAAAAAA', 'AAAAAAAAAAAAAAAA', 'AAAAAAAAAAAAAAA', 'AAAAAAAAAAAAAA', 'AAAAAAAAAAAA', 'AAAAAAAAAAAA', 'AAAAAAAAAAAAAAA', 'AAAAAAAAAAAAAAA', 'AAAAAAAAAAA', 'AAAAAAAAAAAAAAA', 'AAAAAAAAAAAAAAA', 'AAAAAAAAAAAAAAAA', 'AAAAAAAAAAAAAA', 'AAAAAAAAAAAAAAA', 'AAAAAAAAAAAAAAAA', 'AAAAAAAAAAAAAAA', 'AAAAAAAAAAAAAA', 'AAAAAAAAAAAAAAAA', 'AAAAAAAAAAAAAAA', 'AAAAAAAAAAAAAAA', 'AAAAAAAAAAAAAA', 'AAAAAAAAAAAAAAA', 'AAAAAAAAAAAAAAA', 'AAAAAAAAAAAAAAAA', 'AAAAAAAAAAAAAAAA', 'ACAA', 'AAAAAAAAAAAAAAA', 'AAAAAAAAAAAAAAA', 'AAAAAAAAAAAAAAA', 'AAAAAAAAAAAAAAAA', 'AAAAAAAAAAAAAAA', 'AAAAAAAAAAAAAAA', 'AAAAAAAAAAAAAA', 'AAAAAAAAAAAAAAAA', 'AAAAAAAAAAAAAAAA', 'AAAAAAAAAAAAAAA', 'AAAAAAAAAAAAAA', 'AAAAAAAAAAAAAAAA', 'AAAAAAAAAAAAAA', 'AAAAAAAAAAAAAAA', 'AAAAAAAAAAAAAAAA', 'AAAAAAAAAAAAAAA', 'AAAAAAAAAAAAAA', 'AAAAAAAAAAAAAAA', 'AAAAAAAAAAAAAA', 'AAAAAAAAAAAAAAAA', 'AAAAAAAAAAAAAAA', 'AAAAAAAAAAAAA', 'AAAAAAAAAAAAAAA', 'AAAAAAAAAAAAAAAA', 'AAAAAAAAAAAAAAAA', 'AAAAAAAAAAAAAAA', 'AAAAAAA', 'AAAAAAAAA', 'AAAAAAAAAAA', 'AAAAAAAAAA', 'AAAAAAAAAAAAA', 'AAAAAAAAAAAAAAA', 'AAAAAAAAAAAAAAA', 'AAAAAAAAAAAAAAA', 'AAAAAAAAAAAAAAA', 'AAAAAAAAAAAAAAA', 'AAAAAAAAAAAAAAAA', 'AAAAAAAAAAAAAAAA', 'AAAAAAAAAAAAAAA', 'AAAAAAAAAAAAAAAA', 'AAAAAAAAAAAAAAA', 'AAAAAAAAAAAAAA', 'AAAAAAAAAAAAAAA', 'AAAAAAAAAAAAAAAA']	204
ENST00000306200:2	['A', 'A', 'A', 'A', 'A']	5
ENST00000306200:6	['A', 'A', 'A', 'A', 'A', 'A', 'A', 'A', 'A', 'A', 'A', 'A', 'A', 'A', 'A', 'A', 'A', 'A', 'A', 'A', 'A', 'A', 'A', 'A', 'A', 'A', 'A', 'A', 'A', 'A', 'A', 'A', 'A', 'A', 'A', 'A', 'A', 'A', 'A', 'A', 'A', 'A', 'A', 'A', 'A', 'A', 'A', 'A', 'A', 'A', 'A', 'A', 'A', 'A', 'A', 'A', 'A', 'A', 'A', 'A', 'A', 'A', 'A', 'A', 'A', 'A']	66
ENST00000306270:10	['A', 'A', 'A', 'A', 'A', 'A', 'A', 'A', 'A', 'A', 'A', 'A', 'A', 'A', 'A', 'A', 'A', 'A', 'A', 'A', 'A', 'A', 'A', 'A', 'A', 'A', 'A', 'A', 'A', 'A', 'A', 'A', 'A', 'A', 'A', 'A', 'A', 'A', 'A', 'A', 'A', 'A', 'A', 'A', 'A', 'A', 'A', 'A', 'A']	49
ENST00000306270:14	['A', 'A', 'A', 'A', 'A', 'A', 'A', 'A']	8
ENST00000306270:8	['A', 'A', 'AAA', 'A', 'AA', 'A', 'A', 'A', 'GA', 'AA', 'AA', 'AA', 'A', 'AA', 'AA', 'A', 'A', 'AA', 'A', 'A', 'A', 'A', 'AA', 'A', 'AA', 'A', 'AAA', 'AA', 'AA', 'A', 'AA', 'AAA', 'AA', 'AAA', 'AA', 'AAA', 'AA', 'A', 'A', 'AA', 'AAA', 'A', 'AA', 'AA', 'A', 'AAA', 'AAA', 'AAA', 'AA', 'A', 'A', 'A', 'AA', 'AAA', 'AAA', 'AA', 'A', 'AAA', 'AA', 'A', 'AA', 'AAA', 'AA', 'A', 'AA', 'A', 'A', 'AA', 'A', 'AAA', 'AA', 'AA', 'AA', 'A', 'A', 'A', 'A', 'AAA', 'AA', 'AA', 'AA', 'AA', 'A', 'GA', 'AAA', 'AA', 'A', 'AA', 'A', 'A', 'AAA', 'A', 'AAA']	93
ENST00000306312:2	['A', 'A', 'A']	3
ENST00000306329:5	['G', 'G']	2
ENST00000306385:19	['C', 'C', 'C', 'C']	4
ENST00000306534:6	['G', 'G']	2
ENST00000306601:8	['AGA', 'AGA']	2
ENST00000306730:3	['TA', 'TA', 'TA', 'TA', 'TA', 'TA', 'TA', 'TA', 'TA', 'TA', 'TA', 'TA', 'TA', 'TA', 'TA', 'TA', 'TA', 'TA', 'TA', 'TA', 'TA', 'TA', 'TA', 'TA', 'TA', 'TA', 'TA', 'TA', 'TA', 'TA', 'TA', 'TA', 'TA', 'TA', 'TA', 'TA', 'TA', 'TA', 'TA', 'TA', 'TA', 'TA', 'TA', 'TA', 'TA', 'TA', 'TA', 'TA', 'TA', 'TA', 'TA', 'TA']	52
ENST00000306730:5	['A', 'A', 'A', 'A', 'A', 'A', 'A', 'A', 'A', 'A', 'A', 'A', 'A', 'A', 'A', 'A', 'A', 'A', 'A', 'A', 'A', 'A', 'A', 'A', 'A', 'A', 'A', 'A', 'A', 'A', 'A', 'A', 'A', 'A', 'A', 'A', 'A', 'A', 'A', 'A', 'A', 'A', 'A', 'A', 'A', 'A', 'A', 'A', 'A', 'A', 'A', 'A', 'A', 'A', 'A', 'A', 'A', 'A', 'A', 'A', 'AA', 'A', 'A', 'AA', 'A', 'A', 'A', 'A', 'A', 'A', 'A', 'A', 'A', 'A', 'A', 'A', 'A', 'A', 'A', 'A', 'A', 'A', 'A', 'A', 'A', 'A', 'A', 'A', 'A', 'A', 'A', 'A', 'A', 'A', 'A', 'A', 'A', 'A', 'A', 'A', 'A', 'A', 'A', 'A', 'A', 'A', 'A', 'A', 'A', 'A', 'AA', 'A', 'A', 'A', 'A', 'A', 'A', 'AA', 'A', 'A', 'A', 'A', 'A', 'A', 'A', 'A', 'A']	127
ENST00000306739:11	['T', 'T']	2
ENST00000306739:8	['C']	1
ENST00000306749:34	['G', 'G', 'G']	3
ENST00000306851:8	['T', 'T']	2
ENST00000306984:1	['A', 'A', 'A', 'A', 'A', 'A', 'A', 'A', 'A', 'A']	10
ENST00000306999:1	['AA', 'AA', 'A', 'AA', 'AA', 'AAAA', 'AAA', 'AAA', 'AA', 'AA', 'AAA', 'AA', 'AAA', 'A', 'AAA', 'AA', 'AA', 'AAA', 'AA', 'AA', 'AA', 'A', 'AAA', 'AA', 'AA', 'A', 'AAA', 'AA', 'AA', 'AA', 'AAA', 'AAA', 'AA', 'A', 'AAA', 'AA', 'AA', 'AA', 'AAA', 'AA', 'AA', 'AA', 'AAAA', 'AA', 'AAA', 'AAA', 'AA', 'AA', 'A', 'AA', 'AAAA', 'AA', 'AA', 'AAA', 'AA', 'AA', 'AA', 'AA', 'A', 'AAA', 'AAA', 'AA', 'AA', 'AAA', 'AA', 'A', 'A', 'AAA', 'AA', 'AA', 'A', 'A', 'AA', 'AA', 'AAA', 'AA', 'AA', 'AAA', 'A', 'A', 'AAA', 'AA', 'AA', 'AAA', 'AAA', 'AAA', 'AA', 'AAA', 'AA', 'AA', 'AAA', 'AAA', 'AA', 'AAA', 'AA', 'AA', 'AAAA', 'AAA', 'AAA', 'AAA', 'AAAA', 'AAA', 'AAA', 'AAAA', 'AAAA', 'AA', 'AAA', 'AAA', 'AAAA', 'AAAA', 'A', 'AAA', 'A', 'A', 'AA', 'AAA', 'A', 'A', 'AA']	119
ENST00000306999:9	['A', 'A', 'A', 'A', 'A', 'A', 'A', 'A']	8
ENST00000307050:2	['G', 'G']	2
ENST00000307076:1	['CG', 'CT']	2
ENST00000307076:2	['G', 'G', 'G', 'G']	4
ENST00000307149:6	['GA']	1
ENST00000307227:7	['AAG', 'AAG']	2
ENST00000307333:12	['A', 'A', 'A', 'A', 'A', 'A', 'A', 'A', 'A', 'A', 'A', 'A', 'A', 'A', 'A', 'A', 'A', 'A', 'A', 'A', 'A', 'A', 'A', 'A', 'A', 'A', 'A', 'A', 'A', 'A', 'A', 'A', 'A', 'A', 'A', 'A', 'A', 'A', 'A', 'A', 'A', 'A', 'A', 'A']	44
ENST00000307340:58	['AG', 'AG', 'AG', 'AG', 'AG', 'AG', 'AG', 'AG', 'AG', 'AG', 'AG', 'AGAG', 'AG', 'AG', 'AG', 'AG', 'AG', 'AG', 'AG', 'AG', 'AG', 'AG', 'AG', 'AG', 'AG', 'AG', 'AG', 'AG', 'AG', 'AG', 'AG', 'AG', 'AG', 'AGAG', 'AG', 'AGAG', 'AG', 'AGAG', 'AG', 'AG', 'AG', 'AGAG', 'AG', 'AG', 'AGAG', 'AGAG', 'AG', 'AG', 'AG', 'AG', 'AG', 'AG', 'AG', 'AGAG', 'AG', 'AG', 'AG', 'AG', 'AG', 'AG', 'AG', 'AGAG', 'AG', 'AG', 'AG', 'AG', 'AG', 'AG', 'AG', 'AG', 'AG', 'AG', 'AG', 'AG', 'AG', 'AG', 'AG', 'AG', 'AG', 'AG', 'AG', 'AG', 'AG', 'AG', 'AG', 'AG', 'AG', 'AG', 'AG', 'AG', 'AG', 'AG', 'AGAG', 'AG', 'AG', 'AG', 'AG', 'AG', 'AG', 'AG', 'AG', 'AG', 'AG', 'AG', 'AGAG', 'AG', 'AG', 'AG', 'AGAG', 'AG', 'AG', 'AG', 'AG', 'AG', 'AG', 'AG', 'AG', 'AG', 'AG', 'AG', 'AG', 'AG', 'AG', 'AG', 'AG', 'AG', 'AG', 'AG', 'AG', 'AG', 'AGAG', 'AG', 'AG', 'AG', 'AG', 'AG', 'AG', 'AG', 'AGAG', 'AG', 'AG', 'AG', 'AG', 'AG', 'AG', 'AG', 'AGAG', 'AG', 'AG', 'AG', 'AG', 'AG', 'AG', 'AG', 'AG', 'AG', 'AG', 'AG', 'AG', 'AG', 'AGAG', 'AG', 'AG', 'AG']	164
ENST00000307340:59	['AA', 'A', 'A', 'AA', 'A', 'AA', 'A', 'AA', 'AA', 'AAA', 'AA', 'A', 'AA', 'AA', 'AA', 'AA', 'A', 'AA', 'AA', 'A', 'A', 'A', 'A', 'A', 'A', 'A', 'AA', 'A', 'A', 'A', 'A', 'A', 'A', 'A', 'AA', 'A', 'A', 'A', 'A', 'AA', 'AA', 'A', 'A', 'A', 'A', 'A', 'A', 'A', 'A', 'A', 'A', 'A', 'A', 'A', 'A', 'A', 'A', 'A', 'A', 'A', 'A', 'A', 'A', 'A', 'AA', 'A', 'A', 'AA', 'AA', 'A', 'A', 'A', 'A', 'A', 'A', 'A', 'A', 'A', 'A', 'A', 'A', 'A', 'A', 'A', 'AA', 'A', 'AA', 'A', 'A', 'A', 'A', 'A', 'A', 'A', 'AA', 'A', 'AA', 'A', 'A', 'A', 'A', 'A', 'A', 'A', 'A', 'A', 'AA', 'A']	108
ENST00000307340:65	['GGAA']	1
ENST00000307363:15	['GA', 'GA', 'GA', 'GA', 'GA', 'GA', 'GA', 'GA', 'GA', 'GA', 'GA', 'GA', 'GA', 'GA', 'GA', 'GA', 'GA', 'GA', 'GA', 'GA', 'GA', 'GA', 'GA', 'GA', 'GA', 'GA', 'GA', 'GA', 'GA', 'GA', 'GA', 'GA', 'GA', 'GA', 'GA', 'GA', 'GA', 'GA', 'GA', 'GA', 'GA', 'GA', 'GA']	43
ENST00000307363:7	['A', 'A']	2
ENST00000307378:3	['A', 'A', 'A', 'A', 'A']	5
ENST00000307378:4	['A', 'A', 'A']	3
ENST00000307378:6	['AA', 'AA', 'A', 'AA', 'AA', 'A', 'A', 'A', 'A', 'A', 'A', 'AA', 'AA', 'AAA', 'A', 'A', 'AA', 'A', 'A', 'A', 'AA', 'AA', 'A', 'AA', 'A', 'AA', 'AA', 'AA', 'A', 'AA', 'A', 'AA', 'AA', 'A', 'A', 'A', 'A', 'AA', 'A', 'A', 'AA', 'AA', 'A', 'A', 'A', 'A', 'A', 'A', 'A', 'A', 'AA', 'AA', 'A', 'A', 'A', 'AA', 'AA', 'AA', 'AA', 'AA', 'AA', 'A', 'A', 'AA', 'AA', 'A', 'A', 'A', 'A', 'AA', 'A', 'A', 'AA', 'A', 'A', 'AA', 'A', 'A', 'A', 'AA', 'AA', 'A', 'AA', 'AA', 'A', 'A', 'A', 'A', 'AA', 'A', 'AA', 'AA', 'AA', 'AA', 'A', 'A', 'AA', 'AA', 'A', 'AA', 'AA', 'A', 'AA', 'AA', 'A', 'A', 'AA', 'AA', 'A', 'A', 'A', 'A', 'A', 'AA', 'A', 'AA', 'AA', 'AA', 'A', 'A', 'A', 'AA', 'A', 'A', 'A', 'A', 'A', 'A', 'A', 'A', 'A', 'A', 'A', 'A', 'A', 'A', 'A', 'AA', 'A', 'A']	140
ENST00000307624:6	['A', 'A']	2
ENST00000307624:9	['A', 'A', 'A', 'A', 'A', 'A', 'A', 'A', 'A', 'A', 'A', 'A', 'A', 'A', 'A', 'A', 'A', 'A', 'A', 'A', 'A', 'A', 'A', 'A', 'A', 'A', 'G', 'A', 'A', 'A', 'A', 'A', 'A', 'A', 'A', 'A', 'A', 'A', 'A', 'A', 'A', 'A', 'A', 'G', 'A', 'A', 'A', 'A', 'A', 'A', 'A', 'A', 'AA', 'A', 'A', 'A', 'A', 'A', 'A', 'A', 'A', 'A', 'A', 'A', 'A', 'A']	66
ENST00000307677:1	['A']	1
ENST00000307712:2	['A', 'A', 'A', 'A', 'A', 'A', 'A', 'A', 'A', 'A', 'A', 'A', 'A', 'A', 'A', 'A', 'A', 'A', 'A', 'A', 'A', 'A', 'A', 'A', 'A', 'A', 'A', 'A', 'A', 'A', 'A', 'A', 'A', 'A', 'A', 'A', 'A', 'A']	38
ENST00000307712:4	['A', 'A']	2
ENST00000307712:7	['A', 'A', 'A', 'A', 'A', 'A', 'A', 'A', 'A', 'A', 'A', 'A', 'A', 'A', 'AA', 'A', 'A', 'A', 'A', 'A', 'A', 'A', 'A', 'A', 'A', 'A', 'A', 'A', 'A', 'A', 'A', 'A', 'A', 'A', 'A', 'A', 'A', 'A', 'A', 'A', 'A', 'A', 'A', 'A', 'A', 'A', 'A', 'A', 'A', 'A', 'A', 'A', 'A', 'A', 'A', 'A', 'A', 'A', 'A', 'A', 'A', 'A', 'A', 'A', 'A', 'A', 'A', 'A', 'A', 'A', 'A']	71
ENST00000307765:17	['T', 'T', 'T', 'T', 'T', 'T']	6
ENST00000307851:5	['G', 'G']	2
ENST00000307921:3	['A', 'A', 'A', 'A', 'A', 'A']	6
ENST00000308009:1	['G', 'G', 'G', 'G']	4
ENST00000308025:14	['GGAA', 'GGAA']	2
ENST00000308108:1	['G', 'G']	2
ENST00000308108:4	['A', 'A', 'A', 'A', 'A', 'A', 'A', 'A', 'A', 'A', 'A', 'A', 'A', 'A', 'A', 'A', 'A', 'A', 'A', 'A', 'A', 'A', 'A', 'A', 'A', 'A', 'A', 'A', 'A', 'A', 'A', 'A', 'A', 'A', 'A', 'A', 'A', 'A', 'A', 'A', 'A', 'A', 'A', 'A', 'A', 'A', 'A', 'A', 'A', 'A', 'A', 'A', 'A', 'A', 'A', 'A', 'A', 'A', 'A', 'A', 'A', 'A', 'A', 'A', 'A', 'A', 'A', 'A', 'AA', 'A', 'A', 'A', 'A', 'A', 'A', 'A', 'A', 'A', 'A', 'A', 'A', 'A', 'A', 'A', 'A', 'A', 'A', 'A', 'A', 'A', 'A', 'A', 'A', 'A', 'A', 'A']	96
ENST00000308110:8	['C']	1
ENST00000308132:3	['A', 'A']	2
ENST00000308167:5	['ACTT', 'ACTT']	2
ENST00000308208:4	['T', 'T']	2
ENST00000308271:1	['G']	1
ENST00000308271:19	['A', 'AA', 'A', 'A', 'A', 'A', 'AA', 'AA', 'A', 'A', 'AA', 'A', 'A', 'A', 'A', 'A', 'A', 'A', 'A', 'A', 'A', 'A', 'A', 'A', 'A', 'A', 'A', 'A', 'A', 'A', 'A', 'A', 'AA', 'A', 'A', 'A', 'A', 'A', 'A', 'A', 'A', 'A', 'A', 'A', 'A', 'A', 'A', 'A', 'A', 'A', 'A', 'A', 'A', 'A', 'A', 'A', 'AA', 'AA', 'A', 'A', 'AA', 'A', 'A', 'A', 'A', 'A', 'A', 'A', 'A', 'A', 'A', 'A', 'A', 'A', 'AA', 'A', 'A', 'A', 'A', 'A', 'AA', 'A', 'A', 'A', 'A', 'A', 'A', 'A', 'A', 'A', 'A', 'A', 'A', 'A', 'A', 'A', 'A', 'A', 'A', 'A', 'A', 'A', 'A', 'A', 'A', 'A', 'AA', 'A', 'AA', 'A', 'A', 'A', 'A', 'A', 'AA', 'A', 'A', 'A', 'A', 'A', 'A', 'A', 'A', 'AA']	124
ENST00000308271:20	['G']	1
ENST00000308317:8	['TTAGG']	1
ENST00000308330:11	['GT']	1
ENST00000308366:2	['ACTT', 'ACTT']	2
ENST00000308370:17	['C', 'C']	2
ENST00000308378:6	['A', 'A']	2
ENST00000308388:2	['GGAA', 'GGAA']	2
ENST00000308488:14	['A', 'A', 'A', 'A']	4
ENST00000308595:12	['C', 'C']	2
ENST00000308650:3	['G', 'G', 'G', 'G', 'G', 'G', 'G', 'G', 'G', 'G', 'G', 'G', 'G', 'G', 'G', 'G']	16
ENST00000308696:15	['C']	1
ENST00000308713:9	['A', 'A']	2
ENST00000308724:8	['GA', 'GA']	2
ENST00000308731:12	['AG']	1
ENST00000308736:7	['G', 'G']	2
ENST00000308824:1	['GCC']	1
ENST00000308893:14	['T']	1
ENST00000308919:4	['AGCTGCCTCC']	1
ENST00000308924:2	['C', 'C']	2
ENST00000308924:3	['AGTCGTT', 'ACCT']	2
ENST00000308964:2	['CT', 'CT', 'CT', 'CT']	4
ENST00000308973:3	['A', 'A', 'A', 'A', 'A', 'A', 'A', 'A', 'A', 'A', 'A', 'A', 'A', 'A', 'A', 'A', 'A', 'A', 'A', 'A', 'A', 'A', 'A', 'A', 'A', 'A', 'A', 'A', 'A', 'A', 'A', 'A', 'A', 'A', 'A', 'A', 'A', 'A', 'A', 'A', 'A', 'A', 'A', 'A', 'A', 'A', 'A', 'A', 'A', 'A', 'A', 'A', 'A', 'A', 'A', 'A', 'A', 'A', 'A', 'A', 'A', 'A', 'A', 'A', 'A', 'A', 'A', 'A', 'A', 'A', 'A', 'A', 'A', 'A', 'A', 'A', 'A', 'A', 'A', 'A', 'A', 'A', 'A', 'A', 'A', 'A', 'A', 'A', 'A', 'A', 'A', 'A']	92
ENST00000309007:12	['GGGG']	1
ENST00000309049:5	['G']	1
ENST00000309050:2	['A', 'A', 'A', 'A', 'A', 'A', 'A', 'A', 'A', 'A', 'A', 'A', 'A', 'A', 'A', 'A', 'A', 'A', 'A', 'A', 'A', 'A', 'A', 'A', 'A', 'A', 'A', 'A', 'A', 'A', 'A', 'A', 'A', 'A', 'A', 'A', 'A', 'A', 'A', 'A', 'A', 'A', 'A', 'A', 'A', 'A', 'A', 'A', 'A', 'A', 'A', 'A', 'A', 'A', 'A', 'A', 'A', 'A', 'A', 'A', 'A', 'A', 'A', 'A', 'A']	65
ENST00000309061:4	['G', 'G']	2
ENST00000309137:1	['AAAACA', 'AAAACA', 'AAAACA', 'AAAACA', 'AAAACA', 'AAAACA']	6
ENST00000309195:3	['AAAAAAAAAAAAAAA', 'AAAAAAAAAAAAAA', 'AAAAAAAAAAAAAA', 'AAAAAAAAAAAAAAA', 'AAAAAAAAAAAAAAAAAA', 'AAAAAAAAAAAAAAAA', 'AAAAAAAAAAAAAAAAAAAA', 'AAAAAAAAAAAA', 'AAAAAAAAAAAAA', 'AAAAAAAAAAAAAAA', 'AAAAAAAAAAAAAAA', 'AAAAAAAAAAAAA', 'AAAAAAAAAAAAAAAA']	13
ENST00000309195:6	['G']	1
ENST00000309268:6	['TG', 'TG', 'TG', 'TG']	4
ENST00000309268:7	['AA', 'A', 'A', 'A', 'A', 'A', 'A', 'A', 'A', 'A', 'A', 'A', 'A', 'A', 'A', 'A', 'A', 'A', 'A', 'A', 'A', 'A', 'A', 'A', 'A', 'A', 'A', 'A', 'A', 'A', 'A', 'A', 'A', 'A', 'A', 'A', 'A', 'A', 'A', 'A', 'A', 'A', 'A', 'A', 'A', 'A', 'A', 'A', 'A', 'A', 'A', 'A', 'A', 'A', 'A', 'A', 'A', 'A', 'A', 'A', 'A', 'A', 'A', 'A', 'A', 'A', 'A', 'A', 'A', 'A', 'A', 'A', 'A', 'A', 'A', 'A', 'A', 'A', 'AA', 'A', 'A', 'A', 'A', 'A', 'A', 'A', 'A', 'A', 'A', 'A', 'A', 'A', 'A', 'A', 'A', 'A', 'A', 'A', 'A', 'A', 'A', 'A', 'A', 'A', 'A', 'A', 'A', 'A', 'A', 'A', 'A', 'A', 'A', 'A', 'A', 'A']	116
ENST00000309295:18	['TGGACCCCGCCCAACGGAGCGCTGACTCGAACCCGTTCTCCCC']	1
ENST00000309311:12	['A']	1
ENST00000309328:3	['T']	1
ENST00000309660:5	['A', 'A']	2
ENST00000309731:1	['A', 'A']	2
ENST00000309733:1	['A', 'TA']	2
ENST00000309755:5	['AAAA', 'AA', 'AAAA', 'AAA', 'AAA', 'AAAAA', 'AAAA', 'AA', 'AAA', 'AAAA', 'AAA', 'AAAA', 'AAAA', 'AA', 'AAA', 'AAAA', 'A', 'AA', 'AAAA', 'AAA', 'AAA', 'A', 'AAAA', 'AAAAA', 'AAA', 'AA', 'AAAA', 'AAA', 'AAA', 'AA', 'AA', 'AA', 'AA', 'AAA', 'AA', 'AA', 'AA', 'A', 'AA', 'AA', 'AA', 'AA', 'AA', 'AA', 'AAA', 'AA', 'AA', 'AA', 'AAAA', 'AA', 'AA', 'AA', 'A', 'AA', 'AA', 'AAAA', 'AA', 'AAA', 'AA', 'AA', 'AA', 'AA', 'AA', 'AA', 'AA', 'AAAA', 'A', 'AAA', 'A']	69
ENST00000309794:3	['CTT', 'CTT']	2
ENST00000309863:9	['A', 'A']	2
ENST00000309909:1	['C']	1
ENST00000309922:1	['TTTTACAGGGGTTT', 'TTTTACAGGGGTTT']	2
ENST00000309958:3	['G', 'G']	2
ENST00000309996:27	['G', 'G', 'G', 'G', 'G', 'G', 'G', 'G']	8
ENST00000309996:33	['G', 'G', 'G', 'G', 'G', 'G', 'G', 'G', 'G']	9
ENST00000310018:11	['AAAAA', 'AAAA', 'AA', 'AAAA', 'AAA', 'AAAAA', 'AAA', 'AAAA', 'AAA', 'AAA', 'AAAA', 'AAAAA', 'AAA', 'AAA', 'AAA', 'AAA', 'AA', 'AAAAA', 'AAA', 'AAAA', 'AAA', 'AAA', 'AAA', 'AAA', 'AAAA', 'AA', 'AAAA', 'AAAA', 'AAAA', 'AAA', 'AAA', 'AA', 'AAAAA', 'AAA', 'AAAAA', 'AAA', 'AA', 'AAA', 'AAAA', 'AAAA', 'AAA', 'AA', 'AAAA', 'AAA', 'AAAAA', 'AAA', 'AA', 'AAA', 'AAA', 'AAAA', 'AAA', 'AAA', 'AA', 'AAA', 'AA', 'AA', 'AAA', 'AAA', 'AAA', 'AA', 'AAA', 'AAAA', 'AAAA', 'A', 'AA', 'AAAAA', 'AA', 'AAA', 'AAA', 'AAAA', 'AAA', 'AAA', 'AAAA', 'AA', 'AAA', 'AAAA', 'AAAAA', 'AAA', 'AAAAA', 'AA', 'AAA', 'AAAA', 'AAA', 'AAAA', 'AA', 'AAA', 'AAAA', 'AA', 'AAA', 'AAA', 'AAA', 'AAAA', 'AAAA', 'AAAA', 'AAAAA', 'AAA', 'AA', 'AAAA', 'AA', 'AAAA', 'AA', 'A', 'AAA', 'AAA', 'AA', 'AAAA', 'AA', 'AAAA', 'AA', 'AA', 'AAA', 'AAAA', 'AA', 'AA', 'AAAA', 'AAA', 'AA', 'AAAA', 'AAA', 'AAAA', 'AA', 'AAAAA', 'AAA', 'AAA', 'AAA', 'AAAA', 'AAAA', 'AAAA', 'AAA', 'AA', 'AA', 'AA', 'AAA', 'AA', 'AA', 'AA', 'AA', 'AAAA', 'AA', 'AA', 'AAAA', 'AAAA', 'AAAA', 'AA', 'AAA', 'AAAAA', 'AA', 'AA', 'AA', 'AAAAA', 'AA', 'AAAA', 'AAA', 'AAAA', 'AA', 'AA', 'AAA', 'AA', 'AAA', 'AAAA', 'AAAAA', 'AAA', 'AAAA', 'AAAAAA', 'AAA', 'AA', 'AAA', 'AAA', 'AAA', 'AA', 'AA', 'AAA', 'AA', 'AA', 'AAA', 'AA', 'AAAA', 'AAA', 'AAAA', 'AA', 'AA', 'AA', 'AAA', 'AAAAA', 'AA', 'AAA', 'AA', 'AAAA', 'AAAA', 'AAA', 'AAA', 'AA', 'AAAAA', 'AAAA', 'AAA', 'AA', 'AAA', 'AA', 'A', 'AA', 'AAAA', 'AA', 'A', 'AAA', 'A', 'AAAA', 'AAA', 'AAA', 'AAAA', 'AAAA', 'AAAA', 'AAAA', 'A']	213
ENST00000310053:1	['T', 'T', 'T', 'T', 'T', 'T', 'T', 'T', 'T', 'T', 'T', 'T', 'T', 'T', 'T', 'T', 'T', 'T', 'T', 'T', 'T', 'T', 'TT', 'T', 'T', 'T', 'T', 'T', 'T', 'T', 'T', 'T', 'T', 'T', 'T', 'T', 'T', 'T', 'T', 'T', 'T', 'T', 'T', 'T', 'T', 'T', 'T', 'T', 'T', 'T', 'T', 'T', 'T']	53
ENST00000310054:3	['C', 'C']	2
ENST00000310157:2	['G', 'G']	2
ENST00000310193:2	['A', 'AA', 'AAA', 'A', 'AA', 'AA', 'AA', 'AA', 'AA', 'AA', 'AA', 'AA', 'AA', 'AA', 'AA', 'AA', 'AA', 'AA', 'AA', 'AAA', 'AA', 'AA', 'AA', 'AA', 'AA', 'AA', 'AA', 'AA', 'AA', 'A', 'AA', 'AA', 'AA', 'A', 'A', 'AA', 'AA', 'AA', 'AA', 'AA', 'AA', 'AA', 'AA', 'AAA', 'AA', 'AA', 'AA', 'AA', 'AA', 'AA', 'AA', 'AA', 'A', 'AA', 'AA', 'AA', 'AA', 'A', 'AA', 'A', 'AA', 'AA', 'AA', 'A', 'AA', 'AA', 'A', 'AA', 'A', 'A', 'A', 'A', 'A', 'AA', 'A', 'AA', 'A', 'AA', 'A', 'AA', 'AA', 'AA', 'AAA', 'A', 'AA', 'AA', 'AA', 'AA', 'AA', 'AA', 'A', 'A', 'A', 'A', 'AA', 'A', 'A', 'AA', 'A', 'A', 'AA', 'AA', 'AA', 'A', 'A', 'AA', 'A', 'AA', 'A', 'A', 'A', 'A', 'A', 'A', 'A', 'A', 'AA', 'AA']	118
ENST00000310301:16	['AG']	1
ENST00000310301:8	['T', 'T']	2
ENST00000310346:3	['AG', 'AG']	2
ENST00000310357:4	['TAT']	1
ENST00000310417:7	['G', 'G', 'G', 'G', 'G', 'G', 'G', 'G', 'G', 'G', 'G', 'G', 'G']	13
ENST00000310454:16	['A']	1
ENST00000310496:5	['G', 'G', 'G', 'G', 'G', 'G']	6
ENST00000310613:4	['G', 'G', 'G', 'G', 'G', 'G', 'G', 'G', 'G', 'G', 'G', 'G']	12
ENST00000310614:2	['CTT', 'CTT']	2
ENST00000310677:17	['GAG']	1
ENST00000310706:8	['A', 'A', 'A', 'A', 'A', 'A', 'A', 'A', 'A', 'A', 'A', 'A', 'A', 'A', 'A', 'A', 'A', 'A', 'A', 'A', 'A', 'A']	22
ENST00000310715:3	['T', 'T']	2
ENST00000310776:7	['T', 'T', 'T', 'T', 'T', 'T', 'T', 'T', 'T', 'T', 'T', 'T', 'T', 'T', 'T', 'T', 'T', 'T', 'T', 'T', 'T', 'T', 'T', 'T', 'T', 'T', 'T', 'T', 'T', 'T', 'T', 'T']	32
ENST00000310778:2	['G', 'G', 'G', 'G', 'G', 'G', 'G']	7
ENST00000310806:5	['A', 'A', 'A', 'A', 'A', 'A', 'A', 'A', 'A', 'A', 'A', 'A', 'A', 'A', 'A', 'A', 'A', 'A', 'A', 'A', 'A', 'A', 'A', 'A', 'A', 'A', 'A', 'A', 'A', 'A', 'A', 'A', 'A', 'A', 'A', 'A', 'A', 'A', 'A', 'A', 'A', 'A', 'A', 'A', 'A', 'A', 'A', 'A', 'A', 'A', 'A', 'A', 'A', 'A', 'A', 'A', 'A', 'A', 'A', 'A', 'A', 'A', 'A', 'A', 'A', 'A', 'A', 'A', 'A', 'A', 'A', 'A', 'A', 'A', 'A', 'A', 'A', 'A', 'A', 'A', 'A', 'A', 'A', 'A', 'A', 'A', 'A', 'A', 'A', 'A', 'A', 'A', 'A', 'A', 'A', 'A', 'A', 'A', 'A', 'A', 'A', 'A', 'A', 'A']	104
ENST00000310833:2	['T', 'T']	2
ENST00000310864:12	['A', 'A', 'A', 'A', 'A', 'A', 'A', 'A', 'A', 'A']	10
ENST00000310903:12	['A', 'A']	2
ENST00000310926:1	['G', 'G']	2
ENST00000310954:12	['A', 'A', 'A', 'A', 'A', 'A', 'A', 'A', 'A', 'A', 'A', 'A', 'A', 'A', 'A', 'A', 'A', 'A', 'A', 'A', 'A', 'A', 'A', 'A', 'A', 'A', 'A', 'A', 'A', 'A', 'A', 'A', 'A', 'A', 'A', 'A', 'A', 'A', 'A', 'A', 'A', 'A', 'A', 'A']	44
ENST00000310954:5	['AA', 'AAA', 'AAA', 'AAA', 'AAAA', 'A', 'A', 'A', 'AAA', 'AAA', 'AAA', 'AAA', 'AA', 'AAA', 'A', 'AAAA', 'AAA', 'AAAA', 'A', 'A', 'A', 'A', 'A', 'AAAA', 'A', 'A', 'AAA', 'A', 'AA', 'AAA', 'AAA', 'A', 'A', 'A']	34
ENST00000310954:6	['A', 'A', 'A', 'A', 'A']	5
ENST00000310958:7	['T', 'T', 'T', 'T', 'T', 'T', 'T', 'T', 'T', 'T', 'T', 'T', 'T', 'T', 'T', 'T', 'T', 'T', 'T', 'T', 'T', 'T', 'T', 'T', 'T', 'T', 'T', 'T', 'T', 'T', 'T', 'T', 'T', 'T', 'T', 'T', 'T', 'T', 'T', 'T', 'T', 'T', 'T', 'T', 'T', 'T', 'T', 'TT', 'T', 'T', 'T', 'T', 'T', 'T', 'T', 'T', 'T', 'T', 'T', 'T', 'T', 'T', 'T', 'T', 'T', 'T', 'T', 'T', 'T', 'T', 'T', 'T', 'T', 'T', 'T', 'T', 'T', 'T', 'T', 'T', 'T', 'T', 'T', 'T', 'T', 'T', 'T', 'T', 'T', 'T', 'T', 'T', 'T', 'T', 'T', 'T', 'T', 'T', 'T', 'T', 'T', 'T', 'T', 'T', 'T', 'T', 'T', 'T', 'T', 'T', 'T', 'T', 'T', 'T', 'T', 'T', 'T', 'T', 'T', 'T', 'T', 'T', 'T', 'T', 'T', 'T', 'T', 'T', 'T', 'T', 'T']	131
ENST00000310974:6	['A', 'A', 'A', 'A']	4
ENST00000310974:7	['A', 'A', 'A', 'A', 'A', 'A', 'A', 'A', 'A', 'A', 'A', 'A', 'A', 'A', 'A', 'A', 'A', 'A', 'A', 'A', 'A', 'A', 'A', 'A', 'A', 'A', 'A', 'A', 'A', 'A', 'A', 'A', 'A', 'A', 'A', 'A', 'A', 'A', 'A', 'A', 'A', 'A', 'A', 'A', 'A', 'A', 'A', 'A', 'A', 'A', 'A', 'A', 'A', 'A', 'A', 'A', 'A', 'A', 'A', 'A', 'A']	61
ENST00000311014:1	['C', 'C', 'C']	3
ENST00000311085:18	['AATACATTGCTTCCCCTTTCTCCCATTGCAGGTGGAGAAACTCTTGATGAATGTGGGTTAAAATTTC']	1
ENST00000311085:21	['AAA', 'AAAAAA', 'AA', 'AA', 'AA', 'AAAAAA', 'AAAAAAA', 'AAAA', 'AA', 'AAAA', 'AAAAAAAAA', 'AAA', 'AAAAAA', 'AAAAAAA', 'AAA', 'AAA', 'AAA', 'AAAA', 'AAAAAAA', 'AAAAAA', 'AAAAA', 'AAA', 'AAAA', 'AAAA', 'AAA', 'AA', 'AA', 'AAAAAA', 'AAAA', 'AAA', 'AAAAA', 'AAAAA', 'AAA', 'AA', 'AAAAAAAA', 'AAAAAA', 'AA', 'AAAA', 'AAAA', 'AAA', 'AAAAAA', 'AA', 'AA', 'AAAAA', 'AAAA', 'AA', 'AAAAAAAAA', 'AA', 'AA', 'AAA', 'AAA', 'A', 'AAAAA', 'AAA', 'AAAAAA', 'AAA', 'AAAA', 'AAAAAAAAA', 'AAAAAA', 'AA', 'AAAAAA', 'AAAAA', 'AAAAAA', 'AAAAAA', 'AAA', 'AAAA', 'AAAAAA', 'AAAAAA', 'A', 'AAA', 'AAAAAA', 'AAAAAA', 'AAAAA', 'AAA', 'AAAAAA', 'AAAAA', 'AAAA', 'AAAA', 'AAA', 'AA', 'AA', 'AAAAA', 'AAAAAA', 'AA', 'AAAAAA', 'AAAAA', 'AAAAA', 'AAA', 'AAAAAA', 'AAAA', 'AA', 'AAA', 'AAAAAA', 'AA', 'AA', 'AAA', 'AAA', 'AAAA', 'AAA', 'AAAAAA', 'AAA', 'AAAAAAA', 'AAAAAAA', 'AAAAAA', 'AAAAAAA', 'AAAAAA', 'AAAAA', 'AAAAA', 'AAAAA', 'AAAAAAAA', 'AAA', 'AAAAA', 'AAAAA', 'AAAA', 'AAAA', 'AAAAAAA', 'AAAAA', 'AAAAA', 'AAA', 'AAAAA', 'AAA', 'AAAA', 'AAAA', 'AAAAA', 'AAAAA', 'AAAAAA', 'AAAAAA', 'AAAAAA', 'AAAAA', 'AAAA', 'AAAAAAAA', 'AAAA', 'AAAAAAA', 'AAAA', 'AAAAAA', 'AAAAAA', 'AAA', 'AAAAA', 'AAAAA', 'AAAAA', 'AAAAA', 'AAAA', 'AAAAA', 'AAAAAA', 'AAAAA', 'AAAAA', 'AAAA', 'AAAAA', 'AAA', 'AAAAA', 'AAAAAA', 'AAAAA', 'AAAAAAAAA', 'AAAAAA', 'AAAAAAA', 'AAAA', 'AAAAAA', 'AAA', 'AAAAAAAA', 'AAAAAA', 'AAAAA', 'AAAAAAA', 'AAAA', 'AAAAA', 'AAAAAAA', 'AAAAAA', 'AAAAAAA', 'AAAAAA', 'AAAAA', 'AAAA', 'AAAAAA', 'AAAAAAAAA', 'AAA', 'AAAAA', 'AA', 'AAAAA', 'AA', 'A', 'A', 'AAAAAAA', 'AAAAAAA']	181
ENST00000311127:1	['AAG']	1
ENST00000311128:5	['A', 'A']	2
ENST00000311160:2	['GA', 'AA', 'G', 'G']	4
ENST00000311208:3	['A', 'A']	2
ENST00000311208:6	['A', 'A', 'A', 'AA', 'AA', 'AA', 'AA', 'AA', 'AA', 'AA', 'AA', 'AA', 'AA', 'A', 'AA', 'AA', 'AA', 'AA', 'AA', 'AA', 'AA', 'AA', 'AA', 'AA', 'AA', 'AA', 'AA', 'AA', 'AA', 'AA', 'AA', 'AA', 'AA', 'A', 'AA', 'AA', 'AA', 'A', 'AA', 'AAA', 'A', 'AA', 'A', 'A', 'AAA', 'AA', 'AA', 'AA', 'AAA', 'AA', 'A', 'AAA', 'AA', 'AA', 'AA', 'AAA', 'AA', 'A', 'A', 'AA', 'AA', 'AA', 'A', 'AA', 'A', 'AA', 'A', 'A', 'AA', 'AA', 'A', 'A', 'AA', 'AA', 'AA', 'A', 'A', 'A', 'A', 'AA', 'A', 'AA', 'A', 'A', 'A', 'A', 'A', 'A', 'AAA', 'A', 'AA', 'A', 'AA', 'A', 'AA', 'A', 'A', 'AA', 'A', 'A', 'A', 'A', 'A', 'A', 'A', 'AA', 'A', 'A', 'A', 'A', 'A', 'A', 'A', 'A', 'A', 'A', 'AA', 'AA', 'AA', 'AA', 'A', 'A', 'A', 'A', 'A', 'A', 'A', 'A', 'AAA', 'A', 'A', 'A', 'A', 'AA', 'AA', 'A']	136
ENST00000311227:7	['AG', 'AG', 'AG', 'AG', 'AG', 'AG']	6
ENST00000311234:10	['AAAAAAGAAAACATCATTCAATATTAAGCTTATTAA']	1
ENST00000311277:9	['T', 'T']	2
ENST00000311337:5	['G', 'G']	2
ENST00000311351:3	['AA', 'AA']	2
ENST00000311412:5	['A', 'A']	2
ENST00000311417:3	['AT']	1
ENST00000311550:1	['G', 'G']	2
ENST00000311550:3	['G', 'G']	2
ENST00000311597:9	['A', 'A', 'A', 'A']	4
ENST00000311669:4	['A', 'A']	2
ENST00000311737:4	['CCCC']	1
ENST00000311966:1	['G', 'G']	2
ENST00000311966:4	['CT', 'CT']	2
ENST00000312053:9	['T', 'T']	2
ENST00000312143:1	['GAAA']	1
ENST00000312196:12	['C', 'C']	2
ENST00000312239:10	['A', 'A', 'A', 'A', 'A', 'A', 'A', 'A', 'A', 'A', 'A', 'A', 'A', 'A', 'A', 'A', 'A', 'A', 'A', 'A', 'A', 'A', 'A', 'A', 'A', 'A', 'A', 'A', 'A', 'A', 'A', 'A', 'A', 'A', 'A', 'A', 'A', 'A', 'A', 'A', 'A', 'A', 'A', 'A', 'A', 'A', 'A', 'A', 'A', 'A', 'A', 'A', 'A', 'A', 'A', 'A', 'A', 'A', 'A', 'A', 'A', 'A', 'A', 'A', 'A', 'A', 'A', 'A', 'A', 'A', 'A', 'A']	72
ENST00000312263:6	['T', 'T', 'T', 'T']	4
ENST00000312295:1	['TCTCC', 'TCTCC', 'TCTCC', 'TCTCC', 'TCTCC', 'TCTCC', 'TCTCC', 'TCTCC', 'TCTCC']	9
ENST00000312316:3	['G', 'G']	2
ENST00000312358:10	['C', 'C']	2
ENST00000312371:5	['C', 'C']	2
ENST00000312377:10	['A', 'A', 'AA', 'A', 'A', 'A', 'A', 'A', 'A', 'A', 'A', 'A', 'A', 'A', 'AA', 'A', 'A', 'A', 'A', 'A', 'AA', 'AA', 'A', 'A', 'A', 'A', 'AA', 'A', 'AA', 'A', 'AA', 'A', 'A', 'A', 'A', 'A', 'A', 'AA', 'AA', 'A', 'AA', 'A', 'A', 'AA', 'A', 'A', 'A', 'AA', 'A', 'A', 'A', 'A', 'A', 'A', 'A', 'A', 'A', 'A', 'A', 'A', 'A', 'A', 'A', 'A', 'A', 'AA', 'A', 'A', 'A', 'A', 'A', 'A', 'A', 'A', 'AA', 'A', 'A', 'A', 'A', 'A', 'A', 'A', 'A', 'A', 'A', 'A', 'A', 'A', 'A', 'A', 'A', 'A', 'A', 'A', 'A', 'A', 'A', 'A', 'AA', 'A', 'A', 'A', 'A', 'A', 'A', 'A', 'A', 'AA', 'A', 'A', 'A', 'A', 'A', 'A', 'GA', 'A', 'A', 'A', 'AA', 'A', 'A', 'A', 'A', 'AA', 'A', 'A', 'A', 'A', 'A', 'A', 'A', 'A', 'A', 'A', 'A', 'AA', 'A', 'A', 'A', 'A', 'AA', 'A', 'A', 'A', 'A', 'A', 'A', 'A', 'A', 'A', 'A', 'AA', 'A', 'AA', 'A', 'A', 'A', 'A']	158
ENST00000312428:28	['AA', 'AAA', 'AAA', 'AAAA', 'AAA', 'AAAAAA', 'AAAA', 'AA', 'AAA', 'AAAA', 'AAAAA', 'AAAA', 'AAAA', 'AAAA', 'AAA', 'AA', 'AA', 'AA', 'AA', 'AAAAA', 'AA', 'AAA', 'AAA', 'AA', 'AAAA', 'AAA', 'AA', 'AAAA', 'AAA', 'AAA', 'AA', 'AAA', 'AAA', 'AA', 'AAAA', 'AAA', 'AAA', 'AA', 'AAAA', 'AAAA', 'AAAA', 'AAAA', 'AAAA', 'AA', 'AA', 'AAA', 'AAA', 'AA', 'AAA', 'AAA', 'AAAA', 'AAAA', 'AAAA', 'A', 'AA', 'AAA', 'AAA', 'AAA', 'AAAA', 'AAA', 'AAA', 'AAA', 'AAA', 'AAAA', 'AAAA', 'AAA', 'AAA', 'AAA', 'AAA', 'AA', 'AAAAAA', 'AAA', 'AAAA', 'AAA', 'AAAAAA', 'AA', 'AAAAA', 'AAA', 'AAA', 'AAAAA', 'AAA', 'AAA', 'AAA', 'AAA', 'AAA', 'AAAA', 'AAAAA', 'AAAA', 'AAAA', 'AAAA', 'AAA', 'AAAA', 'AAAA', 'AAAA', 'AAA', 'AAAA', 'AAA', 'AAA', 'AAA', 'AAAAAA', 'AAA', 'AAA', 'AAAA', 'AA', 'AAAA', 'AAAA', 'A', 'AA', 'AA', 'AAA', 'AAA', 'AA', 'A']	113
ENST00000312428:30	['AA', 'AA', 'AA', 'AA', 'AA', 'AA', 'AAA', 'AA', 'AAA', 'AAA', 'AA', 'AAA', 'AA', 'AAA', 'AA', 'AA', 'AA', 'AA', 'AA', 'AA', 'AA', 'AAA', 'AAA', 'AA', 'AA', 'AAA', 'AA', 'AA', 'AA', 'AA', 'AA', 'AA', 'AA', 'AA', 'AA', 'AAA', 'AAA', 'AA', 'AA']	39
ENST00000312428:33	['T']	1
ENST00000312431:45	['T', 'C']	2
ENST00000312431:50	['AAG', 'A', 'AAAG', 'A', 'AAG', 'AG', 'A', 'A', 'AAG', 'AG', 'AAG', 'AG', 'AAG', 'AAAG', 'A', 'A']	16
ENST00000312515:2	['CCTCAG']	1
ENST00000312527:3	['G', 'G', 'G', 'G', 'G', 'G', 'G', 'G', 'G', 'G', 'G', 'G', 'G', 'G', 'G', 'G', 'G', 'G', 'G', 'G', 'G', 'G', 'G', 'G']	24
ENST00000312584:4	['AC', 'AC']	2
ENST00000312726:8	['A']	1
ENST00000312912:5	['TTTTTTTA']	1
ENST00000312916:5	['A']	1
ENST00000312938:10	['AAAAAA', 'A', 'AAAAA', 'AAAAA', 'AAA', 'AAA', 'AAAAA', 'AAAA', 'AAAAAA', 'AAA', 'AAAA', 'AAAAA', 'AAAAA', 'AAAA', 'AAAAAA', 'AAAAA', 'AAAA', 'AAAA', 'AAAAA', 'AAAAAA', 'AAAA', 'AAAA', 'AAAAAA', 'AAAAA', 'AAAAA', 'AA', 'AA', 'AAAAAAA', 'AAAA', 'AAAAA', 'AAA', 'AAAAAA', 'AAAAAA', 'AAAAA', 'AAAAAA', 'AAAAAA', 'AAAAA', 'AAAAAA', 'AAAAAAA', 'AAAA', 'AAAA', 'AAAAA', 'AAAAA', 'AAAAAA', 'AAAAA', 'AAAAA', 'AAAAA', 'AAAAAA', 'AAAAA', 'AAAA', 'AAAAA', 'AAA', 'AAAAAA', 'AAAAAA', 'AAAAA', 'AAAAAAAA', 'AAAAAA', 'A', 'AA', 'AAAA', 'AAAAAA', 'AAA', 'AAAAA', 'AAAAA', 'AAAA', 'AAAAA', 'AA', 'AAAAA', 'AAAAA', 'AA', 'AAAAAA', 'AAAAA', 'AAAAA', 'AAAAAA', 'AAA', 'AAAAA', 'AAAAAA', 'AAAAA', 'AAAA', 'AAAAA', 'AAAA', 'AAAAAA', 'AAA', 'AAAAA', 'AAAAA', 'AAAAAA', 'AAAAA', 'AAAAA', 'AA', 'AAAAA', 'AAAA', 'AAAA', 'AAAAA', 'AAA', 'AAA', 'AAAAA', 'AAA', 'AAA', 'AAAA', 'AA', 'AAAAA', 'AAAAA', 'AAAAA', 'AAA', 'AAA', 'AAA', 'AAAAAA', 'AAA', 'AAAAA', 'AAAAA', 'AAA', 'AAA', 'AAAAA', 'AAAAA', 'AAA', 'AAAAAA', 'AAA', 'AA', 'AAAA', 'AAAAA', 'AAAAA', 'AAAAA', 'AAAAA', 'AAAAA', 'AAAAAA', 'AAAAAA', 'A', 'AAA', 'AAAA', 'AAAAA', 'AAA', 'AAA', 'AAAAAA', 'AAAA']	134
ENST00000313005:4	['A', 'A', 'A', 'A', 'A', 'A']	6
ENST00000313010:1	['GTG']	1
ENST00000313050:7	['T']	1
ENST00000313074:5	['C', 'C']	2
ENST00000313080:15	['G', 'G']	2
ENST00000313117:3	['AAAT']	1
ENST00000313117:5	['A', 'A', 'A', 'A']	4
ENST00000313143:11	['C', 'C']	2
ENST00000313182:7	['A', 'A']	2
ENST00000313221:14	['AATGACTCATT', 'ATT', 'AATGACTCATT', 'ATT']	4
ENST00000313400:17	['A', 'A', 'A', 'A', 'A', 'A', 'A', 'A', 'A', 'A', 'A', 'A', 'A', 'A', 'A', 'A', 'A', 'A', 'A', 'A', 'A', 'A', 'A', 'A', 'A', 'A']	26
ENST00000313478:26	['C', 'C']	2
ENST00000313478:29	['A', 'A', 'A', 'A', 'A', 'A', 'A', 'A', 'A', 'A', 'A', 'A', 'A', 'A', 'A', 'A', 'A', 'A', 'A', 'A', 'A', 'A', 'A', 'A', 'A', 'A', 'A', 'A', 'A', 'A', 'A', 'A', 'A', 'A', 'A', 'A', 'A', 'A', 'A', 'A', 'A', 'A', 'A', 'A', 'A', 'A', 'A', 'A', 'A', 'A', 'A', 'A', 'A', 'A', 'A', 'A', 'A', 'A', 'A', 'A', 'A', 'A', 'A', 'A', 'AAA', 'A', 'A', 'A', 'A', 'A', 'A', 'A', 'A', 'A', 'A', 'A', 'A', 'A', 'A', 'A', 'A', 'A', 'A', 'A', 'A', 'A', 'A', 'A', 'A', 'AA', 'A', 'A', 'A', 'A', 'A', 'A', 'A', 'A', 'A', 'A', 'A', 'A', 'A', 'A', 'A', 'A', 'A', 'A', 'A', 'A', 'A', 'A', 'A', 'A', 'A', 'A', 'A', 'A', 'A', 'A', 'A', 'A', 'A', 'A', 'A', 'A', 'AA', 'A', 'A', 'A', 'A', 'A', 'A']	133
ENST00000313486:10	['A', 'A', 'A', 'A', 'A', 'A']	6
ENST00000313486:3	['G', 'G']	2
ENST00000313511:3	['GAG', 'GAG']	2
ENST00000313546:4	['A', 'AGAAAGAAGA', 'AGAAAGAAGA', 'AGAAAGAAGA']	4
ENST00000313599:15	['GAGA', 'GAGA', 'GAGA', 'GAGA', 'GAGA', 'GAGA', 'GAGA', 'GA', 'GAGA', 'GAGAGA', 'GAGA', 'GAGA', 'GA', 'GAGA', 'GAGA', 'GAGA', 'GAGAGAGA', 'GA', 'GAGA', 'GA', 'GAGA', 'GA', 'GA', 'GA', 'GAGA', 'GAGA', 'GAGA', 'GAGA', 'GA', 'GA', 'GA', 'GAGA', 'GAGA', 'GAGA', 'GAGA', 'GAGA', 'GA', 'GA', 'GA', 'GA', 'GA', 'GA', 'GA', 'GAGAGAGA', 'GA', 'GA', 'GAGA', 'GA', 'GA', 'GA', 'GA', 'GAGA', 'GA', 'GA', 'GAGA', 'GAGA', 'GAGA', 'GAGA', 'GA', 'GAGA', 'GAGA', 'GAGAGA', 'GA', 'GAGA', 'GAGA', 'GA', 'GAGA', 'GAGA', 'GAGA', 'GAGA', 'GAGA', 'GA', 'GAGA', 'GAGA', 'GAGA', 'GAGAGA', 'GA', 'GA', 'GAGA', 'GAGA', 'GAGA', 'GAGA', 'GAGA', 'GAGA', 'GAGA', 'GAGAGA', 'GAGA', 'GAGA', 'GA', 'GAGA', 'GA', 'GAGAGA', 'GAGA', 'GAGA', 'GAGA', 'GAGA', 'GAGA', 'GAGA', 'GAGA', 'GAGAGA', 'GAGA', 'GAGA', 'GAGA', 'GAGA', 'GAGA', 'GAGA', 'GA', 'GAGA', 'GAGA', 'GAGA', 'GAGA', 'GAGA', 'GAGA', 'GAGA', 'GAGA', 'GAGA', 'GAGA', 'GA', 'GAGA', 'GAGA', 'GAGA', 'GAGAGA', 'GAGA', 'GAGAGA', 'GAGA', 'GAGA', 'GAGA', 'GAGAGA', 'GAGA', 'GAGA', 'GAGA', 'GA', 'GAGA', 'GAGAGA', 'GAGA', 'GAGA', 'GAGA', 'GAGA', 'GAGA', 'GAGA', 'GAGA', 'GAGA', 'GAGA', 'GAGA', 'GA', 'GAGA', 'GAGA', 'GAGA', 'GAGA', 'GAGA', 'GA', 'GA', 'GAGA', 'GAGA', 'GAGA', 'GA', 'GAGA', 'GAGA', 'GAGA', 'GAGA', 'GAGA', 'GAGA', 'GAGA', 'GAGA', 'GAGA', 'GAGA', 'GAGA', 'GAGA', 'GAGA', 'GAGA', 'GAGA', 'GAGAGA', 'GAGA', 'GAGA', 'GA', 'GAGA', 'GAGAGA', 'GAGA', 'GA', 'GAGA', 'GA', 'GA', 'GA', 'GA', 'GA', 'GAGA', 'GA', 'GA', 'GA', 'GA', 'GAGA', 'GA', 'GA', 'GA', 'GA', 'GA', 'GA', 'GA', 'GA', 'GA', 'GA', 'GA', 'GA', 'GA', 'GA', 'GAGA', 'GA', 'GA', 'GA', 'GAGA', 'GA', 'GA', 'GA', 'GA', 'GA', 'GA', 'GA', 'GAGA', 'GA']	219
ENST00000313726:5	['G', 'G']	2
ENST00000313735:3	['TGCA']	1
ENST00000313899:5	['AG']	1
ENST00000314163:9	['C']	1
ENST00000314167:6	['A', 'A']	2
ENST00000314191:39	['A', 'A']	2
ENST00000314191:66	['AAA', 'AAAAAA', 'A', 'AAAAAAAAA', 'AAAAAA', 'AAAAA', 'AAAAAAA', 'AAAAAAA', 'AAA', 'AAA', 'AAAAAAA', 'AAAAA', 'AAAAAAAA', 'AAA', 'AAAAAAA', 'AAAAAAA', 'AAAAAA', 'AAAA', 'AAAAAAA', 'AA', 'AAAAA', 'AAAAA', 'AAA', 'AAA', 'AAAAAA', 'AAAA', 'AAAAAA', 'AAAAAAAA', 'AAAA', 'AAA', 'AAAAAAA', 'AAAAAAA', 'AAAAAA', 'AAAAAAA', 'AAA', 'AAAAAA', 'AAAAA', 'AAA', 'AAAAAA', 'AAAA', 'AAAAAAA', 'AAA', 'AAAA', 'AAAAAA', 'AAAA', 'AAAAAA', 'AAAAAAAA', 'AAAAAAAAA', 'AAAAAAAA', 'AAAAAAA', 'AAAA', 'AAAAAA', 'AAAAA', 'AAAAAAA', 'AAAA', 'AAAAAA', 'AAAAAA', 'AAAAAA', 'AAAAAA', 'AAAAAAAA', 'AAA', 'A', 'AAAAAAA', 'AAAAA', 'AAAAAAA', 'AAAAAA', 'AAAAAAAA', 'AAAAAAA', 'AAA', 'AAAAAAA', 'AAAAA', 'AAAAAA', 'AAAAA', 'AA', 'AAAAAA', 'AAAAAAAAA', 'AAAA', 'AAAA', 'AAAAAAAA', 'AAAAAA', 'AAAA', 'AAAAAAA', 'AAAAAA', 'AAAAAA', 'AAAA', 'AAAAA', 'AAAA', 'AAA', 'AAAA', 'AA', 'AAAAA', 'AAAAAA', 'AAAAAAA', 'AAAAA', 'AAAAAA', 'AAAAAA', 'AAAAAAAAA', 'AAAAAAA', 'AAAAA', 'AAAA', 'AAAAAAAA', 'AAA', 'AAAA', 'AAAAAAAA', 'AAAAAA', 'AAAAAAA', 'AAAAA', 'AAAAAAAA', 'AAAAA', 'AAAAAAAA', 'AAAAA', 'AAAAAA', 'AAAAAAAA', 'AAAA', 'AAAA', 'AAA', 'AAAAAAA', 'AAAAAA', 'AAAAAA', 'AAAAAA', 'AAAAAA', 'AAAA', 'AAAA', 'AA', 'AAAA', 'AAAAAA', 'AAA', 'AAAAAA', 'A', 'AAAAAAA', 'AAAAAA', 'AAAAAAAAAA', 'AAAAAAAAA', 'AAAAAAA', 'AAAA', 'AAA', 'AAAAAAA', 'AAAAAA', 'AA', 'AAAAAA', 'AAAAAA', 'AAAAAA', 'AAAAA', 'AAAAAA', 'AAAAA', 'AAAA', 'AAAAAAA', 'AAAAA', 'AAAAAAAAAA', 'AAAAA', 'AAAAA', 'AAAAAA', 'AAA', 'AAAAAAA', 'AAAAAAA', 'AAAAAA', 'AAAA', 'AAAAAAAA', 'AAAAAA', 'AAAAAAAA', 'AAA', 'AAAAAAA', 'AAAAAA', 'AAAAAA', 'AAAAA', 'AAAAAA', 'AAAAAAA', 'AAAAAAAAAAA', 'AAAAAAAA', 'AAAAAAAAA', 'AAAAAAAA', 'AAAAAAAA', 'AAAAAAAA', 'AAAAAAAAAAA', 'AAAAAAAA', 'A', 'AAAAAAAA', 'AAAAAAA', 'A', 'A', 'AAAAAAAAAA', 'AAAAAAAAAA', 'AAAAAAA', 'AAAAAA', 'AA', 'AAAAAA', 'AAAAAAAA', 'AAAAAAAA', 'AAAAAAAA', 'AAAA', 'AAAAAAAAA', 'AAAAAAA', 'AAAAAAAAA', 'AAAAAAAA', 'AAAAA', 'AAAAAAAAA', 'AAAAAA', 'AAAAAA', 'AAAAAAAAA', 'AAAAAAAAAA', 'AAAAAAAAAA', 'AAAAAAAAA', 'AAAAAAA', 'AAAAAAAA', 'AAAAAAAA']	205
ENST00000314191:85	['A', 'A', 'A', 'A', 'A', 'A', 'A', 'A']	8
ENST00000314251:9	['A', 'A']	2
ENST00000314262:4	['A', 'A', 'A', 'A']	4
ENST00000314400:2	['AAG']	1
ENST00000314423:1	['C', 'C']	2
ENST00000314425:11	['GAG', 'GAG']	2
ENST00000314586:6	['G', 'G']	2
ENST00000314595:21	['A', 'A']	2
ENST00000314666:18	['C', 'C', 'C', 'C']	4
ENST00000314673:17	['A', 'A']	2
ENST00000314673:25	['A', 'A', 'A', 'A', 'A', 'A', 'A']	7
ENST00000314759:7	['A', 'A', 'A', 'A', 'AA', 'AA', 'A', 'AAA', 'AA', 'A', 'AA', 'A', 'AA', 'AA', 'A', 'AA', 'A', 'AA', 'A', 'AA', 'A', 'A', 'A', 'AA', 'AA', 'AAA', 'AAAA', 'A', 'A', 'AAA', 'AA', 'AAAA', 'AA', 'A', 'AA', 'A', 'AAA', 'AAA', 'A', 'AA', 'A', 'AAA', 'A', 'AAA', 'AAAA', 'A', 'AA', 'AAA', 'AAAA', 'A', 'A', 'AA', 'AA', 'AA', 'AAA', 'A', 'A', 'AA', 'A', 'A', 'AAA', 'A', 'A', 'AA', 'AA', 'AA', 'AA', 'A', 'A', 'AA', 'A', 'A', 'A', 'AA', 'A', 'A', 'A', 'AA', 'A', 'A', 'AA', 'A', 'AA', 'AA', 'AA', 'AA', 'AA', 'AA', 'A', 'AA', 'AA', 'AA', 'AA', 'A', 'AA', 'AA', 'A', 'A', 'AAA', 'AAA', 'A']	101
ENST00000314888:20	['GA']	1
ENST00000315005:8	['GTG', 'GTG']	2
ENST00000315082:13	['C', 'C']	2
ENST00000315204:4	['AA', 'A', 'AAA', 'AAA', 'AAA', 'AAA', 'AAAA', 'AA', 'AA', 'AA', 'AA', 'AAAA', 'AA', 'AAA', 'AAA', 'AA', 'AAA', 'AAA', 'AA', 'AAA', 'AAA', 'AAAA', 'AAA', 'AAA', 'AAA', 'AAA', 'A', 'AA', 'AAA', 'AAAA', 'A', 'AAA', 'AAA', 'AAA', 'AAA', 'AA', 'AAA', 'AAA', 'AAA', 'A', 'AA', 'AA', 'AAA', 'AAA', 'AA', 'A', 'AAA', 'AA', 'AAA', 'AAA', 'AAA', 'AAA', 'AA', 'AA', 'AA', 'AAA', 'AAA', 'AAA', 'AA', 'A', 'AA', 'AAA', 'AAA', 'AAA', 'AAA', 'AA', 'AA', 'AA', 'AAA', 'AA', 'AA', 'A', 'AAA', 'AAA', 'AA', 'AA', 'AAA', 'AAA', 'AAA', 'AAA', 'AA', 'A', 'A', 'AAA', 'AAA', 'AAA', 'AAA', 'AA', 'AA', 'A', 'AAA', 'AA', 'AA', 'AAAA', 'AA', 'AA', 'AA', 'AAA', 'AAA', 'AAA', 'A', 'A', 'AAA', 'AA', 'AAA', 'AAA', 'AA', 'AAA', 'AA', 'AAA', 'AAA', 'AAA', 'AAA', 'AA', 'AAA', 'AAAA', 'AAA', 'AAA', 'AA', 'AA', 'AAA', 'AA', 'AAA', 'AAA', 'AAA', 'A', 'AAA', 'AA', 'AAA', 'AA', 'AAA', 'A', 'AAA', 'AA', 'AAAA', 'AAA', 'AAA', 'AAA', 'AA', 'A', 'AAA', 'AA', 'AAA', 'AAA', 'AA', 'AAA', 'AAA', 'AAA', 'AAA', 'AAAA', 'AAA', 'A', 'AAA', 'AAA', 'A', 'AA', 'A', 'AAA', 'AAAA', 'AA', 'AAA', 'A', 'AAA', 'A', 'AA', 'AA', 'AAA', 'A', 'AAA', 'AAA', 'AAA', 'A', 'AA', 'AAA', 'AA', 'A', 'AA', 'A', 'AAA', 'A', 'AAA', 'AAA', 'AA', 'A', 'A', 'A', 'AAA', 'A', 'AA', 'AAA', 'AA', 'AA', 'A', 'A', 'AA', 'AA', 'A', 'AA', 'AAA', 'AA', 'AA', 'AA', 'AA', 'AA', 'A', 'AA', 'AAA', 'A', 'A', 'A', 'AAA', 'AA', 'AA', 'AA', 'AA', 'AAA', 'A', 'AAA', 'A', 'AAA', 'AAA', 'A', 'AA', 'AAA', 'AAA', 'AAA', 'AAA', 'AAA', 'AAA', 'AA', 'AA', 'AAA', 'AAA', 'AAA', 'AAAA', 'AAA', 'AA', 'AAA', 'AAA', 'AAAA', 'AAA', 'A', 'AAA', 'AAA', 'A', 'AA', 'A', 'A', 'A', 'A']	250
ENST00000315266:18	['A', 'A', 'A']	3
ENST00000315330:3	['A']	1
ENST00000315366:1	['A']	1
ENST00000315489:3	['GA', 'GA']	2
ENST00000315567:2	['T', 'T', 'T', 'T', 'T', 'T', 'T', 'T', 'T', 'T', 'T', 'T', 'T', 'T', 'T', 'T', 'T', 'T', 'T', 'T', 'T', 'T', 'T', 'T', 'T', 'T', 'T', 'T', 'T', 'T', 'T', 'T', 'T', 'T', 'T', 'T', 'T', 'T', 'T', 'T', 'T', 'T', 'T', 'T', 'T', 'T', 'T', 'T', 'T', 'T', 'T', 'T', 'T', 'T', 'T', 'T', 'T', 'T', 'T', 'T', 'T', 'T', 'T', 'T', 'T', 'T', 'T', 'T', 'T', 'T', 'T', 'T', 'T', 'T', 'T', 'T', 'T', 'T', 'T', 'T', 'T', 'T', 'T', 'T', 'T', 'T', 'T', 'TT', 'T', 'T', 'T', 'T', 'T', 'T', 'T', 'T', 'T', 'T', 'T', 'T', 'T', 'T', 'T', 'T', 'T', 'T', 'T', 'T', 'T', 'T', 'T', 'T', 'T', 'T', 'T', 'T', 'T']	117
ENST00000315596:31	['C', 'TC']	2
ENST00000315757:17	['G', 'G', 'G', 'G', 'G', 'G', 'G', 'G']	8
ENST00000315757:3	['G']	1
ENST00000315781:1	['CTC']	1
ENST00000315872:31	['AAGAAAAATTAGAAAAAAAAATTAATGTGCTT']	1
ENST00000315891:5	['AG', 'AG', 'AG', 'AG', 'AG', 'AG', 'AG', 'AG', 'AG', 'AG', 'AG', 'AG', 'AG', 'AG', 'AG', 'AG', 'AG', 'AG', 'AG', 'AG', 'AG', 'AG', 'AG', 'AG', 'AG', 'AG', 'AG', 'AG', 'AG', 'AG', 'AG', 'AG', 'AG', 'AG', 'AG', 'AG', 'AG', 'AG', 'AG', 'AG', 'AG', 'AG', 'AG', 'AG', 'AG', 'AG', 'AG', 'AG', 'AG', 'AG', 'AG', 'AG', 'AG', 'AG', 'AG', 'AG', 'AG', 'AG', 'AG', 'AG', 'AG', 'AG', 'AG', 'AG', 'AG', 'AG', 'AG', 'AG', 'AG', 'AG', 'AG', 'AG', 'AG', 'AG', 'AG', 'AG', 'AG', 'AG', 'AG', 'AG', 'AG', 'AG', 'AG', 'AG', 'AG', 'AG', 'AG', 'AG', 'AG', 'AG', 'AG', 'AG', 'AG', 'AG', 'AG', 'AG', 'AG', 'AG', 'AG', 'AG', 'AG', 'AG', 'AG', 'AG', 'AG', 'AG', 'AG', 'AG', 'AG', 'AG', 'AG', 'AG', 'AG', 'AG', 'AG', 'AG', 'AG', 'AG', 'AG', 'AG', 'AG', 'AG', 'AG', 'AG', 'AG', 'AG', 'AG', 'AG', 'AG', 'AG', 'AG', 'AG', 'AG', 'AG', 'AG', 'AG', 'AG', 'AG', 'AG', 'AG', 'AG', 'AG', 'AG', 'AG', 'AG', 'AG', 'AG', 'AG', 'AG', 'AG', 'AG', 'AG', 'AG', 'AG', 'AG', 'AG', 'AG', 'AG']	158
ENST00000315906:8	['GGGCCCCC', 'GGGCCCCC']	2
ENST00000315939:10	['TTT', 'TT', 'TT', 'TT', 'TT', 'TTT', 'T', 'TT', 'TT', 'T', 'T', 'TT', 'TT', 'TT', 'TT', 'TT', 'TTTT', 'TTT', 'T', 'T', 'TT', 'TT', 'T', 'TT', 'T', 'TT', 'TTT', 'T', 'TTTT', 'TTTTT', 'TT', 'TTTTT', 'TT', 'T', 'T', 'T', 'T']	37
ENST00000315948:1	['A', 'A', 'A', 'A', 'A', 'A', 'A', 'A', 'A', 'A', 'A', 'A', 'A', 'A', 'A', 'A', 'A', 'A', 'A', 'A', 'A', 'A', 'A', 'A', 'A', 'A', 'A', 'A', 'A', 'A', 'A', 'A', 'A', 'A', 'A', 'A', 'A', 'A', 'A', 'A', 'A', 'A', 'A', 'A', 'A', 'A', 'A', 'A', 'A', 'A', 'A', 'A', 'A', 'A', 'A', 'A', 'A', 'A', 'A', 'A', 'A', 'A', 'A', 'A', 'A', 'A', 'A', 'A', 'A', 'A', 'A', 'A', 'A', 'A', 'A', 'A', 'A', 'A', 'A', 'A', 'A', 'A', 'A', 'A', 'A', 'A', 'A', 'A', 'A', 'A', 'A', 'A', 'A', 'A', 'A', 'A', 'A', 'A', 'A', 'A', 'A', 'A', 'A', 'A', 'A', 'A', 'A', 'A', 'A', 'A', 'A', 'A', 'A', 'A', 'A', 'A', 'A', 'A', 'A', 'A', 'A', 'A', 'A', 'A', 'A']	125
ENST00000315948:2	['G', 'G', 'G', 'G', 'G', 'G', 'G', 'G', 'G', 'G', 'G', 'G', 'G', 'G', 'G', 'G']	16
ENST00000315987:4	['A', 'A']	2
ENST00000315988:3	['C', 'C', 'C', 'C']	4
ENST00000316077:15	['A', 'A', 'A', 'A', 'A', 'A', 'A', 'A', 'A', 'A']	10
ENST00000316077:2	['A', 'A', 'A', 'A', 'A', 'A', 'A', 'A', 'A', 'A', 'A', 'A', 'A', 'A', 'A', 'A', 'A', 'A', 'A', 'A', 'A', 'A', 'A', 'A', 'A', 'A', 'A', 'A', 'A', 'A', 'A', 'A', 'AAA', 'A', 'A', 'A', 'A', 'A', 'A', 'A', 'A', 'A', 'A', 'A', 'A', 'A', 'A', 'A', 'A', 'A', 'A', 'A', 'A', 'A', 'A', 'A', 'A', 'AA', 'A', 'A', 'A', 'A', 'A', 'A', 'A', 'A', 'A', 'A', 'A', 'A', 'A', 'A', 'A', 'A', 'A', 'A', 'A', 'A', 'A', 'A', 'A', 'A', 'A', 'A', 'A', 'A', 'A', 'A', 'A', 'A', 'A', 'A', 'A', 'A', 'A', 'A', 'A', 'A', 'A', 'A', 'A', 'A', 'A', 'A', 'A', 'A', 'A', 'A', 'A', 'A', 'A', 'A', 'A', 'A', 'A', 'A', 'A', 'A', 'A', 'A', 'A', 'A', 'A', 'A', 'A', 'A', 'A', 'A', 'A', 'AA', 'A', 'A', 'A', 'A', 'A', 'A', 'A', 'A', 'A', 'A', 'A', 'A', 'A', 'A', 'A', 'A', 'A', 'A', 'A', 'A', 'AA', 'A', 'A', 'A', 'A', 'A', 'A', 'A', 'A', 'A', 'A', 'A', 'A', 'A', 'A', 'A', 'A', 'A', 'A', 'A', 'A', 'A', 'A', 'A', 'A', 'A', 'A', 'A', 'A', 'A', 'A', 'A', 'A', 'A', 'A', 'A', 'A', 'A', 'A', 'A', 'A', 'A', 'A', 'A', 'A', 'A', 'A', 'A', 'A', 'A', 'A', 'A', 'A', 'A', 'A', 'A', 'A', 'A', 'A', 'A', 'A', 'A', 'A', 'A', 'A', 'A', 'A', 'A', 'A', 'A', 'A', 'A', 'A', 'A', 'A', 'A', 'A', 'A', 'A', 'A', 'A', 'A', 'A', 'A', 'A', 'AA', 'AA', 'A', 'A', 'A', 'A', 'A', 'A', 'A', 'A', 'A', 'A', 'A', 'A', 'A', 'A', 'A', 'A', 'A', 'A', 'A', 'A', 'A', 'A', 'A', 'A', 'A', 'A', 'A', 'A', 'A', 'A', 'A', 'A', 'A', 'A', 'A', 'A', 'A', 'A', 'A', 'A', 'A', 'A', 'A', 'A', 'A', 'A', 'A', 'A', 'A', 'A', 'A', 'A', 'A', 'A', 'A', 'A', 'A', 'A', 'A', 'A', 'AA', 'A', 'A']	300
ENST00000316300:31	['A', 'A', 'A']	3
ENST00000316308:11	['AAA', 'AA', 'AAA', 'AAA', 'AA', 'AAAA', 'AAA', 'AA', 'AA', 'AA', 'AA', 'AAA', 'AA', 'AAA', 'AA', 'AA', 'A', 'AA', 'AA', 'AA', 'AA', 'AA', 'AA', 'AA', 'AA', 'A', 'AA', 'AAA', 'AAA', 'AA', 'AAA', 'AA', 'AA', 'AA', 'AA', 'AA', 'AAA', 'AAA', 'AAA', 'AA', 'AA', 'AAA', 'AA', 'AA', 'AAA', 'AAA', 'AA', 'AA', 'AA', 'AAA', 'AAA', 'AAA', 'AAA', 'A', 'AAA', 'AA', 'AAA', 'AA', 'AAA', 'AAA', 'AA', 'A', 'AA', 'AA', 'AA', 'AA', 'AAA', 'A', 'A', 'A', 'AA', 'A', 'AA', 'A', 'A', 'AA', 'AA', 'AAA', 'AAA', 'AAA', 'A', 'AA', 'AAA', 'AA', 'AAA', 'A', 'A', 'A', 'A', 'A', 'AAA', 'AA', 'AA', 'AA', 'A', 'A', 'A', 'A', 'A', 'AA', 'A', 'A', 'AAA', 'A', 'A', 'AAA', 'AAA', 'AA', 'A', 'AA', 'AA', 'A', 'AAA', 'AAA', 'A', 'A', 'A', 'A', 'AA', 'AA', 'AA', 'AAA', 'AA', 'A', 'AA', 'AAA', 'AA', 'AA', 'A', 'AA', 'AA', 'A', 'AA', 'AA', 'A', 'AA', 'AA', 'AA', 'AAA', 'AAA']	140
ENST00000316316:1	['A', 'A', 'A', 'A', 'A', 'A', 'A', 'A', 'A', 'A', 'A', 'A', 'A', 'A', 'A', 'A', 'AA', 'A', 'A', 'A', 'A', 'A', 'A', 'A', 'A', 'A', 'A', 'A', 'A', 'A', 'A', 'A', 'A', 'A', 'A', 'A', 'A', 'A', 'A', 'A', 'A', 'A', 'A', 'A', 'A', 'AA', 'A', 'A', 'A', 'A', 'A', 'A', 'A', 'A', 'A', 'A', 'A', 'A', 'A', 'A', 'A', 'A', 'A']	63
ENST00000316364:11	['TAAAAAAGTAGAAAAGGGTTTTGTCTTGAACAAAACCTTCCG']	1
ENST00000316364:8	['ACC']	1
ENST00000316386:3	['TTTC', 'TTTC']	2
ENST00000316423:11	['A', 'A', 'A', 'A', 'A', 'A', 'A', 'A', 'A', 'A']	10
ENST00000316423:5	['AA', 'AA', 'AAA', 'A', 'AAA', 'AAA', 'AA', 'AA', 'AA', 'AA', 'AAA', 'AA', 'AA', 'AA', 'AA', 'AA', 'AA', 'AA', 'AA', 'A', 'AA', 'AA', 'AA', 'AA', 'A', 'AAA', 'AAA', 'AA', 'A', 'AAA', 'AAA', 'A', 'AAA', 'A', 'A', 'AA', 'A', 'AAA', 'AA', 'AA', 'AAA', 'A', 'A', 'AAA', 'A', 'AAA', 'AAA', 'AA', 'AAA', 'AAA', 'AAA', 'AAA', 'AA', 'AA', 'AAA', 'AA', 'A', 'A', 'A', 'AAA', 'AAAA', 'AA', 'AA', 'AAA', 'A', 'A', 'AAA', 'AAA', 'AAA', 'AAA', 'A', 'AA', 'AA', 'AAA', 'AA', 'AA', 'AA', 'AAA', 'AA', 'A', 'A', 'AA', 'AAA', 'AA', 'A', 'AA', 'A', 'AA', 'A', 'AA', 'AA', 'AA', 'AA', 'A', 'A', 'A', 'A', 'A', 'A', 'A', 'AA', 'AA', 'AA', 'AA', 'AAA', 'AA', 'A', 'AA', 'A', 'A', 'AAA', 'AA', 'AA', 'AA', 'A', 'AA', 'A', 'AA', 'A', 'AA', 'A', 'A', 'A', 'AA', 'A', 'A', 'AA', 'A', 'A', 'AAA', 'A', 'AA', 'AAA', 'A', 'AAA', 'A', 'AAA', 'A', 'AA', 'AAA', 'A', 'A', 'AAA', 'AA', 'AAA', 'A', 'A', 'AA', 'A', 'A', 'A', 'AAA', 'AAA', 'A', 'AA', 'AAA', 'AAA', 'AA', 'A', 'AAA', 'AAA', 'AAA', 'A', 'AA']	164
ENST00000316423:8	['A', 'A', 'A', 'A', 'A', 'AA', 'A', 'AA', 'A', 'AA', 'A', 'A', 'A', 'A', 'A', 'A', 'A', 'A', 'A', 'AA', 'A', 'A', 'A', 'A', 'A', 'A', 'A', 'A', 'AA', 'AA', 'A', 'A', 'A', 'AA', 'A', 'A', 'AA', 'A', 'A', 'A', 'A', 'A', 'AA', 'A', 'A', 'A', 'A', 'A', 'A', 'A', 'AA', 'A', 'A', 'A', 'A', 'A', 'A', 'A', 'A', 'A', 'A', 'A', 'A', 'A', 'A', 'A', 'AA', 'A', 'A', 'A', 'A', 'A', 'A', 'A', 'A', 'A', 'A', 'A', 'A', 'A', 'A', 'A']	82
ENST00000316428:1	['C']	1
ENST00000316549:1	['A', 'A', 'A', 'A', 'A', 'A', 'A', 'A', 'A', 'A', 'A', 'A', 'A', 'AA', 'A', 'AAA', 'A', 'A', 'A', 'A', 'A', 'A', 'A', 'A', 'A', 'A', 'A', 'A', 'A', 'A', 'AA', 'AA', 'A', 'AA', 'A', 'A', 'A', 'A', 'AA', 'AA', 'A', 'A', 'A', 'A', 'A', 'AA', 'A', 'AA', 'A', 'A', 'AA', 'AA', 'A', 'A', 'A', 'A', 'A', 'A', 'AA', 'A', 'AA', 'AA', 'AA', 'A', 'A', 'A', 'A', 'A', 'AA', 'A', 'A', 'A', 'AA', 'A', 'A', 'A', 'A', 'A', 'A', 'A', 'A', 'A', 'A', 'A', 'A', 'A', 'A', 'AA', 'A', 'A', 'A', 'A', 'A', 'A', 'A', 'A', 'A', 'A', 'AA', 'A', 'A', 'A', 'A', 'AA', 'A', 'A', 'A', 'A', 'A', 'A', 'A', 'AA', 'A', 'A', 'A', 'A', 'A', 'A', 'A', 'A', 'AA', 'A', 'AA', 'AA', 'A', 'A', 'A', 'A', 'A', 'AA', 'A', 'A', 'A', 'A', 'A', 'A', 'A', 'A', 'A', 'A', 'A', 'A', 'A', 'A', 'A', 'AA', 'A', 'A', 'AA', 'A', 'AA', 'A', 'A', 'A', 'A', 'A', 'A', 'A', 'AA', 'AA', 'A', 'A', 'A', 'A', 'A', 'A', 'A', 'A', 'A', 'A', 'A', 'A', 'A', 'A', 'A', 'A', 'A', 'A', 'A']	179
ENST00000316623:32	['A', 'A']	2
ENST00000316623:4	['A', 'A', 'A', 'A', 'A', 'A', 'A', 'A', 'A', 'A', 'A', 'A']	12
ENST00000316649:5	['AAAAA', 'AAAAA', 'AAAAA', 'AAAA', 'AAAA', 'AAAA', 'AAAAA', 'AAAA', 'AAAAAA', 'AAAAA', 'AAAAA', 'AAAAA', 'AAAA', 'AAAAA', 'AAA', 'AAAAA', 'AAAAA', 'AAAAA', 'AAAAA', 'AAAA', 'AAAAA', 'AAAA', 'AAAA', 'AAAAA', 'AAA', 'AAAAA', 'AAAAAA', 'AAAAA', 'AAAAAA', 'AAAA', 'AAAA', 'AAA', 'AAAAA', 'AAAA', 'AAAA', 'AAAAAA', 'AAAAA', 'AAAAAA', 'AAAA', 'AAAA', 'AAAA', 'AAAAA', 'AAAAA', 'AAAAA', 'AAAA', 'AAAAA', 'AAAAA', 'AAA', 'AAAAA', 'AAAAA', 'AAAAA', 'AAAA', 'AAAAA', 'AAAAAA', 'AAAAA', 'AAAAA', 'AAAAA', 'AAA', 'AAAAA', 'AAAA', 'AAAAA', 'AAAA', 'AAA', 'AAAAAA', 'AAA', 'AAAA', 'AAAAA', 'AAA', 'AAAA', 'AAAA', 'AAAA', 'AAAA', 'AAAA', 'AAAAA', 'AAAA', 'AAA', 'AAAAA', 'AAA', 'AAAAA', 'AAAAAA', 'AAAAA', 'AAAAA', 'AAAAA', 'AAAAA', 'AAAAA', 'AAAA', 'AAAAA', 'A', 'AAA', 'AAAA', 'AAA', 'AAAA', 'AAAAA', 'AAAAA', 'AAAAA', 'AAAAAA', 'AAAAA', 'AAAA', 'AAAAA', 'AAAA', 'AAAAA', 'AAAAA', 'AAAAA', 'AAA', 'AAAAA', 'AAAA', 'AAAA', 'AAA', 'AAA', 'AAAAA', 'AAAA', 'AAAAAA', 'AAAA', 'AAAAA', 'AAA', 'AAAA', 'AAAA', 'AAAA', 'AAAA', 'AAAAA', 'AAAAA', 'AAAAA', 'AAAA', 'AAAAA', 'AAAAA', 'AAAAA', 'AAAAA', 'AAAA', 'AAA', 'AAAAA', 'AAAAA', 'AAAA', 'AAAA', 'AAAA', 'AAAAA', 'AAAAA', 'AAA', 'AAA', 'AAAA', 'AAAAA', 'AAAA', 'AAA', 'AAAAA', 'AAAA', 'AAAAA', 'AAAA', 'AAAA', 'AAAAA', 'AAAAA', 'AAAA', 'AAAA', 'AAAA', 'AAAAA', 'AAAA', 'AAAAA', 'AAAAA', 'AAAA', 'AAAAA', 'AAA', 'AAA', 'AAAA', 'AAAAAA', 'AAAAA', 'AAA', 'AAAAA', 'AAAA', 'AAAA', 'AAA', 'AAAA']	169
ENST00000316694:1	['A', 'A', 'A', 'A', 'A', 'A', 'A', 'A', 'A', 'A', 'A', 'A', 'A', 'A', 'A', 'A', 'A', 'A', 'A', 'A', 'A', 'A', 'A']	23
ENST00000316724:12	['GCA', 'GCA', 'GCA', 'GCA', 'GCA', 'GCA', 'GCA', 'GCA', 'GCA', 'GCA', 'GCA', 'GCA', 'GCA', 'GCA', 'GCA', 'GCA', 'GCA', 'GCA', 'GCA', 'GCA', 'GCA', 'GCA', 'GCA', 'GCA', 'GCA', 'GCA', 'GCA', 'GCA', 'GCA', 'GCA', 'GCA', 'GCA', 'GCA', 'GCA', 'GCA', 'GCA', 'GCA', 'GCAGCA', 'GCA', 'GCA', 'GCA', 'GCA', 'GCA', 'GCA', 'GCA', 'GCA', 'GCA', 'GCA', 'GCA', 'GCA', 'GCA', 'GCA', 'GCA', 'GCA', 'GCA', 'GCA', 'GCA', 'GCA', 'GCA', 'GCA', 'GCA', 'GCA', 'GCA', 'GCA', 'GCA', 'GCA']	66
ENST00000316731:6	['A', 'A', 'A', 'A', 'A', 'A', 'A', 'A', 'A', 'A', 'A', 'A', 'A', 'A', 'A']	15
ENST00000316754:1	['A', 'A']	2
ENST00000316757:1	['AG', 'AG']	2
ENST00000316788:3	['AG']	1
ENST00000316851:1	['T', 'TTTT', 'TT', 'TT', 'T', 'TT', 'T', 'TTT', 'TT', 'T', 'T', 'TT', 'TT', 'TTT', 'TT', 'TT', 'TT', 'TT', 'T', 'T', 'TT', 'TT', 'TT', 'T', 'TTT', 'TT', 'TT', 'TT', 'T', 'TT', 'T', 'T', 'TT', 'T', 'TT', 'TT', 'T', 'T', 'TTT', 'TT', 'TTT', 'T', 'T', 'TTTT', 'TT', 'TT', 'TT', 'T', 'TT', 'T', 'TTT', 'TT', 'T', 'T', 'T', 'TT', 'TT', 'TTT', 'TT', 'TT', 'TT', 'T', 'T', 'T', 'T', 'TTTT', 'TTTT', 'TTT', 'TT', 'TT', 'TTTT', 'T', 'TT', 'TTTT', 'TT', 'TTTT', 'TTTTT', 'TTTT', 'TTT', 'TTTT', 'TTTT', 'TTT', 'TTTT', 'TTTT', 'TTT', 'TT', 'TTT', 'TTT', 'TTT', 'TTT', 'TTTT', 'TTT', 'TT', 'TT', 'TT', 'TT', 'T', 'TTT', 'T']	99
ENST00000316924:14	['C', 'C', 'C', 'C']	4
ENST00000316937:9	['G']	1
ENST00000316948:3	['C', 'C']	2
ENST00000316981:2	['A', 'A']	2
ENST00000316981:3	['A', 'A', 'A', 'A', 'A', 'A', 'A', 'A', 'A', 'A', 'A', 'A', 'A', 'A', 'A', 'A', 'A', 'A', 'A', 'A', 'A']	21
ENST00000317135:16	['A', 'A', 'A', 'A', 'A', 'A', 'A', 'A', 'A', 'A', 'A', 'A', 'A', 'A', 'A', 'A', 'A', 'A', 'A', 'A', 'A', 'A', 'A', 'A', 'A', 'A', 'A', 'A', 'A', 'A', 'A', 'A', 'A', 'A', 'A', 'A', 'A', 'A', 'A', 'A', 'A', 'A', 'A', 'A', 'A', 'A', 'A', 'A', 'A', 'A', 'A', 'A', 'A']	53
ENST00000317135:20	['A', 'A', 'A', 'A', 'A', 'A', 'A', 'A', 'A', 'A', 'A', 'A', 'A', 'A', 'A', 'A', 'A', 'A', 'A', 'A', 'A', 'A', 'A', 'A', 'A', 'A', 'A', 'A', 'A']	29
ENST00000317147:10	['A']	1
ENST00000317147:13	['A', 'A']	2
ENST00000317147:23	['AAAAA', 'AA', 'AAA', 'A', 'AA', 'AA', 'A', 'AA', 'AA', 'AA', 'A', 'AA', 'AA', 'AA', 'AA', 'AAA', 'AA', 'A', 'AA', 'AAA', 'AAA', 'AA', 'AA', 'AAA', 'AA', 'AA', 'A', 'A', 'A', 'A', 'AA', 'A', 'A', 'A', 'A', 'A', 'A', 'A', 'A', 'A', 'AAA', 'A', 'A', 'A', 'A', 'A', 'A', 'A', 'A', 'AA', 'A', 'A', 'AA', 'A', 'AA', 'A', 'A', 'AA', 'A', 'A', 'A', 'A', 'AA', 'A', 'AAA', 'A', 'AAA', 'A', 'A', 'A', 'AAA', 'A', 'A', 'A', 'AA', 'A', 'A', 'AA', 'A', 'A', 'A', 'A', 'AA', 'A', 'AA', 'A', 'A', 'AA', 'A', 'A', 'A', 'AA']	92
ENST00000317151:22	['G', 'G']	2
ENST00000317198:4	['G', 'G', 'G', 'G']	4
ENST00000317336:14	['A', 'A', 'A', 'A', 'A', 'A', 'A', 'A', 'A', 'A', 'A', 'A', 'A', 'A', 'A', 'A', 'A', 'A', 'A', 'A', 'A', 'A', 'A', 'A', 'A', 'A', 'A', 'A', 'A', 'A', 'A', 'A', 'A', 'A', 'A', 'A', 'A', 'A', 'A', 'A', 'A', 'A', 'A', 'A', 'A', 'A', 'A', 'A', 'A']	49
ENST00000317336:7	['A', 'A', 'A', 'A', 'A', 'A', 'AA', 'A', 'A', 'A', 'A', 'A', 'A', 'A', 'A', 'A', 'A', 'A', 'A', 'A', 'A', 'A', 'A', 'A', 'A', 'A', 'A', 'A', 'A', 'A', 'A', 'A', 'A', 'A', 'A', 'A', 'A', 'A', 'A', 'A', 'A', 'A', 'A', 'A', 'A', 'A', 'A', 'A', 'A', 'A', 'A', 'A', 'A', 'A', 'A', 'A', 'A', 'A', 'A', 'A', 'A', 'A', 'A', 'A', 'A', 'A', 'A', 'A', 'A', 'A', 'A', 'A', 'A', 'A', 'A', 'A', 'A', 'A', 'A', 'AA', 'AA', 'A', 'A', 'A', 'A', 'A', 'A', 'A', 'A', 'A', 'A', 'A', 'A', 'A', 'A', 'A', 'A', 'A', 'A', 'A', 'A', 'A', 'A', 'A', 'A', 'A', 'A', 'A', 'A', 'A', 'A', 'A', 'A', 'A', 'AA', 'A', 'A', 'A', 'A', 'A', 'A', 'A', 'A', 'A', 'A', 'AA', 'A', 'A', 'A', 'A', 'A', 'A', 'A', 'A', 'A', 'A', 'A', 'A', 'A', 'A', 'A', 'A', 'A', 'A', 'A', 'A', 'A', 'A', 'A', 'A', 'A', 'A', 'A', 'A', 'A', 'A', 'A', 'A', 'A', 'A', 'A', 'AA', 'A', 'A', 'A', 'A', 'A', 'A', 'A', 'A', 'A', 'A', 'A', 'A', 'A', 'A', 'A', 'A', 'A', 'A', 'A', 'A']	182
ENST00000317370:7	['TG', 'TG']	2
ENST00000317402:8	['T', 'T', 'T', 'T', 'T', 'T']	6
ENST00000317506:2	['AAAAA', 'AAAAAA', 'AAAAAAA', 'AAAAAA', 'AAA', 'AAAAAAAAA', 'AAAAA', 'AAAAA', 'AAAA', 'AAAAA', 'AA', 'AAAAAAAA', 'AAA', 'AAAAA', 'AAA', 'AAAAAAA', 'AAAAAAA', 'AAAAAA', 'AAAAAAA', 'AAA', 'AAAAA', 'AAAAA', 'AAAAAA', 'AAAAA', 'A', 'AA', 'AAAAAAAA', 'AAAAAA', 'AAAAA', 'AAAAA', 'AAAAA', 'AA', 'AAAAA', 'AAAAAAAA', 'AAAA', 'AAAAAAA', 'AAAAA', 'A', 'AAAA', 'AAAAA', 'AAA', 'AAA', 'A', 'AAAAA', 'AAAAAA', 'AAAAAAAAA', 'AAAAAAAA', 'AAAAAAA', 'A', 'AAAA', 'AAAAAAA', 'AAAAAAA', 'AAAAAA', 'AAA', 'AAAAAA', 'AAAAAAA', 'AA', 'AAAA', 'AAAAAA', 'AA', 'AAAAAA', 'AAAAA', 'AAAAAAA', 'AAAAA', 'AA', 'AAAAAAA', 'AAAAAA', 'A', 'AAAAA', 'AAAAAAA', 'AAAAAAA', 'AAAAA', 'AAA', 'AAAAAA', 'AAAAAA', 'AAAAAA', 'AA', 'AAAAAAAA', 'A', 'AAAA', 'AAAA', 'AAAAA', 'AAAAAA', 'AAAA', 'AA', 'AA', 'AAA', 'AAAAAA', 'AAAAA', 'AAAAAA', 'AAAAAA', 'AAA', 'AAAAA', 'A', 'AAA', 'AAAAA', 'AA', 'AAAAAA', 'AA', 'AAAAAAA', 'AAAAA', 'AAAA', 'AAA', 'AAAAAA', 'AAAAA', 'AAA', 'AAAAAA', 'A', 'AAA', 'AAAAA', 'AA', 'AA', 'AA', 'AA', 'AAAAAA', 'AAAA', 'AAAAA', 'AAAAA', 'AA', 'AAA', 'AAAA', 'AAAAA', 'AA', 'AA', 'AAAAA', 'AA', 'AAA', 'AAAAA', 'AA', 'AAA', 'AAAA', 'AAAAAA', 'AA', 'AAA', 'AAAAAAA', 'AAA', 'AA', 'AAAAA', 'AA', 'AAAA', 'AAAAA', 'AAAAAA', 'AAAAAA', 'AA', 'AAAAAA', 'AAA', 'AAAA', 'AAAA', 'AAAAAAA', 'AAA', 'A', 'AAA', 'A', 'A', 'A', 'AAAAA', 'AAAAA', 'AAA', 'AAA', 'AAA', 'AA', 'AAAA', 'AAAAAA', 'AAAAA', 'AAAAAA', 'AAAAAA', 'AAA', 'AAAAAA', 'AAAAA', 'AAAAAAAAAA', 'A', 'AAAAAAA', 'AAA', 'AAAA', 'AAAA', 'A', 'AAAAAA', 'AAAAAAAA', 'A', 'AAAAAA', 'AAAAAAA', 'AAAAAAA', 'AAAAAAAAA', 'AAAAAA', 'AAAAAAAA', 'AAAAAA', 'AAAAAAAAA', 'AAAAAAAA', 'AAAAA', 'AAAAAAAA', 'AAAAAAA', 'AAAAA', 'AAAAA', 'AAAAA']	194
ENST00000317506:4	['G', 'G', 'G']	3
ENST00000317552:2	['AA', 'AAAA', 'AAAAAAA', 'AAA', 'AAA', 'AAAAA', 'AA', 'AAA', 'AAAA', 'AAA', 'AAAAA', 'AAA', 'AAA', 'AAAA', 'AAA', 'AAA', 'AAA', 'AAAA', 'AA', 'AAA', 'AAAA', 'AAA', 'AAA', 'AAA', 'AAAAA', 'AAAA', 'AAAA', 'AAAA', 'AAAA', 'AAAA', 'AAA', 'AAAA', 'A', 'AAAAAA', 'AAA', 'AAAA', 'A', 'AAAA', 'AAAA', 'AAA', 'AA', 'AAAA', 'AAAA', 'AAAAAA', 'AAAAA', 'AAAA', 'AAAAAA', 'A', 'AAA', 'A', 'AAAAA', 'AAAA', 'AAA', 'AAAA', 'AAAAAA', 'AAAA', 'AAAA', 'AAA', 'AAAA', 'AAAAAA', 'AAA', 'AAA', 'AA', 'AAAA', 'AA', 'AAA', 'AA', 'AAA', 'AAA', 'AA', 'A', 'AAA', 'AAA', 'AA', 'AA', 'AA', 'AA', 'AAAA', 'AAA', 'AA', 'AAA', 'AAAA', 'AAA', 'AAAAA', 'AAAA', 'AA', 'AAA', 'AAAA', 'AAA', 'AA', 'AA', 'AA', 'AAAAA', 'AAA', 'AA', 'AAA', 'A', 'AA', 'AAA', 'A', 'AAA', 'AA', 'AAAAA', 'A', 'CAA', 'AA', 'AA']	107
ENST00000317578:2	['G']	1
ENST00000317745:2	['GAGAGAAAT']	1
ENST00000317868:2	['G', 'G', 'G']	3
ENST00000317881:2	['GTT', 'GTT', 'GTT', 'GTT', 'GTT', 'GTT', 'GTT', 'GTT', 'GTT', 'GTT', 'GTT', 'GTT', 'GTT', 'GTT', 'GTT', 'GTT']	16
ENST00000317905:11	['GGG', 'GG', 'GGG', 'GG', 'GG', 'GGG', 'GGG', 'GG', 'GG', 'GGG', 'GG', 'GG', 'GGG', 'GGG', 'GGG', 'GG', 'GGG', 'GGG', 'GG', 'GGG', 'GGG', 'GGG', 'GGG', 'GGG', 'GG', 'GGG', 'GGGG', 'GGG', 'GGG', 'GG', 'GGG', 'GGG', 'GG']	33
ENST00000317905:16	['CT']	1
ENST00000317932:3	['A', 'A', 'A', 'A', 'A', 'A', 'A', 'A', 'A', 'A', 'A', 'A', 'A', 'A', 'A', 'A', 'A', 'A', 'A', 'A', 'A', 'A', 'A', 'A', 'AA', 'A', 'A', 'A', 'A', 'A', 'A', 'AA', 'A', 'A', 'A', 'A', 'A', 'A', 'A', 'A', 'A', 'A', 'A', 'A', 'A', 'A', 'A', 'A', 'A', 'A', 'A', 'A', 'A', 'A', 'A', 'A', 'A', 'A', 'A', 'A', 'A', 'A', 'A', 'A', 'A', 'A', 'A', 'A', 'A', 'A', 'A', 'A', 'A', 'A', 'A', 'A', 'A', 'A', 'A', 'A', 'A', 'AA', 'A', 'A', 'A', 'A', 'AA', 'A', 'A', 'A', 'A', 'A', 'A', 'A', 'A', 'A', 'A', 'A', 'A', 'A', 'A', 'A', 'A', 'A', 'A', 'A', 'A', 'A', 'A', 'A', 'A', 'A', 'A', 'A', 'A', 'A', 'A', 'A', 'A', 'A', 'A', 'A', 'A', 'A', 'A', 'A']	126
ENST00000317961:20	['T', 'T', 'T']	3
ENST00000317961:24	['A', 'A']	2
ENST00000317961:8	['AAA', 'AAA', 'AAAA', 'AAAAA', 'AA', 'AAAA', 'AAA', 'A', 'AAAAA', 'A', 'AAAAAA', 'AAA', 'AAAA', 'AA', 'AAA', 'AAA', 'AAAAAA', 'AA', 'AAAAA', 'AAA', 'AAA', 'AAA']	22
ENST00000318003:28	['CCCCAGCTGCAGCGGCT']	1
ENST00000318041:12	['CTT', 'CTT']	2
ENST00000318083:5	['GATAATCG']	1
ENST00000318121:21	['AAAA', 'AAAA', 'AAAA', 'AAAAA', 'AAA', 'AAAA', 'AAAAAAA', 'AAAAAA', 'AAAA', 'AAAAAA', 'AAA', 'AAAA', 'AAAAAA', 'AAAA', 'AAA', 'A', 'A']	17
ENST00000318217:15	['A', 'A', 'A']	3
ENST00000318410:18	['A', 'A']	2
ENST00000318410:2	['A', 'A', 'A', 'A', 'A', 'A', 'A', 'A', 'A', 'A', 'A', 'A', 'A', 'A', 'A', 'A', 'A', 'A', 'A', 'A', 'A', 'A', 'A', 'A', 'A', 'A', 'A', 'A', 'A', 'A', 'A', 'A', 'A', 'A', 'A', 'A', 'A', 'A', 'A', 'A', 'A', 'A', 'A', 'A', 'A', 'A', 'A', 'A', 'A', 'A', 'A', 'A', 'A', 'A', 'A', 'A', 'A', 'A', 'A', 'A', 'A', 'A', 'A']	63
ENST00000318528:2	['AAGT']	1
ENST00000318560:7	['GCT']	1
ENST00000318584:1	['GGCCG']	1
ENST00000318602:12	['A']	1
ENST00000318602:17	['TATGG']	1
ENST00000318602:20	['A', 'A', 'A', 'A', 'A', 'A', 'A', 'A', 'A', 'A', 'A', 'A', 'A', 'A', 'A', 'A', 'A', 'A', 'A', 'A', 'A', 'A', 'A', 'A', 'A', 'A', 'A', 'A', 'A', 'A', 'A', 'A', 'A', 'A', 'A', 'A', 'A', 'A', 'A', 'A', 'A', 'A', 'A', 'A', 'A', 'A', 'A', 'A', 'A', 'A', 'A', 'A']	52
ENST00000318602:34	['A', 'AAA', 'AA', 'AA', 'AA', 'A', 'A', 'AA', 'AA', 'AA', 'AAA', 'AA', 'AAA', 'AA', 'AA', 'AAA', 'AA', 'A', 'AA', 'A', 'A', 'AA', 'AAA', 'AA', 'AA', 'AA', 'AA', 'AA', 'A', 'AAA', 'AA', 'AA', 'AA', 'AA', 'AA', 'AAA', 'AA', 'AA', 'AA', 'A', 'AA', 'A', 'AA', 'AA', 'A', 'AA', 'A', 'A', 'AA', 'AA', 'AA', 'AA', 'A', 'AA', 'AA', 'AA', 'AA', 'AA', 'A', 'A', 'AA', 'A', 'A', 'A', 'AA', 'A', 'A', 'AAA', 'AA', 'A', 'A', 'A', 'A', 'A', 'A', 'AA']	76
ENST00000318607:6	['AAAAGAAGAAAAGAAAACTATAGAAAAAGAAAACCATG']	1
ENST00000318607:7	['A', 'A', 'A', 'A', 'A', 'A', 'A', 'A', 'A', 'A', 'A', 'A', 'A', 'A', 'A', 'A', 'A', 'A', 'A', 'A', 'A', 'A', 'A', 'A', 'A', 'A', 'A', 'A', 'A', 'A']	30
ENST00000318607:8	['CAGGGAAAAAAAGCACA', 'CAGGGAAAAAAAGCACA', 'CAGGGAAAAAAAGCACA', 'CAGGGAAAAAAAGCACA', 'GCA', 'GCA', 'CAGGGAAAAAAAGCACA', 'CAGGGAAAAAAAGCACA', 'CAGGGAAAAAAAGCACA', 'CAGGGAAAAAAAGCACA', 'CAGGGAAAAAAAGCACA', 'CAGGGAAAAAAAGCACA', 'CAGGGAAAAAAAGCACA']	13
ENST00000318698:11	['T', 'T']	2
ENST00000318737:20	['T', 'T']	2
ENST00000318737:4	['A', 'A', 'A', 'A', 'A', 'A', 'A', 'A', 'A', 'A', 'A', 'A', 'A', 'A', 'A', 'A', 'A', 'A', 'A', 'A', 'A', 'A', 'A', 'A', 'A', 'A', 'A', 'A', 'A', 'A', 'A', 'A', 'A', 'A', 'A', 'A', 'A', 'A', 'A', 'A', 'A', 'A', 'A', 'A', 'A', 'A', 'A', 'A', 'A', 'A', 'A', 'A', 'A', 'A', 'A', 'A', 'A', 'A', 'A', 'A', 'A', 'A', 'A', 'A', 'A', 'A', 'A', 'A', 'A', 'A', 'A', 'A', 'A', 'A', 'A', 'A', 'A', 'A', 'A', 'A', 'A', 'A', 'A', 'A', 'A', 'A', 'A', 'A', 'A', 'A', 'A', 'A', 'A', 'A', 'A', 'A', 'A', 'A', 'A', 'A', 'A', 'A', 'A', 'A', 'A', 'A', 'A', 'A', 'A', 'A', 'A', 'A', 'A', 'A', 'A', 'AA', 'A', 'A', 'A', 'A', 'A', 'A', 'A', 'A', 'A', 'A', 'A', 'A', 'A', 'A', 'A', 'AA', 'A', 'A', 'A', 'A', 'A', 'A', 'A', 'A', 'A', 'A', 'A', 'A', 'A', 'A', 'A', 'A', 'A', 'A', 'A', 'A', 'A', 'A', 'A', 'A', 'A', 'A', 'A', 'A', 'A', 'A', 'A', 'A', 'A', 'A', 'A', 'A', 'A', 'A', 'A', 'A', 'A', 'A', 'A', 'A', 'A', 'A', 'A', 'A', 'A', 'A', 'A', 'A', 'A', 'A', 'A', 'A', 'AA', 'A', 'A', 'A', 'A', 'A', 'A', 'A', 'A', 'A', 'A', 'A', 'A', 'A']	202
ENST00000318737:8	['A', 'A']	2
ENST00000318737:9	['A', 'A', 'A', 'A', 'A', 'A', 'A', 'A', 'A', 'A', 'A', 'A', 'A', 'A', 'A', 'A', 'A', 'A', 'A', 'A', 'A', 'A', 'A', 'A', 'A', 'A', 'A', 'A', 'A']	29
ENST00000318789:20	['A', 'A']	2
ENST00000318911:2	['GCTG', 'GCTG', 'GCTG', 'GCTG', 'GCTG']	5
ENST00000318948:3	['A', 'A', 'A', 'A', 'A', 'A', 'A']	7
ENST00000318974:4	['C', 'C', 'C']	3
ENST00000319023:15	['CCCCCGCC']	1
ENST00000319080:16	['GT', 'GT']	2
ENST00000319332:10	['A', 'A', 'A', 'AA', 'AA', 'A', 'AA', 'AA', 'A', 'AA', 'AA', 'A', 'AA', 'A', 'A', 'A', 'AA', 'A', 'AA', 'AA', 'A', 'A', 'AA', 'AA', 'A', 'AA', 'A', 'AA', 'A', 'A', 'A', 'AA', 'A', 'A', 'AA', 'AA', 'A', 'A', 'A', 'A', 'A', 'A', 'A', 'A', 'A', 'A', 'A', 'A', 'AA', 'A', 'A', 'A', 'A', 'A', 'A']	55
ENST00000319332:14	['A', 'A', 'T', 'A', 'A', 'T']	6
ENST00000319380:15	['AGGG', 'AGGG', 'AGGG', 'AGGG', 'AGGG', 'AGGG', 'AGGG']	7
ENST00000319445:4	['T', 'T']	2
ENST00000319481:13	['A', 'A', 'A', 'A', 'A', 'A', 'A', 'A', 'A', 'A', 'A', 'A', 'A', 'A', 'A', 'A', 'A', 'A']	18
ENST00000319481:17	['A', 'A', 'A']	3
ENST00000319550:4	['T', 'T']	2
ENST00000319580:3	['TGTC', 'TGTC', 'TGTC', 'TGTC', 'TGTC', 'TGTC', 'TGTC', 'TGTC', 'TGTC', 'TGTC']	10
ENST00000319590:1	['G', 'G', 'G', 'G', 'G', 'G', 'G', 'G', 'G', 'G', 'G', 'G']	12
ENST00000319651:9	['A', 'A', 'A', 'AAA', 'AAA', 'A', 'AA', 'AAA', 'AA', 'A', 'AA', 'AAA', 'AAAA', 'AAA', 'AAA', 'A', 'AA', 'AAA', 'AA', 'AA', 'AA', 'AAA', 'AAA', 'A', 'AA', 'A', 'AA', 'AAA', 'AA', 'A', 'AA', 'AAA', 'AA', 'AA', 'A', 'AA', 'AA', 'A', 'AA', 'AA', 'AA', 'AA', 'A', 'AA', 'A', 'AA', 'AA', 'AAA', 'A', 'A', 'AAA', 'A', 'A', 'AAA', 'AAA', 'AA', 'AA', 'A', 'A', 'A', 'AAA', 'AA', 'AAAA', 'AA', 'AA', 'AA', 'A', 'A', 'AA', 'AAA', 'AA', 'AA', 'AA', 'A', 'A', 'AAA', 'AA', 'AA', 'AAA', 'AA', 'A', 'AA', 'A', 'AA', 'AA', 'A', 'A', 'A', 'AA', 'AA', 'A', 'A', 'A', 'AAA', 'AA', 'A', 'AAA', 'AAA', 'A', 'AA', 'AAA', 'AAA', 'AAA', 'AAA', 'A', 'AA', 'AA', 'AA', 'AA', 'AAA', 'AAA', 'A', 'A', 'AA', 'A', 'AA', 'AA', 'A', 'A', 'A', 'AAA', 'A', 'AA', 'AA', 'A', 'AA', 'A', 'A', 'A', 'AA', 'AA', 'AA', 'A', 'AA', 'AAA', 'AAA', 'A', 'A', 'AA', 'A', 'AA', 'A', 'A', 'A', 'AA', 'AA', 'AA', 'A', 'A', 'A', 'AA', 'A', 'AA', 'A', 'A']	155
ENST00000319669:5	['A']	1
ENST00000319980:5	['GT', 'A', 'A']	3
ENST00000320005:2	['A', 'A', 'A', 'A', 'A', 'A', 'A', 'A', 'A', 'A', 'A', 'A', 'A', 'A', 'A', 'A', 'A', 'A', 'A', 'A', 'A']	21
ENST00000320027:8	['AAAA', 'AAAA', 'AAA', 'AAAA', 'AAAA', 'AAAA', 'AAAA', 'AAAAA', 'AAAAA', 'AAA', 'AAA', 'AAAAA', 'AAA', 'AAAAA', 'AAAA', 'AAA', 'AAA', 'AAAA', 'AA', 'AAAAAA', 'AAA', 'A', 'AAAAA', 'AAAAA', 'AAA', 'AAAAA', 'AAA', 'AAA', 'AAAA', 'AAAAA', 'AAA', 'AAAAA', 'AAA', 'AAAA', 'AAA', 'AAAA', 'AAAAA', 'AAAA', 'AA', 'AAAA', 'AAA', 'AA', 'AA', 'AAAA', 'AAA', 'AAA', 'AA', 'AAAA', 'AAA', 'AAAA', 'AAAA', 'AAAA', 'AAAA', 'AAAA', 'AAA', 'AAAA', 'AAA', 'AAA', 'AAAA', 'AAA', 'AAAA', 'AAAA', 'AAA', 'AAAA', 'AA', 'AAAAA', 'AAA', 'AAAA', 'AAAA', 'AAA', 'AAAAA', 'AA', 'AAAA', 'AAAAA', 'AAA', 'AA', 'AAA', 'AAA', 'AAAAA', 'AAA', 'AAAAA', 'AAAAA', 'AAA', 'AAA', 'AAA', 'AAA', 'AAA', 'AAAA', 'AAAAA', 'AAAAA', 'AAAA', 'AAAA', 'AAAAA', 'AAAAA', 'AAA', 'AAA', 'AAAA', 'AAA', 'AAAA', 'AAAAA', 'AAA', 'AAA', 'AAA', 'AAA', 'AAAA', 'AAAA', 'AAA', 'AAAA', 'AAAA', 'AAAA', 'AAA', 'AAA', 'AA', 'AAAA', 'AAAA', 'AAAA', 'AAAA', 'AAAAA', 'AAAA', 'AAA', 'AAAA', 'AAA', 'AAA', 'AAA', 'AAAA', 'AAA', 'AAAA', 'AAAA', 'AAA', 'AAA', 'AAAA', 'AA', 'AAA', 'AAA', 'AAAA', 'AAAA', 'AAAA', 'AAA', 'AAAA', 'AAAAA', 'AAA', 'AAA', 'AAA', 'AAA', 'AAA', 'AAA', 'AA', 'AAA', 'AAAAA', 'AAAAA', 'AAAA', 'AAAA', 'AAAA', 'AAAA', 'AAAA', 'AAAAA', 'AAA', 'AAAAA', 'AAAA', 'AAAAA', 'AAAA', 'AAAA', 'AAAA', 'AA', 'AAA', 'AAAA', 'AAAAA', 'AAA', 'AAAAA']	169
ENST00000320203:2	['T', 'T', 'T', 'T', 'T', 'T', 'T', 'T', 'T', 'T', 'T', 'T', 'T', 'T', 'T', 'T', 'T', 'T']	18
ENST00000320211:11	['CT', 'CT']	2
ENST00000320295:1	['A', 'A']	2
ENST00000320301:11	['A', 'A', 'A', 'A', 'A', 'A', 'A', 'A', 'A', 'A', 'A', 'A', 'A', 'A', 'A', 'A', 'A', 'A', 'A', 'A', 'A', 'A', 'A', 'A', 'A', 'A', 'A', 'A', 'A', 'A', 'A', 'A', 'A', 'A', 'A']	35
ENST00000320301:8	['A', 'A', 'A', 'A', 'A', 'A', 'A', 'A', 'A', 'A', 'A', 'A', 'A', 'A', 'A', 'A', 'A', 'A', 'A', 'A', 'A', 'A', 'A', 'A', 'A', 'A', 'A', 'A']	28
ENST00000320316:4	['A', 'A', 'A', 'A', 'A', 'A', 'A', 'A', 'A', 'A']	10
ENST00000320516:6	['AG']	1
ENST00000320574:24	['AAA', 'AAA', 'AA', 'AAA', 'AAAA', 'AA', 'AAA', 'AAA', 'AAAA', 'AA', 'AAA', 'AAA', 'AAA', 'AAAA', 'AA', 'AAAA', 'AAA', 'AAAAA', 'AA', 'AA', 'AAA', 'AA', 'AAA', 'AAAA', 'AAA', 'AA', 'AAA', 'AAAAA', 'AAA', 'AAA', 'AAA', 'A', 'A', 'AA', 'A', 'A', 'AA', 'AA', 'A', 'AA', 'AA', 'A', 'AA', 'AA', 'AA', 'AA', 'AA', 'A', 'A', 'AA', 'AA', 'AA', 'AA', 'A', 'AA', 'A', 'A', 'AA', 'AAA', 'AA', 'AA', 'AA', 'AA', 'AA', 'A', 'A', 'AAAAA', 'AAA', 'A', 'A', 'AAAA', 'AA', 'A', 'AA', 'AA', 'A', 'A', 'A', 'A', 'A', 'AA', 'AA', 'AA', 'A', 'AA', 'A', 'AA', 'AA', 'A']	89
ENST00000320578:1	['C']	1
ENST00000320585:6	['G', 'G']	2
ENST00000320585:9	['A', 'A']	2
ENST00000320631:2	['G', 'G', 'G', 'G']	4
ENST00000320640:11	['A', 'A']	2
ENST00000320640:4	['A', 'A', 'A', 'A', 'A', 'A', 'A', 'A', 'A', 'A', 'A', 'A', 'A', 'A', 'A', 'A', 'A', 'A', 'A', 'A', 'A', 'A', 'A', 'A', 'A', 'A', 'A', 'A', 'A', 'A', 'A', 'A', 'A', 'A', 'A', 'A', 'A', 'A', 'A', 'A']	40
ENST00000320672:7	['A', 'A', 'A', 'A', 'A', 'A', 'A', 'A', 'A', 'A', 'A', 'A', 'A', 'A', 'A', 'A', 'A', 'A', 'A', 'A']	20
ENST00000320676:3	['A', 'A', 'A', 'A', 'A', 'A', 'A', 'A', 'A', 'A', 'A', 'A', 'A', 'A', 'A', 'A', 'A', 'A', 'A', 'A', 'A', 'A', 'A', 'A', 'A', 'A', 'A', 'A', 'A', 'A', 'A', 'A', 'A', 'A', 'A', 'A', 'A', 'A', 'A', 'A', 'A', 'A', 'A', 'A', 'A', 'A', 'A', 'A', 'A', 'A', 'A', 'A', 'A', 'A', 'AA', 'A', 'A', 'A', 'A', 'A', 'A', 'A', 'A', 'A', 'A', 'AA', 'AA', 'A', 'A', 'A', 'A', 'A', 'A', 'A', 'A', 'A', 'A', 'A', 'A', 'A', 'A', 'A', 'A', 'A', 'A', 'A', 'A', 'A', 'A', 'A', 'A', 'A', 'A', 'A', 'A', 'A', 'A', 'A', 'A', 'A', 'A', 'A', 'A', 'A', 'A', 'A', 'A', 'A', 'A', 'A', 'AA', 'A', 'A', 'AA', 'A', 'A', 'A', 'A', 'A', 'A', 'A', 'A']	122
ENST00000320676:4	['TG', 'TG', 'TG', 'TG', 'TG', 'TG', 'TG', 'TG', 'TG', 'TG', 'TG', 'TG', 'TG', 'TG', 'TG', 'TG', 'TG', 'TG', 'TG', 'TG', 'TG', 'TG']	22
ENST00000320743:9	['A', 'A', 'A', 'A', 'A', 'A', 'A', 'A', 'A', 'A', 'A', 'A', 'A', 'A', 'A', 'A']	16
ENST00000320816:4	['A', 'A']	2
ENST00000320816:8	['A', 'A', 'A', 'A']	4
ENST00000320876:27	['T', 'T']	2
ENST00000320892:3	['T', 'T']	2
ENST00000321016:5	['G', 'G']	2
ENST00000321027:3	['A', 'A', 'A', 'A', 'A', 'A', 'A']	7
ENST00000321105:6	['GGAGA', 'GGAGA', 'GGAGAGTGAA', 'GGAGAGTGAA', 'GGAGAGTGAA', 'GGAGAGTGAA']	6
ENST00000321169:10	['A', 'A']	2
ENST00000321169:11	['TAA', 'AAA', 'AAA', 'AA', 'AAA', 'A', 'A', 'AA', 'AA', 'AA', 'AA', 'AA', 'AAA', 'AAA', 'A', 'TAAAA', 'A', 'A', 'TA', 'A', 'AA', 'AA', 'AA', 'AAA', 'AA', 'AA', 'AAA', 'AA', 'AA', 'AA', 'AA', 'AA', 'AAA', 'A', 'AAA', 'AA', 'A', 'AA', 'AAA', 'A', 'AA', 'A', 'AAA', 'AAA', 'AAAA', 'AAA', 'AA', 'TAAA', 'AAA', 'AA', 'TAAA', 'A', 'TAA', 'AAA', 'A', 'A', 'TAA', 'AA', 'AA', 'AA', 'AA', 'AA', 'A', 'AAA', 'AA', 'A', 'AA', 'AAA', 'AAA', 'TAA', 'A', 'A', 'A', 'A', 'A', 'AA', 'TAA', 'AAA', 'A', 'A', 'A', 'A', 'A', 'AA', 'TAA', 'A', 'A', 'AAAAA', 'A', 'A', 'TAA', 'AA', 'A', 'A', 'A', 'A', 'A', 'A', 'AA', 'AA', 'A', 'AA', 'A', 'TA', 'AAA', 'TAA', 'A', 'A', 'A', 'A', 'TAA', 'AAA', 'AA', 'AA', 'AAAA', 'A', 'AA', 'AA', 'AA', 'A', 'A', 'AAA', 'TAA', 'A', 'A', 'A', 'TAA', 'TAAA', 'TAA', 'A', 'TAAA', 'TAAA', 'TA', 'A', 'A', 'A', 'A', 'AAA', 'A', 'TA', 'TA', 'TA', 'TAA', 'TA', 'TA', 'TA']	146
ENST00000321169:7	['A', 'A', 'A']	3
ENST00000321196:1	['T', 'T']	2
ENST00000321196:10	['T', 'T', 'T', 'T', 'T', 'T', 'T', 'T', 'T', 'T']	10
ENST00000321196:7	['A', 'A']	2
ENST00000321300:3	['CCC', 'CCCCC', 'CCCC', 'CCCCC', 'CCCCCC', 'CC', 'CCCCCCC', 'CCCCCCC', 'CCCCCCC', 'CCCCCCCC', 'CCCCCCC', 'CCCCCCC', 'CCCCCCC', 'CCCCCCCC', 'CCCCC', 'CCCCCC', 'CCCCCC', 'CCCCCC', 'CCCCCCCC', 'CCCCCC', 'CCCCCC', 'CCCCCC', 'CCCCCC', 'CCCCCC', 'CCCCCC', 'CCCCCC', 'CCCCCCC', 'CCCCCCC', 'CCCCC', 'CCCCCC', 'CCCCCC', 'CCCCC', 'CCCCCC', 'CCCCCC', 'CCCCC', 'CCCCCC', 'CCCCCCC', 'CCCCCC', 'CCCCCCC', 'CCCCCC', 'CCCC', 'CCCCCCC', 'CCCCCC', 'CCCCCCCC', 'CCCCCCC', 'CCCCC', 'CCCCCCC', 'CCCCCCC', 'CCCCC', 'CCCCC', 'CCCCC', 'CCCCCCC', 'CCCCCC', 'CCCCCC', 'CCCCC', 'CCCCCCC', 'CCCCCC']	57
ENST00000321301:1	['AAAGAAAAACAAATCTAA']	1
ENST00000321322:11	['G', 'G', 'G']	3
ENST00000321322:17	['G']	1
ENST00000321356:12	['A', 'A', 'A', 'A']	4
ENST00000321367:9	['G', 'G', 'G', 'G', 'G', 'G', 'G', 'G', 'G', 'G', 'G', 'G']	12
ENST00000321424:6	['AG', 'AG', 'AG', 'AG', 'AG', 'AG', 'AG', 'AG', 'AG', 'AG', 'AG', 'AG', 'AG', 'AG', 'AG', 'AG', 'AG', 'AG', 'AG', 'AG', 'AG', 'AG']	22
ENST00000321437:1	['G']	1
ENST00000321442:4	['TC', 'TC', 'TC', 'TC', 'TC', 'TC']	6
ENST00000321442:9	['AG']	1
ENST00000321599:2	['A', 'A', 'A', 'A', 'A', 'A', 'A', 'A', 'A', 'A', 'A', 'A']	12
ENST00000321680:6	['T']	1
ENST00000321725:10	['C']	1
ENST00000321728:1	['GC', 'GC', 'GC', 'GC', 'GC', 'GC', 'GC', 'GC', 'GC', 'GC', 'GC', 'GC', 'GC', 'GC', 'GC', 'GC', 'GC', 'GC', 'GC', 'GC', 'GC', 'GC', 'GC', 'GC', 'GC', 'GC', 'GC', 'GC', 'GC', 'GC', 'GC', 'GC', 'GC', 'GC', 'GC', 'GC', 'GC', 'GC', 'GC', 'GC', 'GC', 'GC', 'GC', 'GC', 'GC', 'GC', 'GC', 'GC', 'GC', 'GC', 'GC', 'GC', 'GC', 'GC', 'GC', 'GC', 'GC', 'GC', 'GC', 'GC', 'GC', 'GC', 'GC', 'GC', 'GC']	65
ENST00000321728:8	['GA']	1
ENST00000321736:3	['AAA', 'AAAA', 'AAAA', 'AAAA', 'AAAA', 'AAAAA', 'AAA', 'AAAA', 'AAA', 'AAAA', 'AAAA', 'AA', 'AAAAA', 'AA', 'AAAA', 'AAAA', 'AA', 'AAAA', 'AAAA', 'AAAA', 'AA', 'AAA', 'AAAA', 'AAAAA', 'AAAAA', 'AAAA', 'AAA', 'AAAA', 'AAAA', 'AAA', 'AAAA', 'AA', 'AAAA', 'AAAAA', 'AA', 'AAAA', 'AA', 'AA', 'AAA', 'AA', 'AAAA', 'AAA', 'AA', 'AAAA', 'AAA', 'AAA', 'AAAA', 'AAA', 'AA', 'AAAA', 'AAAA', 'AAAA', 'AAAA', 'AAA', 'AAA', 'AAA', 'AAAA', 'AAAA', 'AAAA', 'AAA', 'AA', 'AA', 'AA', 'AA', 'AAA', 'AAA', 'AAA', 'AAAA', 'AAAA', 'AA', 'AAAAA', 'AA', 'AAA', 'AAAA', 'AA', 'AA', 'AA', 'AAAAA', 'AAA', 'AA', 'AA', 'AAAA', 'G', 'AA', 'AAA', 'GA', 'A', 'A', 'A', 'AA', 'AA']	91
ENST00000321765:23	['AG']	1
ENST00000321867:14	['C', 'C']	2
ENST00000321919:15	['A', 'A', 'A', 'A', 'A', 'A', 'A', 'A', 'A', 'AA', 'A', 'A', 'A', 'A', 'A', 'A', 'AA', 'A', 'A']	19
ENST00000321949:2	['C']	1
ENST00000322090:6	['T', 'T']	2
ENST00000322244:1	['A', 'A', 'A', 'A', 'A', 'A', 'A', 'A', 'A', 'A', 'A', 'A', 'A', 'A', 'A', 'A', 'A', 'A', 'A', 'A', 'A', 'A', 'A', 'A', 'A', 'A', 'A', 'A', 'A', 'A', 'A', 'A', 'A', 'A', 'A', 'A', 'A', 'A', 'A', 'A', 'A', 'A', 'A', 'A', 'A', 'A', 'A', 'A', 'A', 'A', 'A', 'A', 'A', 'A', 'A', 'A', 'A', 'A', 'A', 'A', 'A', 'A', 'A', 'A', 'A', 'A', 'A', 'A', 'A', 'A', 'A', 'A', 'A', 'A', 'A', 'A', 'A', 'A', 'A', 'A', 'A', 'A', 'A', 'A', 'A', 'A', 'A', 'A', 'A', 'A', 'A', 'A', 'A', 'A', 'A', 'A', 'A', 'A', 'A', 'A', 'A', 'A', 'A', 'A', 'A', 'A', 'A', 'A', 'A', 'A', 'A', 'A', 'A', 'A', 'A', 'A', 'A', 'A', 'A', 'A', 'A', 'A', 'A', 'A', 'A', 'A', 'A', 'A', 'A', 'A', 'A', 'A', 'A', 'A', 'A', 'A', 'A', 'A', 'A', 'A', 'A', 'A', 'A', 'A', 'A', 'A', 'A', 'A', 'A', 'A', 'A', 'A', 'A', 'A', 'A', 'A', 'A', 'A', 'A', 'A', 'A', 'A', 'A', 'A', 'A', 'A', 'A', 'A', 'A', 'A', 'A', 'A', 'A', 'A', 'A', 'A', 'A', 'A', 'A', 'A', 'A', 'A', 'A', 'A', 'A', 'A', 'A', 'A', 'A', 'A', 'A', 'A', 'A', 'A', 'A', 'A', 'A', 'A', 'A', 'A', 'A', 'A', 'A', 'A', 'A', 'A', 'A', 'A', 'A', 'A', 'A', 'A', 'A', 'A', 'A', 'A', 'A', 'A', 'A', 'A', 'A', 'A', 'A', 'A', 'A', 'A', 'A', 'A', 'A', 'A', 'A', 'A', 'A', 'A', 'A', 'A', 'A', 'A', 'A', 'A', 'A', 'A', 'A', 'A', 'A', 'A', 'A', 'A', 'A', 'A', 'A']	251
ENST00000322244:10	['TACT', 'TACT']	2
ENST00000322244:15	['A', 'A', 'A', 'A']	4
ENST00000322244:23	['A', 'A', 'A', 'A']	4
ENST00000322247:3	['AA', 'AA', 'A', 'AAA', 'AA', 'AAA', 'AAA', 'AA', 'AAAA', 'AAA', 'AAAA', 'AAAA', 'AAA', 'AAA', 'AA', 'AAA', 'AA', 'AA', 'AA', 'AAA', 'AA', 'AAA', 'AAA', 'AAA', 'AA', 'AAA', 'A', 'AAA', 'AAA', 'AAA', 'A', 'AAA', 'AA', 'AA', 'AA', 'AAA', 'AAA', 'AAAA', 'AAA', 'AAA', 'AA', 'A', 'AA', 'AAA', 'AAAA', 'AAAA', 'AA', 'AA', 'AAA', 'AA', 'AAA', 'AA', 'A', 'AA', 'AA', 'A', 'A', 'AA', 'AA', 'AAA', 'A', 'A', 'A', 'AA', 'AAA', 'AA', 'A', 'A', 'AA', 'AA', 'A', 'AA', 'A', 'A', 'AA', 'A', 'A', 'AA', 'AA', 'A', 'A', 'A', 'A', 'A', 'AA', 'AA', 'A', 'A', 'A', 'A', 'AA', 'AAA', 'AAA', 'AA', 'A', 'AA', 'AAA', 'A', 'AAA', 'A', 'AA', 'A', 'AA', 'A', 'AA', 'AA', 'A', 'AA', 'AA', 'A', 'AA', 'AA', 'A', 'AA', 'A', 'AA', 'AA', 'AA', 'A', 'AAA', 'AA', 'AA', 'AA', 'A', 'A', 'A', 'AA', 'A', 'AA', 'AA', 'A', 'AAA', 'AA', 'A', 'A', 'A', 'AAA', 'A', 'A']	139
ENST00000322301:1	['AG', 'AG', 'AG', 'AG', 'AG', 'AG', 'AG', 'AG', 'AG', 'AG', 'AGAG', 'AG', 'AG', 'AG', 'AG', 'AG', 'AG', 'AG', 'AG', 'AG', 'AG', 'AG', 'AG', 'AG', 'AG', 'AG', 'AG', 'AG', 'AG', 'AG', 'AG', 'AG', 'AG', 'AG', 'AG', 'AG', 'AG', 'AG', 'AG', 'AG', 'AG', 'AG', 'AG', 'AG', 'AG', 'AG', 'AG', 'AG', 'AG', 'AG', 'AG', 'AG', 'AG', 'AG', 'AG', 'AG', 'AG', 'AG', 'AG', 'AG', 'AG', 'AG', 'AG', 'AG', 'AG', 'AG', 'AG', 'AG', 'AG', 'AG', 'AG', 'AG', 'AG', 'AG', 'AG', 'AG', 'AG', 'AG', 'AG', 'AG', 'AG', 'AG', 'AG', 'AG', 'AG', 'AG', 'AG', 'AG', 'AG', 'AG', 'AG', 'AG', 'AG', 'AG', 'AG', 'AG', 'AG', 'AG', 'AG', 'AG', 'AG', 'AG', 'AG', 'AG', 'AG', 'AG', 'AG', 'AG', 'AG', 'AG', 'AG', 'AG', 'AG', 'AG', 'AG', 'AG', 'AG', 'AG', 'AG', 'AG', 'AG', 'AG', 'AG', 'AG', 'AG', 'AG', 'AG', 'AG', 'AG', 'AG', 'AG', 'AG', 'AG', 'AG', 'AG', 'AG', 'AG', 'AG', 'AG', 'AG', 'AG', 'AG', 'AG', 'AG', 'AG', 'AG', 'AG', 'AG', 'AG', 'AG', 'AG', 'AG', 'AG', 'AG', 'AG', 'AG', 'AG', 'AG', 'AG', 'AG', 'AGAG', 'AG', 'AG', 'AG', 'AG', 'AG', 'AG', 'AG', 'AG', 'AG', 'AG', 'AG', 'AG', 'AG', 'AG', 'AG', 'AG', 'AG', 'AG', 'AG', 'AG', 'AG', 'AG', 'AG', 'AG', 'AG', 'AG', 'AG']	188
ENST00000322313:11	['A', 'A']	2
ENST00000322313:15	['GAAA', 'GAAA']	2
ENST00000322349:16	['TT']	1
ENST00000322349:19	['A', 'A', 'A', 'A', 'A', 'A', 'A', 'A', 'A', 'A', 'A', 'A', 'A', 'A', 'A', 'A', 'A', 'A', 'A', 'A', 'A', 'A', 'A', 'A', 'A', 'A', 'A', 'A', 'A', 'A', 'A', 'A', 'A', 'A', 'A', 'A', 'A', 'A', 'A', 'A', 'A', 'A', 'A', 'A', 'A', 'A', 'A', 'A', 'A', 'A', 'A', 'A', 'A', 'A', 'A', 'A', 'A', 'A', 'A', 'A', 'A', 'A', 'A', 'A']	64
ENST00000322349:20	['A', 'A', 'A', 'A', 'A', 'A', 'A', 'A', 'A', 'A', 'A', 'A', 'A', 'A', 'A', 'A', 'A', 'A', 'A', 'A', 'A', 'A', 'A', 'A', 'A', 'A', 'A', 'A', 'A', 'A', 'A', 'A', 'A', 'A', 'A', 'A', 'A', 'A', 'A', 'A', 'A', 'A', 'A', 'A', 'A', 'A', 'A', 'A', 'A', 'A', 'A', 'A', 'A', 'A', 'A', 'A', 'A', 'A', 'A', 'A', 'A', 'A', 'A', 'A', 'A', 'A', 'A', 'A', 'A', 'A', 'A', 'A', 'A', 'A', 'A', 'A', 'A', 'A', 'A', 'A', 'A', 'A', 'A', 'A', 'A', 'A', 'A', 'A', 'A', 'A', 'A', 'A', 'A', 'A', 'A', 'A', 'A', 'A', 'A', 'A', 'A', 'A', 'A', 'A', 'A', 'A', 'A', 'A', 'A', 'A', 'A', 'A', 'A', 'A', 'A', 'A', 'A', 'A', 'A', 'A', 'A', 'A', 'A', 'A', 'A', 'A', 'A', 'A', 'A', 'A', 'A', 'A', 'A', 'A', 'A', 'A', 'A', 'A', 'A', 'A', 'AA', 'A', 'A', 'A', 'A', 'A', 'A', 'A', 'A', 'A', 'A', 'A', 'A', 'A', 'A', 'A', 'A', 'A', 'A', 'A', 'A', 'A', 'A', 'A', 'A', 'A', 'A', 'A', 'A', 'A', 'A', 'A', 'A', 'A', 'A', 'A', 'A', 'A', 'A', 'A', 'A', 'A', 'A', 'A', 'A', 'A', 'A', 'A', 'A', 'A', 'A', 'A', 'A', 'A', 'A', 'A', 'A', 'A']	198
ENST00000322349:25	['A', 'A', 'A', 'A']	4
ENST00000322396:5	['A', 'A', 'A', 'A', 'A', 'A', 'A', 'A', 'A', 'A', 'A', 'A', 'A', 'A', 'A', 'A', 'A', 'A', 'A', 'A', 'A', 'A']	22
ENST00000322396:9	['A', 'A', 'A', 'A', 'A']	5
ENST00000322428:6	['C', 'C']	2
ENST00000322507:10	['A', 'AAA', 'AAA', 'AAA', 'AAA', 'A', 'AA', 'AA', 'A', 'AAA', 'AA', 'AA', 'AA', 'AAA', 'AAA', 'AA', 'AAA', 'A', 'T', 'A', 'AA', 'AA', 'AA', 'AAA', 'AA', 'AA', 'AAA', 'AA', 'AA', 'A', 'A', 'AAAA', 'AAA', 'A', 'AAA', 'AAAA', 'AA', 'AAA', 'A', 'AAA', 'AA', 'AA', 'AA', 'AA', 'AAA', 'AAA', 'AAA', 'AAA', 'A', 'AAA', 'AA', 'AA', 'AAA', 'AA', 'AAA', 'AAA', 'AA', 'AAA', 'AAA', 'AAA', 'AAA', 'A', 'AAA', 'AA', 'AA', 'AA']	66
ENST00000322507:43	['A', 'A']	2
ENST00000322569:1	['CT', 'CT']	2
ENST00000322623:4	['A', 'AA', 'AA', 'AA', 'AAA', 'AA', 'AA', 'AA', 'AA', 'AA', 'AA', 'AA', 'AA', 'AA', 'AA', 'AA', 'AAA', 'AA', 'AA', 'AAA', 'AA', 'AA', 'AA', 'AA', 'AA', 'AA', 'AA', 'AA', 'AA', 'A', 'AA', 'AA', 'AA', 'AA', 'A', 'AA', 'AA', 'AA', 'A', 'AA', 'A', 'AA', 'A', 'A', 'A', 'A', 'A', 'AA', 'A', 'AA', 'AA', 'AA', 'AA', 'AA', 'AAA', 'AA', 'AA', 'AA', 'AA', 'AA', 'AA', 'AA', 'AA', 'AA', 'AA', 'AA', 'A', 'A', 'AA', 'AA', 'A', 'AA', 'A', 'A', 'AA', 'AA', 'AA', 'AA', 'AA', 'AA', 'AA', 'AA', 'AA', 'AA', 'AA', 'AA', 'A', 'AA', 'AA', 'AA', 'AA', 'AA', 'AA', 'AA', 'A', 'A', 'AA', 'A', 'A', 'A', 'AA', 'A', 'A', 'A']	104
ENST00000322652:13	['A', 'A']	2
ENST00000322680:5	['A', 'A']	2
ENST00000322723:5	['A', 'A']	2
ENST00000322748:6	['AA', 'AAAAA', 'AAAA', 'AAAAAA', 'AAAA', 'AAAA', 'AAAA', 'AAAAAA', 'AAA', 'AAAA', 'AAAA', 'AAA', 'AAAA', 'AAAA', 'AAAA', 'AAAAAA', 'AAAA', 'AAAA', 'AA', 'AAAAA', 'AAAAAA', 'AAAA', 'AA', 'AA', 'AAAAAA', 'AAAAAAA', 'AAAAAA', 'AAAAA', 'AA', 'AAA', 'AAAAA', 'AAAAAA', 'AAAAAA', 'AAAA', 'AAA', 'AAAAAA', 'AA', 'AA', 'AAAA', 'AA', 'AAA', 'AAA', 'AAA', 'AAAAA', 'AAAAA', 'AAA', 'AA', 'AA', 'GAA', 'AA', 'AAA', 'AA', 'AAAAAA', 'AAAA', 'AAA', 'AAAA', 'AAA', 'AAAA', 'AAAA', 'AAAAA', 'AAAAA', 'AAAAA', 'AAA', 'AAAAAA', 'AAAAA', 'AAAAA', 'AAAA', 'AAAA', 'AAAAA', 'AAAAA', 'AAAAA', 'AAAAA', 'AAAA', 'AAAA', 'AAAAA', 'AAA', 'AAAA', 'AAAAA', 'AAAAA', 'AAAAA', 'AA', 'AAAAA', 'AA', 'AAAAAA', 'AAAAAA', 'AAAAA', 'AAAAA', 'AAA', 'AAAAA', 'AA', 'AAAAA', 'AAAA', 'AAAA', 'AAAAA', 'AAAAA', 'AAAA', 'AAAAA', 'AAA', 'AAAAAA', 'AAAA', 'AAAAAA', 'AAAA', 'AAAA', 'AAAAAA', 'AAAAAA', 'AAAAA', 'AAAA', 'AA', 'AAAAA', 'AAAA', 'AAAAA', 'AAAA', 'AAAAA', 'AAAAA', 'AAA', 'AAAAAA', 'AAAA', 'AAA', 'AAAA', 'AAAAA', 'AAAA', 'AAA', 'AAAAAA', 'AAA', 'AAAAA', 'AAA', 'AAAAA', 'AAA', 'AAAAA', 'AAAA', 'AAAA', 'AAAA', 'AAA', 'AAA', 'AAA', 'AAAA', 'AA', 'AAAAA', 'AAA', 'AAAA', 'AAAAA', 'AAAA', 'AAAA', 'AAAA', 'AAAAA', 'AAAAAA', 'AAAAAA', 'AAAAA', 'AAAAA', 'AAAA', 'AAA', 'AA', 'AAAAA', 'AAA', 'AAAAA', 'AA', 'A', 'A', 'AAAAA', 'AAA', 'AAAA', 'AAA', 'AA', 'AAAA']	164
ENST00000322764:7	['GGGCTGTGCT', 'GGGCTGTGCT', 'GGGCTGTGCT']	3
ENST00000322810:11	['GCA', 'GCA']	2
ENST00000322810:19	['CCT']	1
ENST00000322810:31	['AGA', 'AGA', 'AGA']	3
ENST00000322886:12	['GAAAAAA', 'A', 'A']	3
ENST00000322893:2	['G', 'G', 'G', 'G', 'G', 'G', 'G', 'G', 'G', 'G', 'G']	11
ENST00000322927:10	['G', 'G']	2
ENST00000322954:16	['A', 'A', 'A', 'A', 'A']	5
ENST00000322954:2	['A', 'A', 'A', 'AA', 'A', 'A', 'A', 'A', 'A', 'A', 'A', 'A', 'A', 'A', 'A', 'A', 'A', 'A', 'A', 'A', 'A', 'A', 'A', 'A', 'A', 'A', 'A', 'A', 'AA', 'A', 'A', 'A', 'A', 'A', 'A', 'A', 'A', 'A', 'A', 'A', 'A', 'A', 'A', 'A', 'A', 'A', 'A', 'A', 'A', 'A', 'A', 'A', 'A', 'A', 'A', 'A', 'A', 'A', 'A', 'A', 'A', 'A', 'A', 'A', 'A', 'A', 'A', 'A', 'A', 'A', 'A', 'A', 'A', 'A', 'A', 'A', 'A', 'A', 'A', 'A', 'A', 'A', 'A', 'AA', 'A', 'A', 'A', 'A', 'A', 'A', 'A']	91
ENST00000322989:1	['TT']	1
ENST00000323013:3	['AG', 'AG']	2
ENST00000323037:1	['T', 'T']	2
ENST00000323116:24	['A']	1
ENST00000323289:21	['C']	1
ENST00000323443:3	['A', 'A']	2
ENST00000323456:12	['A', 'A', 'A', 'A', 'A', 'A', 'A', 'A', 'A', 'A']	10
ENST00000323584:8	['A', 'A', 'A', 'A', 'A', 'A']	6
ENST00000323669:11	['A', 'A', 'A', 'A', 'A', 'A', 'A', 'A', 'A', 'A', 'A', 'A', 'A', 'A', 'A', 'A', 'A', 'A', 'A', 'A', 'A', 'A', 'A', 'A', 'A', 'A', 'A', 'A', 'A', 'AA', 'A', 'A', 'A', 'A', 'A', 'A', 'A', 'A', 'A', 'A', 'A', 'A', 'A', 'A']	44
ENST00000323669:12	['A', 'A']	2
ENST00000323760:5	['A', 'A', 'A', 'A']	4
ENST00000323848:9	['T', 'T', 'T', 'T']	4
ENST00000323853:31	['GAGG', 'GAGG', 'GAGG', 'GAGG', 'GAGG', 'GAGG']	6
ENST00000323929:14	['CT']	1
ENST00000323929:4	['AA', 'AA', 'A', 'AA', 'AA', 'AA', 'AA', 'AA', 'AA', 'AA', 'AA', 'AA', 'AA', 'AA', 'AAA', 'AA', 'AA', 'AA', 'AA', 'A', 'AA', 'AA', 'AA', 'AAA', 'AA', 'AA', 'AA', 'A', 'AA', 'A', 'A', 'AA', 'AA', 'AA', 'A', 'AA', 'AA', 'AA', 'AA', 'AA', 'AA', 'AA', 'AA', 'AA', 'A', 'A', 'AA', 'AA', 'AA', 'AA', 'A', 'AAA', 'AA', 'A', 'AA', 'A', 'A', 'AA', 'A', 'A', 'A', 'A', 'AA', 'A', 'A', 'AA', 'AA', 'AA', 'A', 'AA', 'A', 'A', 'A', 'A', 'A', 'A', 'AA', 'A', 'AA', 'AA', 'A', 'AA', 'AAA', 'AA', 'A', 'AA', 'A', 'A', 'A', 'A', 'A', 'A', 'A', 'A', 'A', 'A', 'AA', 'A', 'A', 'A', 'AA', 'AA', 'A', 'A', 'AA', 'A', 'AA', 'AA', 'AA', 'AA', 'A', 'A', 'A', 'A', 'A', 'AA', 'A', 'A', 'A', 'A', 'AA', 'A', 'AA', 'A', 'AA', 'AA', 'A', 'A', 'AA', 'AAA', 'A', 'A', 'A', 'A', 'A', 'A', 'AA', 'A', 'AA', 'A', 'A', 'A', 'AA', 'A', 'AA', 'AA', 'AA', 'A', 'AAA', 'AA', 'A', 'A', 'A', 'A', 'A', 'AA', 'A', 'A', 'AA', 'A', 'A', 'A', 'A']	163
ENST00000323944:4	['AGG']	1
ENST00000323959:1	['A', 'A', 'A', 'A', 'A', 'A', 'A', 'A', 'A', 'A', 'A', 'A', 'A', 'A', 'A', 'A', 'A', 'A', 'A', 'A', 'A', 'A', 'A', 'A', 'A', 'A', 'A', 'A', 'A', 'A', 'A', 'A', 'A', 'A', 'A', 'A', 'A', 'A', 'A', 'A', 'A', 'A', 'A', 'A', 'A']	45
ENST00000323959:11	['A', 'A', 'A', 'A']	4
ENST00000323959:13	['C', 'C', 'C', 'C']	4
ENST00000323959:8	['A']	1
ENST00000324093:15	['G', 'G', 'G', 'G', 'G', 'G', 'G']	7
ENST00000324093:2	['G', 'G']	2
ENST00000324138:5	['A', 'A', 'A', 'A', 'AA', 'A', 'A', 'A', 'A', 'A', 'A', 'A', 'A', 'A', 'A', 'A', 'A', 'A', 'A', 'A', 'A', 'A', 'AA', 'A', 'A', 'A', 'A', 'A', 'A', 'A', 'AAA', 'A', 'A', 'A', 'A', 'A', 'A', 'A', 'A', 'A', 'A', 'A', 'A', 'A', 'A', 'A', 'A', 'A']	48
ENST00000324138:7	['A', 'A', 'A', 'A', 'A', 'A', 'A', 'A', 'A', 'A']	10
ENST00000324166:2	['T', 'T']	2
ENST00000324225:18	['G', 'G']	2
ENST00000324333:4	['AGAA', 'AGAA', 'AGAA', 'AGAA']	4
ENST00000324333:5	['A', 'A']	2
ENST00000324361:3	['CGAGCCTGGTGCA']	1
ENST00000324385:17	['AG', 'AG']	2
ENST00000324461:2	['T']	1
ENST00000324472:10	['A', 'A', 'A', 'A', 'A', 'A']	6
ENST00000324472:19	['AA', 'AAA', 'AA', 'AAAA', 'AAA', 'AA', 'AA', 'AAAA', 'AAA', 'AAA', 'AAA', 'AA', 'AAA', 'AAA', 'AAA', 'AA', 'AA', 'AAAA', 'AA', 'AAA', 'AAA', 'AAA', 'AAA', 'AAA', 'A', 'AAA', 'AAA', 'A', 'AAA', 'AAA', 'AA', 'AA', 'AAA', 'AA', 'AA', 'AAA', 'AAA', 'A', 'AAA', 'AA', 'AA', 'AA', 'A', 'AA', 'AAA', 'AA', 'AAAA', 'AAA', 'AA', 'AAA', 'A', 'AAA', 'AA', 'AAAA', 'AAA', 'AA', 'AA', 'AAAA', 'AAA', 'AAA', 'AAA', 'A', 'AA', 'AA', 'AAA', 'AAA', 'AAA', 'A', 'A', 'AA', 'AA', 'AAA', 'AAA', 'AAA', 'A', 'AAA', 'A', 'AA', 'AA', 'AAA', 'AAA', 'A', 'AAA', 'AAA', 'A', 'A', 'AAA', 'AAA', 'AAA', 'A', 'AAA', 'A', 'AAA', 'AAA', 'AAA', 'AAA', 'AA', 'AAA', 'AAA', 'AA', 'AA', 'AAA', 'AAAA', 'AAA', 'AAA', 'AAA', 'AAAA', 'AAA', 'AAA', 'A', 'A', 'A', 'AA', 'AAA', 'AA', 'AA', 'AA', 'A', 'AA', 'AAA', 'A', 'AAA', 'A', 'A', 'AAA', 'A', 'A', 'AA', 'AA', 'AAA', 'AA', 'AA', 'AA', 'AA', 'AA', 'A', 'AA', 'A', 'AAA', 'AA', 'AAA', 'AAA', 'AAA', 'A', 'AA', 'AA', 'AA', 'AA', 'A', 'A', 'A', 'A', 'AA', 'AA', 'AAA', 'AA', 'AA', 'AA', 'AAA', 'AA', 'AA', 'AAA', 'AA', 'AA', 'AA', 'A', 'AA', 'AA', 'AA', 'AA', 'AA', 'A', 'AAA', 'AA', 'A', 'AA', 'A', 'AAA', 'AA', 'AA', 'A', 'AAA', 'AA', 'AA', 'AAA', 'AA', 'AAA', 'AA', 'AA', 'AAA', 'AAA', 'AAA', 'AAA', 'AAA', 'AAA', 'AAA', 'AAA', 'AA', 'AAA', 'AA', 'AAA', 'AA', 'AAA', 'A', 'AAA', 'A', 'AAA', 'A', 'A', 'AA']	210
ENST00000324472:2	['A']	1
ENST00000324472:3	['T', 'T']	2
ENST00000324472:4	['A', 'A', 'A']	3
ENST00000324472:6	['A', 'A', 'A', 'A', 'A', 'A', 'A', 'A', 'A', 'A', 'A', 'A', 'A', 'A', 'A', 'A', 'A', 'A', 'A', 'A', 'A', 'AA', 'A', 'A', 'A', 'A', 'A', 'A', 'A', 'AA', 'A', 'A', 'A', 'A', 'A', 'A', 'A', 'A', 'A', 'A', 'A', 'A', 'A', 'A', 'A', 'A', 'A', 'A', 'A', 'A', 'A', 'A', 'A', 'A', 'A', 'AAAAAAAC', 'A', 'A', 'A', 'A', 'A', 'A', 'A', 'A', 'A', 'A', 'A', 'A', 'A', 'A', 'A', 'A', 'A', 'A', 'A', 'A', 'A', 'A', 'AAAAAAAC', 'A', 'A']	81
ENST00000324545:13	['T', 'T']	2
ENST00000324545:18	['C', 'C']	2
ENST00000324545:22	['T', 'T']	2
ENST00000324545:42	['C']	1
ENST00000324559:20	['TTTG', 'TTTG', 'TTTG', 'TTTG', 'TTTG']	5
ENST00000324662:6	['A', 'A']	2
ENST00000324685:3	['AC', 'AC']	2
ENST00000324765:25	['TG']	1
ENST00000324767:14	['A', 'A', 'A', 'A', 'A', 'A', 'A', 'A']	8
ENST00000324767:24	['A', 'A', 'A', 'A', 'A', 'A', 'A', 'A', 'A', 'A', 'A', 'A', 'A', 'A', 'A', 'A', 'A', 'A', 'A']	19
ENST00000324771:9	['C', 'C']	2
ENST00000324817:8	['A', 'A']	2
ENST00000324852:2	['A', 'A']	2
ENST00000324894:6	['C', 'C']	2
ENST00000324972:5	['TTAC', 'TTAC']	2
ENST00000325006:8	['C', 'C', 'C', 'C']	4
ENST00000325106:10	['A', 'A']	2
ENST00000325106:11	['A', 'A', 'A', 'A', 'AAA', 'A', 'A', 'A', 'A', 'AA', 'AAA', 'A', 'A', 'A', 'AA', 'AA', 'A', 'A', 'A', 'A', 'A', 'AA', 'AA', 'A', 'A', 'A', 'A', 'A', 'A', 'A', 'A', 'A', 'A', 'A', 'A', 'A', 'AA', 'A', 'AA', 'A', 'A', 'A', 'A', 'AA', 'A', 'A', 'A', 'A', 'A', 'A', 'A', 'A', 'A', 'AA', 'AA', 'A', 'A', 'A', 'A', 'AA', 'A', 'A', 'AAA', 'AA', 'AA', 'AA', 'A', 'A', 'A', 'AA', 'A', 'A', 'A', 'A', 'A', 'A', 'A', 'A', 'AA', 'A', 'A', 'A', 'AAA', 'AA', 'A', 'A', 'A', 'A', 'A', 'A', 'A', 'A', 'A', 'A', 'A', 'AA', 'A', 'A', 'A', 'A', 'AA', 'A', 'A', 'A', 'A', 'A', 'AA', 'A', 'A', 'A', 'AA', 'A', 'AA', 'AA', 'A', 'AA', 'A', 'A', 'A', 'AA', 'AAA', 'A', 'A', 'A', 'A', 'A', 'A', 'A', 'A', 'A', 'A', 'AA', 'A', 'A', 'AA', 'A', 'A', 'A', 'A', 'A', 'A', 'A', 'A', 'A', 'AA', 'A', 'AA', 'A', 'AAA', 'A', 'A', 'A', 'A', 'A', 'A', 'A', 'A', 'A', 'A', 'A', 'AA', 'A', 'A', 'AAA', 'A', 'A', 'A', 'AA', 'A', 'AA']	170
ENST00000325239:44	['CA']	1
ENST00000325321:2	['T']	1
ENST00000325327:11	['AGGA', 'AGGA', 'AGGA', 'AGGA', 'AGGA', 'AGGA', 'AGGA', 'AGGA', 'AGGA', 'AGGA', 'AGGA', 'AGGA', 'AGGA', 'AGGA', 'AGGA']	15
ENST00000325551:8	['TG']	1
ENST00000325722:12	['A', 'A', 'A', 'A', 'A']	5
ENST00000325722:19	['A', 'A', 'A', 'A', 'A', 'A']	6
ENST00000325752:8	['AA', 'AAA', 'AAA', 'AAA', 'A', 'AA', 'AAA', 'A', 'AA', 'AAA', 'AA', 'AA', 'AAAA', 'AAA', 'AAA', 'AAA', 'AAA', 'A', 'AA', 'AA', 'AAA', 'AA', 'AA', 'AA', 'AAAA', 'AA', 'AA', 'AA', 'AAAAA', 'AAA', 'AA', 'AA', 'AA', 'AA', 'A', 'AA', 'AAAA', 'AA', 'AA', 'AAA', 'AAA', 'AAAA', 'AA', 'A', 'AAA', 'AAAA', 'AAA', 'AA', 'AAAA', 'A', 'AA', 'AA', 'AAA', 'AAAA', 'AA', 'AA', 'AAA', 'AA', 'AA', 'AAAAA', 'AA', 'AA', 'AAAA', 'AAA', 'AA', 'A', 'AA', 'AA', 'AA', 'A', 'AA', 'AAA', 'AAA', 'AA', 'A', 'AAAA', 'AAA', 'AA', 'AA', 'AAAAA', 'A', 'AAA', 'AA', 'AA', 'AA', 'AAAA', 'AAAA', 'AAA', 'A', 'A', 'A', 'AAA', 'AA', 'AA', 'AAAA', 'AAA', 'A', 'AAA', 'AA', 'AA', 'A', 'A', 'A', 'A', 'A', 'AAAA', 'AA', 'A', 'AAA', 'AA', 'AA', 'AA', 'AA', 'A', 'AA', 'AAAA', 'AAA', 'AAA', 'A', 'A', 'AAA', 'A', 'AAA', 'AA', 'A', 'AAA', 'AAA', 'A', 'A', 'A', 'AAAA', 'AA', 'A', 'AAA', 'A', 'AAA', 'AA', 'AAA', 'AA', 'AAA', 'AA', 'AA', 'A', 'AA', 'AA', 'A', 'G', 'G', 'AAA', 'A', 'A', 'AA', 'A', 'A', 'AA']	155
ENST00000325881:4	['G', 'G']	2
ENST00000325888:37	['C', 'C']	2
ENST00000325942:10	['C']	1
ENST00000325995:1	['GA', 'GA']	2
ENST00000326010:3	['T', 'T']	2
ENST00000326047:31	['T', 'T', 'T', 'T', 'T', 'T', 'T', 'T', 'T', 'T', 'T', 'T', 'T', 'T', 'T', 'T', 'T', 'T', 'T', 'T', 'T', 'T', 'T', 'T', 'T', 'T', 'T', 'T', 'T', 'T', 'T', 'T', 'T', 'T', 'T', 'T', 'T', 'T', 'T', 'T', 'T', 'T', 'T', 'T', 'T', 'T', 'T', 'T', 'T', 'T', 'T', 'T', 'TT', 'T', 'T', 'T', 'T', 'T', 'T', 'T', 'T', 'T', 'T', 'T', 'T', 'T', 'T', 'T', 'T', 'T', 'T', 'T', 'T', 'T', 'T', 'T', 'T', 'T', 'T', 'T', 'T', 'T', 'T', 'T', 'T', 'T', 'T', 'T', 'T', 'T', 'T', 'T', 'T', 'T', 'T', 'T', 'T', 'T', 'T']	99
ENST00000326080:3	['A', 'A', 'A', 'A', 'A', 'A', 'A', 'A', 'A']	9
ENST00000326134:19	['C', 'C']	2
ENST00000326134:41	['C']	1
ENST00000326172:6	['CA', 'CA']	2
ENST00000326172:8	['CTTTT']	1
ENST00000326194:8	['G', 'G', 'G', 'G', 'G', 'G', 'G', 'G']	8
ENST00000326197:14	['G', 'G']	2
ENST00000326225:10	['A', 'A', 'A', 'A', 'A', 'A', 'A', 'A', 'A', 'A', 'A', 'A', 'A', 'A', 'A', 'A', 'A', 'A', 'A', 'A', 'A', 'A', 'A', 'A', 'A']	25
ENST00000326225:2	['A', 'A', 'A', 'A', 'A', 'A', 'A', 'A', 'A', 'A', 'A', 'A', 'A', 'A', 'A', 'A', 'A', 'A', 'A', 'A', 'A', 'A', 'A', 'A', 'A', 'A', 'A', 'A', 'A', 'A', 'A', 'A', 'A', 'A', 'A', 'A', 'A']	37
ENST00000326225:33	['T', 'A', 'A', 'A', 'A', 'A', 'A', 'A', 'A', 'A', 'A', 'A', 'A', 'A', 'A']	15
ENST00000326225:35	['A', 'A', 'A', 'A', 'A', 'A', 'A', 'A', 'A', 'A', 'A', 'A', 'A', 'A', 'A', 'A', 'A', 'A', 'A', 'A', 'A', 'A', 'A', 'A', 'A', 'A', 'A', 'A', 'A', 'A', 'A', 'A', 'A', 'A', 'A', 'A', 'A', 'A', 'A', 'A', 'A', 'A', 'A', 'A', 'A', 'A', 'A', 'A', 'A', 'A', 'A']	51
ENST00000326321:2	['C', 'C']	2
ENST00000326321:4	['CTC', 'CTC', 'CTC', 'CTC', 'CTC', 'CTC', 'CTC', 'CTC', 'CTC', 'CTC', 'CTC', 'CTC', 'CTC', 'CTC', 'CTC', 'CTC', 'CTC', 'CTC', 'CTC', 'CTC', 'CTC', 'CTC', 'CTC', 'CTC', 'CTC', 'CTC', 'CTC', 'CTC', 'CTC', 'CTC', 'CTC', 'CTC', 'CTC', 'CTC', 'CTC', 'CTC', 'CTC', 'CTC', 'CTC', 'CTC', 'CTC', 'CTC', 'CTC', 'CTC', 'CTC', 'CTC', 'CTC', 'CTC', 'CTC', 'CTC', 'CTC', 'CTC', 'CTC', 'CTC', 'CTC', 'CTC', 'CTC', 'CTC', 'CTC', 'CTC', 'CTC', 'CTC', 'CTC', 'CTC', 'CTC', 'CTC', 'CTC', 'CTC', 'CTC', 'CTC', 'CTC', 'CTC', 'CTC', 'CTC', 'CTC', 'CTC', 'CTC', 'CTC', 'CTC', 'CTC', 'CTC', 'CTC', 'CTC', 'CTC', 'CTC', 'CTC', 'CTC', 'CTC', 'CTC', 'CTC', 'CTC', 'CTC', 'CTC', 'CTC', 'CTC', 'CTC', 'CTC', 'CTC', 'CTC', 'CTC', 'CTC', 'CTC', 'CTC', 'CTC', 'CTC', 'CTC', 'CTC', 'CTC', 'CTC', 'CTC', 'CTC', 'CTC', 'CTC', 'CTC', 'CTC', 'CTC', 'CTC', 'CTC']	118
ENST00000326321:6	['T', 'T']	2
ENST00000326361:3	['T', 'T', 'T', 'T']	4
ENST00000326397:4	['A', 'AA', 'AA', 'A', 'AA', 'AA', 'AA', 'AA', 'AA', 'AA', 'AA', 'AA', 'AA', 'AA', 'AA', 'AA', 'AA', 'AA', 'AA', 'AAA', 'AAA', 'AA', 'AAA', 'A', 'AA', 'AAA', 'AA', 'A', 'AA', 'AA', 'A', 'AAA', 'AA', 'AA', 'AA', 'AA', 'A', 'AA', 'AA', 'AA', 'AA', 'AAA', 'AAA', 'A', 'AA', 'AA', 'AAA', 'AA', 'AA', 'A', 'A', 'AA', 'AA', 'AA', 'AA', 'AA', 'A', 'A', 'A', 'A', 'A', 'A', 'AA', 'AA', 'AA', 'AA', 'AA', 'A', 'A', 'A', 'AA', 'A', 'A', 'AA', 'AA', 'A', 'A', 'A', 'A', 'A', 'AAA', 'AA', 'A', 'AAA', 'AA', 'A', 'A', 'A', 'A', 'A', 'A', 'A', 'AA', 'AA', 'AA', 'AAA', 'A', 'AA', 'AA', 'AA', 'AA', 'A', 'A', 'A', 'A', 'A', 'A', 'A', 'A', 'A', 'A', 'AA', 'A', 'A', 'A', 'A', 'A', 'A', 'A', 'AA', 'A', 'A']	122
ENST00000326397:7	['A', 'A', 'A', 'A', 'A', 'A', 'A', 'A', 'A', 'A', 'A', 'A', 'A', 'A', 'A', 'A', 'A', 'A', 'A', 'A', 'A', 'A', 'A', 'A', 'A', 'A', 'A', 'A', 'A', 'A', 'A', 'A', 'A', 'A', 'A', 'A', 'A', 'A', 'A', 'A', 'A', 'A', 'A', 'A', 'A', 'A', 'A', 'A', 'A', 'A', 'A', 'A', 'A', 'A', 'A', 'A', 'A', 'A', 'A', 'A', 'A', 'A', 'A', 'A', 'A', 'A', 'A', 'A', 'A', 'A', 'A', 'A', 'A']	73
ENST00000326442:6	['A', 'A', 'A', 'A', 'A', 'A', 'A', 'A', 'A', 'A']	10
ENST00000326448:12	['A', 'A', 'A', 'A', 'A', 'A', 'A', 'A']	8
ENST00000326448:15	['A', 'A', 'A', 'A', 'A', 'A', 'A', 'A', 'A', 'A', 'A', 'A', 'A', 'A', 'A', 'A', 'A', 'A', 'A', 'A', 'A', 'A', 'A', 'A', 'A', 'A', 'A', 'A', 'A', 'A', 'A', 'A', 'A', 'A', 'A', 'A', 'A', 'A', 'A', 'A', 'A', 'A', 'A', 'A', 'A', 'A', 'A', 'A', 'A', 'A', 'A', 'A', 'A', 'A', 'A', 'A', 'A', 'A', 'A', 'A', 'A', 'A', 'A', 'A', 'A', 'A', 'A', 'A', 'A']	69
ENST00000326448:17	['A']	1
ENST00000326581:3	['T']	1
ENST00000326621:3	['A', 'AAAAAAAAAAA', 'AAAAAA', 'AAAAAAAAAAA', 'AAAAAAAAA', 'AAAAAAAAA', 'AAAAAAA', 'AAAAAAAAAA', 'AAAAAAAAAA', 'AAAAAAA', 'AAAAAAAAA', 'AAAAAAAA', 'AAAAAAAAAA', 'AAAAAAAAAAAA', 'AAAAAAAAAA', 'AAAAAAAA', 'AAAAAAAAAAAA', 'AAAAA', 'AAAAAAAA', 'AAAAAAAAAA', 'AAAAAAAA', 'AAAAAAAAAAAAA', 'AAAAAAAAAAA']	23
ENST00000326631:4	['A', 'A', 'A', 'A']	4
ENST00000326637:22	['AAAGCT']	1
ENST00000326639:7	['T', 'T', 'T', 'T']	4
ENST00000326665:12	['AA', 'AAA', 'AAA', 'AAA', 'AAA', 'AAA', 'AA', 'AA', 'AAA', 'AA', 'AA', 'AAA', 'AAA', 'AA', 'AAA', 'AAA', 'AA', 'AAAA', 'AA', 'AAA', 'AAAA', 'AA', 'AA', 'A', 'AA', 'AA', 'AAAA', 'AAA', 'A', 'AAA', 'AA', 'AA', 'A', 'AAA', 'AA', 'AA', 'AAAA', 'AA', 'AAAA', 'A', 'A', 'AA', 'AAAA', 'AA', 'AA', 'AAA', 'A', 'AA', 'AAAA', 'AA', 'AA', 'AA', 'A', 'A', 'A', 'AAA', 'A', 'A', 'A', 'A', 'A', 'AAA', 'A', 'A', 'A', 'AA', 'AA']	67
ENST00000326665:3	['T', 'T']	2
ENST00000326695:1	['A', 'A', 'A', 'A', 'A']	5
ENST00000326695:3	['AAAA', 'AA', 'AA', 'AAA', 'AAA', 'AA', 'AA', 'AAA', 'AA', 'AAA', 'AAAAAA', 'AA', 'AAA', 'AAAAA', 'AAA', 'AAA', 'AAA', 'AA', 'AAA', 'AAA', 'AAA', 'AAA', 'AAA', 'AA', 'AAAA', 'AAAA', 'AA', 'AA', 'AAA', 'AA', 'AA', 'AA', 'AAA', 'AAAAA', 'AA', 'AA', 'AA', 'AA', 'AAAA', 'AA', 'AA', 'AAAA', 'AAA', 'AA', 'AA', 'AAA', 'AAAA', 'AA', 'AA', 'A', 'AAA', 'AAA', 'AA', 'AAA', 'AAAA', 'AAA', 'A', 'AAAA', 'AAA', 'AA', 'AAA', 'AA', 'A', 'AAAA', 'AAA', 'AAA', 'AAA', 'AA', 'AAA', 'A', 'AAA', 'AA', 'AAA', 'A', 'AA', 'AAA', 'AA', 'AA', 'AA', 'AAA', 'AA', 'A', 'AA', 'AA', 'AA', 'A', 'AA', 'AA', 'AA', 'AA', 'A', 'AAA', 'AA', 'AAA', 'AAAA', 'AA', 'AA', 'AA', 'AA', 'AAA', 'AA', 'AA', 'AA', 'AAA', 'A', 'AAA', 'AA', 'AA', 'AA', 'AA', 'AA', 'AA', 'AA', 'A', 'A', 'AA', 'AAA', 'AA', 'AA', 'AA', 'AA', 'AA', 'AA', 'A', 'AA', 'AA', 'AA', 'AA', 'AA', 'AA', 'AAA', 'AA', 'AA', 'AA', 'AA', 'AA', 'AA', 'AA', 'AA', 'A', 'AA', 'A', 'AA', 'AA', 'AA', 'AAA']	146
ENST00000326739:13	['GCAGAGGCCCCACCAAGGACAGGGT']	1
ENST00000326739:5	['G']	1
ENST00000326775:3	['A']	1
ENST00000326828:3	['ACTT', 'ACTT']	2
ENST00000326840:1	['A', 'A', 'A', 'A', 'A', 'A', 'A', 'A', 'A', 'A', 'A', 'A']	12
ENST00000327220:3	['A', 'A', 'A', 'A']	4
ENST00000327220:8	['A', 'A', 'A', 'A', 'A', 'A', 'A', 'A', 'A', 'A', 'A', 'A', 'A', 'A', 'A', 'A', 'A', 'A', 'A', 'A', 'A', 'A', 'A', 'A', 'A', 'A', 'A', 'A', 'A', 'A', 'A', 'A', 'A', 'A', 'A', 'A', 'A']	37
ENST00000327245:7	['GA', 'GA']	2
ENST00000327304:1	['CTAC']	1
ENST00000327305:2	['AAA', 'AAA', 'AAAA', 'AAA', 'AA', 'AAA', 'AAAA', 'AAA', 'AA', 'AAA', 'AAAA', 'AAAA', 'A', 'AA', 'AA', 'AA', 'AAA', 'AAA', 'AAA', 'AAA', 'AAA', 'AA', 'AAA', 'A', 'AA', 'AAA', 'AAAA', 'AAA', 'AA', 'AAA', 'AAA', 'AA', 'AAA', 'A', 'AA', 'AA', 'AAA', 'AAA', 'AA', 'AA', 'AA', 'A', 'AA', 'AAA', 'AAA', 'AAAA', 'AAA', 'AAA', 'AAA', 'AA', 'AAA', 'AA', 'AAA', 'A', 'AA', 'AAA', 'AAAA', 'AA', 'AA', 'AA', 'AAAA', 'AA', 'AAA', 'AA', 'AA', 'AA', 'A', 'AAAA', 'AAA', 'AA', 'AA', 'AA', 'AAA', 'AA', 'A']	75
ENST00000327305:7	['AAG', 'AAG']	2
ENST00000327331:10	['TTTC', 'TTTC', 'TTC', 'TTTC', 'TTTC', 'TTTC', 'TTTC', 'TTC', 'TTTC', 'TTC', 'TTTC', 'TTTC', 'TTTC', 'TTTC', 'TTTC', 'TTTC', 'TTTC']	17
ENST00000327337:5	['A', 'A', 'A', 'A', 'A', 'A', 'A', 'A', 'A', 'A', 'A', 'A', 'A', 'A', 'A', 'A', 'A', 'A', 'A', 'A', 'A', 'A', 'A', 'A', 'A', 'A', 'A', 'A', 'A', 'A', 'A', 'A', 'A', 'A', 'A', 'A', 'A', 'A', 'A', 'A', 'A', 'A', 'A', 'A', 'A', 'A', 'A', 'A', 'A', 'A', 'A', 'A', 'A', 'A', 'A', 'A', 'A', 'A', 'A', 'A', 'A', 'A', 'A', 'A', 'A', 'A', 'A', 'A', 'A', 'A', 'A', 'A', 'A', 'A', 'A', 'A', 'A', 'A', 'A', 'A', 'A', 'A', 'A', 'A', 'A', 'A', 'A', 'A', 'A', 'A', 'A', 'A', 'A', 'A', 'A', 'A', 'AA', 'A', 'AA', 'A', 'A', 'AA', 'A', 'A', 'A', 'AA', 'A', 'A', 'A', 'A', 'AA', 'A', 'AA', 'A', 'A', 'A', 'A', 'A', 'A', 'A']	120
ENST00000327347:7	['GA']	1
ENST00000327365:4	['G', 'G', 'G', 'G', 'G']	5
ENST00000327374:2	['C', 'C']	2
ENST00000327532:15	['AGGGGGTAA']	1
ENST00000327536:2	['A', 'A']	2
ENST00000327569:22	['A', 'A', 'A', 'A', 'AA', 'AA', 'AA', 'AA', 'A', 'AA', 'AA', 'AA', 'AA', 'AA', 'A', 'AA', 'A', 'AA', 'AA', 'A', 'AA', 'AA', 'AA', 'AA', 'A', 'A', 'AA', 'A', 'A', 'A', 'A', 'A', 'AA', 'AA', 'AA', 'AA', 'A', 'AA', 'AA', 'A', 'AA', 'AA', 'A', 'A', 'AA', 'AA', 'AA', 'AA', 'A', 'A', 'A', 'AA', 'A', 'AA', 'AA', 'AA', 'A', 'A', 'A', 'A', 'A', 'A', 'A', 'AA', 'A', 'AA', 'AA', 'AA', 'A', 'AA', 'A', 'A', 'A', 'A', 'A', 'A', 'A', 'A', 'A', 'A', 'A', 'A', 'A', 'A', 'A', 'AA', 'A', 'A', 'A', 'AA', 'A', 'A', 'A', 'A', 'A', 'A', 'AA', 'A', 'A', 'A']	100
ENST00000327671:4	['GAAGA', 'GAAGA']	2
ENST00000327705:6	['TTTC']	1
ENST00000327757:38	['G', 'G']	2
ENST00000327757:51	['C', 'C']	2
ENST00000327987:2	['G', 'G']	2
ENST00000328046:2	['A', 'A']	2
ENST00000328111:17	['TT', 'TT', 'TT', 'TT', 'TT', 'TT', 'TT', 'TT', 'TT', 'TT']	10
ENST00000328194:4	['CAA']	1
ENST00000328194:6	['A', 'A', 'A', 'A']	4
ENST00000328195:6	['G', 'G']	2
ENST00000328299:3	['GA']	1
ENST00000328333:107	['A', 'A', 'A', 'A', 'A', 'A', 'A', 'A']	8
ENST00000328333:56	['G', 'G']	2
ENST00000328405:3	['CAGA', 'CAGA']	2
ENST00000328459:13	['A', 'A']	2
ENST00000328649:4	['AGAG', 'AGAG', 'AGAG', 'AGAG']	4
ENST00000328655:2	['GCC']	1
ENST00000328736:11	['A', 'A', 'A', 'A']	4
ENST00000328827:6	['A', 'A', 'A', 'A', 'A', 'A', 'A', 'A', 'A', 'A', 'A', 'A', 'A', 'A', 'A', 'A', 'AA', 'AA', 'A', 'AA', 'A', 'A', 'A', 'A', 'A', 'A', 'A', 'A', 'A', 'A', 'A', 'A', 'A', 'A', 'A', 'A', 'A', 'A', 'AA', 'A', 'A', 'A', 'A', 'A', 'A', 'A', 'A', 'A', 'A', 'A', 'A', 'A', 'A', 'A', 'A', 'A', 'A', 'A', 'A', 'A', 'A', 'A', 'A', 'A', 'A', 'A', 'A', 'A', 'A', 'A', 'A', 'A', 'A', 'A', 'A', 'A', 'A', 'A', 'A', 'A', 'A', 'A', 'A', 'A', 'A', 'A', 'A', 'A', 'A', 'A', 'A', 'A', 'A', 'A', 'A', 'A', 'A', 'A', 'A', 'A', 'A', 'A', 'A', 'A', 'A', 'A', 'A', 'A', 'A', 'A', 'A', 'A', 'A', 'A', 'A', 'A', 'A', 'A', 'A', 'A', 'A']	121
ENST00000328850:15	['G', 'G', 'G', 'G', 'G', 'G']	6
ENST00000328850:3	['G', 'G']	2
ENST00000328867:14	['CCT', 'CCT']	2
ENST00000328902:1	['AAAAAAAAAA', 'AAAAAAAAAA', 'AAAAAAA', 'AAAA', 'AAAAAAA', 'AAAAAAA', 'AAAAAA', 'AAAAAAAAAAA', 'AAAAAAAAAA', 'AAAAAAAAAA', 'AAAAAAAA', 'AAAA', 'AAA', 'A', 'AAAAA', 'AAAAAAAA', 'AAAAAAAA', 'AAAAAAAA', 'AAAAAAAAAA', 'AAAAAAAA', 'AAAAAAAAA', 'AAAAAAAA', 'AAAAAAA', 'AAAAAAAA', 'AAAAAAA', 'AAAAAAAAA', 'AAAAAAA', 'AAAAAAAAA', 'AAAAAAAA', 'AAAAAAAA', 'AAAAAAAA', 'AC', 'AAAAAAAAA', 'AAAAA', 'AAAAAAAA', 'AAAA', 'AAAAAAAA', 'AAAAAAAAAAA', 'AAAAAA', 'AAAAAAAA', 'AAAAAA', 'AAAAAAAA', 'AAAAAAA', 'AAAAAAAAA', 'AAAAAAAAA', 'AAAAAAAAA', 'AAAAAAAAAAA', 'AAAAAAAAAA', 'AAAAAAAA', 'AAAAAAAA', 'AAAAA', 'AAAAAAAAAAA', 'AAAAAAAAAA', 'AAAAAAAAAA', 'AAAAAAAA', 'AAAAAAAA', 'AAAAAAA', 'AAAA', 'AAAAAAAA', 'AAAAAAAA', 'AAAAAAAAAA', 'AAAAAAA', 'AAAAAAA', 'AAAAAAA', 'AAAAAAAA', 'AAAAAAAAAAA', 'AAAAAAAAA', 'AAAAAAAAAA', 'AAAAAAA', 'AAAAAA', 'AAAAAA', 'AAAAAAA', 'AAAAAAAAA', 'AAAAAAAAA', 'AA', 'AAAAAAAA', 'AAAAAAAAAA', 'AAAA', 'AAAAAAA', 'AAAAAAAAA', 'AAAAAAAA', 'AAAAAAA', 'AAAAAAAAA', 'AAAAAAA', 'AAAAAAAAA', 'AAAAAAAA', 'AAAAAAA', 'AAAAAAAA', 'AAAAA', 'AAAAAAAA', 'AAAAAAA', 'AAAAAAA', 'AAAAAAAAA', 'AAAAAAA', 'AAAAAA', 'AAAAAAA', 'AAAAAAA', 'AAAAAAAAA', 'AAAAAAA', 'AAAAAAA', 'AAAAAAAAAAA', 'AAAAA', 'AAAAAAAAA', 'AAAAAAA', 'AAAAAAAAAA', 'AAAAAAAAAAA', 'AAAAAA', 'AAAAAAAAA', 'AAAAAAAAAAAA', 'AAAAAAA', 'AAAAAA', 'AAAAAAAA', 'AAAAAAAA', 'AAAAA', 'AAAAA', 'AAAAAAA', 'AAA', 'AAAAAAA', 'AAAAAAAAAA', 'AAAAAAA', 'AAAAAAA', 'AAAAA', 'AAAAAAAA', 'AAAAAAAAA', 'AAAAAAAAA', 'AAAAAA', 'AAAAAAAAAAAA', 'AAAAAAAA', 'AAAAAAA', 'AAAAAA', 'AAAAAAA', 'AAAAAA', 'AAAAAAAAA', 'AAAAAAAA', 'AAAAAAA', 'AAAAAAAA', 'AAAAAAAAAAA', 'AAAAAAA', 'AAAAAAA', 'AAAAAAA', 'AAAAAAAAAA', 'AAAAAA', 'AAAAAAAA', 'AA', 'AAAAAAAA', 'AAAAAAAA', 'AAAAAA', 'AA', 'AAAAAAAAAAAA', 'AAAAAAAAAA', 'AAAAAAAA', 'AAAAAAAAAAAA', 'AAAAAAAAAAAA', 'AAAAAAAA', 'AAAAAAAAAA', 'AAAAAAAAAAAA', 'AAAAAAAA', 'AAAAAAAAAAAAA', 'AAAAAAAAAAAA', 'AAAAAAAAAAAA', 'AAAAAAAAAAAAA', 'AAAAAAAAAA', 'AAAAAAAAA', 'AAAAAAAA', 'AAAAAAAAA', 'AAAAAAAAA']	166
ENST00000328923:6	['GG', 'G', 'G', 'GG', 'G', 'G', 'G', 'G', 'G', 'G', 'G', 'GG', 'G', 'G', 'G', 'G', 'G', 'G', 'G']	19
ENST00000329043:12	['A', 'A', 'A', 'A', 'A', 'A', 'A', 'A', 'A', 'A', 'A', 'A', 'A']	13
ENST00000329043:16	['A', 'A']	2
ENST00000329276:2	['C', 'C', 'C', 'C', 'C', 'C', 'C', 'C', 'C', 'C', 'C', 'C']	12
ENST00000329281:4	['T', 'T']	2
ENST00000329286:5	['A', 'A', 'A', 'A', 'A', 'A', 'A', 'A', 'A', 'A', 'A', 'A']	12
ENST00000329399:1	['A', 'A', 'A', 'A', 'A', 'A', 'A', 'A']	8
ENST00000329734:3	['AGAG', 'AGAG']	2
ENST00000329758:5	['AA', 'A', 'A', 'A', 'AAA', 'AAAA', 'AAA', 'A', 'AAA', 'AA', 'A', 'AA', 'A', 'AA', 'AA', 'AA', 'AA', 'AA', 'AAAA', 'AA', 'AA', 'AAA', 'A', 'AAA', 'AA', 'AAA', 'A', 'AA', 'AA', 'AA', 'AA', 'AA', 'AAA', 'AAA', 'AAAA', 'AAA', 'AA', 'AA', 'AA', 'AA', 'AA', 'AAA', 'AAA', 'AA', 'A', 'AAA', 'A', 'AA', 'AAA', 'AA', 'AA', 'AAA', 'AA', 'AAA', 'AA', 'AA', 'AA', 'A', 'A', 'A', 'AA', 'AAA', 'AA', 'AA', 'AAA', 'A', 'AA', 'AA', 'AAA', 'AA', 'AAA', 'A', 'AA', 'A', 'AAA', 'AAA', 'AAAA', 'A', 'AAAAA', 'AAA', 'AAA', 'AAA', 'AAA', 'AA', 'AAA', 'A', 'AA', 'AAAA', 'AA', 'AAA', 'AA', 'A', 'A', 'AA']	94
ENST00000329758:7	['AA', 'AA', 'AA', 'AAAA', 'AAA', 'AAAA', 'AAA', 'AAA', 'AAA', 'AAAAA', 'AAA', 'AA', 'AAA', 'AA', 'AAAA', 'AAAA', 'AAAA', 'AAA', 'AAA', 'A', 'AA', 'AAA', 'AA', 'AAA', 'AAAA', 'AAAA', 'AAAA', 'AAA', 'AAAA', 'AAAAA', 'AAA', 'AA', 'AAA', 'AA', 'AAA', 'AAAA', 'AAA', 'AAA', 'AAA', 'AAA', 'A', 'AAA', 'AAA', 'AAAA', 'AAA', 'AAAA', 'AAAA', 'A', 'AA', 'AAA', 'AAA', 'AAA', 'AA', 'A', 'AAA', 'AA', 'AAAA', 'AAA', 'AAAA', 'AA', 'AAAA', 'AA', 'AA', 'AAA', 'A', 'A', 'AA', 'AA', 'A', 'A']	70
ENST00000329798:1	['A', 'A', 'A', 'AA', 'A', 'A', 'A', 'A']	8
ENST00000329862:4	['A', 'A']	2
ENST00000329962:6	['C', 'C']	2
ENST00000330149:5	['A', 'A', 'AA', 'AA', 'AAA', 'AA', 'AA', 'AA', 'AA', 'A', 'AA', 'AA', 'AA', 'AAAA', 'AA', 'AA', 'A', 'A', 'AA', 'AA', 'AA', 'AA', 'AA', 'AA', 'AA', 'AA', 'AA', 'AA', 'AA', 'A', 'A', 'A', 'AA', 'AA', 'A', 'A', 'AA', 'A', 'AA', 'AA', 'AAA', 'AA', 'A', 'AA', 'AA', 'AAA', 'AA', 'AA', 'AAA', 'A', 'A', 'AA', 'AAA', 'AA', 'A', 'A', 'A', 'A', 'A', 'A', 'A', 'AA', 'AA', 'A', 'AAA', 'A', 'A', 'A', 'A', 'A', 'A', 'AA', 'A', 'A', 'A', 'A']	76
ENST00000330175:6	['AGAG', 'AGAG']	2
ENST00000330198:13	['G']	1
ENST00000330436:2	['G', 'G']	2
ENST00000330436:4	['TGGCTGCA']	1
ENST00000330494:2	['T']	1
ENST00000330494:5	['G', 'G', 'G', 'G', 'G', 'G', 'G', 'G', 'G', 'G', 'G', 'G']	12
ENST00000330498:4	['C', 'C']	2
ENST00000330540:2	['T', 'T']	2
ENST00000330684:5	['G', 'G']	2
ENST00000330720:2	['G', 'G']	2
ENST00000330722:1	['AAA', 'AAA', 'AAA', 'AAA', 'AAA', 'AAA', 'AAA', 'AAA']	8
ENST00000330843:5	['G', 'G']	2
ENST00000330877:11	['C', 'C']	2
ENST00000330964:2	['A', 'AA', 'AAA', 'AAAAA', 'AAA', 'AAA', 'AA', 'AA', 'AAA', 'AA', 'AA', 'AA', 'AA', 'AAA', 'AAA', 'AAAA', 'AA', 'AA', 'AAA', 'AAAA', 'AAAA', 'AA', 'AA', 'AA', 'A', 'AAA', 'AAA', 'AA', 'AA', 'AAAA', 'AA', 'AAA', 'AA', 'AAA', 'AAA', 'AAA', 'AA', 'AAA', 'A', 'AA', 'AAA', 'AA', 'AA', 'AA', 'AA', 'AA', 'AA', 'AAAAA', 'A', 'AA', 'AA', 'AAAA', 'A', 'A', 'AA', 'AA', 'AA', 'AA', 'A', 'AAAA', 'AAA', 'AAA', 'AA', 'AAA', 'AAAA', 'AA', 'AAA', 'AAA', 'AAAA', 'AAA', 'AA', 'AA', 'AA', 'AAAAA', 'AAA', 'A', 'AAAA', 'AA', 'AA', 'AA', 'AAAAA', 'AA', 'AA', 'AAAAA', 'AAA', 'A', 'A', 'AA', 'AA', 'A', 'AA', 'A', 'AAA', 'AA', 'AA', 'A', 'AAA', 'AA', 'A', 'A', 'A', 'AA', 'A', 'AA', 'AAA', 'AA', 'AAAA', 'AA', 'AA', 'AAA', 'A', 'A', 'AAA', 'AA', 'AA', 'AA', 'AA', 'A', 'AA', 'A', 'AAA', 'AAA', 'AAA', 'AA', 'AAAAA', 'AA', 'AA', 'AAA', 'AA', 'AA', 'AA', 'AA', 'AAA', 'A', 'A', 'A', 'AA', 'AAA', 'AA', 'AA', 'AA', 'AA', 'AAA', 'AA', 'AA', 'A', 'A', 'AA', 'A', 'AA', 'A', 'A', 'AAA', 'AA', 'AA', 'AAA', 'A', 'AAAA', 'AAA', 'AA', 'A', 'AA', 'AAAA', 'A', 'AA', 'AA']	166
ENST00000331113:5	['C']	1
ENST00000331134:9	['A', 'A', 'A', 'A', 'A', 'A']	6
ENST00000331161:5	['AA', 'AA', 'AA', 'AAA', 'AAA', 'AA', 'AAAA', 'A', 'AA', 'A', 'AAA', 'AAA', 'A', 'AAA', 'AAA', 'AAA', 'AAA', 'AA', 'AA', 'AAAA', 'AAAA', 'AA', 'AAAAA', 'AAA', 'AAA', 'AA', 'AAAA', 'AAAAA', 'AAA', 'AAAA', 'AAAAAA', 'AA', 'A', 'AAAAA', 'AAAA', 'AAAA', 'AAAAAA', 'AAAA', 'AAAAA', 'AA', 'AA', 'AAA', 'AAA', 'AA', 'AAAA', 'AAAA', 'AAA', 'AAA', 'AAA', 'AAAA', 'AAA', 'AA', 'AAAAA', 'A']	54
ENST00000331203:1	['CAGTGTCCCTCCCGCCTCTCTCCAGGC', 'CAGTGTCCCTCCCGCCTCTCTCCAGGC']	2
ENST00000331320:14	['G', 'G', 'G', 'G', 'G', 'G', 'G', 'G', 'G', 'G', 'G', 'G', 'G', 'G', 'G', 'G', 'G', 'G', 'G', 'G', 'G', 'G', 'G', 'G', 'G', 'G', 'G', 'G', 'G', 'G', 'G', 'G', 'G', 'G', 'G', 'G', 'G', 'G', 'G', 'G', 'G', 'G', 'G', 'G', 'G', 'G', 'G', 'G', 'G', 'G', 'G', 'G', 'G', 'G', 'G', 'G', 'G', 'G']	58
ENST00000331366:12	['A', 'A']	2
ENST00000331397:1	['AG', 'AG', 'AG', 'AG', 'AG', 'AG', 'AG']	7
ENST00000331397:15	['AAA', 'AA', 'A', 'AA', 'AA', 'AAA', 'AA', 'A', 'AA', 'AAAA', 'AAA', 'A', 'AAAA', 'AAAA', 'AAA', 'A', 'AAAA', 'A', 'A', 'AAA', 'AAA', 'AAA', 'AA', 'AA', 'AA', 'AAAA', 'AAA', 'AA', 'AAA', 'AAAA', 'AAAA', 'AAAA', 'A', 'A', 'A', 'AAA', 'AAA', 'AAAA', 'AA', 'A', 'A', 'AAA', 'A', 'AA', 'AAA', 'AA']	46
ENST00000331397:20	['A', 'A']	2
ENST00000331457:8	['CCATGCAGTG', 'CCATGCAGTG']	2
ENST00000331536:5	['TAA']	1
ENST00000331597:4	['AA', 'AA', 'AA', 'AA', 'A', 'AA', 'AAAA', 'AA', 'AA', 'AAA', 'AA', 'AAA', 'AA', 'AAA', 'A', 'A', 'AA', 'A', 'AAA', 'AA', 'AA', 'AA', 'A', 'AAA', 'AA', 'AAA', 'A', 'AAAA', 'AAA', 'AAA', 'AA', 'AA', 'AAA', 'AAAA', 'AAAA', 'AAAA', 'AA', 'AAA', 'A', 'A', 'AA', 'A', 'A', 'A', 'A', 'AA', 'A']	47
ENST00000331597:9	['AA', 'AA', 'AA', 'A', 'AA', 'AA', 'AA', 'AA', 'AA', 'AA', 'AA', 'AA', 'AA', 'AA', 'AA', 'AA', 'AA', 'AA', 'AA', 'AA', 'AA', 'AA', 'AA', 'AA', 'A', 'AA', 'AA', 'AA', 'A', 'AA', 'A', 'AA', 'AA', 'AA', 'AA', 'AAA', 'AA', 'AA', 'A', 'AA', 'AA', 'AA', 'A', 'AA', 'AA', 'AA', 'AA', 'AA', 'AA', 'AA', 'A', 'A', 'A', 'A', 'A', 'A', 'A', 'A', 'A', 'A', 'A', 'A', 'A', 'A', 'A', 'AA', 'A', 'A', 'A', 'A', 'A', 'A', 'A', 'A', 'A', 'A', 'A', 'A', 'A', 'A', 'AA', 'A', 'A', 'A', 'A', 'AA', 'AA', 'A', 'AA', 'A', 'A', 'A', 'A', 'A', 'AA', 'A', 'A', 'A', 'A', 'A', 'A', 'A', 'A', 'A', 'A', 'A', 'A', 'AA', 'A', 'A', 'A', 'AA', 'A', 'AAA', 'AA', 'AA', 'A', 'AA', 'AA', 'A', 'A', 'A', 'A', 'AA', 'A', 'A', 'A', 'A', 'A', 'AA', 'A', 'A', 'A', 'A', 'A', 'A', 'A', 'A', 'A', 'A', 'A', 'AA', 'A', 'AA', 'A', 'A', 'A', 'A', 'A', 'A', 'A', 'A', 'A', 'A', 'A', 'A', 'A', 'AA', 'A']	159
ENST00000331768:4	['A']	1
ENST00000331780:2	['AGAC', 'AGAC', 'AGAC', 'AGAC', 'AGAC', 'AGAC', 'AGAC', 'AGAC', 'AGAC', 'AGAC', 'C']	11
ENST00000331789:5	['AGGGA', 'AGGGA']	2
ENST00000331817:2	['C']	1
ENST00000331825:3	['GTACGTACCCGCTGCATCCATGGCTACCCAACCATACCCCTCAAGCCTCTGCTCCCTTTGGGCAAATTTCCTTCAGAGCCTCATTTCACACCTGTCACATTTTAATCTGCAACTGGCTGCTCTCTCCCCCTCTTTTCCAGGGATTGGGTTTCTAATTTCTCCCTCTTCTCTCTCAG']	1
ENST00000331890:6	['G', 'G']	2
ENST00000331920:16	['A', 'A']	2
ENST00000331923:14	['A', 'A', 'A', 'A', 'A', 'A', 'A', 'A', 'A', 'A', 'A', 'A', 'A', 'A', 'A', 'A', 'A', 'A', 'A', 'A', 'A', 'A', 'A', 'A', 'A', 'A', 'A', 'A', 'A', 'A', 'A', 'A', 'A', 'A', 'A', 'A', 'A', 'A', 'A', 'A']	40
ENST00000331923:5	['A']	1
ENST00000332070:6	['A', 'A', 'A', 'A', 'A', 'A', 'A', 'A', 'A', 'A', 'A', 'A', 'A', 'A', 'A', 'A', 'A']	17
ENST00000332131:6	['AGAA']	1
ENST00000332142:9	['A', 'GAGG', 'A']	3
ENST00000332149:1	['AAGA', 'AAGA']	2
ENST00000332408:5	['A', 'A']	2
ENST00000332624:15	['AAA', 'AA', 'AAAAAA', 'AA', 'AAAAA', 'AAAAAA', 'AAAA', 'AAAAAAA', 'AAAAA', 'AAAAA', 'AAAAA', 'AAAAA', 'AAAAA', 'AAAAA', 'AAA', 'AAAA', 'AAAAA', 'AAAAA', 'AA', 'AAA', 'AAAAAAA', 'AAA']	22
ENST00000332780:5	['CTT']	1
ENST00000332826:11	['G']	1
ENST00000332826:9	['G', 'G', 'G', 'G', 'G', 'G', 'G', 'G', 'G', 'G', 'G', 'G', 'G', 'G', 'G']	15
ENST00000332830:13	['GAG', 'GAG', 'GAG', 'GAG']	4
ENST00000332830:14	['A']	1
ENST00000332839:3	['A', 'A', 'A', 'A', 'A', 'A']	6
ENST00000332958:15	['A', 'A']	2
ENST00000333003:13	['A', 'A']	2
ENST00000333003:3	['AAAAAAAA', 'AAAA', 'AAAAA', 'AAAAAA', 'AAAAAA', 'AAAAA', 'AA', 'AAAAA', 'AAAAAA', 'AAAAAAA', 'AAAAAAAA', 'AAAAAAA', 'AAAAAA', 'AAAAAAA', 'AAAAAA', 'AAAAAA', 'AAAAAA', 'AAAAAAA', 'AAAAAAA', 'AAAAAAA', 'AAAAAA', 'AAAAAA', 'AAAAAAA', 'AAAAAA', 'AAAAA', 'AAAAA', 'AAAAAAA', 'AAAAAAA', 'A', 'AAAAAAAA', 'AAAAAAA', 'AAAAAAAA', 'AAAAA', 'AAAAA', 'AA', 'AAAAAAA', 'AAAAAAA', 'AAAAAAAAA', 'AAAAAAAA', 'AAAAAA', 'AAAAAAAA', 'AAAAAAAA', 'AAAAAAA', 'AAAAAAAA', 'AAAAAAAA', 'AAAAAAA', 'AAAAAA', 'AAAAAAAA', 'AAAAAAAAA']	49
ENST00000333003:7	['A', 'A', 'A', 'A', 'A', 'A', 'A', 'A', 'A', 'A', 'A', 'A', 'A', 'A', 'A', 'A', 'A', 'A', 'A', 'A', 'A', 'A', 'A', 'A', 'A', 'A', 'A', 'A', 'A', 'A', 'A', 'A']	32
ENST00000333188:10	['A', 'A']	2
ENST00000333202:4	['AA', 'AA', 'A', 'AA', 'AA', 'AA', 'AA', 'AA', 'AAA', 'AA', 'AAA', 'A', 'AAA', 'AA', 'AA', 'AAA', 'A', 'AA', 'AA', 'A', 'AA', 'AA', 'A', 'AAA', 'AA', 'AA', 'AA', 'AAA', 'AAA', 'AA', 'AA', 'A', 'A', 'AA', 'AAA', 'A', 'AAA', 'A', 'A', 'AA', 'AA', 'AA', 'AA', 'AA', 'A', 'A', 'A', 'A', 'A', 'A', 'A', 'A', 'A', 'A', 'AA', 'A', 'A', 'AA', 'A', 'A', 'A', 'A', 'A']	63
ENST00000333229:34	['A', 'A']	2
ENST00000333229:9	['AAG', 'AAG']	2
ENST00000333274:2	['T', 'T']	2
ENST00000333371:17	['GAA', 'GAA']	2
ENST00000333493:2	['G', 'G']	2
ENST00000333651:4	['C', 'C', 'C', 'C', 'C']	5
ENST00000333850:10	['T', 'T', 'T', 'T']	4
ENST00000333870:2	['T', 'T', 'T', 'T', 'T', 'T', 'T', 'T']	8
ENST00000333891:18	['A', 'A', 'A', 'A', 'A', 'A', 'A', 'A', 'A', 'A']	10
ENST00000333891:24	['A']	1
ENST00000333891:3	['A', 'A', 'A', 'A', 'A', 'A']	6
ENST00000334082:4	['A', 'A', 'A', 'A', 'A', 'A', 'A', 'A']	8
ENST00000334082:5	['A']	1
ENST00000334126:14	['AG', 'AG', 'AG', 'AG']	4
ENST00000334126:28	['AAAA', 'AAA', 'AAAA', 'AAA', 'AAA', 'AAAA', 'AAA', 'AAAAAA', 'AAAAAA', 'AAAAA', 'AAAA', 'AAAAA', 'AAAAA', 'AA', 'AAAA', 'AAAA', 'AAA', 'AAAAA', 'AAAAAAA', 'AAA', 'AAAA', 'AAA', 'AAAA', 'AAAA', 'AAAA', 'AAA', 'AAAA', 'AA', 'AAA', 'AAAAAAAA', 'AAAA', 'AAAA', 'AAA', 'AAAAA', 'A', 'AAAAAA', 'AAAAA', 'AAAA', 'AAA', 'AAAA', 'AAAAA', 'AAAA', 'AAA', 'AAAA', 'AAAA', 'AAAA', 'AAAA', 'AAAAAA', 'AA', 'AAA', 'AAAAA', 'AAAAAA', 'AAAA', 'AAAAA', 'AAAAAA', 'AAA', 'AAAA', 'AAAA', 'AAAAAA', 'AAAAA', 'AA', 'A', 'AAA', 'AAA', 'AAAA', 'AAAAA', 'AAAA', 'AAA', 'AAAA', 'AAA', 'AAAA', 'AAAA', 'AAAA', 'AAAA', 'AAA', 'AAAAA', 'AAAAA', 'AAAAAA', 'AAAAAAA', 'AAAA', 'AAAAA', 'AAAA', 'AAAAA', 'AAAAA', 'AAAAAA', 'AAAA', 'AAAAA', 'AAAA', 'AA', 'AAAAAA', 'AAAA', 'AAAAA', 'AAAAA', 'AAA', 'AAAA', 'AA', 'A', 'AAAA', 'A', 'AAA', 'AAAAA', 'AA', 'AA', 'AAAAAA', 'AAAAA', 'AAAA']	106
ENST00000334126:4	['T', 'T', 'T', 'T']	4
ENST00000334197:3	['TG']	1
ENST00000334205:11	['C', 'C']	2
ENST00000334218:10	['A', 'A', 'A', 'A', 'A', 'A', 'A', 'A', 'A', 'A', 'A', 'A', 'A', 'A', 'A', 'A', 'A', 'A', 'A', 'A', 'A', 'A']	22
ENST00000334232:3	['C', 'C', 'C', 'C']	4
ENST00000334256:1	['A', 'A']	2
ENST00000334256:16	['A', 'A', 'A', 'A', 'A', 'A', 'A', 'A']	8
ENST00000334256:2	['AAAAAAAA', 'AAAAAA', 'AA', 'AAAAAAA', 'AAAAAAA', 'AAAA', 'AAAAAAA', 'A', 'AA', 'AAAAA', 'AAAAAAAAA', 'AAAAAA', 'AAAAAAA', 'AAAAAAAAA', 'AAAAAAA', 'AAAA', 'AAAAAAA', 'AA', 'AA', 'AAAAAA', 'AA', 'AA', 'AAAAA', 'AAAAAAA', 'AA', 'AAAAAAA', 'AAAA', 'AAAAAAA', 'AAAAAA', 'AAAAAAA', 'AAAAAA', 'A', 'AAAAAAAA', 'AAAAAAA', 'AA', 'AAAAAAAAA', 'AAAAAAA', 'AAAAAAAA', 'A', 'AAAAAAAAAA', 'AAAAAA', 'AA', 'AAAAAA', 'AAAAAA', 'AA', 'AAAAAAAA', 'AAAAAAA', 'AAAAAA', 'A', 'AAAAA', 'AAAAAAAAAA', 'AAAAA', 'AAAAAAAAA', 'AAA', 'AA', 'AAAAAA', 'AAAAAAAA', 'AA', 'AAAAAA', 'AAAAA', 'AAA', 'AAAAA', 'AAAAAA', 'AAAAAA', 'AAA', 'AAAAA', 'AAAAA', 'AAAAA', 'AAAA', 'AAAAAAAAAAA', 'AAAAAAAA', 'AAAAAA', 'AAAAAAAA', 'AAAAAAAAAA', 'AAAAAAAAA', 'AAAAAA', 'AAAAAAAAA', 'AAAAAAAAAAA', 'AAAAAAA', 'AAAAAAAA', 'AAAAAAAAA', 'AAAAAAAA', 'AAAAAA', 'AAAAAA', 'AAAAAAA', 'AAAAAAAAAAA', 'AAAAAA', 'AAAAAAAA', 'AAAAAAAAA', 'AAAAAAAAA', 'AAAAAAAAA', 'AAAAA', 'AAAAAA', 'AAAAAAAA', 'AAAAAAAAAA', 'AAAAAAAAAAA', 'AAAAAA', 'AAAAAAAAAAAA', 'AAAAAAAA', 'AAAAAAAAA', 'AAAAAAA', 'AAAA', 'AAAAAAA', 'AAAAAAAA', 'AAAAAAAAA', 'AAAAAAAAAAA', 'AAAAAAA', 'AAAAAAAAAAAAA', 'AAAAAAAAA', 'AAAAAAAA', 'AAAAAAAAAAA', 'AAAAAAAA', 'AAAAAAAA', 'AAAAAAAAA', 'AAAAAAAAAAAA', 'AAAAAAAAAAAA', 'AAAAAAA', 'AAAAA', 'AAAAAA', 'AAAAAA', 'AAAAAAAA', 'AAAAAAAAAA', 'AAAAAAAAA', 'AAAAAAAAA', 'AAAAAAAAAAAA', 'AAAAAAAAA', 'AAAAAAAAAAA']	127
ENST00000334256:3	['A', 'A']	2
ENST00000334256:6	['A', 'A', 'A', 'A', 'A', 'A', 'A', 'A', 'A', 'A', 'A', 'A', 'A', 'A', 'A', 'A', 'A', 'A', 'A', 'A', 'A', 'A', 'A', 'A', 'A', 'A', 'A', 'A', 'A', 'A', 'A', 'A', 'A', 'A', 'A', 'A', 'A', 'A', 'A', 'A', 'A', 'A', 'A', 'A', 'A', 'A', 'A', 'A', 'A', 'A', 'A', 'A', 'A', 'A', 'A', 'A', 'A', 'A', 'A', 'A', 'A', 'A', 'A', 'A', 'A', 'A', 'A', 'A', 'A', 'A', 'A', 'A', 'A', 'A', 'A', 'A', 'A', 'A', 'A', 'A', 'A', 'A', 'A', 'A', 'A', 'A', 'A', 'A', 'A', 'A', 'A', 'A', 'A', 'A', 'A', 'A', 'A', 'A', 'A', 'A', 'A', 'A', 'A', 'A', 'A', 'A', 'A', 'A', 'A', 'A', 'A', 'A', 'A', 'A', 'A', 'A', 'A', 'A', 'A', 'A', 'A', 'A', 'A', 'A', 'A', 'A', 'A', 'A', 'A', 'A', 'A', 'A', 'A', 'A', 'A', 'A', 'A', 'A', 'A', 'A', 'A', 'A', 'A', 'A', 'A', 'A', 'A', 'A', 'A', 'A', 'A', 'A', 'A', 'A', 'A', 'A', 'A', 'A', 'A', 'A', 'A', 'A', 'A', 'A', 'A', 'A', 'A', 'A', 'A', 'A', 'A', 'A', 'A', 'A', 'A', 'A', 'A', 'A', 'A', 'A', 'A', 'A', 'A', 'A', 'A', 'A', 'A', 'A', 'A', 'A', 'A', 'A', 'A', 'A', 'A', 'A', 'A', 'A', 'A', 'A', 'A', 'A', 'A', 'A', 'A', 'A', 'A', 'A', 'A', 'A', 'A', 'A', 'A', 'A', 'A', 'A', 'A', 'A', 'A', 'A', 'A', 'A', 'A', 'A', 'A', 'A', 'A', 'A', 'A', 'A', 'A', 'A', 'A', 'A', 'A', 'A', 'A', 'A', 'A', 'A', 'A', 'A', 'A', 'A', 'A', 'A', 'A', 'A', 'A', 'A', 'A', 'A', 'A', 'A', 'A', 'A', 'A', 'A', 'A', 'A', 'A', 'A', 'A', 'A', 'A', 'A', 'A', 'A', 'A', 'A', 'A', 'A', 'A', 'A', 'A']	275
ENST00000334256:8	['A', 'A', 'A', 'A', 'A', 'A']	6
ENST00000334258:9	['C']	1
ENST00000334268:33	['AA', 'A', 'AA', 'AA', 'AA', 'AAA', 'AAA', 'AA', 'AA', 'AA', 'A', 'AA', 'A', 'AA', 'A', 'AA', 'A', 'AA', 'A', 'AA', 'A', 'AAA', 'AAA', 'AAAAA', 'AA', 'A', 'AA', 'AA', 'AAA', 'A', 'AA', 'A', 'AA', 'AA', 'AA', 'AAAA', 'AAA', 'AAA', 'AA', 'AAA', 'AA', 'A', 'AA', 'AA', 'A', 'AAA', 'AA', 'AA', 'A', 'A']	50
ENST00000334274:7	['TCTATTCA', 'ACAG', 'TCTATTCA', 'ACAG']	4
ENST00000334287:3	['C', 'C']	2
ENST00000334289:7	['AA', 'A', 'A', 'A', 'A', 'A', 'A', 'A', 'A', 'A', 'A', 'A', 'AA', 'A', 'A', 'A', 'A', 'A', 'A', 'A', 'A', 'A', 'A', 'A', 'A', 'A', 'A', 'A', 'A', 'A', 'A', 'A', 'A', 'A', 'A', 'A', 'A', 'A']	38
ENST00000334289:8	['A', 'A', 'A', 'A']	4
ENST00000334307:5	['ATAG', 'ATAG']	2
ENST00000334352:6	['TAATT']	1
ENST00000334463:1	['A', 'A', 'A', 'A', 'A', 'A', 'A', 'A', 'A', 'A', 'A', 'A', 'A', 'A', 'A', 'A', 'A', 'A', 'A', 'A', 'A', 'A', 'A', 'A', 'A', 'A', 'A', 'A', 'A', 'A', 'A', 'A', 'A', 'A', 'A', 'A', 'A', 'A', 'A', 'A', 'A', 'A', 'A', 'A', 'A', 'A', 'A', 'A', 'A', 'A', 'A', 'A', 'A', 'A', 'A', 'A', 'A', 'A', 'A', 'A', 'A', 'A', 'A', 'A', 'A', 'A', 'A', 'A', 'A', 'A', 'A', 'A', 'A', 'A', 'A', 'A', 'A', 'A', 'A', 'A', 'A', 'A', 'A', 'A', 'A', 'A', 'A', 'A', 'A', 'A', 'A']	91
ENST00000334497:8	['GGGA', 'GGGA', 'GGGAGGGA', 'GGGA', 'GGGA', 'GGGAGGGA', 'GGGAGGGA', 'GGGAGGGA', 'GGGAGGGA', 'GGGAGGGA', 'GGGAGGGA', 'GGGA', 'GGGAGGGA', 'GGGAGGGA', 'GGGA', 'GGGAGGGAGGGA', 'GGGA', 'GGGAGGGA', 'GGGA', 'GGGA', 'GGGA', 'GGGAGGGA', 'GGGAGGGA', 'GGGA']	24
ENST00000334574:7	['A', 'A', 'A', 'A', 'A', 'A', 'A', 'A', 'A', 'A', 'A', 'A', 'A', 'A', 'A', 'A', 'A', 'A', 'A', 'A', 'A', 'A', 'A', 'A', 'A', 'A', 'A', 'A', 'A', 'A', 'A', 'A', 'A', 'A', 'A', 'A', 'A', 'A', 'A', 'A', 'A', 'A', 'A', 'A', 'A', 'A', 'A', 'A', 'A', 'A', 'A', 'A', 'A', 'A', 'A', 'A', 'A', 'A', 'A', 'A', 'A', 'A', 'A', 'A', 'A', 'A', 'A', 'A', 'A', 'A', 'A', 'A', 'A', 'A', 'A', 'A', 'A', 'A', 'A', 'A', 'A', 'A', 'A', 'A', 'A', 'A', 'A', 'A', 'A', 'A', 'AA', 'A', 'A', 'A', 'A', 'A', 'A', 'A', 'A', 'A', 'A', 'A', 'A', 'A', 'A', 'A', 'A', 'A', 'A', 'A', 'A', 'A', 'A', 'A', 'A', 'A', 'A', 'A', 'A', 'A', 'A', 'A', 'A', 'A', 'A', 'A', 'A', 'A', 'A', 'A', 'A', 'A', 'A', 'A', 'A', 'A', 'A', 'A', 'A', 'A', 'A', 'A']	142
ENST00000334598:3	['AAAAAA', 'AA', 'AA', 'AAA', 'AA', 'AAA', 'AAA', 'AAA', 'AA', 'AA', 'AAAA', 'AA', 'AAA', 'AA', 'AA', 'AA', 'A', 'AAAA', 'AA', 'AAA', 'AA', 'AA', 'AAA', 'AAA', 'A', 'AAA', 'A', 'AAAAA', 'AA', 'AA', 'A', 'AA', 'AAAAA', 'AAAA', 'AAA', 'A', 'AA', 'AAA', 'AAA', 'AAAAAAA', 'AA', 'AA', 'AA', 'AAA', 'AA', 'A', 'AA', 'AAAA', 'AA', 'AAAAAA', 'A', 'A', 'AA', 'AAAAA', 'AAA', 'AAA', 'AA', 'AAAA', 'AA', 'AA', 'AA', 'A', 'AAAAAAA', 'AAAA', 'AA', 'AAA', 'AAA', 'AAAA', 'AA', 'AA', 'AAAA', 'AAA', 'A', 'AAAA', 'A', 'AA', 'AA', 'AAA', 'AAAA', 'A', 'AAA', 'AAA', 'A', 'AA', 'A', 'AAA', 'AAAAA', 'AAAA', 'AAAA', 'AAAAAA', 'AAAA', 'AAA', 'AAAA', 'AAA', 'AAA', 'AAAAAA', 'AAAAA', 'AA', 'AAAA', 'AAAAA', 'AAAAAA', 'AA', 'AAAAAA', 'AAA', 'AAA', 'AAAAA', 'AAAA', 'AAAA', 'AAAA', 'AAAAA', 'AAAAA', 'AAAA', 'AA', 'AAAA', 'AAAA', 'AAA', 'AAAAAAA', 'AAAAAA', 'AA', 'AAAA', 'AAA', 'AAA', 'AAAAAA', 'AAAA', 'AAAAA', 'AAA', 'AA', 'AA', 'AA', 'AAAAAA']	130
ENST00000334636:2	['A', 'A', 'A']	3
ENST00000334690:6	['T', 'T', 'T', 'T']	4
ENST00000334736:13	['TATAA']	1
ENST00000334744:2	['A', 'A']	2
ENST00000334744:5	['A', 'A', 'A', 'A', 'A', 'A', 'A', 'A', 'A', 'A', 'A', 'A', 'A', 'A', 'A', 'A', 'A', 'A', 'A', 'A']	20
ENST00000334746:2	['A', 'A', 'A', 'A', 'A', 'A', 'A', 'A']	8
ENST00000334746:6	['A', 'A', 'A', 'A', 'A', 'A', 'A', 'A', 'A', 'A', 'A', 'A', 'A', 'A', 'A', 'A', 'A', 'A', 'A', 'A', 'A', 'A', 'A', 'A', 'A', 'A', 'A', 'A', 'A', 'A', 'A', 'A', 'A', 'A', 'A', 'A', 'A', 'A', 'A', 'A', 'A', 'A', 'A', 'A', 'A', 'A', 'A', 'A', 'A', 'A']	50
ENST00000334816:4	['A', 'AA', 'AA', 'AA', 'AA', 'AA', 'AA', 'AA', 'AA', 'AAA', 'AA', 'AA', 'AA', 'AA', 'AA', 'AA', 'AA', 'A', 'AA', 'AA', 'AA', 'AA', 'AA', 'A', 'AA', 'AAA', 'AA', 'AA', 'AA', 'AA', 'AA', 'AAA', 'A', 'A', 'AA', 'AA', 'AA', 'AA', 'A', 'AAA', 'A', 'AA', 'AA', 'AA', 'A', 'AA', 'A', 'AA', 'A', 'AA', 'AA', 'A', 'A', 'A', 'A', 'A', 'A', 'AA', 'AA', 'AA', 'A', 'A', 'AA', 'A']	64
ENST00000334816:5	['A', 'A']	2
ENST00000335025:3	['T', 'T', 'T', 'T']	4
ENST00000335146:13	['GAG', 'GAG', 'GAG']	3
ENST00000335181:3	['G', 'G']	2
ENST00000335185:2	['A']	1
ENST00000335351:2	['A', 'A', 'A']	3
ENST00000335426:3	['AGG', 'AGG', 'AGG', 'AGG']	4
ENST00000335464:6	['AGA', 'AGA', 'AGA', 'AGA', 'AGA', 'AGA', 'AGA', 'AGA']	8
ENST00000335508:10	['A', 'A']	2
ENST00000335508:18	['A', 'A']	2
ENST00000335508:5	['A', 'A']	2
ENST00000335658:4	['A', 'A']	2
ENST00000335681:7	['C', 'C']	2
ENST00000335725:11	['T', 'T']	2
ENST00000335754:2	['A', 'A']	2
ENST00000335754:6	['G', 'G', 'G', 'G', 'G', 'G', 'G', 'G', 'G', 'G', 'G', 'G', 'G', 'G', 'G', 'G', 'G', 'G', 'G', 'G', 'G', 'G', 'G', 'G', 'G', 'G', 'G', 'G', 'G', 'G']	30
ENST00000335757:12	['G', 'GCCAGGGT', 'GCCAGGGT', 'G']	4
ENST00000335783:1	['C', 'TTC', 'C', 'TTC']	4
ENST00000335847:6	['A', 'A', 'A', 'A', 'A', 'A', 'A', 'A', 'A', 'A']	10
ENST00000335870:4	['G', 'G']	2
ENST00000335972:8	['CTCTGTAG', 'CTCTGTAG']	2
ENST00000335979:6	['TG', 'TG']	2
ENST00000336083:6	['AA', 'AA', 'AA', 'AA', 'AA']	5
ENST00000336119:6	['CTT', 'CTT']	2
ENST00000336152:3	['A', 'A', 'A', 'A', 'A', 'A', 'A', 'A', 'A', 'A', 'A', 'A', 'A', 'A', 'A', 'A', 'A', 'A', 'A', 'A', 'A', 'A', 'A', 'A', 'A', 'A', 'A', 'A', 'A', 'A', 'A', 'A', 'A', 'A', 'A', 'A', 'A', 'A', 'A', 'A', 'A', 'A', 'A', 'A', 'A', 'A', 'A', 'A', 'A', 'A', 'A', 'A', 'A', 'A', 'A', 'A', 'A', 'A', 'A', 'A', 'A', 'A', 'A', 'A', 'A', 'A', 'A', 'A', 'A', 'A', 'A', 'A', 'A', 'A', 'A', 'AA', 'A', 'A', 'A']	79
ENST00000336174:10	['G']	1
ENST00000336216:5	['T', 'T']	2
ENST00000336314:9	['GGT', 'GGT']	2
ENST00000336338:26	['A', 'A', 'A', 'A', 'A']	5
ENST00000336374:7	['A', 'A', 'A', 'A', 'A', 'A', 'A', 'A', 'A', 'A', 'A', 'A', 'A', 'A', 'A', 'A', 'A', 'A', 'A', 'A', 'A', 'A', 'A', 'A', 'A', 'A', 'A', 'A', 'A', 'A', 'A', 'A', 'A', 'A', 'A', 'A', 'A', 'A', 'A', 'A', 'A', 'A', 'A', 'A', 'A', 'A', 'A', 'A', 'A', 'A', 'A', 'A', 'A', 'AA', 'A', 'A', 'A', 'A', 'A', 'A', 'A', 'A', 'A', 'A', 'A', 'A', 'A', 'A', 'A', 'A', 'A', 'A', 'A', 'A', 'A', 'A', 'A', 'A', 'A', 'A', 'A', 'A', 'A', 'A', 'A', 'A', 'A', 'A', 'A', 'A', 'A', 'A', 'A', 'A', 'A', 'A', 'A', 'A', 'A', 'A', 'A', 'A', 'A', 'A', 'A', 'A', 'A', 'A', 'A', 'A', 'A', 'A', 'A', 'A', 'A', 'A', 'A', 'A', 'A', 'A', 'A', 'A', 'A', 'A', 'A', 'A', 'A', 'A', 'A', 'A', 'A', 'A', 'A', 'A', 'A', 'A', 'A', 'A', 'A', 'A', 'A', 'A', 'A']	143
ENST00000336375:6	['A', 'A', 'A', 'A', 'A', 'A', 'A', 'A', 'A', 'A', 'A', 'A', 'A', 'A', 'A', 'A', 'A', 'A', 'A']	19
ENST00000336411:8	['T', 'T', 'T', 'T']	4
ENST00000336431:5	['G']	1
ENST00000336454:14	['T', 'T']	2
ENST00000336498:11	['G']	1
ENST00000336498:22	['T', 'T']	2
ENST00000336505:5	['A', 'A', 'A', 'A']	4
ENST00000336505:9	['A', 'A', 'AA', 'AA', 'AA', 'AA', 'AA', 'A', 'AA', 'AA', 'AA', 'AA', 'AA', 'AA', 'A', 'AA', 'A', 'AA', 'A', 'AA', 'AA', 'AA', 'AA', 'A', 'AA', 'A', 'A', 'AA', 'AA', 'AA', 'AA', 'A', 'AA', 'AA', 'A', 'A', 'A', 'AA', 'A', 'AA', 'A', 'A', 'A', 'A', 'AA', 'A', 'AA', 'A', 'A', 'A', 'A', 'A', 'A', 'A', 'A', 'AA', 'A', 'A', 'A', 'A', 'A', 'A', 'A', 'AA', 'A', 'AA', 'A', 'A', 'A', 'A', 'AA', 'A', 'A', 'A', 'A', 'A', 'A', 'A']	78
ENST00000336596:16	['A', 'A', 'A', 'A', 'A', 'A', 'A', 'A', 'A', 'A', 'A', 'A', 'A', 'A', 'A', 'A', 'A', 'A', 'A', 'A', 'A', 'A', 'A', 'A', 'A', 'A', 'A', 'A', 'A']	29
ENST00000336648:6	['A', 'A', 'A', 'A', 'A', 'A', 'A', 'A', 'A']	9
ENST00000336735:15	['A', 'A', 'AA', 'AA', 'AA', 'AA', 'AA', 'A', 'AA', 'AA', 'AA', 'AA', 'AA', 'AA', 'AA', 'AA', 'AA', 'AA', 'A', 'AA', 'A', 'A', 'AA', 'AA', 'AA', 'A', 'A', 'AA', 'AA', 'A', 'A', 'AA', 'AA', 'A', 'A', 'A', 'A', 'A', 'A', 'AA', 'A', 'A', 'A', 'A', 'A', 'A', 'A', 'A', 'A', 'A', 'A', 'A', 'A', 'A', 'A', 'A', 'A', 'A', 'A', 'A', 'A', 'AA', 'A', 'A', 'A', 'A', 'A', 'A', 'A', 'A', 'A', 'A', 'A', 'A', 'A', 'A', 'A', 'A', 'A', 'A', 'A', 'A', 'A', 'A', 'A', 'A', 'A', 'A', 'A', 'A', 'A', 'A', 'A', 'A', 'AA', 'AA', 'A', 'A', 'A', 'A', 'A', 'A', 'A', 'A', 'A', 'A', 'A', 'A', 'A', 'A', 'A', 'A', 'A', 'A', 'A', 'A', 'AA', 'A', 'A', 'A', 'A', 'A', 'A', 'A', 'A', 'A', 'A', 'A', 'A', 'A', 'A']	131
ENST00000336909:12	['AAAAAAA', 'AAAAAAA', 'AAAAAA', 'AAAAAAA', 'AAAAAAAAAA', 'AAAAAA', 'AA', 'AAAAAAAA', 'AAAAAAAA', 'AAAAAAAAA', 'AAAAAAA', 'AAAAAAAA', 'AAAA', 'AA', 'AA', 'AAAAAAAAAA', 'AAAAAA', 'AAAAAAAA', 'AAAAAAAA', 'AAAAAAAAAA', 'AAAAAAAA', 'AAAAAAA', 'AAAAAAA', 'A', 'AAA', 'AAAAAAAAAA', 'AAA', 'AAAA', 'AA', 'AAAAAA', 'AA', 'AAAAA', 'AAAAA', 'AA', 'AAAAAA', 'AAAAA', 'AA', 'AAA', 'AAAAAAA', 'AAAAAAAA', 'AAAAAA', 'AAAAAAAAA', 'AAAAA', 'AAA', 'AAAAAAAA', 'AAAAAA', 'AAAAAAA', 'AAA', 'AAAAA', 'AAAAAA', 'AAAAAA', 'AAAAA', 'AAAAAAAAA', 'AAAAAAAA', 'AAAAAAAAAAAA', 'AAAAAA', 'AAA', 'AAAA', 'AAAAAA', 'AAAAAA', 'AAAA', 'AAA', 'AAAAAAAA', 'AAAAA', 'AAAAAAA', 'AAAAAAAAA', 'AAAA', 'AAAAAAAAA', 'AAAAAA', 'AAAAAAA', 'AAAAAAAA', 'AAAAAAA', 'AAAAAAAA', 'AAAAAAAAA', 'AAAAAAAAAA', 'AAAAAAAA', 'AA', 'AAAAAAAAAAAA', 'AAA', 'AAAAAAA', 'AAAAAAAAA', 'AAAAAAA', 'AAAAAAA', 'AAA', 'AAAAAAA', 'AAAAAAAA', 'AAAAAAA', 'AAAAAAA', 'AAAAAAAA', 'AAAAAA', 'AAAAAAAA', 'AAAAAAAAAAA', 'AAAAAA', 'AAAAAAAAA', 'AAAAAAAAAA', 'AAAAAAAA', 'AAAAAAAA', 'AAAAAAAA', 'AAAA', 'AAAAAAAAA', 'AAAAAAAAA', 'AAAAAAAAA', 'AAAAAAAA', 'AAAAAAA', 'AAAAAAAAAA', 'AAAAAAAAAA', 'AAAAAAA', 'AAAAAAA', 'AAAAA', 'AAA', 'AAAAAAAA', 'AAAAAAAAAAA', 'AAAAAAAA', 'A', 'AAAAAAAAAAAA', 'AAAAAAAAAA']	116
ENST00000336926:2	['G', 'G']	2
ENST00000337057:14	['A', 'A']	2
ENST00000337147:2	['GA', 'GA', 'GA', 'GA', 'GA', 'GA', 'GA', 'GA', 'GA', 'GA', 'GA', 'GA', 'GA', 'GA', 'GA', 'GA', 'GA', 'GA', 'GA', 'GA', 'GA', 'GA', 'GA', 'GA', 'GA', 'GA', 'GA', 'GA', 'GA', 'GA', 'GA', 'GA', 'GA', 'GA', 'GA', 'GAGA', 'GA', 'GA', 'GA', 'GA', 'GA', 'GA', 'GA', 'GA', 'GA', 'GA', 'GA', 'GA', 'GA', 'GA', 'GA', 'GA', 'GA', 'GA', 'GA', 'GA', 'GA', 'GA', 'GA', 'GA', 'GA', 'GA', 'GA', 'GA', 'GA', 'GA', 'GA', 'GA', 'GA', 'GA', 'GA', 'GA', 'GA', 'GA', 'GA', 'GA', 'GA', 'GA', 'GA', 'GA', 'GA', 'GA', 'GA', 'GA', 'GA', 'GA', 'GA', 'GA', 'GA', 'GA', 'GA', 'GA', 'GA', 'GA', 'GA', 'GA', 'GA', 'GA', 'GA', 'GA', 'GA', 'GA', 'GA', 'GA', 'GA', 'GA', 'GA', 'GA', 'GA', 'GA', 'GA', 'GA', 'GA', 'GA', 'GA', 'GA', 'GA', 'GA', 'GA', 'GA', 'GA', 'GA', 'GA', 'GA', 'GA', 'GA', 'GA', 'GA', 'GA', 'GA', 'GA', 'GA', 'GA', 'GA', 'GA', 'GA', 'GA', 'GA', 'GA', 'GA', 'GA', 'GA', 'GA', 'GA', 'GA', 'GA', 'GA', 'GA', 'GA', 'GA', 'GA', 'GA', 'GA', 'GA', 'GA', 'GA', 'GA', 'GA', 'GA', 'GA', 'GA', 'GA', 'GA', 'GA', 'GA', 'GA', 'GA', 'GA', 'GA', 'GA', 'GA', 'GA', 'GA', 'GA', 'GA', 'GA', 'GA', 'GA', 'GA', 'GA', 'GA', 'GA', 'GA', 'GA', 'GA', 'GA', 'GA', 'GA', 'GA', 'GA', 'GA']	191
ENST00000337273:12	['CTAAGTCCAGTTTG']	1
ENST00000337273:13	['TTTA', 'TTA']	2
ENST00000337331:20	['G', 'G', 'G', 'G', 'G', 'G', 'G', 'G', 'G', 'G', 'G', 'G']	12
ENST00000337331:21	['A', 'A', 'A', 'A', 'A', 'A', 'A', 'A', 'A', 'A', 'A', 'A', 'A', 'A', 'A', 'A', 'A', 'A', 'A', 'A', 'A', 'A', 'A', 'A', 'A', 'A', 'A', 'A', 'A', 'A', 'A', 'A', 'A', 'A', 'A', 'A', 'A', 'A', 'A', 'A', 'A', 'A', 'A', 'A', 'A', 'A', 'A', 'A', 'A', 'A', 'A', 'A', 'A', 'A', 'A', 'A', 'A', 'A', 'A', 'A', 'A', 'A', 'A', 'A', 'A', 'A']	66
ENST00000337331:25	['A', 'A', 'A', 'A', 'A', 'A', 'A', 'A', 'A', 'A', 'A', 'A', 'A', 'A', 'A', 'A', 'A', 'A', 'A', 'A', 'A', 'A', 'A', 'A', 'A', 'A', 'A', 'A', 'A', 'A', 'A', 'A', 'A', 'A', 'A', 'A', 'A', 'A', 'A', 'A', 'A', 'A', 'A', 'A', 'A', 'A']	46
ENST00000337331:9	['A', 'A', 'A', 'A', 'A', 'A', 'A', 'A', 'A', 'A', 'A', 'A', 'A', 'A', 'A', 'A', 'A', 'A', 'A', 'A', 'A', 'A', 'A', 'A', 'A', 'A', 'A', 'A', 'A', 'A', 'A', 'A', 'A', 'A', 'A', 'A', 'A', 'A', 'A', 'A', 'A', 'A', 'A', 'A', 'A', 'A', 'A', 'A']	48
ENST00000337344:11	['G', 'G']	2
ENST00000337392:2	['CTC', 'CTC']	2
ENST00000337392:9	['GC']	1
ENST00000337432:1	['AACG', 'AACG']	2
ENST00000337451:6	['T', 'T']	2
ENST00000337488:17	['TTTTTTC']	1
ENST00000337488:5	['T', 'T', 'T', 'T']	4
ENST00000337491:1	['G', 'G', 'G', 'G']	4
ENST00000337537:2	['A', 'A', 'A', 'A', 'A', 'A', 'A', 'A', 'A', 'A', 'A', 'A', 'A', 'A', 'A', 'A', 'A', 'A', 'A', 'A', 'A', 'A', 'A', 'A', 'A', 'A', 'A', 'A', 'A', 'A', 'A', 'A', 'A', 'A', 'A', 'A', 'A', 'A', 'A', 'A', 'A', 'A', 'A', 'A', 'A', 'A', 'A', 'A', 'A', 'A', 'A', 'A', 'A', 'A', 'A', 'A', 'A', 'A', 'A', 'A', 'A', 'A', 'A', 'A', 'A', 'A', 'A', 'A', 'A', 'A', 'A', 'A']	72
ENST00000337620:5	['TGCAGAGATTG']	1
ENST00000337652:3	['G', 'G', 'G', 'G', 'G', 'G', 'G', 'G', 'G', 'G', 'G', 'G']	12
ENST00000337659:10	['A', 'A']	2
ENST00000337659:6	['GA']	1
ENST00000337677:5	['A', 'A', 'A', 'A']	4
ENST00000337682:3	['GAAGAAA', 'GAAGAAA', 'GAAGAAA', 'GAAGAAA', 'GAAGAAA', 'GAAGAAA']	6
ENST00000337743:13	['AG', 'AG', 'AG', 'AG', 'AG', 'AG', 'AG', 'AG', 'AG', 'AG', 'AGAG', 'AG', 'AG', 'AG', 'AG', 'AG', 'AG', 'AG', 'AG', 'AG', 'AG', 'AG', 'AG', 'AG', 'AG', 'AG', 'AG', 'AG', 'AG', 'AG', 'AG', 'AG', 'AG', 'AG', 'AG', 'AG', 'AG', 'AG', 'AG', 'AG', 'AG', 'AG', 'AG', 'AG', 'AG', 'AG', 'AG', 'AG', 'AG', 'AG', 'AG', 'AG', 'AG', 'AG', 'AG', 'AG', 'AG', 'AG', 'AG', 'AG', 'AG', 'AG', 'AG', 'AG', 'AG', 'AG', 'AG', 'AG', 'AG', 'AG', 'AG', 'AG', 'AG', 'AG', 'AG', 'AG', 'AG', 'AG', 'AG', 'AG', 'AG', 'AG', 'AG', 'AG', 'AG', 'AG', 'AG', 'AG', 'AG', 'AG', 'AG', 'AG', 'AG', 'AG', 'AG', 'AG', 'AG', 'AG', 'AG', 'AG', 'AG', 'AG', 'AG', 'AG', 'AG', 'AG', 'AG', 'AG', 'AG', 'AG', 'AG', 'AG']	112
ENST00000337743:5	['AAAAA', 'AAAAA', 'AAA', 'AAA', 'AA', 'A', 'AAA', 'AAA', 'AAA', 'AAA', 'AA', 'AAA', 'AAA', 'AA', 'AA', 'AAAA', 'AA', 'AAAA', 'AAA', 'AAA', 'AAAAA', 'AAA', 'AAA', 'AAAAA', 'A', 'A', 'AAAAA', 'AAA', 'AA', 'AAAAA', 'AAA', 'AAA', 'AA', 'AA', 'AA', 'AAAA', 'AA', 'A', 'AA', 'A', 'AAA', 'AAA', 'AA', 'AA', 'AAA', 'AA', 'AAA', 'AA', 'AAA', 'AA', 'AAA', 'AA', 'AAAA', 'AAA', 'AA', 'AAAA', 'AAAA', 'A', 'AA', 'AAA', 'AAAA', 'AA', 'AA']	63
ENST00000337774:12	['AAG', 'AAG']	2
ENST00000337827:11	['C', 'C', 'C', 'C', 'C', 'C', 'C', 'C', 'C', 'C', 'C', 'C', 'C']	13
ENST00000337827:3	['C']	1
ENST00000337907:3	['A']	1
ENST00000337907:4	['A', 'A']	2
ENST00000337910:3	['GA', 'GA', 'GA', 'GA', 'GA', 'GA', 'GA', 'GA', 'GA', 'GA', 'GA', 'GA', 'GA', 'GA', 'GA', 'GA', 'GA', 'GA', 'GA', 'GA', 'GA', 'GA', 'GA', 'GA', 'GA', 'GA', 'GA', 'GA', 'GA', 'GA', 'GA', 'GA', 'GA', 'GA', 'GA', 'GA', 'GA', 'GA', 'GA', 'GA', 'GA', 'GA', 'GA', 'GA', 'GA', 'GA', 'GA', 'GA', 'GA', 'GA', 'GA', 'GA', 'GA', 'GA', 'GA', 'GA', 'GA', 'GA', 'GA', 'GA', 'GA', 'GA', 'GA', 'GA', 'GA', 'GA', 'GA', 'GA', 'GAGA', 'GA', 'GA', 'GA', 'GA', 'GA', 'GA', 'GA', 'GA', 'GA', 'GA', 'GA', 'GA', 'GA', 'GA', 'GA', 'GA', 'GA', 'GA', 'GA', 'GA', 'GA', 'GA', 'GA', 'GA']	93
ENST00000337910:8	['AG']	1
ENST00000337970:2	['A']	1
ENST00000337970:3	['AAA', 'AA', 'AAA', 'AA', 'AA', 'AAA', 'AAA', 'AA', 'AAA', 'AA', 'AA', 'AAA', 'AAA', 'A', 'AA', 'AAA', 'A', 'AAA', 'A', 'AA', 'AAA', 'AAA', 'AA', 'AAAA', 'AAA', 'AAA', 'AAA', 'AAA', 'AA', 'AAA', 'A', 'AA', 'AAA', 'AAA', 'AAA', 'AAA', 'AA', 'A', 'A', 'AAA', 'AAA', 'AA', 'AA', 'AA', 'AA', 'AA', 'AA', 'AA', 'A', 'A', 'A', 'AAA', 'AA', 'AAA', 'AA', 'AA', 'AA', 'AA', 'AA', 'AAA', 'AA', 'AA', 'AAA', 'AA', 'AA', 'A', 'AAA', 'AAA', 'A', 'A', 'AA']	71
ENST00000338034:14	['AA']	1
ENST00000338144:8	['A', 'A', 'A', 'A']	4
ENST00000338205:21	['ATTA', 'ATTA']	2
ENST00000338205:45	['A', 'A', 'A', 'A', 'A', 'A', 'A', 'A', 'A', 'A', 'A', 'A', 'A', 'A']	14
ENST00000338205:48	['AA', 'AAA', 'AAA', 'AA', 'AAA', 'AAA', 'AA', 'AA', 'A', 'AAA', 'AAA', 'AAA', 'AA', 'AAA', 'AA', 'AAA', 'AA', 'AA', 'AA', 'AA', 'A', 'AA', 'AA', 'AAA', 'AAA', 'AAA', 'AA', 'AA', 'AA', 'AA', 'AA', 'AAA', 'AAA', 'AA', 'AA', 'AAA', 'AAA', 'AAA', 'AAA', 'AA', 'AA', 'AAA', 'A', 'A', 'AAA', 'AAA', 'A', 'AA', 'AA', 'AA', 'AAA', 'AA', 'AAA', 'AA', 'A', 'AA', 'AA', 'A', 'AAA', 'AA', 'AA', 'AA', 'AA', 'AA', 'A', 'AAA', 'AAA', 'AAA', 'AA', 'AAA', 'AA', 'A', 'A', 'A', 'AA', 'A', 'A']	77
ENST00000338244:14	['A', 'A']	2
ENST00000338306:10	['G']	1
ENST00000338316:13	['T', 'T']	2
ENST00000338316:15	['CTC', 'CTC']	2
ENST00000338354:2	['CG']	1
ENST00000338354:39	['C', 'C']	2
ENST00000338354:46	['T', 'T']	2
ENST00000338372:5	['A', 'A']	2
ENST00000338415:6	['TG', 'TG', 'TG', 'TG', 'TG', 'TG', 'TG', 'TG', 'TG', 'TG', 'TG', 'TG', 'TG', 'TG', 'TG', 'TG', 'TG', 'TG', 'TG', 'TG', 'TG', 'TG', 'TG', 'TG', 'TG', 'TG', 'TGTG', 'TG', 'TG', 'TG', 'TG', 'TG', 'TG', 'TG', 'TG', 'TG', 'TG', 'TG', 'TG', 'TG', 'TG', 'TG', 'TG', 'TG', 'TG', 'TG', 'TG', 'TG', 'TG', 'TG', 'TG', 'TG', 'TG', 'TG', 'TG', 'TG', 'TG', 'TG', 'TG', 'TG', 'TG', 'TG', 'TG', 'TG', 'TG', 'TG', 'TG', 'TG', 'TG', 'TG', 'TG', 'TG', 'TG', 'TG', 'TG', 'TG', 'TG', 'TGTG', 'TG', 'TG', 'TG', 'TG', 'TG', 'TG', 'TG', 'TG', 'TG', 'TG', 'TG', 'TG', 'TG', 'TG', 'TG', 'TG', 'TG', 'TG', 'TG', 'TG', 'TG', 'TG', 'TG', 'TG', 'TG', 'TG', 'TG', 'TG', 'TG', 'TG', 'TG', 'TG', 'TG', 'TG', 'TG', 'TG', 'TG', 'TG', 'TG', 'TG', 'TG', 'TG', 'TG', 'TG', 'TG', 'TG', 'TG', 'TG', 'TG', 'TG', 'TG', 'TG', 'TG', 'TG', 'TG', 'TG', 'TG', 'TG', 'TG', 'TG', 'TG', 'TG', 'TG', 'TG', 'TG', 'TG', 'TG', 'TG', 'TG', 'TG', 'TG', 'TG', 'TG', 'TG', 'TG', 'TG', 'TG', 'TG', 'TG', 'TG', 'TG', 'TG', 'TG', 'TG', 'TG', 'TG', 'TG', 'TG', 'TG', 'TG', 'TG', 'TG', 'TG', 'TG', 'TG', 'TG', 'TG', 'TG', 'TG', 'TG', 'TG', 'TG', 'TG', 'TG', 'TG', 'TG', 'TG', 'TG', 'TG', 'TG', 'TG', 'TGTG', 'TG', 'TG', 'TG', 'TG', 'TG', 'TG', 'TG', 'TG', 'TG', 'TG', 'TG', 'TG', 'TG', 'TG', 'TG', 'TG', 'TG', 'TG', 'TG', 'TG', 'TG', 'TG', 'TG', 'TG', 'TG', 'TG', 'TG', 'TG', 'TG', 'TG', 'TG', 'TG', 'TG', 'TG', 'TG', 'TG', 'TG', 'TG', 'TG', 'TG', 'TG', 'TG', 'TG', 'TG', 'TG', 'TG', 'TG', 'TG', 'TG', 'TG', 'TG', 'TG', 'TG', 'TG', 'TG', 'TG', 'TG', 'TG', 'TG', 'TG', 'TG', 'TG', 'TG', 'TG', 'TG', 'TG', 'TG', 'TG', 'TG', 'TG', 'TG', 'TG', 'TG', 'TG', 'TG', 'TG', 'TG', 'TG', 'TG', 'TG', 'TG', 'TG', 'TG', 'TG', 'TG', 'TG', 'TG', 'TG', 'TG', 'TG', 'TG', 'TG', 'TG', 'TG', 'TG', 'TG', 'TG', 'TG', 'TG', 'TG', 'TG', 'TG', 'TG', 'TG', 'TG', 'TG', 'TG', 'TG', 'TG', 'TG', 'TG', 'TG', 'TG', 'TG', 'TG', 'TG', 'TG', 'TG', 'TG', 'TG', 'TG', 'TG', 'TG', 'TG', 'TG', 'TG', 'TG', 'TG', 'TG', 'TG', 'TG', 'TG', 'TG', 'TG', 'TG', 'TG', 'TG', 'TG', 'TG', 'TG', 'TG', 'TG', 'TG', 'TG', 'TG', 'TG', 'TG', 'TG', 'TG', 'TG', 'TG', 'TG', 'TG', 'TG', 'TG', 'TGTG', 'TG', 'TG', 'TG', 'TG', 'TG', 'TG', 'TG', 'TG', 'TG', 'TG', 'TG', 'TG', 'TG', 'TG', 'TG', 'TG', 'TG', 'TG', 'TG', 'TG', 'TG', 'TG', 'TG', 'TG', 'TG', 'TG', 'TG', 'TG', 'TGTG', 'TG', 'TG', 'TG', 'TG', 'TG', 'TG', 'TG', 'TG', 'TG', 'TG', 'TG', 'TG', 'TG', 'TG', 'TG', 'TG', 'TG', 'TG', 'TG', 'TG', 'TG', 'TG', 'TG', 'TG', 'TG', 'TG', 'TG', 'TG', 'TG', 'TG', 'TG', 'TG', 'TG', 'TG', 'TG', 'TG', 'TG', 'TG', 'TG', 'TG', 'TG', 'TG', 'TG', 'TG', 'TG', 'TG', 'TG', 'TG', 'TG', 'TG', 'TG', 'TG', 'TG', 'TG', 'TG', 'TG', 'TG', 'TG', 'TG']	434
ENST00000338432:41	['TCT', 'TCT', 'TCT']	3
ENST00000338555:11	['G', 'G']	2
ENST00000338560:8	['CCTC', 'CCTC']	2
ENST00000338591:6	['C']	1
ENST00000338733:3	['A', 'A', 'A', 'A', 'A', 'A', 'A', 'A', 'A', 'A', 'A', 'A', 'A', 'A', 'A', 'A', 'A', 'A', 'A', 'A', 'A', 'A', 'A', 'A', 'A']	25
ENST00000338821:27	['TGCAAGG']	1
ENST00000338883:23	['AAA', 'AA', 'AAAA', 'AA', 'A', 'AAA', 'AA', 'AAA', 'AA', 'AA', 'AA', 'AA', 'A', 'AAAA', 'AA', 'AAA', 'A', 'A', 'AAA', 'A', 'A', 'AA', 'AA', 'A', 'A', 'AA', 'AAA', 'AA', 'AAA', 'AAA', 'AAA', 'AAA', 'AAA', 'AAA', 'AAA', 'AA', 'AA', 'AAAA', 'AAA', 'AAAA', 'AA', 'AA', 'AAAA', 'AAA', 'AAA', 'AA', 'AA', 'A', 'A', 'AA', 'AAA', 'A', 'A', 'A', 'A', 'A', 'AA', 'AAA', 'A', 'AAAA', 'AA', 'A', 'AAA', 'AAA', 'AA']	65
ENST00000338883:25	['AAAA', 'AA', 'AAAAAA', 'AAAA', 'AAA', 'AAA', 'AA', 'AA', 'AAA', 'AA', 'AA', 'AAAA', 'AAAAA', 'AAA', 'AAA', 'AAAAA', 'AAAAA', 'AAA', 'AAA', 'AAAAA', 'AAA', 'AA', 'AAA', 'AAA', 'AAA', 'AA', 'AA', 'AA', 'AAAA', 'AAA', 'AAA', 'AA', 'AAAAAAA', 'AAA', 'AAAA', 'AAA', 'AAAA', 'AAA', 'AAA', 'AAA', 'AAA', 'AAAA', 'AA', 'AAA', 'A', 'AAAA', 'AAAAAAA', 'AA', 'AA', 'AAA', 'AAA', 'AA', 'AA', 'AAAA', 'AAAA', 'AAAAAA', 'AAA', 'AAAAAAA', 'AA', 'AA', 'AAAA', 'AAAA', 'AAAAAA', 'AAAAAAA', 'AAAA', 'AAAAA', 'AAA', 'AAA', 'AAA', 'AA', 'AAAAAA', 'AAA', 'AAA', 'AAAAA', 'AA', 'AAA', 'AAAA', 'AAA', 'AA', 'AAA', 'AAA', 'AAAA', 'AAAA', 'AAA', 'AAA', 'AAA', 'AAA', 'AAA', 'AAA', 'AAA', 'AA', 'AAA', 'AAAAA', 'AAA', 'AAA', 'AA', 'AAAAAA', 'AAA', 'AAA', 'AAA', 'AAA', 'AAAAA', 'AAA', 'AAA', 'AAA', 'AAA', 'AAA', 'AAA', 'AAA', 'AAAA', 'AAAA', 'AAAAA', 'AAAAAA', 'AAA', 'AAA', 'AAA', 'AAAAA', 'AA', 'AA', 'AAA', 'AA', 'AAA', 'AAA', 'AAA', 'AAAA', 'AAA', 'AAAAAAA', 'AAAA', 'AA', 'AA', 'AAA', 'AAA', 'AAA', 'AAA', 'AAA', 'AAAA', 'AAAA', 'AAA', 'AAA', 'AA', 'AA', 'AA', 'AAAA', 'AAA', 'AAA', 'AA', 'AA', 'AAAAA', 'AAAA', 'AAA', 'AAAA', 'AA', 'AA', 'AAAA', 'AAA', 'AAAAA', 'AA', 'AAAA', 'AA', 'AA', 'AAA', 'AA', 'AA']	163
ENST00000338891:12	['AA', 'AA', 'A', 'AA', 'A', 'AA', 'A', 'AA', 'A', 'AA', 'AA', 'AA', 'AA', 'AAA', 'AA', 'AA', 'AA', 'AA', 'AA', 'AAA', 'A', 'A', 'AA', 'AA', 'AA', 'AA', 'AAA', 'AA', 'AA', 'A', 'AA', 'AA', 'AA', 'AA', 'A', 'AA', 'AA', 'AA', 'A', 'AA', 'A', 'A', 'AA', 'A', 'AA', 'AAA', 'AA', 'AA', 'AA', 'AA', 'A', 'AAA', 'AA', 'AAA', 'AA', 'AA', 'AA', 'A', 'AA', 'AA', 'AA', 'AA', 'A', 'A', 'A', 'AA', 'AA', 'AA', 'AA', 'AA', 'AA', 'A', 'A', 'AA', 'A', 'AA', 'AA', 'A', 'A', 'AA', 'A', 'A', 'A', 'A', 'AA', 'A', 'AA', 'A', 'A', 'AA', 'A', 'AA', 'AA', 'AA', 'A', 'A', 'AA', 'A', 'AA', 'A', 'AA', 'AA', 'AA', 'A', 'AA', 'A', 'AA', 'AAA', 'A', 'AAA', 'AA', 'AA', 'A', 'AA', 'AA', 'AA', 'A', 'AA', 'AA', 'AA', 'A', 'A', 'A', 'AA', 'A', 'AA', 'A', 'A', 'A', 'A', 'AA', 'A', 'A', 'A', 'A', 'A', 'AA', 'A', 'AA', 'A', 'A', 'A', 'A', 'A', 'A', 'A', 'A', 'A', 'AA']	149
ENST00000339007:1	['G']	1
ENST00000339020:2	['G', 'G']	2
ENST00000339098:1	['A', 'A']	2
ENST00000339209:3	['A', 'A', 'A', 'A', 'A', 'A', 'A', 'A', 'A', 'A', 'A', 'A', 'A', 'A', 'A', 'A', 'A', 'A', 'A', 'A', 'A', 'A', 'A', 'A', 'A', 'A', 'A', 'A', 'A', 'A', 'A', 'A', 'A', 'A', 'A', 'A', 'A', 'A', 'A', 'A', 'A', 'A', 'A', 'A', 'A', 'A', 'A', 'A', 'A', 'A', 'A', 'A', 'A', 'A', 'A', 'A', 'A', 'A', 'A', 'A', 'A', 'A']	62
ENST00000339209:5	['A', 'A', 'A', 'A', 'A', 'A', 'A', 'A', 'A', 'A', 'A', 'A', 'A', 'A', 'A', 'AA', 'A', 'A', 'A', 'A', 'A', 'A', 'AA', 'A', 'A', 'AA', 'A', 'A', 'A', 'A', 'A', 'A', 'A', 'AA', 'A', 'A', 'A', 'A', 'A', 'A', 'AA', 'A', 'A', 'A', 'A', 'A', 'A', 'AA', 'A', 'A', 'A', 'A', 'A', 'A', 'A', 'A', 'A', 'A', 'A', 'A', 'A', 'AA', 'A', 'A', 'A', 'A', 'A', 'A', 'A', 'A', 'A', 'A', 'A', 'A', 'A', 'A', 'A', 'A', 'A', 'A', 'A', 'A', 'A', 'A', 'A', 'A', 'A', 'A', 'A', 'A', 'A', 'A', 'A', 'A', 'A', 'AA', 'A', 'A', 'A', 'A', 'A', 'A', 'A', 'A', 'A', 'A', 'A', 'A', 'A', 'A', 'A', 'A', 'A', 'A', 'A', 'A', 'AA', 'A', 'A', 'A', 'A', 'A', 'A', 'A', 'A', 'A', 'A', 'A', 'A', 'A', 'A', 'A', 'A', 'A', 'A', 'A', 'A', 'A', 'A', 'A', 'A', 'A', 'A', 'A', 'A', 'A', 'A', 'A', 'A', 'A', 'AA', 'A', 'A', 'A', 'A', 'A', 'A', 'A', 'A', 'A', 'A', 'A', 'A', 'A', 'A', 'A', 'A', 'A', 'A', 'A', 'A', 'A', 'A', 'A', 'A', 'A', 'A', 'A', 'A', 'A', 'A', 'A', 'A', 'A', 'A', 'A', 'A', 'A', 'AA', 'A', 'A', 'AA', 'A', 'A', 'A', 'A', 'A', 'A', 'A', 'AA', 'A', 'A', 'A', 'A', 'A', 'A', 'A', 'A', 'A']	209
ENST00000339336:5	['GTT']	1
ENST00000339336:7	['A', 'A', 'A', 'A', 'A', 'A', 'A', 'A', 'A', 'A', 'A', 'A', 'A', 'A', 'A', 'A']	16
ENST00000339363:17	['A', 'A']	2
ENST00000339364:12	['A', 'A']	2
ENST00000339430:3	['GA']	1
ENST00000339450:11	['A', 'A', 'A', 'A', 'A', 'A', 'A', 'A', 'A', 'A', 'A', 'A', 'A', 'A', 'A', 'A', 'A', 'A', 'A', 'A', 'A', 'A', 'A', 'A', 'A', 'A', 'A', 'A', 'A', 'A', 'A', 'A', 'A', 'A', 'A', 'A', 'A', 'A', 'A', 'A', 'A', 'A', 'A', 'A', 'A', 'A', 'A', 'A', 'A', 'A', 'A', 'A', 'A', 'A', 'A', 'A', 'A', 'A', 'A', 'A', 'A', 'A', 'A', 'A', 'A', 'A', 'A', 'A', 'A', 'A', 'A', 'A', 'A', 'A']	74
ENST00000339450:6	['TTAG']	1
ENST00000339566:6	['A']	1
ENST00000339697:6	['AAAAAAAAAAAA', 'AAAAAAAAA']	2
ENST00000339746:10	['G', 'G']	2
ENST00000339796:7	['AA', 'A', 'A', 'A']	4
ENST00000339841:4	['CAGA']	1
ENST00000339859:1	['A', 'A', 'A', 'A', 'A', 'A', 'A', 'A', 'A', 'A', 'A', 'A', 'A', 'A', 'A', 'A', 'A', 'A']	18
ENST00000339859:12	['A', 'A']	2
ENST00000339872:3	['A', 'A', 'A', 'A', 'A', 'A', 'A', 'A', 'A', 'A', 'A', 'A', 'A', 'A', 'A', 'A', 'A', 'A', 'A', 'A', 'A', 'A', 'A', 'A', 'A', 'A', 'A', 'A', 'A', 'A', 'A', 'A', 'A', 'A', 'A', 'A', 'A', 'A', 'A', 'A', 'A', 'A', 'AA', 'A', 'A', 'A', 'A', 'A', 'AA', 'A', 'A', 'A', 'A', 'A', 'A', 'A', 'A', 'A', 'A', 'A', 'A', 'A', 'A', 'A', 'A', 'A', 'A', 'A', 'A', 'A', 'A', 'A', 'A', 'A', 'A', 'A', 'A', 'A', 'A', 'A', 'A', 'A', 'A', 'A', 'AA', 'A', 'A', 'A', 'A', 'A', 'A', 'A', 'A', 'A', 'A', 'A', 'A', 'A', 'A', 'A', 'A', 'A', 'AA']	103
ENST00000339986:1	['A', 'A']	2
ENST00000339987:2	['G']	1
ENST00000339987:5	['G', 'G']	2
ENST00000340001:10	['A', 'A']	2
ENST00000340001:19	['C']	1
ENST00000340001:2	['ATATAGCAATAAGAGA']	1
ENST00000340020:5	['A', 'A', 'A', 'A', 'A', 'A', 'A', 'A', 'A']	9
ENST00000340022:10	['A', 'A', 'A', 'A', 'A', 'A']	6
ENST00000340022:16	['A']	1
ENST00000340026:6	['A', 'A', 'A', 'A', 'A', 'A', 'A', 'A', 'A', 'A', 'A', 'A', 'A', 'A', 'A', 'A', 'A', 'A', 'A', 'A', 'A', 'A', 'A', 'A', 'AA', 'A', 'A', 'A', 'A', 'A', 'A', 'A', 'A', 'A', 'A', 'A', 'A', 'A', 'A', 'A', 'A', 'A', 'A', 'A', 'A', 'A', 'A', 'AA', 'A', 'A', 'A', 'A', 'A', 'A', 'A', 'A', 'A', 'A', 'A', 'A', 'A', 'A', 'A', 'A', 'A', 'A', 'A', 'A', 'A', 'A', 'A', 'A', 'A', 'A', 'A', 'A', 'A', 'A', 'A', 'A', 'A', 'A', 'A', 'A', 'A', 'A', 'A', 'A', 'A', 'A', 'A', 'A', 'A', 'A', 'A', 'AA', 'A', 'A', 'A', 'A', 'A', 'A', 'A']	103
ENST00000340093:1	['G', 'G', 'G', 'G']	4
ENST00000340139:2	['A', 'A', 'A', 'A', 'A', 'A', 'A']	7
ENST00000340139:3	['A', 'A']	2
ENST00000340171:3	['CTTA']	1
ENST00000340180:4	['TC', 'TC', 'C']	3
ENST00000340258:6	['C']	1
ENST00000340313:1	['AAGA']	1
ENST00000340339:1	['T']	1
ENST00000340417:5	['A', 'A']	2
ENST00000340417:7	['ACATGTAAAGAAA', 'T', 'ACATGTAAAGAAA']	3
ENST00000340417:9	['ACTT']	1
ENST00000340434:3	['AAAAAAAA', 'AAAAAA', 'AAAAAAAA', 'AAAAAAAAAAAAAAA', 'AAAAAAAAA', 'AAAAAAA', 'AAAAAAA', 'AAAAAAA', 'AAAAAAAA', 'AAAAAAAAA', 'AAAAAAAA', 'AAAAAAAAAA', 'AAAAAAAAA', 'AAAAAAAAAA', 'AAAAAAAAAA', 'AAAAAAA', 'AAAAAAAAAA', 'AAAAAAA', 'AAAAAAAAAAA', 'AAAAAA', 'AAAAAAA', 'AAAAAAAAAA', 'AAAAAAA', 'AAAAAAAA', 'AAAAA', 'AAAAAAAAAA', 'AAAAA', 'AAAAA', 'AAAAAAAAAAA', 'AAAAAAAAA', 'AAAAAAAAA', 'AAAAAAAA', 'AAAAA', 'AAAAAAAAA', 'AAAAAAAAAAAAA', 'AAAAAAAAAAA', 'AAAAAAAAAAA', 'AAAAAAAAAAA', 'AAAAAAAAAAA', 'AAAAAAAAAAAA', 'AAAAA', 'AAAAAAAAAA', 'AAAAAAAA', 'AAAAAAA', 'AAAAAAAAAAA', 'AAAAAAAAA', 'AAAAAAAAAAAAA', 'AAAAAAAAA']	48
ENST00000340465:5	['A', 'A', 'A']	3
ENST00000340487:1	['AG']	1
ENST00000340578:1	['A']	1
ENST00000340612:10	['A', 'A']	2
ENST00000340635:11	['A']	1
ENST00000340635:9	['A', 'A', 'A', 'A', 'A', 'A']	6
ENST00000340645:8	['A', 'A']	2
ENST00000340748:13	['AAA', 'AAA', 'AAA', 'AAA', 'AA', 'AAA', 'AA', 'AAA', 'AAA', 'AAA', 'AAA', 'AAA', 'AAA', 'AAA', 'AA', 'AAA', 'AA', 'AA', 'AA', 'AAAA', 'AA', 'AA', 'AAA', 'A', 'A', 'AAA', 'AAA', 'AA', 'AA', 'AA', 'AA', 'AA', 'AA', 'AA', 'AAA', 'AA', 'AA', 'AAA', 'AA', 'AAA', 'A', 'AA', 'AA', 'AA', 'AA', 'A', 'AAA', 'AA', 'AAA', 'AAA', 'AA', 'AA', 'AA', 'AA', 'AA', 'AA', 'AA', 'AAA', 'AA', 'AAA', 'AA', 'AA', 'AA', 'AAA', 'AAA', 'AAA', 'AAA', 'A', 'AAA', 'AA', 'AA', 'AA', 'AA', 'AA', 'AAA', 'AA', 'AA', 'AAA', 'A', 'A', 'A', 'A', 'G', 'A']	84
ENST00000340748:33	['G', 'G']	2
ENST00000340790:5	['G', 'G']	2
ENST00000340800:15	['A', 'A', 'A', 'A', 'A', 'A', 'A', 'A']	8
ENST00000340844:1	['G', 'G', 'G', 'GG']	4
ENST00000340855:3	['A', 'AA', 'AA', 'AA', 'AA', 'AA', 'AA', 'AA', 'AA', 'AA', 'AA', 'AA', 'AA', 'AAA', 'AA', 'AA', 'AA', 'AA', 'AA', 'AA', 'A', 'AA', 'AA', 'AA', 'AA', 'AA', 'AA', 'AA', 'AAA', 'A', 'AA', 'AA', 'A', 'AA', 'AA', 'AA', 'AA', 'AA', 'AA', 'AA', 'AA', 'AA', 'AA', 'AA', 'AA', 'AA', 'AA', 'A', 'AA', 'AA', 'AA', 'AA', 'AAAA', 'AA', 'AA', 'AA', 'AA', 'A', 'AA', 'AA', 'A', 'AA', 'AAA', 'AA', 'A', 'A', 'A', 'A', 'AA', 'A', 'AAA', 'A', 'A', 'AA', 'AA', 'A', 'A', 'A', 'A', 'AA', 'AA', 'AA', 'A', 'AA', 'AA', 'AA', 'AA', 'A', 'AA', 'AA', 'AA', 'AA', 'AA', 'AA', 'AA', 'A', 'AA', 'A', 'AA', 'A', 'A', 'A', 'AA', 'AA', 'AA', 'AA', 'A', 'AA', 'AA', 'AA', 'A', 'A', 'A', 'A', 'A', 'A', 'A', 'A', 'A', 'AA', 'AA', 'AA', 'A', 'A', 'A', 'A', 'AA', 'A', 'A', 'A', 'AA', 'AA', 'AAA', 'AAA', 'A', 'A', 'AA', 'A', 'A', 'A', 'AA', 'AA', 'A', 'A']	144
ENST00000340892:8	['A', 'A', 'A', 'A', 'A', 'AA', 'A', 'A', 'A', 'A', 'A', 'A', 'A', 'A', 'AA', 'A', 'A', 'AA', 'A', 'A', 'AA', 'A', 'A', 'A', 'A', 'AA', 'A', 'A', 'AA', 'A', 'A', 'A', 'A', 'A', 'A', 'A', 'A', 'A', 'A', 'A', 'A', 'A', 'A', 'A', 'A', 'AA', 'A', 'A', 'A', 'A', 'A', 'A', 'A', 'A', 'A', 'A', 'AA', 'A', 'A', 'A', 'A', 'AA', 'A', 'A', 'AA', 'A', 'AA', 'A', 'A', 'A', 'A', 'A', 'A', 'A', 'AA', 'A', 'A', 'AA', 'A', 'A', 'A', 'A', 'A', 'A', 'A', 'AA', 'A', 'AA', 'A', 'A', 'A', 'A', 'A', 'A', 'AA', 'A', 'A', 'AA', 'A', 'A', 'A', 'A', 'A', 'A', 'A', 'A', 'A', 'AA', 'A', 'A', 'A', 'A', 'A', 'A', 'A', 'A', 'A', 'A', 'A', 'A', 'A', 'A', 'A', 'A', 'A', 'A', 'A', 'A', 'A', 'A', 'A', 'A', 'AA', 'A', 'AA', 'A', 'A', 'A', 'A', 'A', 'A', 'A', 'AA', 'A', 'AA', 'A', 'A', 'A']	148
ENST00000340934:6	['AAAC']	1
ENST00000340941:15	['C', 'TTAG', 'CTTTA']	3
ENST00000340990:5	['A', 'A', 'A', 'A']	4
ENST00000341068:12	['A', 'A', 'A', 'A']	4
ENST00000341119:5	['AAGTTATAATAGAAAAAAAG']	1
ENST00000341119:7	['AAACAAGTT']	1
ENST00000341166:1	['TGTAAAAGAAAA']	1
ENST00000341166:6	['A']	1
ENST00000341247:7	['AAAA', 'AAAAAA', 'AAAAA', 'AAAAAA', 'AAAAAAA', 'AAAAAA', 'AAAAAA', 'AAAAAAA', 'AAAAAAA', 'AAAAAAA', 'AAAAA', 'AAAAAAA', 'AAAAAAAA', 'AAAAAAA', 'AAAAA', 'AAAAA', 'AAAAAAAA', 'AAAAAA', 'AAA', 'AAAAAA', 'AAAAA', 'AAAAAA', 'AAAAAA', 'AAAAAAA', 'AAAAA', 'AAAAA', 'AAAAA', 'AAAAAA', 'AAA', 'AAAAAAA', 'AAAAA', 'AAAAAAA', 'AAAAAAA', 'AAAAAAA', 'AAAAAAA', 'AAAA', 'AAAAA', 'AAAAAAAA', 'AAAAA', 'AAAAAA', 'AAAA', 'AAAAAA', 'AAAA', 'AAAA', 'AAAA', 'AAAAA', 'AAAAAA', 'AAAAA', 'AAAAAA', 'AAAAA', 'AAAAAAA', 'AAAAAA', 'AAAAAAAA', 'AAAAAA', 'AAAAAAAA', 'A', 'AAAAAAAAA', 'AAAAAAA', 'AAAAAAAAA', 'AAAAAAAAA', 'AAAAAAAA']	61
ENST00000341259:6	['TGGGG', 'TGGGGTGGGG', 'TGGGG', 'TGGGG', 'TGGGG', 'TGGGG', 'TGGGG', 'TGGGG', 'TGGGG', 'TGGGG', 'TGGGG', 'TGGGGTGGGG', 'TGGGG', 'TGGGGTGGGG', 'TGGGG', 'TGGGG', 'TGGGG', 'TGGGG']	18
ENST00000341394:15	['TTAAA']	1
ENST00000341413:6	['AGA']	1
ENST00000341511:46	['G', 'G', 'G', 'G', 'G', 'G']	6
ENST00000341533:1	['A', 'A', 'A', 'A', 'A', 'A', 'A', 'A', 'A', 'A', 'A', 'A', 'A', 'A', 'A', 'A', 'A', 'A', 'A', 'A', 'A', 'A', 'A']	23
ENST00000341541:6	['A', 'AA', 'AA', 'A', 'AA', 'AA', 'A', 'AA', 'A', 'AA', 'A', 'A', 'AA', 'AA', 'AA', 'AA', 'AA', 'A', 'AA', 'AA', 'AA', 'A', 'AA', 'AA', 'AA', 'AA', 'AA', 'A', 'AA', 'A', 'A', 'AA', 'AA', 'A', 'AA', 'A', 'AA', 'A', 'AA', 'AA', 'A', 'A', 'A', 'A', 'AA', 'AA', 'AA', 'A', 'A', 'A', 'AA', 'A', 'AA', 'AA', 'A', 'A', 'AA', 'A', 'A', 'AA', 'AA', 'A', 'AA', 'AA', 'A', 'A', 'AA', 'AA', 'A', 'AA', 'AA', 'A', 'AA', 'A', 'AA', 'AA', 'AA', 'A', 'A', 'A', 'AA', 'AA', 'A', 'AA', 'A', 'A', 'A', 'A', 'AA', 'A', 'A', 'AA', 'A', 'A', 'A', 'A', 'A', 'A', 'A', 'A', 'A', 'A', 'A', 'A', 'A', 'A', 'A', 'A', 'A', 'A', 'A', 'A', 'A', 'A', 'A', 'A', 'A', 'A', 'A', 'A', 'A', 'A', 'A', 'A', 'A', 'A', 'A', 'A', 'A', 'A', 'A', 'A', 'A', 'A', 'A', 'AA', 'A', 'A', 'A', 'A', 'A', 'A', 'A', 'A', 'A', 'A', 'A', 'A', 'AA', 'AA', 'A', 'AA', 'A', 'AA', 'AA', 'A', 'AA', 'A', 'AA', 'A', 'A', 'A', 'A', 'A', 'A', 'AA', 'A', 'A', 'A', 'A', 'A', 'A', 'A', 'A', 'AA', 'A']	176
ENST00000341640:4	['G']	1
ENST00000341640:7	['AAA', 'AA', 'AA', 'AA', 'A', 'AA', 'AA', 'AA', 'AA', 'AA', 'A', 'A', 'A', 'A', 'A', 'A', 'A', 'AA', 'AA', 'AA', 'AA', 'A', 'AA', 'AA', 'A', 'AA', 'AA', 'AA', 'AA', 'AA', 'A', 'AA', 'AA', 'AA', 'AA', 'A', 'A', 'AA', 'AA', 'AA', 'AA', 'AA', 'AA', 'AA', 'AA', 'AA', 'AA', 'AA', 'A', 'AA', 'AA', 'AA', 'AA', 'AA', 'A', 'A', 'A', 'A', 'A', 'A', 'A', 'A', 'A', 'AAA', 'A', 'A', 'AA', 'A', 'A', 'AA', 'A', 'A', 'AA', 'A', 'A']	75
ENST00000341695:5	['T', 'T', 'T', 'T', 'T', 'T', 'T', 'T', 'T', 'T', 'T', 'T', 'T', 'A', 'T', 'T', 'T', 'T', 'T', 'T', 'T', 'T', 'T', 'T', 'T', 'T', 'T', 'T', 'T', 'T', 'T', 'T']	32
ENST00000341695:8	['CAAA', 'CAAA', 'CAAA', 'CAAA', 'CAAA']	5
ENST00000341698:6	['AAA', 'A', 'AAA', 'A']	4
ENST00000341700:5	['A', 'A']	2
ENST00000341754:2	['A', 'AAAAA', 'AAAAAAA', 'AAA']	4
ENST00000341772:5	['A', 'A']	2
ENST00000341861:9	['TT']	1
ENST00000341864:3	['A', 'A', 'A', 'A', 'A', 'A', 'A', 'A', 'A', 'A', 'A', 'A', 'A', 'A', 'A', 'A', 'A', 'A', 'A', 'A', 'A', 'A', 'A', 'A', 'A', 'A', 'A', 'A', 'A', 'A', 'A', 'A', 'A', 'A', 'A', 'A', 'A', 'A', 'A', 'A', 'A', 'A', 'A', 'A', 'A', 'A', 'A', 'A', 'A', 'A', 'A', 'A', 'A', 'A', 'A', 'A', 'A', 'A', 'A', 'A', 'A', 'A', 'A', 'A', 'A', 'A', 'A', 'A', 'A', 'A', 'A', 'A', 'A', 'A', 'A', 'A', 'A', 'A', 'A', 'A', 'A', 'A', 'A', 'A', 'A', 'A', 'A', 'A', 'A', 'A', 'A', 'A', 'A', 'A', 'A', 'A', 'A', 'A', 'A', 'A', 'A', 'A', 'A', 'A', 'A', 'A', 'A', 'A', 'A', 'A', 'A', 'A', 'A', 'A', 'A', 'A', 'A', 'A', 'A', 'A', 'A', 'A', 'A', 'A', 'A', 'A', 'A', 'A', 'A', 'A', 'A', 'A', 'A', 'A', 'A', 'A', 'A', 'A', 'A', 'A', 'A', 'A', 'A', 'A', 'A', 'A', 'A', 'A', 'A', 'A', 'A', 'A', 'A', 'A', 'A', 'A', 'A', 'AA', 'A', 'A', 'A', 'A', 'A', 'A', 'A', 'A', 'A', 'A', 'A', 'A', 'A', 'A', 'A', 'A', 'A', 'A', 'A', 'A', 'A', 'A', 'A', 'A', 'A', 'A', 'A', 'A', 'A', 'A', 'A', 'A', 'A', 'A', 'A', 'A', 'A', 'A', 'A', 'A', 'A', 'A', 'A']	201
ENST00000341928:12	['GAAAGAGACA']	1
ENST00000341928:9	['A', 'A', 'A', 'A', 'A', 'A', 'A', 'A', 'A', 'A', 'A', 'A', 'A', 'A', 'A', 'A', 'A', 'A', 'A', 'A', 'A', 'A', 'A', 'A', 'A', 'A', 'A', 'A', 'A', 'A', 'A', 'A', 'A', 'A', 'A', 'A', 'A', 'A', 'A', 'A', 'A', 'A', 'A', 'A', 'A', 'A', 'A', 'A', 'A', 'A', 'A', 'A', 'A', 'A', 'A', 'A', 'A', 'A', 'A', 'A', 'A', 'A', 'A', 'A', 'A', 'A', 'A', 'A', 'A', 'A', 'A', 'A', 'A', 'A', 'A', 'A', 'A', 'A', 'A', 'A', 'A', 'A', 'A', 'A', 'A', 'A', 'A', 'A', 'A', 'A', 'A', 'A', 'A', 'A', 'A', 'A', 'A', 'A', 'A']	99
ENST00000341937:17	['AG', 'AG', 'AG', 'AG', 'AG', 'AG', 'AG', 'AG', 'AG', 'AG', 'AG', 'AG', 'AG', 'AG', 'AG', 'AG', 'AG', 'AG', 'AG', 'AG', 'AG', 'AG', 'AG', 'AG', 'AG', 'AGAG', 'AG', 'AGAG', 'AG', 'AG', 'AG', 'AG']	32
ENST00000342014:4	['AAA']	1
ENST00000342066:12	['G', 'G', 'G', 'G', 'G', 'G']	6
ENST00000342081:9	['AAG']	1
ENST00000342085:7	['AACC', 'AACC']	2
ENST00000342232:3	['T', 'A', 'A', 'A', 'A', 'A', 'A', 'A', 'A', 'A', 'A', 'A', 'A', 'A', 'A', 'A', 'A', 'A', 'A', 'A', 'A', 'A', 'A', 'AA', 'A', 'A', 'A', 'A', 'A', 'A', 'A', 'A', 'AA', 'A', 'A', 'AA', 'A', 'A', 'A', 'A', 'A', 'AA', 'A', 'A', 'AA', 'A', 'A', 'A', 'A', 'A', 'A', 'A', 'A', 'A', 'A', 'A', 'A', 'A', 'A', 'A', 'A', 'A', 'A', 'A', 'A', 'A', 'A', 'A', 'A', 'AA', 'A', 'A', 'A', 'A', 'A', 'A', 'A', 'A', 'A', 'A', 'A', 'A', 'A', 'A', 'T', 'A', 'A', 'A', 'A', 'A', 'A', 'A', 'A', 'A', 'A', 'A', 'A', 'A', 'A', 'AA', 'A', 'A', 'A', 'A', 'A', 'A', 'AA', 'A', 'A', 'A', 'A', 'A', 'A', 'A', 'A', 'A', 'A', 'A', 'A', 'A', 'A', 'A', 'A', 'A', 'A', 'A', 'A', 'A', 'A', 'A', 'A', 'A', 'A', 'AA', 'A', 'A', 'A', 'A', 'A', 'A', 'A', 'A', 'A', 'A', 'A', 'A', 'A', 'A', 'A', 'A', 'A', 'A', 'A', 'A', 'A', 'A', 'A', 'A', 'A', 'A', 'A', 'A', 'A']	163
ENST00000342314:15	['GA', 'GA']	2
ENST00000342415:2	['C']	1
ENST00000342505:21	['GA', 'T', 'GA', 'T']	4
ENST00000342526:1	['GGA']	1
ENST00000342666:11	['A', 'A']	2
ENST00000342666:2	['A', 'A', 'A', 'AA', 'AA', 'AA', 'AA', 'AA', 'AA', 'AA', 'AA', 'AAA', 'AA', 'AA', 'AA', 'AA', 'AA', 'AA', 'AA', 'AA', 'AA', 'AA', 'AA', 'AA', 'AA', 'A', 'AA', 'AA', 'AA', 'A', 'AA', 'AA', 'AA', 'AA', 'AA', 'AA', 'AA', 'AA', 'AA', 'AA', 'AA', 'AA', 'AA', 'AA', 'A', 'AA', 'A', 'AA', 'AA', 'AA', 'AA', 'AA', 'A', 'AA', 'AA', 'AA', 'AA', 'AA', 'AA', 'AA', 'AA', 'A', 'AA', 'AA', 'AA', 'AA', 'AA', 'AA', 'AA', 'AA', 'AA', 'AA', 'AA', 'AA', 'A', 'A', 'A', 'AA', 'AA', 'A', 'AA', 'AA', 'AA', 'A', 'AA', 'A', 'AA', 'AA', 'A', 'AA', 'A', 'A', 'A', 'A', 'A', 'AA', 'AA', 'AA', 'AA']	99
ENST00000342694:18	['GCTGGGGCC', 'GCTGGGGCC', 'GCTGGGGCC', 'GCTGGGGCC', 'GCTGGGGCC']	5
ENST00000342711:11	['AA', 'AA']	2
ENST00000342740:21	['C']	1
ENST00000342741:4	['G', 'G', 'G', 'G', 'G', 'G', 'G', 'G']	8
ENST00000342771:5	['C']	1
ENST00000342788:19	['A', 'A', 'A', 'A', 'A', 'A', 'A']	7
ENST00000342788:24	['AAAG']	1
ENST00000342788:7	['AA', 'AA', 'AAA', 'AAAA', 'AAAA', 'AAAA', 'AA', 'AAA', 'AAAA', 'AAA', 'AAAA', 'AA', 'AA', 'AAA', 'AAAA', 'AAAA', 'AAAA', 'AAAA', 'AA', 'AA', 'AA', 'AAA', 'AAA', 'AAA', 'AAA', 'AAAA', 'AA', 'TAAA', 'AAA', 'AAAA', 'AAA', 'AAAA', 'AAAAA', 'AAA', 'AA', 'AA', 'AA', 'AAAA', 'AAA', 'AAA', 'AAAAA', 'AA', 'AA', 'AA', 'AAA', 'AAA', 'AA', 'AAA', 'AAA', 'AAA', 'AAAA', 'AAAA', 'AAA', 'AA', 'AAA', 'AAA', 'AAA', 'AA', 'AAAAA', 'AAA', 'AA', 'AAAA', 'AAA', 'AAAA', 'AAAAA', 'AA', 'AAAA', 'AAA', 'AA', 'AAAA', 'AAAA', 'AAA', 'AAA', 'AAAA', 'AA', 'AAAA', 'AAA', 'AA', 'AA', 'AAAA', 'AA', 'A', 'AAA', 'AAA', 'AA', 'AA', 'AA', 'AA', 'AAAA', 'AAA', 'AAA', 'AA', 'AAA', 'AAAA', 'AAAA', 'AA', 'AAA', 'AAA', 'AAA', 'A', 'AAA', 'AAA', 'AAAA', 'AAAA', 'AAA', 'AA', 'AA', 'AAAA', 'AAA', 'AAAAA', 'A', 'AAA', 'AA', 'AAA', 'AAA', 'AAA', 'AA', 'AAA', 'AAAA', 'AA', 'AAA', 'AAA', 'A', 'TAAA', 'A', 'AAA', 'AAA', 'AAAAA', 'A', 'AAA', 'AA', 'AA', 'A', 'A', 'A', 'A', 'AA']	137
ENST00000342818:5	['AT']	1
ENST00000343028:11	['A']	1
ENST00000343067:10	['C', 'C']	2
ENST00000343110:2	['G', 'G']	2
ENST00000343115:1	['AA', 'A', 'AA', 'AAA', 'AAA', 'AA', 'AAA', 'AA', 'AA', 'AA', 'AA', 'AAAA', 'AAA', 'AA', 'AA', 'AAAA', 'AAA', 'AAA', 'AAA', 'AAA', 'AAA', 'AA', 'AAA', 'AAA', 'AAA', 'AAAA', 'AAA', 'AA', 'AAA', 'AAA', 'AAA', 'AA', 'AAA', 'AA', 'A', 'AAA', 'AA', 'AA', 'AAA', 'AAA', 'AAA', 'AAA', 'AAA', 'AA', 'AAAA', 'AA', 'AA', 'AAA', 'AA', 'AA', 'AA', 'AA', 'AAA', 'A', 'AAA', 'AAA', 'AAA', 'AA', 'AAA', 'AAA', 'AA', 'AAA', 'AAA', 'AA', 'AA', 'AA', 'A', 'A', 'AAA', 'AA', 'AA', 'AAA', 'AA', 'AA', 'AAA', 'A', 'AA', 'AA', 'AA', 'AA', 'AAA', 'AA', 'AAA', 'A', 'A', 'AAAA', 'AA', 'AAAA', 'AA', 'A', 'AA', 'AAA', 'AAA', 'AAA', 'AAA', 'A', 'AAA', 'AA', 'AAA', 'AAA', 'AA', 'A', 'A', 'AAA', 'A', 'AAA', 'AAA', 'A', 'A', 'A', 'A', 'A', 'A', 'A', 'A', 'A']	116
ENST00000343289:10	['A', 'A', 'A', 'A', 'A', 'A', 'A', 'A', 'A', 'A', 'A', 'A', 'A', 'A', 'A', 'A', 'A', 'A', 'A', 'A', 'A', 'A', 'A', 'A', 'A', 'A', 'A', 'A', 'A', 'A']	30
ENST00000343380:3	['G']	1
ENST00000343411:13	['A', 'A', 'A', 'A', 'A', 'A', 'A', 'A', 'A', 'A', 'A', 'A', 'A', 'A', 'A', 'A', 'A', 'A', 'A', 'A', 'A', 'A', 'A', 'A', 'A', 'A', 'A', 'A', 'A', 'A', 'A', 'A', 'A', 'A', 'A', 'A', 'A', 'A', 'A', 'A', 'A', 'A', 'A', 'A', 'A', 'A', 'A', 'A', 'A', 'A', 'A', 'A', 'A', 'A', 'A', 'A', 'A', 'A', 'A', 'A', 'AA', 'A', 'A', 'A', 'A', 'A', 'A', 'A', 'A', 'A', 'A', 'A', 'A', 'A', 'A', 'A', 'A', 'A', 'A', 'A', 'A', 'A', 'A', 'A', 'A', 'A', 'A', 'AA', 'A', 'A', 'A', 'A', 'A', 'A', 'A', 'AA', 'A']	97
ENST00000343455:7	['A', 'A', 'A', 'A', 'A', 'A', 'A', 'A', 'A', 'A', 'A', 'A', 'A', 'A', 'A', 'A', 'A', 'A', 'A', 'A', 'A', 'A', 'A', 'A', 'A', 'A', 'A', 'A', 'A', 'A', 'A', 'A', 'A', 'A', 'A', 'A', 'A', 'A']	38
ENST00000343455:9	['A', 'A', 'A', 'A', 'A', 'A', 'A', 'A', 'A', 'A', 'A', 'A', 'A', 'A', 'A', 'A', 'A', 'A', 'A', 'A', 'A', 'A', 'A', 'A', 'A', 'A', 'A', 'A', 'A', 'A', 'A', 'A', 'A', 'A', 'A', 'A', 'A', 'A', 'A', 'A', 'A', 'A', 'A', 'A', 'A', 'A', 'A', 'A', 'A', 'A', 'A', 'A', 'A', 'A', 'A', 'A', 'A', 'A', 'A', 'A', 'A', 'A', 'A', 'A', 'A', 'A', 'A', 'A', 'A', 'A', 'A', 'A', 'A', 'A', 'A', 'A', 'A', 'A', 'A', 'A', 'A', 'A', 'A', 'A', 'A', 'A', 'A', 'A', 'A', 'A', 'A', 'A', 'A', 'A', 'A', 'A', 'A', 'A', 'A', 'A', 'A', 'A', 'A', 'A', 'A', 'A', 'A', 'A', 'A', 'A', 'A', 'A', 'A', 'A', 'A', 'A', 'A', 'A', 'A', 'A', 'A', 'A', 'A', 'A', 'A', 'A', 'A', 'A', 'A', 'A', 'A', 'A', 'A', 'A', 'A', 'A', 'A', 'A', 'A', 'A', 'A', 'A', 'A', 'A', 'A', 'A', 'A', 'A', 'A', 'A', 'A', 'A', 'A', 'A', 'A', 'A', 'A', 'A', 'A', 'A', 'A', 'A', 'A', 'A']	164
ENST00000343526:3	['AATAA']	1
ENST00000343526:4	['C', 'C']	2
ENST00000343597:3	['T', 'T']	2
ENST00000343619:11	['A', 'A', 'A', 'A', 'A', 'A', 'A', 'A', 'A', 'A', 'A', 'A', 'A', 'A', 'A', 'A', 'A', 'A', 'A', 'A', 'A', 'A', 'A', 'A', 'A', 'A', 'A', 'A', 'A', 'A', 'A', 'A', 'A', 'A']	34
ENST00000343702:5	['TTAC', 'TTAC', 'TTAC', 'TTAC', 'TTAC', 'TTAC', 'TTAC', 'TTAC']	8
ENST00000343811:13	['GGTGGAAAAG']	1
ENST00000343823:8	['TTT']	1
ENST00000343933:7	['GAG', 'GAG', 'GAG']	3
ENST00000343958:4	['A', 'A']	2
ENST00000344035:2	['A', 'AA', 'AA', 'AA', 'A', 'AA', 'AAA', 'A', 'AA', 'A', 'AA', 'A', 'A', 'AA', 'A', 'AA', 'A', 'AA', 'A', 'AA', 'AA', 'AA', 'A', 'AA', 'A', 'AAA', 'AA', 'AAA', 'A', 'AAA', 'A', 'AA', 'A', 'A', 'A', 'AA', 'AA', 'AA', 'AA', 'A', 'A', 'AA', 'AA', 'A', 'AAA', 'AAA', 'AA', 'AAA', 'A', 'A', 'AAAA', 'AA', 'AA', 'AA', 'A', 'A', 'A', 'AAAA', 'A', 'AA', 'A', 'AA', 'A', 'A', 'A', 'A', 'AA', 'AAAA', 'AAAA', 'AAA', 'AA', 'AA', 'AA', 'AA', 'AAA', 'AAA', 'AA', 'AA', 'AAA', 'AAAA', 'AA', 'AA', 'AA', 'AAA', 'AA', 'AAAA', 'AAAAA', 'AA', 'AAA', 'A', 'AA', 'AA', 'A', 'AA', 'A', 'AAA', 'A', 'AA', 'A', 'AAA', 'AA', 'A', 'A', 'AAA', 'AA', 'A', 'A', 'AAA', 'A', 'AAA', 'A', 'AA', 'A']	113
ENST00000344041:5	['AAA', 'AAA', 'AAAA', 'AAA', 'AA', 'AA', 'AAA', 'AAA', 'AA', 'AA', 'AA', 'AAAA', 'AA', 'AA', 'AAA', 'AA', 'AA', 'AA', 'AAA', 'AA', 'AAA', 'AA', 'AAA', 'AAA', 'AA', 'AA', 'AA', 'AAA', 'AA', 'AA', 'AAA', 'AA', 'AAA', 'AA', 'A', 'A', 'AA', 'AA', 'AAA', 'AA', 'AAA', 'AA', 'AAA', 'AA', 'AAAA', 'AA', 'AA', 'AAAA', 'AAA', 'AA', 'AAA', 'AAA', 'AAA', 'AAA', 'AA', 'AAAA', 'AA', 'AAAA', 'AA', 'AAA', 'AAA', 'AAA', 'AA', 'A', 'AA', 'AAAA', 'AAAA', 'AA', 'AAA', 'AA', 'AA', 'AAA', 'AAA', 'AAA', 'AA', 'AA', 'AAA', 'AAAAA', 'AAAA', 'AA', 'AAAAA', 'AAAA', 'AAA', 'AAA', 'AAAA', 'AAAA', 'AAAA', 'AAA', 'AA', 'AAAAA', 'AA', 'AA', 'AA', 'AA', 'AA', 'AA']	96
ENST00000344041:7	['A', 'A', 'A', 'A', 'A', 'A', 'A', 'A', 'A', 'A', 'A', 'A', 'A', 'A', 'A', 'A', 'A', 'A', 'A', 'A', 'A', 'A', 'A', 'A', 'A', 'A', 'A']	27
ENST00000344157:6	['A', 'A', 'A', 'A', 'A', 'A', 'A', 'A', 'A', 'A', 'A', 'A', 'A', 'A', 'A', 'A', 'A', 'A', 'A', 'A', 'A', 'A', 'A', 'A', 'A', 'A', 'A', 'A', 'A', 'A', 'A', 'A', 'A', 'A', 'A', 'A', 'A', 'A', 'A', 'A', 'A', 'A', 'A', 'A', 'A', 'A', 'A', 'A']	48
ENST00000344204:24	['TAAGTTTT']	1
ENST00000344229:5	['GC']	1
ENST00000344293:2	['AGA', 'AGA', 'AGA', 'AGA', 'AGA', 'AGA', 'AGA', 'AGA', 'AGA', 'AGA', 'AGA', 'AGA', 'AGA', 'AGA', 'AGA', 'AGA', 'AGA', 'AGA', 'AGA', 'AGA', 'AGA', 'AGA', 'AGA', 'AGA', 'AGA', 'AGA', 'AGA', 'AGA', 'AGA', 'AGA', 'AGA', 'AGA', 'AGA', 'AGA', 'AGA', 'AGA', 'AGA']	37
ENST00000344304:13	['AAA', 'AAA', 'AAA', 'AAA', 'AAA', 'AAA', 'AAA', 'AAA', 'AAA', 'AAA', 'AAA', 'AAAAA', 'AAAA', 'AAAA', 'AAAA', 'AAAA', 'AAAA', 'AAAA', 'AAAA', 'AAAA', 'AAAA', 'AAA', 'AAA', 'AAAA', 'AAAA', 'AAAA', 'AAA', 'AAAA', 'AAAA', 'AAAA', 'AAAAA', 'AAAA', 'AAAA', 'AAAA', 'AAAA', 'AAAA', 'AAA', 'AAAA', 'AAAA', 'AAA', 'AAAA', 'AAAA', 'AAAA', 'AAAA', 'AAAA', 'AAAA', 'AAAA', 'AAA', 'AAAAA', 'AAAA', 'AAAA', 'AAAA', 'AAAA', 'AAAAA', 'AAAAA', 'AAAA', 'AAAA', 'AAAA', 'AAAA', 'AAAA', 'AAAA', 'AAAA', 'AAAA', 'AAA', 'AA', 'AAA', 'AAAA', 'AAA', 'AAAA', 'AAAA', 'AAAA', 'AAAA', 'AAAA', 'AAA', 'AA', 'AAAA', 'AAAA', 'AAAA', 'AAAA', 'AAAA', 'AAAA', 'AAAA', 'AAAA', 'AAAA', 'AAAA', 'AAAA', 'AAAA', 'AAAA', 'AAAA', 'AAAA', 'AAA', 'AAAA', 'AAA', 'AAAA', 'AAAA', 'AAAA', 'AAA', 'AAAA', 'AA', 'AAA', 'AAA', 'AAAA', 'AAAA', 'AAAA', 'AAAA', 'AAAA', 'AAA', 'AAA', 'AAAA', 'AAAA', 'AAAA', 'AAAA', 'AAAA', 'AAAA', 'AAA', 'AAA', 'AAAA', 'AAAA', 'AAAA', 'AAAA', 'AAAA', 'AAAA', 'AAAA', 'AAAA', 'AAA', 'AAAA', 'AAAAA', 'AAAA', 'AAAAA', 'AAAA', 'AAA', 'AAAA', 'AAAA', 'AAAA', 'AAAA', 'AAAA', 'AAA', 'AAA', 'AAAAA', 'AAAA', 'AAAA', 'AAAA', 'AAAA', 'AAAA', 'AAAA', 'AAAA', 'AAAA', 'AAAAA', 'AAA', 'AAA', 'AAA', 'AAAA', 'AAAA', 'AAAA', 'AAAA', 'AAAA', 'AAA', 'AAAA', 'AAAA', 'AAA', 'AAA', 'AAAA', 'AAA', 'AAAA', 'AAA', 'AAAA', 'AAA', 'AA', 'AAAA', 'AAA', 'AAA', 'AAAA', 'AAA', 'AAAA', 'AAAA', 'AAAA', 'AAA', 'AAA', 'AAA', 'AAAA', 'AAA', 'AAAA', 'AAA', 'AAAAA', 'AAA', 'AAA', 'AAA', 'AAAA', 'AAA', 'AAA', 'AAA', 'AAA', 'AAA', 'AAA', 'AAA', 'AAA', 'AAA', 'AAA', 'AAA', 'AAA', 'AAA', 'AAA', 'AAA', 'AAAA', 'AAA', 'AAAA', 'AAAA', 'AAA', 'AAAA', 'AAAA', 'AAAA', 'AAAA', 'AAAA', 'AAAA', 'AAAA', 'AAAA', 'AAAA', 'AAAA', 'AAAA', 'AAAA', 'AAA', 'AAAA', 'AAAA', 'AAA', 'AAAA']	225
ENST00000344304:9	['A', 'AA', 'AA', 'AA', 'AA', 'AA', 'AA', 'AA', 'AA', 'A', 'AA', 'AA', 'AA', 'AA', 'AA', 'AA', 'A', 'AA', 'AA', 'AA', 'AA', 'A', 'AA', 'AA', 'AA', 'AA', 'A', 'A', 'AA', 'AA', 'A', 'AA', 'AA', 'AA', 'AA', 'AA', 'AA', 'A', 'AA', 'A', 'AA', 'AA', 'A', 'AA', 'AA', 'AA', 'AA', 'AA', 'AA', 'AA', 'AA', 'A', 'AA', 'AA', 'AA', 'AA', 'AA', 'A', 'A', 'A', 'A', 'A', 'AA', 'A', 'A', 'AA', 'A', 'A', 'A', 'A', 'A', 'A', 'A', 'A', 'A', 'A', 'AA', 'AA', 'AA', 'A', 'A', 'AA', 'AA', 'A', 'A', 'A', 'A', 'A', 'A', 'A', 'A', 'A', 'A', 'AA', 'A', 'A', 'A', 'A']	98
ENST00000344318:5	['AG', 'AG', 'AG', 'AG', 'AG', 'AG', 'AG', 'AG', 'AG', 'AG', 'AG', 'AGAG', 'AG', 'AG', 'AG', 'AG', 'AG', 'AG', 'AG', 'AG', 'AG', 'AG', 'AG', 'AG', 'AG', 'AG', 'AG', 'AG', 'AG', 'AG', 'AG', 'AG', 'AG', 'AG', 'AG', 'AG', 'AG', 'AG', 'AG', 'AG', 'AG', 'AG', 'AG', 'AG', 'AG', 'AG', 'AG', 'AG', 'AG', 'AG', 'AG', 'AG', 'AG', 'AG', 'AG', 'AG', 'AG', 'AG', 'AG', 'AG', 'AG', 'AG', 'AG', 'AG', 'AG', 'AG', 'AG', 'AG', 'AG', 'AG', 'AG', 'AG', 'AG', 'AG', 'AG', 'AGAG', 'AG', 'AG', 'AG', 'AG', 'AG', 'AG', 'AG', 'AG', 'AG', 'AG', 'AG', 'AG', 'AG', 'AG', 'AG', 'AG', 'AG', 'AGAG', 'AG', 'AG', 'AG', 'AG', 'AG', 'AG', 'AG', 'AG', 'AG', 'AG', 'AG', 'AG', 'AG', 'AG', 'AG', 'AG', 'AG', 'AG', 'AG', 'AG', 'AG', 'AG']	116
ENST00000344327:7	['A', 'A', 'A', 'A']	4
ENST00000344526:2	['T', 'T', 'T', 'T', 'T', 'T', 'T', 'T', 'T', 'T', 'T', 'T', 'T', 'T']	14
ENST00000344532:2	['AA']	1
ENST00000344537:3	['A', 'A', 'A', 'A', 'A', 'A', 'A', 'A', 'A', 'A', 'A', 'A', 'A', 'A', 'A', 'A', 'A', 'A', 'A', 'A', 'A', 'A', 'A', 'A', 'A', 'A', 'A', 'A', 'A', 'A', 'A', 'A', 'A', 'A', 'A', 'A', 'A', 'A', 'A', 'A', 'A', 'A', 'A', 'A', 'A', 'A', 'A']	47
ENST00000344537:6	['AAAAA', 'AA', 'AA', 'AA', 'AA', 'AAA', 'AAA', 'AA', 'AA', 'AA', 'AAA', 'AAA', 'AA', 'AA', 'AAA', 'AAA', 'AAA', 'AA', 'AA', 'AA', 'AA', 'AAA', 'AA', 'AAA', 'AA', 'AA', 'AAA', 'AAA', 'AAA', 'AA', 'AA', 'AA', 'AAA', 'AAAA', 'AAAAA', 'A', 'AAA', 'AA', 'AAA', 'AAAA', 'AAA', 'AAAA', 'AA', 'AAA', 'AA', 'AAAAA', 'AAA', 'AA', 'AAA', 'AA', 'AAA', 'A', 'AAA', 'AA', 'AAAA', 'AAAAA', 'AA', 'AAA', 'AA', 'AA', 'AA', 'AAA', 'AA', 'AA', 'AAA', 'AAA', 'AAA', 'AAA', 'AAA', 'AAA', 'AAA', 'AAA', 'AAA', 'AA', 'AAAAA', 'AAA', 'A', 'AAA', 'AAA', 'A', 'AAA', 'AAA', 'AAA', 'AAA', 'AA', 'AAA', 'AA', 'A', 'AA', 'AAA', 'AA', 'AAA', 'AAA', 'AA', 'AA', 'AAAA', 'AA', 'AAA', 'AAA', 'AA', 'AAAA', 'AAAA', 'AAAA', 'AAA', 'AA', 'AA', 'AAA', 'A', 'AAA', 'A', 'AAA', 'AAAA', 'AA', 'A', 'A', 'AA', 'A', 'A', 'A']	119
ENST00000344595:2	['C']	1
ENST00000344604:8	['G', 'G', 'G', 'G']	4
ENST00000344624:17	['A', 'A', 'A', 'A', 'A', 'A', 'A', 'A', 'A', 'A', 'A', 'A', 'A', 'A', 'A', 'A', 'A', 'A', 'A', 'A', 'A', 'A', 'A', 'A', 'A', 'A', 'A', 'A', 'A', 'A', 'A', 'A', 'A', 'A', 'A', 'A', 'A', 'A', 'A', 'A', 'A', 'A', 'A', 'A', 'A', 'AA', 'A', 'A', 'A', 'A', 'A', 'A', 'A', 'A', 'A', 'A', 'A', 'A', 'A', 'A', 'A', 'A', 'A', 'A', 'A', 'A', 'A', 'A', 'A', 'A', 'A', 'A', 'A', 'A', 'A', 'A', 'A', 'A', 'A', 'A', 'A', 'A', 'A', 'A', 'A', 'A', 'A', 'A', 'A', 'A', 'A', 'A', 'A', 'A', 'A', 'A', 'A', 'A', 'A', 'A', 'A', 'A', 'A', 'A', 'A', 'A', 'A', 'A', 'A', 'A', 'A', 'AA', 'A', 'A', 'A', 'A', 'A', 'A', 'A', 'A', 'A', 'A', 'A', 'A', 'A', 'A', 'A', 'A']	128
ENST00000344624:21	['A', 'A', 'AA', 'AA', 'AA', 'AA', 'AA', 'AA', 'AAA', 'AA', 'AAA', 'AA', 'AAA', 'AAA', 'AA', 'AAA', 'A', 'AA', 'AAA', 'AA', 'AAA', 'AA', 'AAA', 'AA', 'A', 'AA', 'AA', 'A', 'AA', 'AA', 'AA', 'A', 'AA', 'AAA', 'AA', 'AA', 'A', 'A', 'AA', 'AA', 'AAA', 'AA', 'AA', 'AAA', 'AA', 'AA', 'AA', 'A', 'AA', 'AAA', 'AA', 'A', 'A', 'AAA', 'AA', 'A', 'A', 'A', 'A', 'AA', 'AA', 'A', 'A', 'A', 'A', 'AA', 'AA', 'A', 'AA', 'A', 'A', 'A', 'AA', 'A', 'A', 'A', 'AAA', 'A', 'A', 'A', 'A', 'A', 'AAA', 'A', 'A', 'AA', 'AA', 'AA', 'AA', 'AA', 'AA', 'A', 'AA', 'A', 'A', 'A', 'A', 'AA', 'A', 'AA', 'A', 'A', 'AA', 'AA', 'A', 'A', 'A', 'A', 'AA', 'AA', 'AA', 'AA', 'A', 'AA', 'A', 'A', 'A', 'A', 'A', 'A', 'AAA', 'A', 'A', 'A', 'AA', 'A', 'A', 'AA', 'A', 'A', 'A', 'A', 'A', 'AA', 'AA', 'A', 'A', 'A', 'A', 'A', 'A', 'A', 'AA', 'A', 'AAA']	145
ENST00000344624:8	['G']	1
ENST00000344626:13	['AGG', 'AGG', 'AGG', 'AGG', 'AGG']	5
ENST00000344636:7	['A', 'A', 'A', 'AA', 'A', 'A', 'A', 'A', 'AA', 'A', 'A', 'A', 'A', 'AA', 'A', 'A', 'A', 'A', 'A', 'A', 'A', 'A', 'A', 'A', 'AA', 'A', 'A', 'A', 'A', 'A', 'A', 'A', 'A', 'A', 'A', 'A', 'A', 'A', 'A', 'A', 'A', 'AA', 'A', 'AA', 'A', 'A', 'A', 'A', 'A', 'A', 'A', 'A', 'A', 'A', 'A', 'A', 'A', 'A', 'A', 'A', 'A', 'A', 'A', 'A', 'A', 'A', 'A', 'A', 'A', 'A', 'A', 'A', 'A', 'A', 'A', 'A', 'A', 'A', 'A', 'A', 'A', 'A', 'A', 'A', 'A', 'A', 'A', 'A', 'A', 'A', 'A', 'A', 'A', 'A', 'A', 'A', 'A', 'A', 'A', 'A', 'A', 'A', 'A', 'A', 'A', 'A', 'A', 'A', 'A', 'A', 'A', 'A', 'A', 'A', 'A', 'A', 'A', 'A', 'A', 'A', 'A', 'A', 'AA', 'A', 'A']	125
ENST00000344651:1	['TCTCTTG', 'TCTCTTG', 'TCTCTTG', 'TCTCTTG']	4
ENST00000344683:9	['GTGT']	1
ENST00000344686:2	['GC']	1
ENST00000344686:4	['G', 'G', 'G']	3
ENST00000344836:10	['AG', 'AG', 'AG', 'AG', 'AG', 'AG', 'AG', 'AG', 'AG', 'AG', 'AG', 'AG', 'AG', 'AG', 'AG', 'AG', 'AG', 'AG', 'AG', 'AG', 'AG', 'AG', 'AG', 'AG']	24
ENST00000344836:16	['A', 'A']	2
ENST00000344836:2	['A', 'A', 'A', 'A', 'A', 'A', 'A', 'A', 'A', 'A', 'A', 'A', 'A', 'A', 'A', 'A', 'A', 'A', 'A', 'A', 'A', 'A', 'A', 'A', 'A', 'A', 'A', 'A', 'A', 'A', 'A', 'A']	32
ENST00000344836:29	['A', 'A', 'A', 'A', 'A', 'A', 'A']	7
ENST00000344846:3	['C', 'C']	2
ENST00000344850:6	['A', 'A', 'A', 'A', 'A', 'A', 'A', 'A']	8
ENST00000344862:2	['A', 'A', 'A', 'A', 'A', 'A', 'A', 'A', 'A', 'A', 'A', 'A', 'A', 'A', 'A', 'A', 'A', 'AA', 'A', 'A', 'A', 'A', 'A', 'A', 'A', 'A', 'A', 'A', 'A', 'A', 'A', 'A', 'A', 'A', 'A', 'A', 'A', 'A', 'A', 'A', 'A', 'A', 'A', 'A', 'A', 'A', 'A', 'A', 'A', 'AA', 'A', 'A', 'A', 'A', 'A', 'A', 'A', 'A', 'A', 'A', 'A', 'A', 'A', 'A', 'A', 'A', 'A', 'A', 'A', 'A', 'A', 'A', 'A', 'A', 'A', 'A', 'A', 'A', 'A', 'A', 'A', 'A', 'A', 'A', 'A', 'A', 'A', 'A', 'A', 'A', 'A', 'A', 'A', 'A', 'A', 'A', 'A', 'A']	98
ENST00000344908:10	['A']	1
ENST00000344936:19	['G', 'G']	2
ENST00000344936:8	['A', 'A']	2
ENST00000344962:2	['T', 'T']	2
ENST00000345041:5	['GA', 'GA', 'GA', 'GA', 'GA', 'GA', 'GA', 'GA', 'GA', 'GA', 'GA', 'GA', 'GA', 'GA', 'GA']	15
ENST00000345042:11	['A', 'A']	2
ENST00000345042:2	['A', 'A']	2
ENST00000345060:1	['A', 'A', 'A', 'A', 'A', 'A', 'A', 'A', 'A', 'A']	10
ENST00000345125:7	['CCATCTGGCCAGAAAGTGGCCAAGGGGACACA']	1
ENST00000345146:5	['GAG', 'GAG']	2
ENST00000345264:2	['AA']	1
ENST00000345264:7	['G', 'G', 'GG', 'G', 'G', 'G', 'G', 'G', 'G', 'G', 'G', 'G', 'G', 'GG', 'G', 'G', 'G', 'G', 'G', 'G', 'G', 'G', 'G', 'GG', 'G', 'GG', 'GGG', 'G', 'G']	29
ENST00000345317:3	['A', 'A', 'AA', 'A', 'AAA', 'AAA', 'A', 'A', 'A', 'AA', 'AA', 'AAA', 'AAAA', 'AA', 'AA', 'AAA', 'AA', 'AAAA', 'AAA', 'A', 'AAA', 'AA', 'AA', 'AA', 'AA', 'AAA', 'AA', 'AA', 'AA', 'AAA', 'AA', 'A', 'A', 'AA', 'AA', 'AAA', 'AA', 'A', 'AA', 'AAA', 'A', 'AA', 'AAA', 'A', 'AA', 'AA', 'AA', 'AAA', 'AAA', 'A', 'AA', 'AA', 'A', 'A', 'A', 'A', 'A', 'A', 'A', 'A', 'A', 'AAA', 'AAA', 'A', 'AA', 'AA', 'A', 'AA', 'A', 'A', 'AA', 'A', 'AA', 'AA', 'A', 'A', 'AA', 'AAA', 'AAA', 'AAA', 'AA', 'A', 'A']	83
ENST00000345365:9	['GAA', 'GAA', 'GAA', 'GAA']	4
ENST00000345382:1	['A', 'A']	2
ENST00000345434:6	['C', 'C', 'C', 'TC', 'TC', 'C', 'C', 'C', 'C', 'C', 'C', 'C', 'TC', 'C', 'TC', 'C', 'C', 'TC', 'C', 'C', 'C', 'C', 'TC', 'C', 'TC', 'C', 'TC', 'C', 'TTC', 'C', 'C', 'C', 'TC', 'C', 'C', 'C', 'C', 'C', 'C', 'TC', 'C', 'TC', 'C', 'C', 'C', 'C', 'C', 'C', 'C', 'C', 'TC', 'TC', 'C', 'TC', 'C', 'C', 'TC', 'C', 'C', 'C', 'C', 'C', 'C', 'C', 'C', 'C', 'TC', 'TC', 'C', 'C', 'C', 'C', 'C', 'C', 'C', 'C', 'TC', 'C', 'TC', 'C', 'TC', 'TC', 'TC', 'C', 'TC', 'C', 'TC', 'TC', 'TTC', 'C', 'C', 'TC', 'C', 'C', 'C', 'C', 'C', 'TC', 'C', 'C', 'C', 'C', 'TC', 'TC', 'C', 'C', 'TC', 'C', 'TC', 'C', 'C', 'C', 'C', 'C', 'C', 'C', 'C', 'C', 'C', 'C', 'C', 'C', 'TC', 'C', 'TC', 'C', 'C', 'C', 'C', 'C']	130
ENST00000345512:23	['G', 'G', 'G', 'G', 'G', 'G']	6
ENST00000345512:3	['C', 'C']	2
ENST00000345540:3	['CTC', 'CTC', 'CTC', 'CTC', 'CTC', 'CTC', 'CTC', 'CTC', 'CTC', 'CTC', 'CTC', 'CTC', 'CTC', 'CTC', 'CTC', 'CTC', 'CTC', 'CTC', 'CTC', 'CTC', 'CTC', 'CTC', 'CTC', 'CTC', 'CTC', 'CTC', 'CTC', 'CTC', 'CTC', 'CTC', 'CTC', 'CTC', 'CTC', 'CTC', 'CTC', 'CTC', 'CTC', 'CTC', 'CTC', 'CTC', 'CTC', 'CTC', 'CTC', 'CTC', 'CTC', 'CTC', 'CTC', 'CTC', 'CTC', 'CTC', 'CTC', 'CTC', 'CTC', 'CTC', 'CTC', 'CTC', 'CTC', 'CTC', 'CTC', 'CTC', 'CTC', 'CTC', 'CTC', 'CTC', 'CTC', 'CTC', 'CTC', 'CTC', 'CTC', 'CTC', 'CTC', 'CTC', 'CTC', 'CTC', 'CTC', 'CTC', 'CTC', 'CTC', 'CTC', 'CTC', 'CTC', 'CTC', 'CTC', 'CTC', 'CTC', 'CTC', 'CTC', 'CTC', 'CTC', 'CTC', 'CTC', 'CTC', 'CTC', 'CTC', 'CTC', 'CTC', 'CTC', 'CTC', 'CTC', 'CTC', 'CTC', 'CTC', 'CTC', 'CTC', 'CTC', 'CTC', 'CTC', 'CTC', 'CTC', 'CTC', 'CTC', 'CTC', 'CTC', 'CTC', 'CTC', 'CTC', 'CTC', 'CTC', 'CTC', 'CTC', 'CTC', 'CTC', 'CTC', 'CTC', 'CTC', 'CTC', 'CTC', 'CTC', 'CTC', 'CTC', 'CTC', 'CTC', 'CTC', 'CTC', 'CTC', 'CTC', 'CTC', 'CTC']	138
ENST00000345617:16	['G', 'G', 'G', 'G', 'G', 'G', 'G', 'G', 'G', 'G', 'G', 'G', 'G', 'G', 'G', 'G', 'G', 'G', 'G', 'G', 'G', 'G', 'G', 'G', 'G', 'G', 'G', 'G', 'G', 'G', 'G', 'G']	32
ENST00000345635:4	['G', 'G', 'G']	3
ENST00000345664:2	['A', 'A', 'A', 'A', 'A', 'A', 'A', 'A', 'A', 'A', 'A', 'A', 'A', 'A', 'A', 'A', 'A', 'A', 'A', 'A', 'A', 'A', 'A', 'A', 'A', 'A', 'A', 'A', 'A', 'A', 'A', 'A', 'A', 'A', 'A', 'A', 'A', 'A', 'A', 'A', 'A', 'A', 'A', 'A', 'A', 'A', 'A', 'A', 'A']	49
ENST00000345714:13	['TC']	1
ENST00000345851:4	['G', 'G', 'G', 'G']	4
ENST00000345957:5	['A', 'A', 'A', 'A', 'A', 'A', 'A', 'A', 'A', 'A', 'A', 'A', 'A', 'A', 'A', 'A', 'A', 'A', 'A', 'A', 'A', 'A', 'A', 'A', 'A', 'A', 'A', 'A', 'A', 'A', 'A', 'A', 'A', 'A', 'A', 'A', 'A', 'A', 'A', 'A', 'A', 'A', 'A', 'A', 'A', 'A', 'A', 'A', 'A', 'A', 'A', 'A', 'A', 'A', 'A', 'A', 'A', 'A', 'A', 'A', 'A', 'A', 'A', 'A', 'A', 'A', 'A', 'A', 'A', 'A', 'A', 'A', 'A', 'A', 'A', 'A', 'A', 'A', 'A', 'A', 'A', 'A', 'A', 'A', 'A', 'A', 'A', 'A', 'A', 'A', 'A', 'A', 'A', 'A', 'A', 'A', 'A', 'A', 'A', 'A', 'A', 'A', 'A', 'A', 'A', 'A', 'A', 'A', 'A', 'A', 'A', 'A', 'A', 'A', 'A', 'A', 'A', 'A', 'A', 'A', 'A', 'A', 'A', 'A', 'A', 'A', 'A', 'A', 'A', 'A', 'A', 'A', 'A', 'A', 'A', 'A', 'A', 'A', 'A', 'A', 'A']	141
ENST00000345957:7	['AAAA', 'AAAAA', 'AAA', 'AA', 'AAA', 'AAAAAA', 'AAAAAA', 'AA', 'AAA', 'AAAAAA', 'AAAA', 'AAA', 'AAA', 'AAAAAAA', 'AAA', 'AAA', 'AAAA', 'AAAA', 'AAAAA', 'A', 'AAAA', 'AAAAA', 'AAAA', 'AAAAAA', 'A', 'A', 'AAAA', 'AAAA', 'AAAA', 'AA', 'AAA', 'AA', 'AAA', 'AA', 'AA', 'AAA', 'AA', 'AAAAA', 'AAAA', 'AA', 'AAA', 'AAAAA', 'AA', 'AAA', 'AA', 'AAA', 'AAAA', 'AA', 'AAA', 'AAA', 'AA', 'AAAA', 'AAA', 'AA', 'AAAA', 'AAAA', 'AA', 'AA', 'AA', 'AA', 'A', 'AAA', 'AAA', 'AA', 'AAAA', 'AA', 'AA', 'AAAA', 'AA', 'A', 'A', 'AA', 'AAAA', 'AA', 'AA', 'AA', 'AAA', 'A', 'AAAA', 'AA', 'AAA', 'AAAAAA', 'AA', 'AAAAA', 'AAAAAA', 'AAAAAA', 'AAAA']	87
ENST00000346049:2	['AGG', 'AGG']	2
ENST00000346128:21	['AAAA', 'AAAAA', 'AAAA', 'A', 'AAAA', 'AAAA', 'AAAA', 'AAA', 'AAAA', 'AA', 'AAA', 'AAA', 'AAA', 'AA', 'AA', 'AAAAA', 'AA', 'AA', 'AA', 'AAAAAA', 'AAA', 'AAA', 'AAAAA', 'AAAA', 'AAAAAA', 'AAAAA', 'AAAA', 'AAAA', 'AAAAA', 'AAAA', 'AAAAA', 'AAA', 'AAAA', 'AAA', 'AAAA', 'AAAAA', 'AAA', 'AA', 'AA', 'AA', 'AAAAA', 'AAAA', 'AA', 'AAA', 'AAAAAA', 'AAAAAA', 'AAAAAA', 'AAA', 'AAAAAA', 'AAA', 'AAAAAA', 'AA', 'AAAAA', 'AAAAA', 'AAAA', 'AAAAA', 'AA', 'AAAA', 'AAAA', 'A', 'AAAAAA', 'AA', 'AAAA', 'AAAAA', 'AAA', 'AAAAA', 'A', 'AA', 'AA', 'A', 'AAAAA', 'AA', 'AAA', 'AAAA', 'AA', 'AAA', 'AAAA', 'AAA', 'AA', 'AAA', 'AAAAAA', 'AA', 'AAAAA', 'AAA', 'AA', 'AAA', 'AAAAA', 'AA', 'AA', 'AA', 'AA', 'AA', 'AAA', 'AAA', 'AAA', 'AAA', 'AAAAAAA', 'AAAA', 'AA', 'AAA', 'AAA', 'AA', 'A', 'AAAA', 'AA', 'AAA', 'AAA', 'AAA', 'AAA', 'AA', 'AAA', 'AAAAA', 'AA', 'AAA', 'AAA', 'AAA', 'AAAA', 'AAAA', 'AAAA', 'AAAAA', 'AAAAAAA', 'AAA', 'AAAAA', 'AAA', 'AA', 'AAAA', 'AA', 'AAAA', 'AAAA', 'AA', 'AAAA', 'AA', 'AAA', 'AA', 'AAAAAAA', 'AA', 'AA', 'AAA', 'AA', 'AA', 'AAA', 'AAAA', 'AAAAA', 'AAA', 'AAAA', 'AAAAAA', 'AAAAAA', 'A', 'AAAA', 'AAAA', 'AAA', 'A', 'AAAAA', 'A', 'A', 'AAAAA']	156
ENST00000346128:9	['A', 'A', 'A', 'A', 'A', 'A', 'A', 'A', 'A', 'A', 'A', 'A', 'A', 'A', 'A', 'A', 'A', 'A', 'A', 'A', 'A', 'A', 'A', 'A', 'A', 'A', 'A', 'A', 'A', 'A', 'A', 'A', 'A', 'A', 'A', 'A', 'A', 'A', 'A', 'A', 'A', 'A', 'A', 'A', 'A', 'A', 'A', 'A', 'A', 'A', 'A', 'A', 'A', 'A', 'A', 'A', 'A', 'A', 'A', 'A', 'A', 'A', 'A', 'A', 'A', 'A', 'A', 'A', 'A', 'A', 'A', 'A', 'A', 'A', 'A', 'A', 'A', 'A']	78
ENST00000346234:1	['T', 'T', 'T', 'T', 'T', 'T', 'T', 'T', 'T', 'T', 'T', 'T', 'T', 'T', 'T', 'T', 'T', 'T']	18
ENST00000346248:6	['GGT', 'T']	2
ENST00000346299:6	['A', 'A']	2
ENST00000346753:10	['G', 'G']	2
ENST00000346798:11	['A']	1
ENST00000346798:7	['A', 'A']	2
ENST00000346991:13	['AG', 'AG']	2
ENST00000346991:2	['T', 'T', 'T', 'T']	4
ENST00000347053:15	['AA', 'AA', 'AA', 'AAA', 'AA', 'AA', 'AA', 'AAA', 'AA', 'A', 'AAA', 'AA', 'A', 'AA', 'AAA', 'AA', 'AAA', 'A', 'AAA', 'AA', 'AAA', 'AA', 'AAA', 'AA', 'AA', 'AA', 'AA', 'A', 'AAA', 'A', 'AA', 'AA', 'A', 'AA', 'AA', 'AA', 'AAA', 'AA', 'AA', 'AA', 'A', 'A', 'AA', 'AA', 'AA', 'AA', 'AA', 'AAA', 'AA', 'AAA', 'AA', 'AAA', 'A', 'AA', 'AA', 'AA', 'AA', 'AA', 'A', 'AAA', 'AA', 'A', 'A', 'A', 'A', 'A', 'A', 'A', 'A', 'A', 'A', 'A', 'A', 'AA', 'A', 'A', 'AA', 'A', 'A', 'A', 'A', 'AA', 'A', 'AA', 'AA', 'AA', 'AA', 'AA', 'A', 'AA', 'A', 'A', 'AA', 'AA', 'AA', 'AA', 'A', 'A', 'A', 'A', 'AA', 'AA', 'AA', 'A', 'A', 'A', 'A', 'A', 'A', 'AAA', 'A', 'A', 'A', 'A', 'AAA', 'A', 'A', 'A', 'A', 'AAA', 'AAA', 'AA', 'A', 'AA', 'A', 'A', 'AA', 'A', 'A', 'AAA', 'A', 'A', 'A', 'A', 'AA', 'AAA', 'AA', 'AA', 'AAA', 'AA', 'A', 'A', 'A', 'AA']	144
ENST00000347053:7	['A', 'A', 'A', 'A', 'A']	5
ENST00000347077:3	['C', 'C']	2
ENST00000347108:8	['A', 'A']	2
ENST00000347140:4	['A', 'A']	2
ENST00000347162:10	['G', 'G', 'G']	3
ENST00000347310:5	['C']	1
ENST00000347364:4	['A', 'A']	2
ENST00000347528:5	['GAG', 'GAG']	2
ENST00000347557:10	['C', 'C', 'C']	3
ENST00000347615:1	['C', 'C']	2
ENST00000347642:2	['TAA', 'TAA']	2
ENST00000347703:3	['T', 'T']	2
ENST00000347757:2	['A', 'A', 'A', 'AA', 'AA', 'AA', 'AA', 'AAA', 'AA', 'AA', 'AA', 'AAA', 'AA', 'AA', 'AA', 'AA', 'AA', 'AA', 'AA', 'AA', 'AA', 'AA', 'AA', 'AA', 'AA', 'AA', 'AA', 'AA', 'AA', 'AA', 'AA', 'AA', 'AA', 'AA', 'AA', 'AA', 'A', 'AA', 'AA', 'AA', 'AAA', 'AA', 'AA', 'AA', 'AA', 'AA', 'AA', 'A', 'AA', 'AA', 'AA', 'AA', 'AA', 'AA', 'AA', 'AA', 'A', 'AA', 'AA', 'AA', 'AA', 'AA', 'AA', 'AA', 'AA', 'AA', 'AA', 'AA', 'AA', 'AA', 'A', 'AAA', 'AA', 'AA', 'AA', 'AA', 'AA', 'AA', 'AA', 'AA', 'AA', 'A', 'AA', 'AA', 'AA', 'AA', 'A', 'AA', 'AA', 'AA', 'AA', 'AA', 'A', 'AA', 'AA', 'AA', 'AA', 'AA', 'A', 'AA', 'A', 'AA', 'AA', 'AAA', 'AA', 'AA', 'AA', 'AA', 'AA', 'AA', 'AA', 'AA', 'AA', 'AA', 'AA', 'AA', 'AA', 'AA', 'AA', 'AA', 'AA', 'AA', 'AA', 'AA', 'AA', 'AA', 'AA', 'A', 'AA', 'AAA', 'AA', 'AA', 'AA', 'AA', 'AA', 'AA', 'AA', 'AA', 'AA', 'AA', 'AA', 'AA', 'AA', 'AA', 'AAA', 'AA', 'AA', 'AA', 'AA', 'AA', 'AA', 'AA', 'AA', 'AAA', 'AA', 'AA', 'AA', 'AA', 'AA', 'AA', 'A', 'AA', 'AA', 'AA', 'AA', 'AA', 'AA', 'AA', 'AA', 'AA', 'AA', 'AA', 'AA', 'AA', 'AA', 'AA', 'AA', 'AA', 'A', 'A', 'A', 'AA', 'AA', 'A', 'A', 'A', 'A', 'A', 'A', 'AA', 'A', 'A', 'A', 'AA', 'AA', 'A', 'AA', 'A', 'A', 'A', 'AA', 'A', 'A', 'A', 'A', 'A', 'AA', 'A', 'AA', 'AA', 'A', 'A', 'A', 'A', 'A', 'A', 'AA', 'AA', 'AA', 'AA', 'AA', 'AA', 'AA', 'AA', 'AA', 'AA', 'AA', 'AA', 'AA', 'AA', 'AA', 'AA', 'AA', 'AA', 'AA', 'AA', 'A', 'AA', 'AA', 'AA', 'AA', 'A', 'A', 'A', 'A', 'AA', 'A', 'A', 'A', 'A', 'A', 'A', 'AA', 'A', 'A', 'A', 'A', 'A', 'A', 'A', 'A', 'A', 'A']	263
ENST00000347776:9	['A', 'A']	2
ENST00000348261:21	['G', 'G']	2
ENST00000348261:26	['C']	1
ENST00000348261:3	['GCGTGGGTCGGGGTGGGGAAGGA']	1
ENST00000348332:14	['G']	1
ENST00000348335:14	['GAG']	1
ENST00000348335:6	['C', 'C']	2
ENST00000348403:11	['A', 'A', 'A', 'A', 'A', 'A', 'A', 'A', 'A', 'A', 'A', 'A', 'A', 'A']	14
ENST00000348403:9	['T']	1
ENST00000348428:10	['TT']	1
ENST00000348513:1	['A', 'A', 'A', 'A', 'A', 'A', 'A', 'A', 'A', 'A', 'A', 'A', 'AA', 'A', 'A', 'A', 'A', 'A', 'A', 'A', 'A', 'A', 'A', 'A', 'A', 'A', 'A', 'A', 'A', 'A', 'A', 'A', 'A', 'A', 'A', 'A', 'A', 'A', 'A', 'A', 'A', 'A', 'A', 'A']	44
ENST00000348544:1	['AAAAC', 'AAAAC', 'AAAAC', 'CTG']	4
ENST00000348544:7	['A', 'A']	2
ENST00000348628:5	['GA', 'GA', 'GA', 'GA', 'GA', 'GA', 'GA', 'GA', 'GA', 'GA', 'GA', 'GA', 'GA', 'GA', 'GA', 'GA', 'GA', 'GA', 'GA', 'GA', 'GA', 'GA', 'GA', 'GA', 'GA', 'GA', 'GA', 'GA', 'GA', 'GA', 'GA', 'GA', 'GA', 'GA', 'GA', 'GA', 'GA', 'GA', 'GA', 'GA', 'GA', 'GA', 'GA', 'GA', 'GA']	45
ENST00000348849:2	['AAAAAAAAA', 'AAAAAAAAAAAAAA', 'AAAAA', 'AAA', 'AAAAA', 'AAAAAAA', 'AAAAAAAAA', 'AAAAAAA', 'AAAAAAA', 'AAAAAA', 'AA', 'AAA', 'AAAA', 'AAAAAAAAAAAAA', 'AAAA', 'AAAA', 'AAAAAAAAA', 'AAAAAA', 'AAAAA', 'AAAAAAAAAA', 'AAAAAA', 'AAAAAAAA', 'AAAAAA', 'AAAAAAAAAAAAA', 'AAAAAAAA', 'AAAAAAAAA', 'AAAAAA', 'AAAAAAAAA', 'AAAAAAAAA', 'AAAA', 'AAAAA', 'AAAA', 'AAAAAA', 'AAAAA', 'AAAAAAAAAAAAAA', 'AAAAAAAAA', 'AAAAAAA', 'AAAAAAA', 'AAAAAAAAA', 'AAAAAAA', 'AAAAAAAAA', 'AAAAAAAA', 'AAAAAAAA', 'AAAAAAAAAA', 'AAAAAA', 'AAAAAAAAAA', 'AAAAAAAA', 'AA', 'A', 'AAAA']	50
ENST00000348931:4	['A']	1
ENST00000348931:5	['GTCTATCATTTTTTTTCTCTTCAGTTAATCCTTTTGC']	1
ENST00000349014:1	['A', 'A', 'A', 'A', 'A', 'A', 'A', 'A', 'A', 'A', 'A', 'A', 'A', 'A', 'A', 'A', 'A', 'A']	18
ENST00000349038:1	['TCTC', 'TCTC']	2
ENST00000349215:14	['A', 'A', 'A', 'A']	4
ENST00000349431:5	['AGGA', 'AGGA']	2
ENST00000349456:8	['AAC']	1
ENST00000349780:36	['C']	1
ENST00000350026:15	['T', 'T', 'T', 'T']	4
ENST00000350060:1	['G']	1
ENST00000350110:2	['C', 'C']	2
ENST00000350119:3	['C']	1
ENST00000350221:2	['A', 'A']	2
ENST00000350526:7	['A', 'A', 'A', 'A', 'A', 'A', 'A', 'A', 'A', 'A', 'A', 'A', 'A']	13
ENST00000350669:5	['AAA', 'AAAA', 'AAA', 'AAAA', 'AAAA', 'AAAAA', 'AAA', 'AAAA', 'AAAAA', 'AAAAA', 'AAAAA', 'AAA', 'AAAAAA', 'AAAA', 'AAAAA', 'AAAA', 'AAAAA', 'AAAAAA', 'AAAA', 'AAAAAA', 'AAAA', 'AAAA', 'AAAA', 'AAAA', 'AAAA', 'AAAA', 'AAAAA', 'AAAAA', 'AAAA', 'AAA', 'AAAA', 'AAA', 'AAAA', 'AAAAA', 'AAAAA', 'AAA', 'AAAA', 'AAAAAA', 'AAAA', 'AAAA', 'AAAA', 'AAAAA', 'AAA', 'AAAAAA', 'AAAAA', 'AAA', 'AAAAA', 'AAA', 'AAAA', 'AAAA', 'AAAA', 'AAAA', 'AAAA', 'AAAA', 'AAAA', 'AAA', 'AAAA', 'AAAAA', 'AAAAA', 'AAAA', 'AAAA', 'AAAA', 'AAAA', 'AAA', 'AAA', 'AAAA', 'AAA', 'AAA', 'AAAA', 'AAA', 'AAA', 'AAAA', 'AAA', 'AAAA', 'AAA', 'AAA', 'AAAA', 'AAA', 'AAAA', 'AAA', 'AAAA', 'AAA', 'AAAA', 'AAAA', 'AAAA', 'AAA', 'AAAA', 'AAAAA', 'AAA', 'AAAA', 'AAA', 'AAAA', 'AAAAA', 'AAAA', 'AAAA', 'AAAA', 'AAAA', 'AAAA', 'AAAAA', 'AA', 'AAA', 'AAA', 'AAAAA', 'AAA', 'AAA', 'AAA', 'AAAA', 'AAA', 'AAAA', 'AAAA', 'AAA', 'AAA', 'AAA', 'AAAA', 'AAA', 'AAA', 'AAA', 'AAA', 'AAAA', 'AAAAA', 'AAAA', 'AAA', 'AAA', 'AAAA', 'AAAA', 'AAA', 'AAAA', 'AAAA', 'AAA', 'AAAA', 'AAAA', 'AAAAA', 'AAAA', 'AAAAA']	134
ENST00000350721:13	['A', 'A']	2
ENST00000350721:21	['CT']	1
ENST00000350721:9	['A', 'A', 'A', 'A', 'A', 'A', 'A', 'A', 'A', 'A', 'A', 'A', 'A', 'A', 'A', 'A', 'A', 'A', 'A', 'A', 'A', 'A', 'A', 'A', 'A', 'A', 'A', 'A', 'A', 'A', 'A', 'A', 'A', 'A', 'A']	35
ENST00000350763:27	['AAA', 'AA', 'AAA', 'A', 'A', 'A', 'A', 'A', 'AA', 'A', 'A', 'AA', 'A', 'A', 'A', 'A', 'A', 'A', 'A', 'A', 'A', 'A', 'A']	23
ENST00000350763:9	['GGA', 'GGA']	2
ENST00000351193:1	['TTTTTTTTTTTTTTTTA', 'TTTTTTTTTTTTTTTTA', 'TTTTTTTTTTTA', 'TTTTTTTTTTTTTTA', 'TTTTTTTTTTTTTA', 'TTTTTTTTTTTA', 'TTTTTTTTTTTA']	7
ENST00000351298:14	['A', 'A', 'A', 'A', 'A', 'A', 'A', 'A', 'A', 'A', 'A', 'A']	12
ENST00000351298:2	['A', 'A', 'AA', 'A', 'A', 'A', 'A', 'A', 'A', 'A', 'A', 'A', 'A', 'A', 'A', 'A', 'A', 'A', 'A', 'A', 'A', 'A', 'A', 'A', 'AA', 'A', 'A', 'AA', 'AA', 'A', 'A', 'AA', 'A', 'A', 'A', 'A', 'A', 'A', 'A', 'A', 'A', 'A', 'AA', 'A', 'A', 'A', 'A', 'A', 'A', 'A', 'A', 'A', 'A', 'A', 'A', 'A', 'A', 'A', 'A', 'A', 'A', 'A', 'A', 'A', 'A', 'A', 'A', 'A', 'A', 'AA', 'A', 'A', 'A', 'A', 'A', 'A', 'AA', 'A', 'A', 'AA', 'A', 'A', 'A', 'A', 'AA', 'A', 'A', 'A', 'A', 'AA', 'A', 'A', 'A', 'A', 'A', 'A', 'A', 'A', 'A', 'A', 'A', 'AA', 'AA', 'A', 'A', 'A', 'A', 'AA', 'A', 'AA', 'A', 'A', 'A', 'AA', 'A', 'AA', 'A', 'A', 'A', 'A', 'A', 'A', 'AA', 'A', 'A', 'A', 'A', 'A', 'A', 'A', 'A', 'A', 'A', 'A', 'A', 'A', 'A', 'A', 'A', 'A', 'A', 'A', 'A', 'A', 'A', 'A', 'A', 'A', 'A', 'A', 'A', 'A', 'A', 'A', 'A', 'A', 'A', 'A', 'A', 'A', 'A', 'A', 'A', 'A', 'A', 'A', 'A', 'A', 'AA', 'A', 'AA', 'A', 'A', 'A', 'A', 'A', 'A', 'AA', 'A', 'A', 'A', 'A', 'A']	183
ENST00000351325:6	['C', 'C']	2
ENST00000351578:14	['A', 'A', 'A', 'A', 'A', 'A', 'A', 'A', 'AA', 'AA', 'A', 'A', 'A', 'A', 'A', 'A', 'A', 'A', 'A', 'AA', 'A', 'A', 'A', 'A', 'A', 'A', 'A', 'A', 'A', 'A', 'A', 'A', 'A', 'A', 'A', 'A', 'AA', 'A', 'A', 'A', 'A', 'A', 'AA', 'AA', 'A', 'A', 'A', 'A', 'A', 'A', 'A', 'A', 'A', 'A', 'A', 'A', 'AA', 'A', 'A', 'A', 'A', 'A', 'A', 'A', 'A', 'A', 'A', 'AA', 'A', 'A', 'A', 'A', 'A', 'A', 'A', 'A', 'A', 'A', 'AA', 'A', 'A', 'A', 'A', 'A', 'A', 'AA', 'A', 'A', 'A', 'AAAAAAAAAGAACAATATT', 'AAA', 'A', 'A', 'A', 'A', 'A', 'A', 'AA', 'A', 'A', 'A', 'A', 'A', 'A', 'A', 'AA', 'A', 'AA', 'A', 'A', 'A', 'A', 'A', 'A', 'A', 'A', 'A', 'A', 'A', 'A', 'A', 'A', 'A', 'A', 'A', 'A', 'A', 'AA', 'A', 'A', 'A', 'A', 'A', 'A', 'A', 'A', 'A', 'A', 'A', 'A', 'A', 'A', 'A', 'A', 'A']	145
ENST00000351747:11	['A', 'A']	2
ENST00000351747:21	['A', 'A']	2
ENST00000351747:29	['A', 'A', 'A', 'A', 'A', 'A', 'A', 'A', 'A', 'A', 'A', 'A', 'A', 'A', 'A']	15
ENST00000351747:58	['A', 'A', 'AA', 'AA', 'AA', 'AA', 'AA', 'AA', 'A', 'AA', 'AA', 'AA', 'AA', 'AA', 'AA', 'AA', 'AA', 'AA', 'AA', 'A', 'AA', 'AA', 'AA', 'AA', 'AA', 'AA', 'AA', 'AA', 'A', 'A', 'A', 'A', 'A', 'A', 'A', 'A', 'AA']	37
ENST00000351839:9	['AC', 'AC', 'AC', 'AC', 'AC', 'AC']	6
ENST00000351948:8	['A', 'A', 'A', 'A', 'A', 'A', 'A', 'A']	8
ENST00000352035:18	['GTTGAGAGCAGGGAGTATCAGGATACAGGATCAGGAGGAG']	1
ENST00000352210:1	['C', 'C']	2
ENST00000352210:6	['G']	1
ENST00000352251:1	['AA', 'A', 'AA', 'AA', 'AAA', 'AA', 'A', 'AA', 'AA', 'A', 'AA', 'AAA', 'AAA', 'A', 'AAA', 'AA', 'AAA', 'AAA', 'AA', 'AAA', 'A', 'AA', 'AA', 'A', 'AA', 'A', 'A', 'AAA', 'AAA', 'A', 'AA', 'AA', 'A', 'AA', 'A', 'A', 'AAAA', 'AA', 'A', 'AA', 'A', 'AA', 'AA', 'AA', 'A', 'AA', 'A', 'AAA', 'AA', 'AAA', 'AAA', 'AAA', 'AA', 'AAA', 'A', 'AA', 'A', 'A', 'AA', 'AAA', 'AA', 'A', 'A', 'AA', 'A', 'AAA', 'AA', 'AAA', 'AA', 'AAA', 'AAA', 'AA', 'A', 'AA', 'A', 'A', 'A', 'A', 'AAA', 'AA', 'AA', 'AA', 'AA', 'AAA', 'A', 'A', 'AAA', 'A', 'A', 'A', 'AA', 'AAA', 'AA', 'AAA', 'AAA', 'AAA', 'AAA', 'A', 'A', 'A', 'A', 'AAA', 'A', 'AAA', 'A', 'AA', 'AA', 'A', 'AAA', 'A', 'A', 'AA', 'AAA', 'AA', 'AA', 'A', 'A', 'A', 'AA', 'A', 'A', 'AA', 'A', 'AA', 'A', 'AAA', 'A', 'AAA', 'A', 'A', 'A', 'A', 'A', 'AA', 'A', 'A', 'A', 'A', 'A', 'AAA', 'A', 'A', 'A', 'AA', 'A', 'AA', 'A', 'A', 'A', 'AAA', 'A', 'AA', 'AA', 'AAA', 'AA', 'A', 'A', 'AA', 'AAA', 'AAAA', 'AA', 'A', 'AA', 'A', 'A', 'A', 'AA', 'AA', 'A', 'A', 'AA', 'A', 'AA', 'A', 'AA', 'A', 'A', 'A', 'AA', 'AAA', 'A', 'AA', 'AAA', 'AA', 'AAA', 'AAA', 'AA', 'AA', 'A', 'AAA', 'AA', 'A', 'A', 'AA', 'A', 'AA', 'AA', 'A', 'AA', 'AAA']	200
ENST00000352251:6	['AAA', 'AAAA', 'AA', 'AAAA', 'AA', 'AAA', 'AA', 'A', 'AAAA', 'AAAA', 'AAAA', 'AAAA', 'AA', 'AA', 'AAA', 'AA', 'AAAA', 'AAAAA', 'AAAA', 'AAA', 'A', 'A', 'AAA', 'AAA', 'AAA', 'AAA', 'AA', 'AAAAAA', 'AAA', 'AA', 'AA', 'AA', 'AAA', 'AAAA', 'AAAAA', 'AA', 'AA', 'AA', 'AA', 'AAAAA', 'AAA', 'AA', 'AA', 'AA', 'AA', 'A', 'AAA', 'AAA', 'AA', 'AA', 'AAAA', 'AA', 'AAAA', 'AAAAAA', 'AA', 'AAA', 'AAAA', 'AAA', 'AAAAA', 'A', 'AAAA', 'AA', 'AAA', 'AAA', 'AAA', 'AA', 'AAA', 'AAAA', 'AA', 'AA', 'AAA', 'AAA', 'AAAAA', 'AAAA', 'AAAAAA', 'AAA', 'AA', 'AAAA', 'AA', 'AAA', 'AAAA', 'AAAA', 'AAAA', 'A', 'A', 'AAAA', 'AAAA', 'AAAA', 'AAAAA', 'AAAA', 'AAAAAA', 'AAA', 'AAAAA', 'AAAAA', 'AAA', 'AAA', 'AA', 'AAAAA', 'AAA', 'AAA', 'AAAA', 'AAAA', 'AAAAA', 'AAAA', 'AAAAA', 'AAAA', 'A', 'AAAAA', 'AA', 'AA', 'AAA', 'AAAA', 'AA']	113
ENST00000352432:6	['G']	1
ENST00000352632:24	['G']	1
ENST00000352632:29	['T']	1
ENST00000352689:16	['TTTTTA', 'TTTTTA', 'TTTTTA']	3
ENST00000352957:3	['A', 'A', 'A', 'A', 'A', 'A', 'A', 'A', 'A', 'A', 'A']	11
ENST00000353151:1	['A', 'A', 'A', 'A', 'A', 'A', 'A', 'A', 'A', 'A', 'A', 'A', 'A', 'A', 'A', 'A', 'A', 'A', 'A', 'A', 'A', 'A', 'A', 'A', 'A', 'A', 'A', 'A', 'A', 'A', 'A', 'A', 'A', 'A', 'A', 'A', 'A', 'A', 'A', 'A', 'A', 'A', 'A', 'A', 'A', 'A', 'A', 'A', 'A', 'A', 'A', 'A', 'A', 'A', 'A', 'A', 'A', 'A', 'A', 'A', 'A', 'A', 'A', 'A', 'A']	65
ENST00000353234:13	['GA', 'GA', 'GA', 'GA', 'GA', 'GA', 'GA', 'GA', 'GA', 'GA', 'GA']	11
ENST00000353234:4	['A', 'A']	2
ENST00000353245:1	['G', 'G', 'G', 'G']	4
ENST00000353339:3	['TTTCTCC']	1
ENST00000353411:1	['A', 'A', 'A', 'A', 'A', 'A', 'A', 'A', 'A', 'A', 'A', 'A', 'A', 'A', 'A', 'A', 'A', 'A', 'A', 'A', 'A', 'A', 'A', 'A', 'A', 'A', 'A', 'A', 'A', 'A', 'A', 'A', 'A', 'A', 'A', 'A', 'A', 'A', 'A', 'A', 'A', 'A', 'A', 'A', 'A', 'A', 'A', 'A', 'A', 'A', 'A', 'A', 'A', 'A', 'A', 'A', 'A', 'A', 'A', 'A', 'A', 'A', 'A', 'A', 'A', 'A', 'A', 'A', 'A', 'A', 'A', 'A', 'AA', 'A', 'A', 'A', 'A', 'A', 'A', 'A', 'A', 'A', 'A', 'A', 'A', 'A', 'A', 'A', 'A', 'A', 'A', 'A', 'A', 'A', 'A', 'A', 'A', 'A', 'A', 'A', 'A', 'A', 'AA', 'A', 'A', 'A', 'A', 'A', 'A', 'A', 'A', 'A', 'A', 'A', 'A', 'A', 'A', 'A', 'A', 'A', 'A', 'A', 'A', 'A', 'A', 'A', 'A', 'A', 'A', 'A', 'A', 'A', 'A', 'A', 'A', 'A', 'A', 'A', 'A', 'A', 'A', 'A', 'A', 'A', 'A', 'A', 'A', 'A', 'A', 'A', 'A', 'A', 'A', 'A', 'A', 'A', 'A', 'A', 'A', 'A', 'A', 'A', 'A', 'A', 'AA', 'A', 'A', 'A', 'A', 'A', 'A', 'A', 'A', 'A', 'A', 'A', 'A', 'A', 'AA', 'A', 'A', 'A', 'AA', 'A', 'A', 'AA', 'A', 'A', 'A', 'A', 'A', 'A', 'A', 'A', 'A', 'AA', 'A', 'A', 'A', 'A', 'A', 'A', 'A', 'A', 'A', 'A', 'A', 'A', 'A', 'A', 'A', 'A', 'A', 'A', 'A', 'A', 'A', 'A', 'A', 'A', 'A']	221
ENST00000353442:6	['A', 'A', 'A', 'A', 'A', 'A', 'A', 'A', 'A', 'A', 'A', 'A', 'A', 'A', 'A', 'A', 'A']	17
ENST00000353479:40	['A', 'A']	2
ENST00000353487:9	['GA', 'GA', 'GA']	3
ENST00000354181:3	['AA', 'A', 'AA', 'A', 'A', 'A', 'A', 'A', 'A', 'A', 'A', 'A', 'A', 'A', 'AA', 'A', 'A', 'AA', 'A', 'A', 'A', 'A', 'A', 'A', 'A', 'AA', 'A', 'A', 'A', 'A', 'AA', 'A', 'AA', 'A', 'A', 'A', 'A', 'A', 'A', 'A', 'A', 'A', 'A', 'AA', 'A', 'A', 'A', 'A', 'AA', 'A', 'A', 'A', 'A', 'A', 'A', 'A', 'A', 'AA', 'AA', 'A', 'A', 'A', 'A', 'A', 'AA', 'A', 'A', 'A', 'A', 'A', 'A', 'A', 'A', 'A', 'A', 'A', 'A', 'A', 'AA', 'AA', 'A', 'A', 'A', 'A', 'AA', 'A', 'A', 'A', 'A', 'A', 'A', 'A', 'A', 'A', 'AA', 'A', 'A', 'A', 'A', 'A', 'A', 'A', 'A', 'A', 'A', 'A', 'A', 'A', 'A', 'A', 'A', 'A', 'A', 'A', 'A', 'A', 'A', 'A', 'A', 'A', 'A', 'A', 'A', 'A', 'AA', 'A', 'A', 'A', 'A', 'A', 'A', 'A']	132
ENST00000354212:7	['A', 'A', 'A', 'A']	4
ENST00000354212:9	['A', 'A']	2
ENST00000354216:3	['G']	1
ENST00000354221:2	['A', 'A', 'A', 'A']	4
ENST00000354268:22	['AG']	1
ENST00000354280:1	['A', 'A']	2
ENST00000354370:7	['TTT', 'TTTT', 'TTTT', 'TTTT', 'T', 'TT', 'T', 'TT', 'TTTT', 'TTTT', 'TTTT', 'TT', 'TTTT', 'TTTT', 'TTTT', 'TT', 'TT', 'TTTT', 'T', 'TTTT', 'TTTT', 'TT', 'TTTT', 'TT', 'TTTTTTTTTTTTAA', 'T', 'TT', 'T', 'TTT', 'TT', 'TT', 'T', 'T', 'T', 'T']	35
ENST00000354371:5	['T', 'T', 'T', 'T', 'T', 'T', 'T']	7
ENST00000354410:7	['C']	1
ENST00000354454:16	['TTACTAATTCACTTAACAAATGTCT']	1
ENST00000354488:7	['GAG', 'GAG']	2
ENST00000354532:23	['G', 'G']	2
ENST00000354532:24	['G', 'G', 'G', 'G']	4
ENST00000354532:8	['G', 'G']	2
ENST00000354534:12	['A']	1
ENST00000354534:2	['GGA', 'GGA']	2
ENST00000354545:3	['AGACA']	1
ENST00000354545:6	['TT', 'T', 'TT', 'TT', 'TT', 'TT', 'TTT', 'T', 'TTT', 'TTT', 'TT', 'T', 'TT', 'TTT', 'TT', 'TT', 'TT', 'TT', 'T', 'TTT', 'T', 'TT', 'TT', 'TT', 'T', 'TT', 'TT', 'TT', 'TT', 'TT', 'TT', 'TT', 'TT', 'TT', 'T', 'TT', 'T', 'TT', 'T', 'T', 'T', 'TT', 'TTT', 'TT', 'TT', 'TT', 'TT', 'TT', 'TT', 'T', 'TT', 'TT', 'TT', 'TTT', 'TT', 'T', 'T', 'T', 'TTT', 'TT', 'T', 'T', 'TT', 'TT', 'T', 'TT', 'TT', 'T', 'T', 'TT', 'T', 'T', 'T', 'TT', 'TT', 'TT', 'T', 'T', 'T', 'T', 'TT', 'T', 'T', 'T', 'TT', 'T', 'T', 'T', 'TTT', 'T', 'T', 'T', 'T', 'TT', 'T', 'T', 'TT', 'T', 'T', 'T', 'TT', 'T', 'T', 'T', 'T', 'TT', 'T', 'T', 'T', 'T', 'T', 'TT', 'T', 'T', 'T', 'T', 'TT', 'T', 'T', 'T', 'T', 'TTT', 'T', 'TT']	124
ENST00000354570:9	['GCC']	1
ENST00000354611:6	['A', 'A']	2
ENST00000354619:3	['A', 'A', 'A', 'A', 'A', 'A']	6
ENST00000354619:9	['GA', 'GA', 'GA', 'GA', 'GA', 'GA', 'GA', 'GA', 'GA', 'GA', 'GA', 'GA', 'GA', 'GA', 'GA', 'GA', 'GA', 'GA', 'GA', 'GA', 'GA', 'GA']	22
ENST00000354638:12	['CA', 'CA', 'CA', 'CA', 'CA', 'CA', 'CA', 'CA', 'CA', 'CA', 'CA', 'CA', 'CA', 'CA', 'CA', 'CA', 'CA', 'CA', 'CA', 'CA', 'CA', 'CA', 'CA', 'CA', 'CA', 'CA', 'CA', 'CA', 'CA', 'CA', 'CA', 'CA', 'CA', 'CA', 'CA', 'CA', 'CA', 'CA', 'CA', 'CA', 'CA', 'CA', 'CA', 'CA', 'CA', 'CA', 'CA', 'CA', 'CA', 'CA', 'CA', 'CA', 'CA', 'CA', 'CA', 'CA', 'CA', 'CA', 'CA', 'CA', 'CA', 'CA', 'CA', 'CA', 'CA', 'CA', 'CA']	67
ENST00000354646:1	['G', 'G']	2
ENST00000354646:5	['A']	1
ENST00000354646:8	['A', 'A']	2
ENST00000354667:1	['GA', 'G', 'G', 'G', 'GA', 'GA', 'G', 'G', 'G', 'GA', 'G', 'GA', 'G', 'G', 'G', 'G', 'G', 'G', 'G', 'G', 'G', 'G', 'G', 'GA', 'G', 'G']	26
ENST00000354694:8	['GA']	1
ENST00000354725:23	['TGAAGAGCTATTGTCTGTTTTTTCTTACAG', 'TGAAGAGCTATTGTCTGTTTTTTCTTACAG']	2
ENST00000354764:12	['A', 'A', 'A', 'AA', 'A', 'A', 'A', 'A', 'A', 'A', 'A', 'A', 'A', 'A', 'A', 'A', 'A', 'A', 'A', 'A', 'A', 'A', 'A', 'A', 'A', 'A', 'A', 'A', 'A', 'A', 'A', 'A', 'A', 'A', 'A', 'A', 'A', 'A', 'A', 'A', 'A', 'A', 'A', 'A', 'A', 'A', 'A', 'A', 'A', 'A', 'A', 'A', 'A', 'A', 'A', 'A', 'A', 'A', 'A', 'A', 'A', 'A', 'A', 'A', 'A', 'A', 'A', 'A', 'A', 'A', 'A', 'A', 'A', 'A', 'A', 'A', 'A', 'A', 'A', 'A', 'A', 'A', 'A', 'A', 'A', 'A', 'A', 'A', 'A', 'A', 'A', 'A', 'A', 'A', 'A', 'A', 'A', 'A', 'A', 'A', 'A', 'A', 'A', 'A', 'A', 'A', 'A', 'A', 'A', 'A', 'A', 'A', 'A', 'A', 'A', 'A', 'A', 'A', 'A', 'A', 'A', 'A', 'A', 'A', 'AA']	125
ENST00000354764:5	['AAAAG']	1
ENST00000354831:1	['G', 'G', 'G', 'G']	4
ENST00000354831:12	['A', 'A', 'A', 'A', 'A', 'A', 'A', 'A', 'A', 'A', 'A', 'A', 'A', 'A']	14
ENST00000354831:3	['A', 'A']	2
ENST00000354831:32	['A', 'A']	2
ENST00000354891:1	['G']	1
ENST00000354911:1	['T', 'T']	2
ENST00000354914:1	['A']	1
ENST00000354952:3	['CAA', 'C']	2
ENST00000354959:1	['A', 'A', 'A', 'A', 'A', 'A', 'A', 'A', 'A', 'A', 'A', 'A', 'A', 'A', 'A', 'A', 'A', 'A', 'A', 'A', 'A', 'A', 'A', 'A', 'A', 'A', 'A', 'A', 'A', 'A', 'A', 'A', 'A', 'A', 'A', 'A', 'A', 'A', 'A', 'A', 'A', 'A', 'A', 'A', 'A', 'A', 'A', 'A', 'A', 'A', 'A', 'A', 'A', 'A', 'A', 'A', 'A', 'A', 'A', 'A', 'A', 'A', 'A', 'A', 'A', 'A', 'CT', 'A', 'A', 'A', 'A', 'A', 'A', 'A', 'A', 'A', 'A', 'A', 'A', 'A', 'A', 'A', 'A', 'A', 'A', 'A', 'A', 'A', 'A', 'A', 'A', 'A', 'A', 'A', 'A', 'A', 'A', 'A', 'A', 'A', 'A', 'A', 'A', 'A', 'A', 'A', 'A', 'A', 'A', 'A', 'A', 'A', 'A', 'A', 'A', 'A', 'A', 'A', 'A', 'A', 'A', 'A', 'A', 'A', 'A', 'A', 'A', 'AA', 'A', 'A', 'A', 'A', 'A', 'A', 'A', 'A', 'A', 'A']	138
ENST00000354960:15	['A', 'TA', 'A', 'A', 'A']	5
ENST00000354981:11	['ACTT', 'ACTT', 'ACTT', 'ACTT']	4
ENST00000355029:6	['AAT']	1
ENST00000355053:13	['A', 'A', 'A', 'A', 'A', 'A', 'A', 'A', 'A']	9
ENST00000355091:3	['G', 'G']	2
ENST00000355097:1	['C', 'C', 'C', 'C', 'C', 'C']	6
ENST00000355112:16	['A', 'A', 'A', 'A', 'A']	5
ENST00000355112:21	['T', 'T']	2
ENST00000355123:12	['A', 'A', 'A', 'A', 'A', 'A', 'A', 'A', 'A', 'A', 'A', 'A', 'AA', 'A', 'A', 'A', 'AAA', 'A', 'A', 'A', 'A', 'A', 'A', 'AA', 'A', 'A', 'A', 'A', 'A', 'A', 'A', 'A', 'A', 'A', 'A', 'A', 'AA', 'A', 'AA', 'A', 'A', 'A', 'A', 'A', 'A', 'A', 'A', 'A', 'A', 'A', 'A', 'A', 'A', 'A', 'A', 'AA', 'A', 'A', 'A', 'A', 'A', 'A', 'A', 'A', 'AA', 'A', 'A', 'A', 'A', 'A', 'A', 'A', 'A', 'A', 'A', 'A', 'A', 'A', 'A', 'A', 'A', 'A', 'A', 'A', 'A', 'A', 'A', 'A', 'A', 'A', 'A', 'A', 'A', 'A', 'A', 'A', 'A', 'A', 'A', 'A', 'A', 'A', 'A', 'A', 'A', 'A', 'AA', 'A', 'A', 'A', 'A', 'A', 'A', 'A', 'A', 'A', 'A', 'A', 'A', 'A', 'A', 'A', 'A', 'A', 'A', 'A', 'A', 'A', 'A', 'A', 'A', 'A', 'A', 'A', 'A', 'A', 'A', 'A']	138
ENST00000355123:29	['A']	1
ENST00000355173:4	['G', 'G']	2
ENST00000355196:11	['A', 'A']	2
ENST00000355196:13	['A', 'A', 'A', 'A', 'A', 'A', 'A', 'A', 'A', 'A', 'A', 'A', 'A', 'A', 'A', 'A', 'A', 'A', 'A', 'A', 'A', 'A', 'A', 'A', 'A', 'A', 'A', 'A', 'A', 'A', 'A', 'A', 'A', 'A', 'A', 'A', 'A', 'A', 'A', 'A', 'A', 'A', 'A', 'A', 'A', 'A', 'A', 'A', 'A', 'A', 'A', 'A', 'A', 'AA', 'A', 'A', 'A', 'A', 'A', 'A', 'A', 'A', 'A', 'A', 'A', 'A', 'A', 'A', 'A', 'A', 'A', 'A', 'A', 'A', 'A', 'A', 'A', 'A', 'A', 'A', 'A', 'A', 'A', 'A', 'A', 'A', 'A', 'A', 'A', 'A', 'A', 'A', 'A', 'A', 'A', 'A', 'A', 'A', 'A', 'A', 'A', 'A', 'A', 'A', 'AA', 'A', 'A', 'A', 'A', 'A', 'A', 'A', 'A']	113
ENST00000355264:6	['AAAAAGAGA', 'AAAAAGAGA']	2
ENST00000355280:6	['GTCTTCACA', 'GTCTTCACA', 'GTCTTCACA']	3
ENST00000355303:14	['T']	1
ENST00000355315:2	['TG', 'TG']	2
ENST00000355349:10	['A', 'A', 'A', 'A', 'A', 'A', 'A', 'A', 'A', 'A', 'A', 'A', 'A', 'A', 'A', 'A', 'A', 'A']	18
ENST00000355385:5	['CACAGGTAACTACCTGATCATGCCCTCAGGGAACCTCCAGATTGTGAATGCCAGCCA']	1
ENST00000355431:19	['C']	1
ENST00000355527:8	['G', 'G']	2
ENST00000355585:7	['T']	1
ENST00000355612:6	['A', 'A', 'A', 'A', 'A', 'A', 'A', 'A', 'A', 'A', 'A', 'A', 'A', 'A', 'A']	15
ENST00000355667:8	['C', 'C', 'C', 'C']	4
ENST00000355697:9	['AAG']	1
ENST00000355758:3	['A', 'A', 'A', 'A', 'A', 'A', 'A', 'A', 'A', 'A', 'A', 'A', 'AA', 'A', 'A', 'A', 'A', 'AA', 'A', 'A', 'A', 'A', 'A', 'A', 'A']	25
ENST00000355832:15	['AG', 'AG', 'AG', 'AG', 'AG', 'AG', 'AG', 'AG', 'AG', 'AG', 'AG', 'AG', 'AG', 'AG', 'AG', 'AG', 'AG', 'AG', 'AG', 'AG', 'AG', 'AG', 'AG', 'AG', 'AG', 'AG', 'AG', 'AG', 'AG', 'AG', 'AG', 'AG', 'AG', 'AG', 'AG', 'AG', 'AG', 'AG', 'AG', 'AG', 'AG', 'AG', 'AG', 'AG', 'AG', 'AG', 'AG', 'AG', 'AG', 'AG', 'AG', 'AG', 'AG', 'AG', 'AG', 'AG', 'AG', 'AG', 'AG', 'AG', 'AG', 'AG', 'AG', 'AG', 'AG', 'AG', 'AG', 'AG', 'AG', 'AG', 'AG', 'AG', 'AG', 'AG', 'AG', 'AG', 'AG', 'AG', 'AG', 'AG', 'AG', 'AG', 'AG', 'AG', 'AG', 'AG', 'AG', 'AG', 'AG', 'AG', 'AG', 'AG', 'AG', 'AG', 'AG', 'AG', 'AG', 'AG', 'AG', 'AG', 'AG', 'AG', 'AG', 'AG', 'AG', 'AG', 'AG', 'AG', 'AG', 'AG', 'AG', 'AG', 'AG', 'AG', 'AG', 'AG', 'AG', 'AG', 'AG', 'AG', 'AG', 'AG', 'AG', 'AG', 'AG', 'AG', 'AG', 'AG', 'AG', 'AG', 'AG', 'AG', 'AG', 'AG', 'AG', 'AG', 'AG', 'AG', 'AG', 'AG', 'AG', 'AG', 'AG', 'AG', 'AG', 'AG', 'AG', 'AG', 'AG', 'AG', 'AG', 'AG', 'AG', 'AG', 'AG', 'AG', 'AG', 'AG', 'AG', 'AG', 'AG', 'AG', 'AG', 'AG', 'AG', 'AG', 'AG', 'AG', 'AG', 'AG', 'AG', 'AG']	172
ENST00000355867:13	['A', 'A']	2
ENST00000355899:2	['T', 'T', 'T']	3
ENST00000355906:4	['CTGAGCA', 'CTGAGCA', 'CTGAGCA', 'CTGAGCA']	4
ENST00000355937:5	['A', 'A', 'A', 'A', 'A', 'A', 'A', 'A', 'A', 'A', 'A', 'A', 'A', 'A', 'A', 'A', 'A', 'A', 'A', 'A', 'A', 'A', 'A', 'A', 'A', 'A', 'A', 'A', 'A', 'A', 'A', 'A', 'A', 'A', 'A', 'A', 'A', 'A', 'A', 'A', 'A', 'A', 'A', 'A', 'A']	45
ENST00000355943:3	['A']	1
ENST00000355947:1	['A', 'A', 'A', 'A', 'A', 'A']	6
ENST00000355962:2	['T', 'T', 'T', 'T', 'T', 'T']	6
ENST00000355999:4	['A', 'A', 'A', 'A', 'A', 'A', 'A', 'A', 'A', 'A', 'A', 'A', 'A', 'A', 'A', 'A', 'A', 'A', 'A', 'A', 'A', 'A', 'A', 'A', 'A', 'A', 'A', 'A', 'A', 'A', 'A', 'A', 'A', 'A', 'A', 'A', 'A', 'A', 'A', 'A']	40
ENST00000355999:6	['T']	1
ENST00000356018:4	['A', 'A', 'A', 'A', 'A', 'A', 'A', 'A', 'A', 'A', 'A', 'A', 'A', 'A', 'A', 'A', 'A', 'A', 'A', 'A', 'AA', 'A', 'A', 'A', 'A', 'A', 'A', 'A', 'A', 'A', 'A', 'A', 'A', 'A', 'A', 'A', 'G', 'A', 'A', 'A', 'A', 'A', 'A', 'A', 'A', 'AA', 'A', 'A', 'A', 'A', 'A', 'A', 'A', 'A', 'AA', 'A']	56
ENST00000356031:9	['T', 'T', 'T', 'T', 'T', 'T', 'T', 'T', 'T', 'T', 'T', 'T', 'T', 'T', 'T', 'T', 'T', 'T', 'T', 'TT', 'T', 'T', 'T', 'T', 'T', 'T', 'T']	27
ENST00000356056:12	['A', 'A', 'A', 'A', 'A', 'A', 'A', 'A', 'A', 'A', 'A', 'A', 'A', 'A', 'A', 'A', 'A', 'A', 'A', 'A', 'A', 'A', 'A', 'A', 'A', 'A', 'A', 'A', 'A', 'A', 'A', 'AA', 'A', 'A', 'A', 'A', 'A', 'A', 'A', 'A', 'A', 'A', 'A', 'A', 'A', 'AA', 'A', 'A', 'A', 'A', 'A']	51
ENST00000356056:41	['G']	1
ENST00000356083:23	['G', 'G']	2
ENST00000356083:4	['TCTT', 'TCTT']	2
ENST00000356083:60	['CT', 'CT', 'CT']	3
ENST00000356134:13	['A', 'A']	2
ENST00000356134:2	['AG', 'AG', 'AG', 'AG', 'AG', 'AG']	6
ENST00000356151:3	['TA', 'TTA', 'TA']	3
ENST00000356183:15	['A', 'A']	2
ENST00000356221:9	['T', 'T', 'T', 'T', 'T', 'T', 'T', 'T', 'T', 'T', 'T', 'T', 'T', 'T', 'T', 'T', 'T', 'T', 'T']	19
ENST00000356231:18	['G', 'G']	2
ENST00000356239:46	['T', 'T']	2
ENST00000356253:24	['A', 'A', 'A', 'A', 'A', 'A', 'A', 'A', 'A', 'A', 'A', 'A', 'A', 'A', 'A', 'A', 'A', 'A', 'A', 'A', 'A', 'A', 'A', 'A', 'A', 'A', 'A', 'A', 'A', 'A', 'A', 'A']	32
ENST00000356253:28	['A', 'A', 'A', 'A', 'A', 'A', 'A', 'A', 'A', 'A', 'A', 'A', 'A', 'A', 'AA', 'A', 'A', 'A', 'A', 'A', 'A', 'A', 'A', 'A', 'A', 'A', 'A', 'A', 'A', 'A', 'A', 'A', 'A', 'A', 'A', 'A', 'A', 'A', 'A', 'A', 'A', 'AA', 'A', 'A', 'A', 'A', 'A', 'AA', 'A', 'A', 'A', 'A', 'A', 'A', 'A', 'A', 'A', 'A', 'A', 'A', 'A', 'A', 'A', 'A', 'A', 'A', 'A', 'A', 'A', 'A', 'A', 'A', 'A', 'A', 'A', 'A', 'A', 'A', 'A', 'A', 'A', 'A', 'A', 'AA', 'A', 'A', 'A', 'A', 'A', 'A', 'A', 'A']	92
ENST00000356253:4	['A', 'A', 'A', 'A', 'A', 'A', 'A', 'AA', 'AA', 'A', 'AA', 'AA', 'A', 'AA', 'AA', 'AA', 'A', 'A', 'A', 'A', 'A', 'A', 'A', 'AA', 'AA', 'A', 'AA', 'A', 'A', 'A', 'A', 'A', 'AA', 'A', 'A', 'A', 'A', 'A', 'A', 'A', 'AA', 'A', 'A', 'A', 'A', 'A', 'A', 'A', 'A', 'A', 'A', 'A', 'A']	53
ENST00000356253:7	['AAA', 'AAAA', 'AAA', 'A', 'AA', 'AAAAA', 'AAAAAA', 'AAAA', 'AAA', 'AAA', 'AAA', 'AA', 'AAA', 'AAA', 'AAA', 'AAA', 'AAAA', 'AAA', 'AAAA', 'AA', 'AA', 'AAAA', 'AA', 'AAAA', 'AAA', 'AAA', 'AA', 'AA', 'AAAAA', 'AAAA', 'AA', 'AAA', 'AAAA', 'AAA', 'AA', 'A', 'AAA', 'AAA', 'AAAAA', 'AAA', 'AA', 'AA', 'AAA', 'A', 'A', 'AA', 'AAA', 'AAA', 'AA', 'AA', 'AAAAAA', 'AA', 'AAA', 'AA', 'AAA', 'AA', 'AAAAA', 'A', 'AA', 'AAA', 'AA', 'AAA', 'AAAAA', 'AAA', 'AAAAA', 'AAAA', 'AA', 'AAAA', 'AA', 'AA', 'AAA', 'AA', 'AAA', 'AAA', 'AAA', 'AAAA', 'AA', 'AA', 'AAAA', 'AAAA', 'AAA', 'AA', 'AA', 'AAAAAA', 'AAAA', 'AA', 'AAAA', 'A', 'AAAA', 'AAAA', 'AAA', 'AAA', 'AAAA', 'AAAAA', 'AAAA', 'AAAAA', 'AAA', 'A', 'AAA', 'AA', 'AA', 'AA', 'AAA', 'AAA', 'AA', 'AA', 'AAA', 'AAA', 'AAA', 'AAAA', 'AAAA', 'AAA', 'AAAAAA', 'AAA', 'AAA', 'AAAA', 'AA', 'AA', 'AAAA', 'AAA', 'AA', 'AAAA', 'AAA', 'AAAA', 'AAA', 'AAAA', 'AAAA', 'AAAAA', 'AAA', 'AAAA', 'AAAA', 'AAAAAA', 'AAAA', 'AAAAAA', 'AA', 'AA', 'AAAA', 'AA', 'AAA', 'AA', 'AAAAA', 'AAAAAA', 'AAAA', 'AAAA', 'AAAA', 'AAAAA', 'AAAA']	147
ENST00000356287:27	['GG', 'GG', 'G', 'GG', 'GG', 'G', 'GG', 'GG', 'G', 'G', 'GG', 'G', 'GG', 'GG', 'G', 'GG', 'G', 'G', 'GG', 'G', 'GG', 'GG', 'G', 'G', 'GG', 'G', 'G', 'G', 'G', 'G', 'GG', 'GG', 'G', 'GG', 'GG', 'GG', 'GG', 'G', 'G', 'GG', 'GG', 'G', 'GGGGAG', 'GG', 'G', 'GG', 'G', 'G', 'G', 'GG', 'G', 'G', 'GG', 'G', 'GG', 'G', 'G', 'G', 'G', 'G', 'G', 'GGGGAG', 'G', 'G']	64
ENST00000356352:11	['A', 'A', 'A', 'A', 'A', 'A', 'A', 'A', 'A', 'A', 'A', 'A', 'A', 'A']	14
ENST00000356352:12	['A', 'A', 'A', 'A', 'A', 'A', 'A']	7
ENST00000356357:17	['A', 'A']	2
ENST00000356362:10	['G', 'G', 'G', 'G', 'G', 'G', 'G', 'G', 'G', 'G', 'G', 'G', 'G', 'G', 'G', 'G', 'G']	17
ENST00000356362:4	['A', 'A', 'A', 'A', 'A', 'A', 'A', 'A', 'A', 'A', 'A', 'A', 'A', 'A', 'A', 'A', 'A', 'A', 'A', 'A', 'A', 'A', 'A', 'A', 'A', 'A', 'A', 'A', 'A', 'A', 'A', 'A', 'A', 'A', 'A', 'A', 'A', 'A', 'A', 'AA', 'A', 'A', 'A', 'A', 'A', 'A', 'A', 'A', 'A', 'A', 'A', 'A']	52
ENST00000356362:7	['AA', 'AAA', 'AAA', 'AAAA', 'AA', 'AAA', 'AAA', 'AAA', 'AAA', 'AAAA', 'AAAAA', 'AAA', 'AAAAA', 'AAAAA', 'AAAAA', 'AAAA', 'AAAA', 'AAA', 'AAAAAA', 'AA', 'AAAAA', 'AAA', 'AAAA', 'AA', 'AAA', 'AAA', 'AA', 'AAA', 'AAA', 'AAAA', 'AAAAAA', 'AA', 'AA', 'AAA', 'AA', 'AA', 'AA', 'AAAA', 'AAA', 'AAAA', 'AAAAA', 'AAAA', 'AAA', 'AAA', 'AAA', 'A', 'AA', 'A', 'AAA', 'AAA', 'AAA', 'AAA', 'AAAA', 'AAAA', 'AAA', 'AAA', 'AAA', 'AA', 'AAA', 'AA', 'AA', 'AAAAA', 'A', 'AA', 'AA', 'AA', 'AAA', 'AA', 'AA', 'AA', 'AAA', 'AA', 'AAA', 'AAAA', 'AAA', 'AA', 'AAA', 'AAA', 'AA', 'AAA', 'A', 'AA', 'AA', 'AA', 'AA', 'AAA', 'AAAA', 'A', 'AAA', 'AAA', 'A', 'A', 'AA', 'AAA', 'AA', 'AAA', 'AA', 'AAA', 'AAA', 'AAA', 'AA', 'AA', 'AA', 'AAAA', 'AAA', 'AAA', 'AA', 'AAA', 'AA', 'AA', 'AA', 'AA', 'AA', 'AAAA', 'AA', 'AA', 'A', 'AAA', 'AA', 'AAA', 'AAAA', 'AA', 'AA', 'A', 'AAAA', 'AA', 'AA', 'AAAA', 'AA', 'AAA', 'AA', 'AA', 'A']	133
ENST00000356396:5	['C', 'C']	2
ENST00000356415:2	['C', 'C', 'C', 'C']	4
ENST00000356435:9	['GG']	1
ENST00000356443:20	['GA', 'GA', 'GA', 'GA', 'GA', 'GA', 'GA', 'GA', 'GA', 'GA', 'GA', 'GA', 'GA', 'GA', 'GA', 'GA', 'GA', 'GA', 'GA', 'GA', 'GA', 'GA', 'GA', 'GA', 'GA', 'GA', 'GA', 'GA', 'GA', 'GA', 'GA', 'GA', 'GA', 'GA', 'GA', 'GA', 'GA', 'GA', 'GA', 'GA', 'GA', 'GA', 'GA', 'GA', 'GA', 'GA', 'GA', 'GA', 'GA', 'GA', 'GA', 'GA', 'GA', 'GA', 'GA', 'GA', 'GA', 'GA', 'GA', 'GA', 'GA', 'GA', 'GA', 'GA', 'GA', 'GA', 'GA', 'GA', 'GA', 'GA', 'GA', 'GA', 'GA', 'GA', 'GA']	75
ENST00000356488:14	['G', 'G', 'G', 'G']	4
ENST00000356521:6	['A', 'A', 'A', 'A', 'A', 'A', 'A', 'A', 'A', 'A', 'A', 'A', 'A']	13
ENST00000356524:2	['CCA']	1
ENST00000356537:6	['TT']	1
ENST00000356637:5	['A', 'A', 'A', 'A']	4
ENST00000356644:4	['G', 'G', 'G', 'G', 'G']	5
ENST00000356644:6	['A', 'A', 'A', 'A']	4
ENST00000356661:1	['A', 'A']	2
ENST00000356708:4	['TAAA', 'TAAA']	2
ENST00000356711:19	['T', 'T', 'T', 'T', 'T', 'T', 'T', 'T', 'T', 'T', 'T']	11
ENST00000356736:7	['AGA', 'AGA', 'AGA', 'AGA', 'AGA', 'AGA', 'AGA', 'AGA', 'AGA', 'AGA', 'AGA']	11
ENST00000356763:5	['AAAA', 'A', 'AAAAAA', 'AAAA', 'A', 'AA', 'AA', 'AA', 'AAA', 'AA', 'AAA', 'A', 'AA', 'AA', 'AAA', 'AA', 'AAA', 'AAA', 'AA', 'AAA', 'AA', 'AA', 'AAA', 'AA', 'AA', 'AAAAA', 'AAA', 'AA', 'AA', 'AA', 'AAA', 'AAA', 'AAA', 'AA', 'AAA', 'AAAA', 'AA', 'AAA', 'AAA', 'AA', 'A', 'AA', 'AAA', 'AA', 'AAA', 'AAA', 'AAA', 'AA', 'AA', 'AAA', 'AAA', 'AAA', 'AAA', 'AAA', 'AAA', 'AAA', 'AA', 'AAA', 'A', 'AAA', 'AAA', 'AAA', 'AAAAA', 'A', 'AAA', 'A', 'AAA', 'A', 'AA', 'AA', 'AA', 'AA', 'AAA', 'AA', 'AAA', 'AAA', 'AAAA', 'AAA', 'AA', 'AA', 'AAA', 'AAAA', 'AA', 'AAA', 'AAA', 'AAA', 'AAAAAAA', 'AA', 'AA', 'AAA', 'AAA', 'A', 'AAA', 'AA', 'AAA', 'A', 'AAAAA', 'AA', 'AA']	99
ENST00000356834:16	['AGA', 'AGA']	2
ENST00000356834:21	['T', 'T']	2
ENST00000356839:15	['AG']	1
ENST00000356853:7	['A', 'A', 'A', 'A']	4
ENST00000356897:2	['G', 'G']	2
ENST00000356970:5	['A', 'A']	2
ENST00000356976:7	['G', 'G', 'G', 'G', 'G', 'G', 'G']	7
ENST00000356998:4	['GA']	1
ENST00000357002:3	['TCAGGTA']	1
ENST00000357006:3	['AA', 'AAA', 'AA', 'AAA', 'A', 'AA', 'AAA', 'AAA', 'AA', 'AAA', 'AAA', 'AAA', 'AAA', 'AAAA', 'AA', 'AA', 'AA', 'AAA', 'AAA', 'AAA', 'AAA', 'AA', 'AAA', 'AA', 'AAA', 'AAA', 'AAA', 'AAA', 'AA', 'AAA', 'A', 'A', 'A', 'A', 'A']	35
ENST00000357008:39	['AGA', 'AGA']	2
ENST00000357033:29	['A', 'A', 'A', 'A', 'A', 'A', 'A', 'A']	8
ENST00000357033:37	['A', 'A', 'A', 'A', 'A', 'A', 'A', 'A', 'A', 'A', 'A', 'A', 'A', 'A', 'A', 'A', 'A', 'A', 'A', 'A', 'A', 'A', 'A', 'A', 'A', 'A', 'A', 'A', 'A', 'A', 'A', 'A', 'A', 'A', 'A', 'A', 'A', 'A', 'A', 'A', 'A', 'A', 'A', 'A', 'A', 'A', 'A', 'A', 'A', 'A', 'A', 'A', 'A', 'A', 'A', 'A', 'A', 'AA', 'A', 'A', 'A', 'A', 'A', 'A', 'A', 'A', 'A', 'A', 'A', 'A', 'A', 'A', 'A', 'A', 'A', 'A', 'A', 'A', 'A', 'A', 'A', 'A', 'A', 'A', 'A', 'A', 'A', 'A', 'A', 'A', 'A', 'A', 'A', 'A', 'A', 'A', 'A', 'A', 'A', 'A', 'A', 'A', 'A', 'A', 'A', 'A', 'A', 'A', 'A', 'A', 'A', 'A', 'A', 'A', 'A', 'A', 'A', 'A', 'A', 'A', 'A', 'A']	122
ENST00000357033:75	['C']	1
ENST00000357039:3	['A', 'A', 'A', 'A']	4
ENST00000357060:16	['ATATTA']	1
ENST00000357060:21	['A', 'A', 'A', 'A', 'A', 'A', 'A', 'A', 'A', 'A', 'A', 'A', 'A', 'A', 'A', 'A', 'A', 'A', 'A', 'A', 'A', 'A', 'A', 'A', 'A', 'A', 'A', 'A', 'A', 'A']	30
ENST00000357060:9	['A', 'A', 'A', 'A']	4
ENST00000357081:6	['AAA', 'A', 'AAA', 'AA', 'AA', 'A', 'AA', 'A', 'AA', 'AA', 'AA', 'AA', 'AA', 'AAA', 'AAA', 'AA', 'A', 'AAA', 'AAA', 'AA', 'AAA', 'AA', 'AA', 'AA', 'AA', 'AA', 'AA', 'AA', 'AAA', 'AA', 'A', 'AAA', 'A', 'AA', 'AA', 'A', 'A', 'AA', 'AA', 'AA', 'A', 'A', 'AA', 'AAA', 'A', 'A', 'AAA', 'AA', 'AA', 'AAA', 'AA', 'A', 'AA', 'A', 'A', 'AAA', 'AAA', 'AAA', 'A', 'A', 'AA', 'A', 'A', 'A', 'AA', 'AA', 'A', 'A', 'A', 'AA', 'A', 'AA', 'A', 'A', 'A', 'A', 'A', 'A', 'A', 'AA', 'A', 'A', 'A', 'A', 'A', 'A', 'A', 'AA', 'A', 'A', 'A', 'A', 'AA', 'A', 'A', 'A', 'A', 'AA', 'A', 'A', 'AA', 'A', 'A', 'A', 'AA', 'A', 'A', 'A', 'A', 'A', 'A', 'A', 'AA', 'AA', 'AA', 'A', 'AA', 'A', 'A', 'A', 'A', 'A', 'A', 'A', 'AA', 'AA', 'A', 'A', 'AA', 'A', 'A', 'A', 'A', 'A', 'AA', 'A', 'A', 'A', 'A', 'AA', 'AA', 'AA', 'AA', 'AA', 'AA', 'A', 'AA', 'A', 'A', 'AA', 'AA', 'AAA', 'A']	153
ENST00000357084:18	['G', 'G']	2
ENST00000357084:19	['C', 'G', 'G', 'G', 'C', 'C', 'C', 'C', 'G', 'G', 'G', 'C', 'C', 'C', 'C']	15
ENST00000357115:12	['A', 'A']	2
ENST00000357115:28	['A', 'A', 'A', 'A', 'A', 'A', 'A', 'A', 'A', 'A', 'A', 'A', 'A', 'A', 'A', 'A', 'A', 'A', 'A', 'A', 'A', 'A', 'A']	23
ENST00000357115:34	['A', 'A', 'A', 'A', 'A', 'AA', 'AA', 'A', 'A', 'A', 'A', 'A', 'AA', 'A', 'A', 'A', 'AA', 'AA', 'AA', 'A', 'A', 'AA', 'A', 'AA', 'A', 'A', 'A', 'A', 'A', 'A', 'AA', 'A', 'AA', 'A', 'AA', 'A', 'AA', 'A', 'A', 'A', 'A', 'AA', 'A', 'A', 'A', 'A', 'A', 'A', 'A', 'A', 'AA', 'A', 'AA', 'A', 'A', 'A', 'A', 'A', 'AA', 'A', 'A', 'A', 'AA', 'AA', 'A', 'A', 'A', 'AA', 'A', 'AA', 'A', 'A', 'A', 'A', 'A', 'A', 'A', 'AA', 'AA', 'A', 'A', 'AA', 'A', 'A', 'A', 'A', 'A', 'AA', 'A', 'AAA', 'A', 'AA', 'A', 'A', 'A', 'A', 'AAA', 'A', 'AA', 'A', 'A', 'A', 'AAA', 'A', 'AA', 'A', 'A', 'A', 'A', 'A', 'A', 'A', 'A', 'A', 'A', 'A', 'A', 'A', 'A', 'A', 'A', 'A', 'A', 'A', 'A', 'A', 'A', 'A', 'A', 'A', 'A', 'A', 'A', 'A', 'A', 'A', 'A', 'A', 'A', 'A', 'A', 'A', 'A', 'A', 'A', 'A', 'AA', 'A', 'A', 'A', 'A', 'A', 'A', 'A', 'A', 'A', 'A', 'A', 'A', 'A', 'AA', 'A', 'A', 'A', 'A', 'A', 'A', 'A', 'AA', 'A', 'A', 'A', 'A', 'A', 'A', 'A', 'A', 'A', 'A', 'A', 'A', 'A', 'A', 'A', 'A', 'A', 'A', 'A', 'A', 'A', 'AA', 'AA']	192
ENST00000357115:43	['G']	1
ENST00000357154:4	['A', 'A', 'A', 'A', 'A', 'A', 'A', 'A', 'A', 'A', 'A']	11
ENST00000357182:2	['A', 'AA', 'AA', 'AA', 'AA', 'AA', 'AA', 'AA', 'AA', 'AA', 'AA', 'AA', 'AA', 'AA', 'A', 'AA', 'AAA', 'AA', 'A', 'AA', 'AA', 'AA', 'AA', 'AA', 'AA', 'AA', 'AA', 'AAA', 'AA', 'AA', 'AA', 'AA', 'AA', 'A', 'A', 'A', 'AA', 'A', 'AA', 'A', 'AA', 'AA', 'A', 'A', 'A', 'AA', 'A', 'A', 'A', 'A', 'A', 'A', 'AA', 'A', 'A', 'AA', 'A', 'AA', 'AA', 'A', 'A', 'A', 'A', 'A', 'A', 'AA', 'AA', 'A', 'A', 'A', 'A', 'A', 'A', 'A', 'A', 'A', 'A', 'A', 'A', 'A', 'A', 'AA', 'A', 'A', 'A', 'A', 'A', 'A', 'A', 'A', 'A', 'A', 'AA']	93
ENST00000357183:3	['AAAA', 'AAAAA', 'AAAAA', 'AA', 'A', 'AAAAAA', 'AAAAA', 'AAAAA', 'AAAAA', 'AAAA', 'AAA', 'AA', 'AAAA', 'AAA', 'A', 'A', 'AAAA', 'AA', 'AAA', 'AAAA', 'AA', 'AAA', 'AAAAA', 'AAAA', 'AAA', 'AAA', 'AAAA', 'AAAA']	28
ENST00000357195:2	['GGA']	1
ENST00000357235:4	['A']	1
ENST00000357242:7	['T', 'T', 'T', 'T']	4
ENST00000357244:13	['A', 'A', 'A', 'A', 'A', 'A', 'A', 'A', 'A', 'A', 'A', 'AA', 'A', 'A', 'A', 'A', 'A', 'A', 'A', 'A', 'A', 'A', 'A', 'A', 'A', 'A', 'A', 'A', 'A', 'A', 'A', 'A', 'A', 'A', 'A', 'A', 'A', 'AA', 'A', 'A', 'A', 'A', 'A', 'A', 'A', 'A', 'A', 'A', 'A', 'A', 'A', 'A', 'A', 'A', 'A', 'A', 'A', 'A', 'A', 'A', 'A', 'A', 'A', 'A', 'A', 'A', 'A', 'AA', 'A', 'A', 'A', 'A', 'A', 'A', 'A']	75
ENST00000357244:2	['AAA', 'AAAA', 'A', 'AAAA', 'AA', 'AAA', 'AAA', 'AA', 'AA', 'AAA', 'AA', 'AAA', 'AAA', 'AAAAAA', 'AAA', 'AA', 'AA', 'AA', 'AAA', 'AAA', 'AA', 'AAA', 'AAAAA', 'AAAA', 'AA', 'AAA', 'AAA', 'AA', 'AA', 'AAA', 'AAA', 'AAA', 'AA', 'AAA', 'AA', 'AAA', 'AAA', 'AA', 'AA', 'AAA', 'AAAA', 'AAAA', 'AAA', 'AAA', 'AA', 'AAA', 'A', 'AAA', 'AAAAAA', 'AA', 'AAA', 'AAAA', 'A', 'AA', 'AAA', 'AA', 'AAAAAA', 'AAA', 'AAA', 'AAAA', 'AAA', 'AAAA', 'AAAA', 'AAAAAA', 'AA', 'AAA', 'A', 'A', 'AAA', 'AAAA', 'AAAA', 'AAA', 'AAA', 'AAA', 'AAAAA', 'AAA', 'AAA', 'AAA', 'AA', 'AA', 'AAA', 'AAA', 'AAA', 'AAA', 'AA', 'AAA', 'AA', 'AAA', 'A', 'A', 'AAAAA', 'A', 'AAAA', 'AA', 'AAA', 'AAA', 'AAAAA', 'AAAAA', 'AA', 'AA', 'AAA', 'AAA', 'AA', 'AA', 'AA', 'A', 'AAAA', 'AA', 'AA', 'A', 'AA', 'AA', 'AA', 'AA', 'AA', 'AAA', 'AAA', 'AA', 'AAAAA', 'AAA', 'AA', 'AAAA', 'AAA', 'AA', 'AA', 'AA', 'AAAA', 'A', 'AAA', 'AAA', 'AAA', 'AAA', 'A', 'A', 'AAAAA', 'AAAA', 'AAA', 'AAA', 'AA', 'AAAA', 'AAAA', 'AAAA', 'AAAA', 'AA', 'AA', 'A', 'AAAA', 'AA', 'AAA', 'AA', 'AA', 'AAAA', 'AAAA', 'AAAAA', 'AA']	155
ENST00000357250:18	['A', 'A']	2
ENST00000357250:20	['A', 'A']	2
ENST00000357250:24	['A', 'A']	2
ENST00000357308:17	['ATAG', 'ATAG']	2
ENST00000357337:21	['A', 'AAA', 'AA', 'A', 'AA', 'AA', 'AA', 'AAA', 'AAA', 'AAA', 'AA', 'AA', 'AAA', 'AAA', 'AA', 'AAA', 'AA', 'AAA', 'AAA', 'AA', 'AAA', 'AA', 'AAA', 'AAA', 'AAA', 'A', 'AA', 'A', 'AA', 'AA', 'AA', 'AA', 'AA', 'AA', 'A', 'AAA', 'AAA', 'AAA', 'AA', 'AA', 'A', 'AA', 'AAA', 'AAA', 'AAA', 'AA', 'AAAAA', 'AA', 'AAA', 'AAA', 'AA', 'A', 'AA', 'AAA', 'AAA', 'AA', 'A', 'A', 'AA', 'AAA', 'AAA', 'AAA', 'AAA', 'AAA', 'AA', 'A', 'AA', 'AA', 'AA', 'AA', 'AAA', 'A', 'AAAA', 'AA', 'A', 'AA', 'AA', 'AAA', 'AA', 'AAA', 'AA', 'AA', 'A', 'AA', 'A', 'AA', 'AA', 'A', 'AA', 'A', 'AA', 'AA', 'AA', 'AA', 'AA', 'A', 'AA', 'A', 'AAAA', 'A', 'AA', 'AAAA', 'A', 'AAAA', 'AA', 'A', 'A', 'AA', 'AA', 'AAA', 'A', 'AAA', 'AA', 'AA', 'AA', 'AA', 'AA', 'A', 'A', 'AA', 'AA', 'A', 'AAA', 'A', 'A']	125
ENST00000357337:36	['AA', 'AA', 'AA', 'AAA', 'A', 'AA', 'A', 'AAA', 'A', 'AA', 'AAA', 'AAA', 'AAA', 'AAA', 'AAA', 'AA', 'AAA', 'AA', 'AA', 'AA', 'AA', 'AA', 'AAA', 'AAA', 'A', 'AAA', 'AA', 'AA', 'A', 'AA', 'A', 'AAA', 'AAA', 'AA', 'AA', 'AA', 'AA', 'A', 'A', 'AA', 'AA', 'AAA', 'A', 'AA', 'AAA', 'A', 'A', 'AAA', 'AA', 'AA', 'A', 'AA', 'AA', 'A', 'AA', 'A', 'A', 'A', 'AAA', 'AA', 'AAA', 'AA', 'A', 'AA', 'AAA', 'A', 'A', 'A', 'A', 'A', 'AA', 'AA', 'A', 'A', 'AA', 'AA', 'AA', 'A', 'A', 'A', 'A', 'A', 'A', 'A', 'A', 'AA', 'AAA', 'AAA', 'AA', 'AA', 'AA', 'A', 'AA', 'AA', 'AA', 'AA', 'AA', 'A', 'AA', 'A', 'A', 'AA', 'AA', 'AA', 'AA', 'A', 'AA', 'A', 'A', 'A', 'A', 'A', 'A', 'A', 'A', 'A', 'A', 'A', 'AA', 'A', 'AA', 'AA', 'A', 'A', 'AA', 'A', 'A', 'A', 'A', 'A', 'A', 'A', 'AA', 'A', 'A', 'AA', 'A']	137
ENST00000357337:39	['A', 'A', 'A', 'A', 'A', 'A', 'A', 'A', 'A', 'A', 'A', 'A', 'A', 'A', 'A', 'A', 'A', 'A', 'A', 'A', 'A', 'A', 'A', 'A', 'A', 'A', 'A', 'A', 'A']	29
ENST00000357337:7	['A', 'A', 'A', 'A', 'A', 'A', 'A', 'A', 'A', 'AA', 'A', 'A', 'A', 'A', 'A', 'A', 'A', 'A', 'A', 'A', 'A', 'AA', 'A', 'A']	24
ENST00000357365:4	['AAAAAAAA', 'AAAAAA', 'AAAAAAAAA', 'AAAAAAAAA', 'AAAAAAA', 'AAAAAAAAA', 'AAAAAAAAAA', 'AAAAA', 'AAAAAAAAAAA', 'AAA', 'AAAAAAAA', 'AAA', 'AAAAAAAAA', 'AAAAAA', 'AAAAAAA', 'AAAAAA', 'AAAAAAAA', 'AAAAAAAA', 'AAAAAAAA', 'AAAAAAAA', 'AAAAAAAA', 'AAAAAAA', 'AAAAAAA', 'AAAAAA', 'AAAAA', 'AAAAAAAAA', 'AAAAAAA', 'AAAAAA', 'AAAAAAAAA', 'AAAAAAA', 'AAAAAAAAAA', 'AAAAAA', 'AAAAAAAA', 'AAAAAAAAA', 'AAAAAA', 'AAAAAAAAA', 'AAAAAAAAAA', 'AAAAAAAAA', 'AAAAAAAA', 'AAAAAAAAA', 'AAAAAAAAAAA', 'AAAAAAAAA', 'AAAAAAAAA', 'AAAAAAA', 'AAAAAAAAAAAA', 'AAAAAAAA', 'AAAAAAAAA', 'AAAAAAAAAA', 'AAAAAA', 'AAAAAAAAAA', 'AAAAAAAAA', 'AAAAA', 'AAAAAAAA', 'AAAAAAAA', 'AAAAAAA', 'AAAAAAAA', 'AAAAAAAA', 'AAAAAA', 'AAAAAAAAA', 'AAAAAA', 'AAAAAAAA', 'AAAAAAAA', 'AAAAAAAAAA', 'AAAAAAAA', 'AAAAAA', 'AAAAA', 'AAAAAA', 'AAAAAAA', 'AAAAAAAAAA', 'AAAAAA', 'AAAAAAAA', 'AAAAAAAA', 'AAAAAAAAA', 'AAAAAAAAAA', 'AAAAAAAA', 'AAAAAAAAA', 'AAAAAAAAA', 'AAAAAAAA', 'AAAAAA', 'AAAAAAAAA', 'AAAAAAA', 'AA', 'AAAAAA', 'AAAAAAAAA', 'AAAAAAAA']	85
ENST00000357368:27	['AG']	1
ENST00000357368:9	['G', 'G']	2
ENST00000357384:2	['AAA', 'AAA', 'AAA', 'AAAAA', 'AAA', 'A', 'AA', 'AA', 'AAA', 'AAA', 'AAAAAA', 'AAAA', 'AAAA', 'AA', 'AA', 'AAA', 'A', 'A', 'AA', 'AA', 'AAA', 'AA', 'AA', 'AA', 'AA', 'A', 'AA', 'AA', 'AAAA', 'AA', 'AA', 'AA', 'AA', 'AA', 'AA', 'AAAA', 'A', 'AA', 'AAA', 'AA', 'AA', 'AAA', 'A', 'AAAA', 'AAA', 'AA', 'AA', 'AA', 'A', 'A', 'A', 'AAA', 'AAAA', 'AA', 'A', 'AA', 'AA', 'A', 'AAA', 'A', 'A', 'A', 'AAAA', 'AAA', 'AAA', 'AA', 'AAAA', 'AAA', 'AAA', 'AA', 'AA', 'A', 'AAA', 'AAAA', 'AA', 'AAA', 'AA', 'A', 'AA']	79
ENST00000357387:13	['A', 'A', 'A', 'A']	4
ENST00000357387:32	['A', 'A', 'A', 'A', 'A', 'A', 'A', 'A']	8
ENST00000357387:34	['A', 'A']	2
ENST00000357387:8	['A', 'A', 'AA', 'AA', 'AA', 'AA', 'AA', 'AA', 'AA', 'AA', 'AA', 'AA', 'AA', 'AA', 'AA', 'AA', 'A', 'AA', 'AA', 'A', 'AA', 'A', 'AA', 'AA', 'A', 'AA', 'A', 'AA', 'AA', 'AA', 'A', 'A', 'AA', 'AA', 'AA', 'A', 'AA', 'AA', 'A', 'AA', 'AA', 'A', 'A', 'A', 'A', 'AA', 'A', 'AA', 'AA', 'AA', 'AA', 'A', 'AA', 'AA', 'AA', 'A', 'A', 'A', 'A', 'A', 'AA', 'AA', 'A', 'A', 'A', 'A', 'A', 'A', 'A', 'A', 'A', 'A', 'A', 'A', 'A', 'A', 'A', 'AA', 'AA', 'AA', 'AA', 'AA', 'A', 'A', 'A', 'A', 'A', 'A', 'A', 'A', 'A', 'A', 'A', 'A', 'A', 'A', 'A', 'A', 'A']	99
ENST00000357402:13	['G']	1
ENST00000357428:21	['G', 'G']	2
ENST00000357436:1	['GCAGCA', 'GCAGCA', 'GCAG', 'GCAGCA']	4
ENST00000357436:12	['CCCCAG']	1
ENST00000357461:2	['G', 'G', 'G']	3
ENST00000357552:24	['A', 'A', 'A', 'A', 'A', 'A', 'A', 'A', 'A', 'A']	10
ENST00000357552:25	['A', 'A', 'A', 'A', 'A', 'A', 'A', 'A', 'A', 'A', 'A']	11
ENST00000357552:30	['A', 'A', 'A', 'A', 'A', 'A', 'A', 'A', 'A', 'A', 'A', 'A', 'A', 'A', 'A', 'A', 'A', 'A']	18
ENST00000357552:5	['A', 'A', 'A', 'A', 'A', 'A', 'A', 'A', 'A', 'A', 'A', 'A', 'A', 'A', 'A', 'A', 'A', 'A', 'A', 'A', 'A', 'A', 'A', 'A', 'A', 'A', 'A']	27
ENST00000357552:6	['A', 'A', 'A']	3
ENST00000357628:15	['AAAAT']	1
ENST00000357628:9	['A', 'A', 'A', 'A']	4
ENST00000357637:28	['A', 'A', 'A', 'A', 'A', 'A', 'A', 'A', 'A', 'A', 'A', 'A', 'A', 'A', 'A', 'A', 'A', 'A', 'A', 'A', 'A', 'A', 'A', 'A', 'A', 'A', 'A', 'A', 'A', 'A', 'A', 'A', 'A', 'A', 'A', 'A', 'A', 'A', 'A', 'A', 'A', 'A', 'A', 'A', 'A', 'A', 'A', 'A', 'A', 'A', 'AA', 'A', 'A', 'A', 'A', 'A', 'A', 'A', 'A', 'A', 'A', 'A', 'A', 'A', 'A', 'AA', 'A', 'A', 'A', 'A', 'A', 'A', 'A', 'AA', 'A', 'A', 'A', 'A', 'A', 'A', 'A', 'A', 'A', 'A', 'A', 'A', 'A', 'A', 'A', 'A', 'A', 'A', 'A']	93
ENST00000357637:29	['A', 'AA', 'A', 'A', 'A', 'AA', 'AA', 'AA', 'AAA', 'AA', 'AAA', 'AA', 'AAA', 'AAAA', 'AAAA', 'AAAA', 'AA', 'AAAA', 'AA', 'AA', 'AAA', 'A', 'AAA', 'AAAA', 'A', 'A', 'AA', 'AA', 'AA', 'A', 'AAA', 'A', 'AAA', 'AA', 'AA', 'AA', 'AA', 'AAA', 'AAAA', 'AA', 'A', 'A', 'AA', 'AA', 'AAA', 'AAA', 'AA', 'AAAA', 'AAAA', 'AA', 'AAA', 'AA', 'AAA', 'AAA', 'A', 'AAAA', 'AA', 'AAA', 'AA', 'A', 'AA', 'AAA', 'AAAA', 'AAA', 'AAAA', 'AAAAA', 'AA', 'A', 'A', 'A', 'AA', 'A', 'A', 'A', 'AA', 'AA', 'AA', 'AAAA', 'AAA', 'AAAA', 'AAA', 'A', 'AAA', 'AAAA', 'AAAA', 'A', 'AAA', 'AAA', 'AA', 'AAA', 'A', 'AA', 'AA', 'AAA', 'A', 'A', 'AA', 'A', 'A', 'AA', 'A', 'AAAA', 'A', 'AA', 'AA', 'AAAA', 'AAAA', 'AAA', 'AA', 'AAA', 'AAA', 'AA', 'AA', 'AA', 'AAA', 'AA', 'AAA', 'AA', 'AA', 'AAA', 'AA', 'AA', 'AA', 'AA', 'AA', 'AA', 'AA', 'AAA', 'AAA', 'AAA', 'AAA', 'AAAAA', 'AAA', 'AAAA', 'AAA', 'AA', 'AAA', 'AAA', 'AA', 'AA', 'A', 'AA', 'A', 'AA', 'A', 'AAA']	146
ENST00000357731:3	['A', 'A']	2
ENST00000357749:12	['A', 'A', 'A', 'A', 'A', 'A', 'A', 'A', 'A', 'A', 'A', 'A', 'A', 'A', 'A', 'A', 'A', 'A', 'A', 'A', 'A', 'A', 'A', 'A', 'A', 'A', 'A', 'A', 'A', 'A', 'A', 'A', 'A', 'A', 'A', 'A', 'A', 'A', 'A', 'A', 'A', 'A', 'A', 'A', 'A', 'A', 'A', 'A', 'A', 'A', 'A', 'A', 'A', 'A', 'A', 'A', 'A', 'A', 'A', 'A', 'A', 'A', 'A', 'A', 'A', 'A', 'A', 'A', 'A', 'A', 'A', 'A', 'A', 'A', 'A', 'A', 'A', 'A', 'A', 'A', 'A', 'A', 'A', 'A', 'A', 'A', 'A', 'A', 'A', 'A', 'A', 'A', 'A', 'A', 'A', 'A', 'A', 'A', 'A', 'A', 'A', 'A', 'A', 'AA', 'AA', 'AA', 'A', 'A', 'A', 'A', 'A', 'A', 'A', 'AA', 'A', 'A', 'A', 'A', 'A', 'A', 'A', 'A', 'A', 'A', 'A', 'A', 'A', 'A', 'A', 'A', 'A', 'A', 'A', 'A', 'A', 'A', 'A', 'A', 'A', 'A', 'A', 'A', 'A', 'A', 'A', 'A', 'A', 'A', 'A', 'A', 'A', 'A', 'A', 'A', 'A', 'A', 'A', 'A', 'A', 'A', 'A', 'AA', 'A', 'A']	164
ENST00000357849:7	['A', 'A', 'A', 'A', 'A', 'A', 'A', 'A', 'A', 'A', 'A', 'A', 'A', 'A', 'A', 'A', 'A', 'A', 'A', 'A', 'A', 'A', 'A', 'A', 'A', 'A', 'A', 'A', 'A', 'A', 'A', 'A', 'A', 'A', 'A', 'A', 'A', 'A', 'A', 'A', 'A', 'A', 'A', 'A', 'A', 'A', 'A', 'A', 'AA', 'A', 'A', 'A', 'A', 'A', 'A', 'A', 'A', 'A', 'A', 'A', 'A', 'A', 'A', 'A', 'A', 'A', 'A', 'A', 'A', 'A', 'A', 'A', 'A', 'A', 'A', 'A', 'A', 'A', 'A', 'A', 'A', 'A', 'A', 'A', 'A', 'AA', 'A', 'A', 'A', 'A', 'A']	91
ENST00000357865:3	['A', 'A', 'A', 'A', 'A', 'A', 'A', 'A', 'A', 'A', 'A', 'A', 'A']	13
ENST00000357877:5	['G', 'G', 'G']	3
ENST00000357886:12	['AAA', 'A', 'AA', 'AAA', 'AAAA', 'AAA', 'AA', 'AA', 'AA', 'AAA', 'AA', 'AA', 'AA', 'AA', 'AA', 'AA', 'A', 'AA', 'AA', 'AA', 'AA', 'AAA', 'AAA', 'AAA', 'AAA', 'AA', 'A', 'AAA', 'AA', 'AA', 'AAAA', 'AAAA', 'AA', 'AA', 'AAA', 'AAA', 'AAA', 'AA', 'AAA', 'AA', 'AAAA', 'AA', 'AAA', 'AA', 'AAA', 'AAA', 'AAA', 'AAAA', 'AAA', 'AAA', 'AA', 'AA', 'A', 'AA', 'AAA', 'AA', 'AA', 'AA', 'AA', 'AA', 'AAA', 'AA', 'AA', 'A', 'AA', 'AAA', 'A', 'AA', 'AA', 'A', 'AA', 'AA', 'AA', 'A', 'AA', 'AAA', 'AAA', 'A', 'AAA', 'A', 'A', 'AA', 'A', 'A', 'A', 'AA', 'A', 'AA', 'AA', 'AA', 'AA', 'AAA', 'AAA', 'AA', 'AA', 'A', 'AAA', 'AA', 'AA', 'AAA', 'AA', 'A', 'A', 'AA', 'AA', 'AA', 'AA', 'A', 'A', 'AA', 'A', 'A', 'A', 'AA', 'AA', 'A', 'A', 'A', 'A', 'A']	120
ENST00000357899:3	['A', 'A', 'A', 'A', 'A', 'A', 'A']	7
ENST00000357936:3	['G', 'G', 'G']	3
ENST00000357955:9	['CCT']	1
ENST00000357988:2	['A', 'A']	2
ENST00000357997:6	['A', 'A', 'A', 'A', 'A', 'A', 'A', 'A', 'A', 'A', 'A', 'A', 'A', 'A', 'A', 'A', 'A', 'A', 'A', 'A', 'A', 'A', 'A', 'A', 'A', 'A', 'A', 'A', 'A', 'A', 'A', 'A', 'A', 'A', 'A', 'A', 'A', 'A', 'A', 'A', 'A', 'A', 'A', 'A', 'A']	45
ENST00000358039:12	['A', 'A', 'A', 'A', 'A', 'A', 'A', 'A', 'A', 'A', 'A', 'A', 'A', 'A', 'A', 'A', 'A', 'A', 'A', 'A', 'A', 'A', 'A', 'A', 'A', 'A', 'A', 'A', 'A', 'A', 'A', 'A', 'A', 'A', 'A', 'A', 'A', 'A', 'A', 'A']	40
ENST00000358056:6	['A', 'AA', 'AA', 'AA', 'AAAA', 'AA', 'AA', 'AA', 'AAA', 'AA', 'AA', 'AA', 'AA', 'AA', 'AAA', 'AA', 'AA', 'AA', 'AA', 'A', 'AAA', 'AA', 'AA', 'AA', 'AA', 'AA', 'AAAA', 'AA', 'AAA', 'AA', 'AA', 'AA', 'AA', 'A', 'AAAA', 'AA', 'AA', 'AA', 'AA', 'AA', 'A', 'AA', 'AA', 'AA', 'AA', 'AAAA', 'AA', 'AAAA', 'AA', 'AA', 'AA', 'A', 'A', 'A', 'A', 'AA', 'AA', 'AAA', 'A', 'AA', 'AA', 'A', 'AA', 'A', 'AA', 'A', 'AA', 'AAA', 'AAAA', 'AAA', 'AA', 'AA', 'A', 'AA', 'A', 'AA', 'AA', 'A', 'AA', 'AA', 'A', 'AAA']	82
ENST00000358077:2	['G', 'G']	2
ENST00000358077:22	['C', 'C']	2
ENST00000358130:1	['A', 'AA', 'AA', 'AAA', 'AA', 'AA', 'AA', 'AA', 'AAAA', 'AAA', 'A', 'AA', 'AAA', 'AA', 'AA', 'AAA', 'A', 'A', 'A', 'AAA', 'AA', 'AA', 'AAA', 'AAA', 'A', 'A', 'A', 'AAA', 'AA', 'AAA', 'AAA', 'A', 'AA', 'AAA', 'AA', 'AA', 'AA', 'AA', 'A', 'A', 'AA', 'A', 'AAA', 'AA', 'AA', 'AA', 'A', 'AAA', 'AA', 'AA', 'AA', 'A', 'AAA', 'A', 'AA', 'AA', 'AA', 'AA', 'A', 'AA', 'AAA', 'AA', 'AA', 'A', 'A', 'AA', 'AAA', 'AAA', 'AA', 'A', 'AA', 'AA', 'AAA', 'A', 'A', 'AAA', 'AA', 'AA', 'AA', 'AA', 'AA', 'A', 'AA', 'AAA', 'AA', 'AA', 'AA', 'AAA', 'A', 'AAA', 'AA', 'AA', 'AA', 'A', 'A', 'A', 'A', 'AA', 'AA', 'A', 'AA', 'A']	102
ENST00000358154:1	['A', 'GTGGT']	2
ENST00000358170:4	['GTAAATTC']	1
ENST00000358173:4	['GA', 'GA', 'GA']	3
ENST00000358201:2	['G', 'G']	2
ENST00000358227:1	['A', 'A', 'A', 'A', 'A', 'A', 'A', 'A', 'A', 'A', 'A', 'A', 'A', 'A', 'A', 'A', 'A', 'A', 'A', 'A', 'A']	21
ENST00000358230:1	['T']	1
ENST00000358252:1	['CT']	1
ENST00000358273:13	['T', 'TG', 'T', 'T']	4
ENST00000358273:16	['AA']	1
ENST00000358273:24	['A', 'A']	2
ENST00000358273:43	['T']	1
ENST00000358299:3	['A']	1
ENST00000358299:6	['A', 'A']	2
ENST00000358350:15	['A', 'A', 'A', 'AAAA', 'AA', 'A', 'A', 'AA', 'AA', 'A', 'AA', 'A', 'AA', 'A', 'A', 'A', 'A', 'AA', 'A', 'A', 'A', 'A', 'AA', 'AA', 'AA', 'A', 'AA', 'A', 'A', 'A', 'A', 'A', 'A', 'A', 'AA', 'AA', 'A', 'A', 'A', 'AA', 'A', 'AAA', 'A', 'A', 'A', 'AA', 'A', 'AAA', 'AA', 'AA', 'A', 'AA', 'AAA', 'A', 'AA', 'A', 'A', 'A', 'A', 'A', 'AA', 'A', 'AA', 'A', 'A', 'A', 'A', 'A', 'AA', 'A', 'AA', 'A', 'A', 'AA', 'A', 'A', 'AA', 'A', 'AA', 'AA', 'A', 'A', 'A', 'AA', 'A', 'A', 'A', 'A', 'AA', 'A', 'AA', 'AA', 'AA', 'A', 'A', 'AA', 'A', 'AA', 'A', 'A', 'A', 'AAAA', 'AAA', 'AAA', 'AA', 'AAAAA', 'AAA', 'AA', 'AAA', 'AAA', 'AA', 'AA', 'AAA', 'A', 'AA', 'AA', 'AA', 'AA', 'A', 'AAA', 'AA', 'AA', 'A', 'AAA', 'A', 'A', 'A', 'AA']	128
ENST00000358350:17	['A', 'A']	2
ENST00000358350:23	['A', 'A', 'A', 'A', 'A', 'A', 'A', 'A', 'A', 'A', 'A', 'A', 'A', 'A', 'A', 'A', 'A', 'A', 'A', 'A', 'A', 'A', 'A', 'A', 'A', 'A', 'A', 'A', 'A', 'A', 'A', 'A', 'A', 'A', 'A', 'A', 'A', 'A', 'A', 'A', 'A', 'A', 'A', 'A', 'A', 'A', 'A', 'A', 'A', 'A', 'A', 'A', 'A', 'A', 'A']	55
ENST00000358350:24	['A', 'A', 'A', 'A', 'A', 'A', 'A', 'A', 'A', 'A', 'A', 'A']	12
ENST00000358350:44	['G', 'G', 'G', 'G', 'G', 'G']	6
ENST00000358350:45	['A', 'A', 'A', 'A', 'A', 'A', 'A', 'A', 'A', 'A', 'A', 'A', 'A', 'AA', 'A', 'A', 'A', 'A', 'A', 'A', 'A', 'A', 'A', 'A', 'A', 'A', 'AA', 'A', 'A', 'A', 'A']	31
ENST00000358350:51	['AA', 'AA', 'AA', 'AA', 'AA', 'AA', 'AA', 'AA', 'AA', 'AA', 'AA', 'AA', 'AA', 'AA', 'AA', 'AA', 'AA', 'AA', 'A', 'AA', 'AA', 'AA', 'AA', 'A', 'AA', 'AA', 'AA', 'A', 'AA', 'AA', 'AA', 'AA', 'A', 'AA', 'A', 'AA', 'A', 'AA', 'AA', 'A', 'AA', 'A', 'A', 'A', 'A', 'A', 'A', 'A', 'A', 'A', 'AA', 'A', 'A', 'A', 'A', 'A', 'AA', 'A', 'A', 'A', 'A', 'A', 'A', 'A', 'A', 'A', 'A', 'A', 'A', 'A', 'AA', 'A', 'AA', 'A', 'A', 'A', 'A', 'A', 'A', 'A', 'A', 'A', 'A', 'A', 'A', 'A', 'A', 'A', 'A', 'A', 'A', 'A', 'A', 'A', 'A', 'A', 'A', 'A', 'A', 'AA', 'A', 'A', 'A', 'A', 'A', 'A', 'A', 'A', 'A', 'A', 'A', 'A', 'A', 'AA', 'A', 'A', 'A', 'A']	118
ENST00000358359:30	['GT']	1
ENST00000358410:5	['AAA', 'AA', 'A', 'AA', 'AA', 'AA', 'AA', 'AAA', 'AAA', 'AA', 'AA', 'AA', 'AA', 'AA', 'AAA', 'AA', 'AAA', 'AA', 'AAA', 'AAA', 'AA', 'AAA', 'A', 'AA', 'AAA', 'A', 'AA', 'AAA', 'AA', 'AAA', 'AAA', 'AA', 'AA', 'AAA', 'AA', 'AAA', 'AAA', 'AAA', 'AA', 'A', 'AAA', 'AA', 'A', 'AA', 'AAA', 'AA', 'AAA', 'AA', 'AAA', 'A', 'AA', 'AAA', 'A', 'AA', 'AAA', 'AAA', 'A', 'AAA', 'AA', 'AA', 'AAA', 'AAA', 'AAA', 'AAA', 'AAA', 'A', 'AA', 'AA', 'AA', 'AAA', 'AA', 'AAA', 'AAA', 'AA', 'AAA', 'AAA', 'AA', 'AA', 'AAA', 'AAA', 'AAA', 'AAA', 'AA', 'A', 'AAA', 'AAA', 'AA', 'AA', 'AA', 'A', 'AAA', 'AAA', 'AAA', 'AAA', 'AA', 'AA', 'AA', 'AA', 'AA', 'AAA', 'AA', 'AAAA', 'AAAA', 'AAA', 'AA', 'AA', 'AA', 'A', 'AAA', 'AAA', 'AA', 'AA', 'AA']	113
ENST00000358410:7	['A', 'A', 'A', 'A', 'A', 'A', 'A', 'A', 'A', 'A', 'A', 'A', 'A', 'A', 'A', 'A', 'A', 'A', 'A', 'A', 'A', 'A', 'A', 'A']	24
ENST00000358430:2	['A', 'AA', 'A', 'AA', 'AA', 'AA', 'A', 'AA', 'AA', 'A', 'AA', 'AAA', 'A', 'AA', 'A', 'A', 'A', 'AA', 'A', 'AA', 'AA', 'A', 'A', 'A', 'AA', 'A', 'A', 'A', 'A', 'A', 'A', 'AA', 'A', 'AA', 'AA', 'AA', 'A', 'AA', 'AA', 'AA', 'AA', 'A', 'A', 'AA', 'A', 'A', 'A', 'A', 'A', 'A', 'A', 'A', 'AA', 'AA', 'AA', 'AA', 'AA', 'A', 'AA', 'A', 'AA', 'A', 'AA', 'A', 'AA', 'A', 'A', 'A', 'AA', 'A', 'A', 'A', 'AA', 'A', 'A', 'A', 'A', 'A', 'AAA', 'AA', 'AA', 'AAA', 'A', 'AA', 'AA', 'A', 'A', 'A', 'A', 'AA', 'A', 'A', 'AA', 'AA', 'AA', 'AA', 'A', 'A', 'A', 'AA', 'AA', 'A', 'A', 'A', 'A', 'A', 'A', 'A', 'A', 'AA', 'A', 'AA', 'AA', 'AA', 'AA', 'AA', 'A', 'A', 'A', 'A', 'A', 'A', 'A', 'A', 'A', 'A', 'A', 'A', 'A', 'A', 'A', 'AA', 'A', 'A', 'A', 'A', 'A']	137
ENST00000358460:2	['T']	1
ENST00000358465:7	['GGAAAAAAATCCACATTAGTCT']	1
ENST00000358470:15	['G', 'G']	2
ENST00000358470:2	['A', 'A', 'AA', 'AA', 'AAA', 'AA', 'AA', 'AAA', 'AA', 'AA', 'AA', 'AA', 'AA', 'AA', 'AA', 'AAA', 'AA', 'AA', 'AA', 'AA', 'AA', 'AA', 'AA', 'AA', 'AA', 'AA', 'AA', 'AA', 'AA', 'AA', 'AA', 'AA', 'AA', 'AA', 'AA', 'AA', 'AA', 'AA', 'AA', 'AAA', 'AA', 'AA', 'A', 'AA', 'AA', 'AA', 'A', 'AA', 'AAA', 'AA', 'AA', 'AA', 'AA', 'AAA', 'A', 'A', 'AA', 'AA', 'AA', 'AA', 'AAA', 'AA', 'AA', 'AA', 'A', 'AA', 'AA', 'AA', 'AAA', 'AAA', 'AAA', 'AA', 'A', 'AA', 'A', 'AA', 'AA', 'AA', 'AAA', 'AA', 'AA', 'AA', 'A', 'AAA', 'A', 'AA', 'AA', 'A', 'AA', 'AA', 'AA', 'AA', 'A', 'AA', 'AA', 'AA', 'A', 'AA', 'AA', 'AA', 'AA', 'AAA', 'AA', 'AA', 'A', 'A', 'A', 'AA', 'AA', 'AA', 'A', 'A', 'A', 'AA', 'AA', 'AA', 'A', 'A', 'AA', 'AA', 'A', 'A', 'A', 'AA', 'A', 'AA', 'AAA', 'A', 'AA', 'AA', 'A', 'AA', 'A', 'AA', 'AAA', 'AAA', 'AA', 'AA', 'A', 'A', 'AA', 'A', 'AA', 'AA', 'AA', 'A', 'A', 'A', 'AA', 'A', 'AA', 'AA', 'A', 'AAA', 'A', 'AAA', 'AA', 'AA', 'AA', 'AA', 'AA', 'AA', 'AA', 'AA', 'A', 'A', 'A', 'A', 'A', 'A', 'A', 'A', 'A', 'A', 'A', 'A', 'A', 'A', 'AA']	179
ENST00000358470:3	['A', 'A', 'A', 'A', 'A', 'A', 'A', 'A', 'A', 'A', 'A', 'A', 'A', 'A', 'A', 'A', 'A', 'A', 'A', 'A', 'A', 'A', 'A', 'A', 'A', 'A', 'A', 'A', 'A', 'A', 'A', 'A', 'A', 'A', 'A', 'A', 'A', 'A', 'A', 'A', 'A', 'A', 'A', 'A', 'A', 'A', 'A', 'A', 'A', 'A', 'A', 'A', 'A', 'A', 'A', 'A', 'A', 'A', 'GA', 'A', 'A', 'A', 'A', 'A', 'A', 'A', 'A', 'A', 'A', 'A', 'A', 'A', 'A', 'A', 'A', 'A', 'A', 'A', 'A', 'A', 'A', 'A', 'AA', 'A', 'A', 'A', 'A', 'A', 'A', 'A', 'A', 'A', 'A', 'GA', 'A', 'A', 'A', 'A', 'A', 'A', 'A', 'A', 'A', 'A', 'A', 'A', 'A', 'A', 'A', 'A', 'A', 'A', 'A', 'A', 'A', 'A', 'A', 'A', 'A', 'A', 'AA', 'A', 'A', 'A', 'A', 'A', 'A', 'A']	128
ENST00000358487:16	['A', 'A']	2
ENST00000358511:6	['T', 'T']	2
ENST00000358519:7	['A', 'A', 'A', 'A', 'A', 'A', 'A', 'A', 'A', 'A', 'A', 'A', 'A', 'A']	14
ENST00000358526:4	['A', 'A']	2
ENST00000358528:17	['A', 'A', 'AA', 'A', 'A', 'A', 'AA', 'AA', 'A', 'AA', 'A', 'A', 'AA', 'A', 'A', 'A', 'A', 'AA', 'A', 'A', 'A', 'A', 'A', 'A', 'A', 'A', 'A', 'A', 'A', 'A', 'A', 'A', 'A', 'A', 'A', 'A', 'A', 'A', 'A', 'AA', 'A', 'A', 'A', 'AA', 'A', 'A', 'AA', 'A', 'A', 'AA', 'A', 'A', 'A', 'A', 'AA', 'A', 'A', 'A', 'A', 'A', 'A', 'A', 'A', 'A', 'A', 'A', 'A', 'A', 'A', 'A', 'A', 'A', 'A', 'A', 'A', 'A', 'A', 'A', 'A', 'A', 'A', 'A', 'A', 'A', 'A', 'A', 'A', 'A', 'A', 'A', 'A', 'A', 'A', 'A', 'A', 'A', 'A', 'A', 'A', 'A', 'A', 'A', 'A', 'A', 'A', 'A', 'AA', 'A', 'A', 'A', 'A', 'A', 'A', 'A', 'AA', 'A', 'A', 'A', 'A', 'A', 'A', 'A', 'A', 'A', 'A', 'A', 'A', 'A']	128
ENST00000358528:19	['G', 'G', 'G', 'G']	4
ENST00000358528:6	['A', 'A', 'A', 'A', 'A', 'A']	6
ENST00000358544:41	['T', 'T', 'T', 'T', 'T', 'T', 'T', 'T', 'T', 'T', 'T', 'T', 'T', 'T', 'T', 'T', 'T', 'T', 'T', 'TT', 'T', 'T', 'T', 'T', 'T', 'T', 'T', 'T', 'T', 'T', 'T', 'T', 'T', 'T', 'T', 'T', 'T', 'T', 'T', 'T', 'T', 'T', 'T', 'T', 'T', 'T', 'T', 'T', 'T', 'T', 'T', 'T', 'T', 'T', 'T', 'T', 'T', 'T', 'T', 'T', 'T', 'T', 'T', 'T', 'T', 'T', 'T', 'T', 'T', 'T', 'T', 'T', 'T', 'T', 'T', 'T', 'T', 'T', 'T']	79
ENST00000358544:51	['AGTA', 'AG', 'AG', 'AG', 'AG']	5
ENST00000358544:53	['TTTTATA']	1
ENST00000358595:15	['T', 'T']	2
ENST00000358602:10	['AA', 'AA', 'AAA', 'AA', 'AAA', 'AA', 'AAA', 'AAA', 'AA', 'AA', 'AA', 'AAA', 'AAA', 'AA', 'AAA', 'AAA', 'AAAA', 'AA', 'AA', 'AAA', 'AAAA', 'AAA', 'AA', 'A', 'AA', 'AAA', 'AA', 'AAA', 'AA', 'AAA', 'AA', 'AAAAA', 'AAAAA', 'AA', 'AAA', 'AA', 'AA', 'AA', 'A', 'AAAA', 'AAA', 'AA', 'AAAAA', 'AA', 'AAAAA', 'AAAAA', 'AA', 'AA', 'AAAAA', 'AAA', 'AA', 'AA', 'AA', 'AAAAA', 'AA', 'AAAA', 'AA', 'AAAA', 'AAA', 'AAA', 'AA', 'AA', 'AA', 'AA', 'A', 'AA', 'AAA', 'AA', 'AAAA', 'AAA', 'AA', 'AA', 'AA', 'AAAA', 'AA', 'AAAAA', 'AAAAA', 'A', 'AAAAA', 'AAA', 'A', 'AAAA', 'AAAA', 'AA', 'AA', 'AAA', 'A', 'A', 'AAAA', 'A']	90
ENST00000358602:32	['A', 'A']	2
ENST00000358691:17	['A', 'A']	2
ENST00000358701:6	['GA']	1
ENST00000358731:28	['C']	1
ENST00000358731:35	['AA']	1
ENST00000358746:20	['A', 'A']	2
ENST00000358746:25	['A', 'A', 'A', 'A', 'A', 'A']	6
ENST00000358746:29	['AA', 'AA', 'A', 'AAA', 'AAA', 'AAA', 'AA', 'AA', 'AA', 'AA', 'AA', 'AA', 'AAA', 'AAA', 'AA', 'AAA', 'AAA', 'AA', 'AA', 'AA', 'AA', 'AA', 'AA', 'AA', 'AA', 'AAA', 'AA', 'AAA', 'AA', 'A', 'AA', 'AA', 'AA', 'AA', 'AA', 'AA', 'AAA', 'AA', 'A', 'AA', 'AA', 'AAA', 'AA', 'AA', 'AAA', 'AA', 'A', 'AA', 'AA', 'AA', 'A', 'AA', 'AA', 'AA', 'AA', 'AAA', 'AA', 'A', 'AA', 'AA', 'AA', 'A', 'AA', 'AA', 'AA', 'AA', 'A', 'AA', 'AAA', 'AAA', 'AA', 'AA', 'AA', 'AA', 'AA', 'AAA', 'A', 'AA', 'A', 'AA', 'AA', 'AA', 'AA', 'AA', 'AA', 'AA', 'AAA', 'AA', 'AA', 'A', 'AA', 'AA', 'AA', 'AA', 'A', 'AAA', 'AAA', 'A', 'AA', 'AA', 'AA', 'AA', 'AA', 'AA', 'AA', 'AA', 'A', 'AA', 'A', 'A', 'A', 'AA', 'A', 'AA', 'A', 'A', 'A', 'A', 'A', 'AA', 'AA', 'A', 'AA', 'AA', 'A', 'AA', 'A', 'AA', 'AA', 'AA', 'A', 'AAA', 'AA', 'AA', 'AA', 'AA', 'AA', 'A', 'A', 'AA', 'AA', 'A', 'AA', 'A', 'AA', 'A', 'AAA', 'A', 'AA', 'AA', 'A', 'A', 'AA', 'AA', 'A', 'A', 'AA', 'A', 'A', 'AA', 'AA', 'A', 'AA', 'AA', 'A', 'A', 'A', 'A', 'AA', 'AA', 'AA', 'AA', 'A', 'A', 'A', 'AA', 'A', 'AA', 'AA', 'A', 'A', 'AA', 'AA', 'AA', 'A', 'A', 'AA', 'A', 'AA', 'AAA', 'A', 'A', 'AAA', 'AA', 'AA', 'AA', 'AA', 'AA', 'AA', 'AA', 'AAA', 'A', 'AA', 'AA', 'A', 'A', 'A', 'A', 'AAAA', 'AAA', 'A', 'A', 'AA', 'AA', 'A', 'AA', 'AA', 'A', 'AAA', 'AA', 'AA', 'AAA', 'AA', 'AAA', 'AA', 'A', 'AA', 'AA', 'AAA', 'AAA', 'AAA', 'A', 'AAA', 'AA', 'AA', 'AA']	236
ENST00000358746:4	['A', 'A']	2
ENST00000358746:41	['A', 'A', 'A', 'A', 'A', 'A', 'A', 'A', 'A', 'A', 'A', 'A', 'A', 'A', 'A', 'A', 'A', 'A', 'A', 'A', 'A', 'A', 'A', 'A', 'A', 'A', 'A', 'A', 'A', 'A', 'A', 'A', 'A', 'A', 'A', 'A', 'A', 'A', 'A', 'A', 'A', 'A', 'A', 'A', 'A', 'A', 'A', 'A', 'A', 'A', 'A', 'A', 'A', 'A', 'A', 'A']	56
ENST00000358781:9	['AG', 'AG', 'AG', 'AG', 'AG', 'AG', 'AG', 'AG', 'AG', 'AG', 'AG']	11
ENST00000358825:6	['A', 'A', 'A', 'A', 'A', 'A', 'A', 'A', 'A', 'A', 'A', 'A', 'A', 'A']	14
ENST00000358835:16	['A', 'A', 'A', 'A', 'A', 'A', 'A', 'A', 'A', 'A', 'A', 'A', 'A', 'A', 'A', 'A', 'A', 'A', 'A', 'A', 'A', 'A', 'A', 'A', 'A', 'A', 'A', 'A', 'A', 'A', 'A', 'A', 'A', 'A', 'A', 'A', 'A', 'A', 'A', 'A', 'A', 'A', 'A', 'A', 'A', 'A', 'A', 'A', 'A', 'A', 'A', 'A', 'A', 'A', 'A', 'A', 'A', 'A', 'A', 'A', 'A', 'A', 'A', 'A', 'A', 'A', 'A', 'A', 'A', 'A', 'A', 'A', 'A', 'A', 'A', 'A', 'A', 'A', 'A', 'A', 'A', 'A', 'A', 'A', 'A', 'A', 'A', 'A', 'A', 'A', 'A', 'A', 'A', 'A', 'A', 'A']	96
ENST00000358835:19	['A', 'A', 'A']	3
ENST00000358835:21	['A', 'A', 'A', 'A', 'A', 'A', 'A', 'A', 'A', 'A', 'A', 'A', 'A', 'A', 'A', 'A', 'A', 'A', 'A', 'A', 'A', 'A', 'A', 'A', 'A', 'A', 'A', 'A', 'A', 'A', 'A', 'A', 'A', 'A', 'A', 'A', 'A', 'A', 'A', 'A', 'A', 'A', 'A', 'A', 'A', 'A', 'A', 'A', 'A', 'A', 'A', 'A', 'A', 'A', 'A', 'A', 'A', 'A', 'A', 'A', 'A', 'A', 'A', 'A', 'A', 'A', 'A', 'A', 'A', 'A', 'A', 'A', 'A', 'A', 'A', 'A', 'A', 'A', 'A', 'A', 'A', 'A', 'A', 'A', 'A', 'A', 'A', 'A', 'A', 'A', 'A', 'A', 'A', 'A', 'A', 'A', 'A', 'A', 'A', 'A', 'A', 'A', 'A', 'A', 'A', 'A', 'A', 'A', 'A', 'A', 'A', 'A']	112
ENST00000358835:22	['A', 'A']	2
ENST00000358894:10	['GGT', 'AGGGGGCCGGTATAC', 'AGGGGGCCGGTATAC']	3
ENST00000358912:1	['G', 'G']	2
ENST00000358912:4	['AA', 'A', 'AA', 'AA', 'AA', 'AA', 'AA', 'AA', 'AA', 'AA', 'AA', 'AA', 'AA', 'AAA', 'AA', 'AA', 'AAA', 'AA', 'AA', 'AA', 'AA', 'AA', 'AA', 'AA', 'AA', 'AA', 'A', 'AAA', 'AAA', 'AA', 'GA', 'AA', 'AA', 'AA', 'AA', 'AA', 'AA', 'AA', 'AA', 'AA', 'AA', 'AA', 'AA', 'AA', 'AA', 'AA', 'AA', 'AA', 'AA', 'A', 'AA', 'AA', 'AA', 'AA', 'A', 'A', 'AA', 'A', 'AA', 'AA', 'A', 'AA', 'AA', 'AA', 'AAA', 'AA', 'AA', 'AAA', 'AA', 'A', 'A', 'AA', 'AA', 'AA', 'AAA', 'AAA', 'AA', 'AAA', 'AA', 'AA', 'AAA', 'AA', 'AA', 'AA', 'AA', 'AA', 'AA', 'AA', 'AA', 'AA', 'AA', 'A', 'A', 'AA', 'A', 'AA', 'AA', 'AA', 'AA', 'AA', 'AA', 'AA', 'AA', 'A', 'A', 'A', 'AA', 'A', 'AA', 'AA', 'AA', 'AA', 'A', 'AA', 'AA', 'AA', 'AA', 'A', 'AA', 'AA', 'AA', 'AA', 'AA', 'AA', 'AAA', 'AA', 'AA', 'AA', 'AA', 'AA', 'AA', 'A', 'AAA', 'AA', 'AA', 'AA', 'AA', 'A', 'AA', 'AA', 'AA', 'AA', 'A', 'AA', 'AA', 'AA', 'AA', 'AA', 'AA', 'AA', 'AA', 'AA', 'AA', 'AA', 'AA', 'AA', 'AAA', 'A', 'AA', 'AA', 'AA', 'AA', 'GA', 'A', 'A', 'AA', 'AAA', 'A', 'A', 'A', 'AAA', 'AA', 'A', 'AA', 'AAA', 'A', 'A', 'A', 'A', 'AA', 'A', 'AA', 'A', 'A', 'AAA', 'AA', 'A', 'A', 'A', 'AA', 'A', 'AA', 'AA', 'AA', 'AA', 'A', 'AA', 'A', 'A']	199
ENST00000358951:29	['T', 'T']	2
ENST00000358951:9	['A', 'AA', 'A', 'AA', 'AA', 'A', 'AA', 'AA', 'AAA', 'AA', 'AA', 'AA', 'AA', 'AA', 'AAA', 'AA', 'AA', 'AAA', 'AA', 'AAA', 'A', 'AA', 'AA', 'AA', 'AA', 'AA', 'AA', 'AA', 'AAA', 'A', 'A', 'AAA', 'AAA', 'AA', 'AA', 'AA', 'AAA', 'AA', 'AAA', 'AAA', 'AA', 'A', 'AAA', 'AAA', 'AAA', 'AAA', 'AAA', 'AA', 'AA', 'AAA', 'AAA', 'AAA', 'AA', 'AAAA', 'A', 'A', 'AA', 'AA', 'AAA', 'AAA', 'AA', 'AA', 'AA', 'AAAA', 'AAA', 'AA', 'AAA', 'AA', 'AA', 'A', 'AA', 'A', 'AAA', 'A', 'AAA', 'AA', 'AAAA', 'AAA', 'AA', 'AAA', 'AA', 'A', 'AA', 'A', 'AAA', 'A', 'A', 'A', 'AAA', 'A', 'AA', 'A', 'AA', 'A', 'A', 'AA', 'AAA', 'AA', 'AA', 'AA', 'AA', 'AAA', 'A', 'AAA', 'AAAA', 'AA', 'AA', 'AA', 'AA', 'AA', 'A', 'A', 'AA', 'AAA', 'A', 'A', 'A', 'A', 'AA', 'A', 'A', 'AA', 'A', 'AAA', 'AAA', 'A', 'AA', 'AA', 'AAA', 'A', 'A', 'A', 'AA', 'A', 'AA', 'AA', 'AAA', 'AA', 'AAA', 'AAA', 'A', 'AAA', 'AA', 'AA', 'AAA', 'AA', 'A', 'AA', 'AAA', 'AA', 'A', 'A', 'AA', 'A', 'AAA', 'AAA', 'A', 'AA', 'AA', 'AA', 'AA', 'AAA', 'A', 'A', 'AA', 'AA', 'AAA', 'A', 'A', 'AAA', 'AAA', 'AAA', 'AAA', 'AA', 'AA', 'AAA', 'A', 'AA', 'A', 'AAA', 'AA', 'A', 'A', 'AA', 'AA', 'A', 'AA', 'A', 'A', 'AAAA', 'A', 'A', 'AA', 'A']	194
ENST00000358984:27	['TT', 'TT']	2
ENST00000358992:1	['AGAG']	1
ENST00000359003:8	['AA', 'A', 'A', 'AA', 'AAAA', 'AAA', 'AAA', 'AAA', 'AAA', 'AAAA', 'AAA', 'AA', 'AAA', 'AAA', 'AA', 'AAA', 'AAA', 'AA', 'AA', 'AA', 'AAA', 'A', 'AA', 'AAA', 'AA', 'AAA', 'AA', 'AAAA', 'AAAA', 'AAA', 'A', 'AA', 'AA', 'AA', 'AAA', 'AAA', 'AAA', 'AAA', 'AA', 'A', 'AAA', 'AAA', 'AA', 'AA', 'AAA', 'AA', 'A', 'AA', 'AA', 'AA', 'AA', 'AAA', 'AAA', 'AAAA', 'AAAA', 'AAA', 'AAA', 'AA', 'A', 'AAA', 'AAAAA', 'AAAA', 'AAA', 'AAA', 'AAA', 'AAAA', 'AAA', 'A', 'AA', 'AAA', 'AAA', 'A', 'A', 'AA', 'A', 'A', 'A', 'AAA', 'A', 'AA', 'AA', 'A', 'A', 'AA', 'A', 'A', 'AAAA', 'AAA', 'AA', 'A', 'A', 'AA', 'A', 'AA', 'A', 'AAA', 'AA', 'A', 'AAAAAA', 'A', 'A', 'AAA', 'AAA', 'A', 'A', 'A', 'A', 'AA', 'A', 'AAA', 'A', 'AA', 'A', 'AAA', 'AA', 'A', 'A', 'AA', 'AA', 'AAAA', 'AAAA', 'AAAA', 'AA', 'AAA', 'AAAA', 'AAA', 'A', 'AAA', 'AAAA', 'AA', 'AAAA', 'AAA', 'AA', 'A', 'AAA', 'A', 'AA', 'A', 'AAA', 'AAA', 'AAAA', 'AAA', 'A', 'AAA', 'AAA', 'AAAA', 'AAAA', 'AAA', 'A', 'AAA', 'AAA', 'AAA']	152
ENST00000359003:9	['AAAAA', 'AAAAAAAA', 'AAAAAAAA', 'AAAAAAA', 'AAAAAA', 'AAAAAAAA', 'AAAAAA', 'AAAAAAA', 'AAAAAAAA', 'AAAAAAAAA', 'AAAAAAAA', 'AAAAAAAAA', 'AAAAAAA', 'AAAAA', 'AAAAAAAA', 'AAAAAAA', 'AAAAAAAAAA', 'AAAAAA', 'AAAAAAA', 'AAAAAAA', 'AAAAAAAA', 'AAAAAAA', 'AAAAAA', 'AAAAAA', 'AAAAAAAAA', 'AAAAAAA', 'AAAAAAAA', 'AAAAAAAAA', 'AAAAAAA', 'AAAAAA', 'AAAAAA', 'AAAAAAAAA', 'AAAAAAA', 'AAAAAAAAAA', 'AAAAAAAA', 'AAAAAAA', 'AAAAAAAAAAAA', 'AAAAAA', 'AAAAAAAA', 'AAAAAAAA', 'AAAAAAA', 'AAAAAAAA', 'AAAAAAAAAAA', 'AAAAAAAA', 'AAAAAAAAA', 'AAAAAAAAAA', 'AAAAAAAA', 'AAAAAAA', 'AAAAAAAAAA', 'AAAAAA', 'AAAAAAAA', 'AAAAAAA', 'AAAAAAAA', 'AAA', 'AAAAAAAAA', 'AAAAAAAAAA', 'AAAAAAA', 'AAAAAAA', 'AAAA', 'AAAAAAA', 'AAAAAAA', 'AAAAAAAAA', 'AAAAAA', 'AAAAAAA', 'AAAAAAAAA', 'AAAAAA', 'AAAAAAAAAA', 'AAAAAAAA', 'AAAAAAAAAA', 'AAAAAAAAA', 'AAAAAAAAAAA', 'AAAA', 'AAAAAAA', 'AAAAAAAAAAA', 'AAAAAAAAAA', 'AAAAAAAAAA', 'AAAAAAAAA', 'AAAAAAAAA', 'AAAAAAAA', 'AAAAAAAA', 'AAAAAAAA', 'AAAAAAAAAAA', 'AAAAAAAAAA', 'AAAAAAA', 'AAAAAA', 'AAAAAA', 'AAAAAAAAAA', 'AAAAAAA', 'AAAAAAAA', 'AAAAAA', 'AAAAAAAAAAAA', 'AAAAAAAAA', 'AAAAAAAAAAA', 'AAAAAAAAA', 'AAAAAAA', 'AAAAAAA', 'AAAA', 'AAAAAAA', 'AAAAAAAAA', 'AAAAA', 'AAAAAA', 'AAAAAAAA', 'AAAAAAA', 'AAAAAA', 'AAAAAAAAAA', 'AAAAAAAA', 'AAAAAAAAAAA', 'AAAAAAA', 'AAAAA', 'AAAAAAAAA', 'AAAAAAAA', 'AAAAAAAAA', 'AAAAAAAAAA', 'AAAAA', 'AAAAAAAAAA', 'AAAAAAAAAA', 'AAAAAAAAAAA', 'AAAAAAAAAAA', 'AAAAAAAAAAA', 'AAAAAAAA', 'AAAAAAAA', 'AAAAAAAAA', 'AAAAAAAA', 'AAAAAAAAAA', 'AAAAAAAAA', 'AAAAAAAAAAA', 'AAAAAAAAA', 'AAAAAAAAAAA', 'AAAA', 'AAAAA', 'AAAA', 'AAAAAAAAAAA', 'AAAAAAAAAA', 'AAAAAAAAA', 'AAAAAAAAA', 'AAAAAAA', 'AAAAAAAAAA', 'AAAAAAAAAAA', 'AAAAAAAAAA', 'AAAAAAA']	140
ENST00000359032:2	['G', 'G']	2
ENST00000359128:12	['A', 'A', 'A', 'A', 'A', 'A', 'A', 'A', 'A', 'A', 'A', 'A', 'A', 'A', 'A', 'A', 'A', 'A', 'A', 'A', 'A', 'A', 'A', 'A', 'A', 'A']	26
ENST00000359154:4	['C', 'C']	2
ENST00000359156:1	['A', 'A']	2
ENST00000359171:12	['AAA', 'AAA', 'AAA', 'AAA', 'AAA', 'A', 'A', 'AAA', 'AAA', 'AA', 'AAA', 'CTTTTAAAAAAAA', 'AA', 'AA', 'A', 'A', 'A', 'A', 'A', 'A', 'A', 'A', 'A', 'A', 'AA', 'AAA', 'A', 'A', 'A', 'A']	30
ENST00000359171:16	['AA', 'AAA', 'AA', 'AAAAA', 'AA', 'AA', 'AAA', 'AAAAAA', 'AAAA', 'AAAA', 'AAAAAA', 'AAAAA', 'AAAA', 'AAAA', 'AAA', 'AAA', 'A', 'AAAAA', 'AAAA', 'AAAA', 'AAA', 'AAAAAA', 'AAA', 'AAAA', 'AAAAAA', 'AAA', 'AAA', 'A', 'AAAAAA', 'AAA', 'AAA', 'AAA', 'AA', 'A', 'AAAAAA', 'AAA', 'AAAA', 'AAA', 'AAAA', 'AAA', 'AAAAA', 'A', 'AA', 'AAAA', 'AA', 'AAA', 'AA', 'AAAA', 'A', 'AAAA', 'AAA', 'AA', 'AAAAAA', 'AAAAAAA', 'AA', 'AAAAAA', 'AAAAAA', 'AAA', 'AA', 'AAAA', 'AAAA', 'A', 'AAAAAA', 'AAAAA', 'AAAAAA', 'AA', 'AAAA', 'AAAA', 'AAA', 'AAAA', 'AAAAA', 'AA', 'AA', 'AAAA', 'AA', 'A', 'AAAAA', 'AAAA', 'AA', 'AAAAAA', 'AAAAAAA', 'AAAAA', 'AAAA', 'AAAAAAA', 'A', 'AAAAAA', 'AAAA', 'AAAAA', 'AA', 'AAAAAA', 'AA', 'AAA', 'AAAAAAA', 'AAAAA', 'AAAAA', 'AAAAAA', 'AAAAA', 'AAAAA', 'AAAA', 'AAAA', 'AAAAAA', 'AAAAAA', 'AAAAA', 'AAAA', 'AAAA', 'AAAAA', 'AAA', 'AAAAAA', 'AAAA', 'AAAA', 'AAAA', 'AAAAAA', 'AAAA', 'AAAA', 'AAAAA', 'AAAAA', 'AAA', 'AAA', 'AAAAA', 'AAAAA', 'AAAAA', 'AAAAAA', 'AA', 'AAAA', 'AAAA', 'AAAAA', 'AAAAA', 'AAAAA', 'AAAA', 'AAAA', 'AAAAA', 'AAAAAA', 'AAAAAA', 'AAA', 'AAAAAA', 'AAAAAAA', 'AAAAAAA', 'AAAAAAA', 'AAAAAAA', 'AAAA', 'AA', 'AAA', 'AAA', 'AAAAAA', 'AAAAAAA']	145
ENST00000359204:13	['A', 'A', 'A', 'A', 'A', 'A', 'A', 'A', 'A', 'A', 'A', 'A', 'A', 'A', 'A', 'A', 'A', 'A', 'A', 'A', 'A', 'A', 'A', 'A', 'A', 'A', 'A', 'A', 'A', 'A', 'AA', 'A', 'A', 'A', 'A', 'A', 'A', 'A', 'A', 'A', 'A', 'A', 'A', 'A', 'A', 'A', 'A', 'A', 'A', 'A', 'AAA', 'A', 'A', 'A', 'A', 'A', 'A', 'A', 'A', 'A', 'A', 'A', 'A', 'A', 'A', 'A', 'A', 'A', 'A', 'A', 'A', 'A', 'A', 'A', 'A', 'A', 'A', 'A', 'A', 'A', 'A', 'A', 'A', 'A', 'A', 'A', 'A', 'A', 'A', 'A', 'A', 'A', 'A', 'A', 'A', 'A', 'A', 'A', 'A', 'A', 'A', 'A', 'A', 'A', 'A', 'A', 'A', 'A', 'A', 'A', 'A', 'A', 'A', 'A', 'A', 'A', 'A', 'A', 'A', 'A', 'A', 'A', 'A', 'A', 'A', 'A', 'A', 'A', 'A', 'A', 'A', 'A', 'A', 'AA', 'A', 'A', 'A', 'A', 'A', 'A', 'A', 'A', 'A', 'A', 'A', 'A', 'A', 'AA', 'A', 'A', 'A', 'A', 'A', 'A', 'A', 'A', 'A', 'A', 'A', 'A', 'A', 'A', 'A', 'A', 'A', 'A', 'A', 'A', 'A', 'A', 'A', 'A', 'A', 'A', 'A', 'A', 'A', 'A', 'A', 'A', 'A', 'A', 'A', 'A', 'A', 'A', 'A', 'A', 'A', 'AA', 'A', 'A', 'A', 'A', 'A']	195
ENST00000359204:9	['A', 'A']	2
ENST00000359209:1	['C']	1
ENST00000359209:12	['A']	1
ENST00000359263:14	['A', 'A', 'A', 'A']	4
ENST00000359271:1	['T', 'T', 'T', 'T']	4
ENST00000359276:5	['A', 'A', 'A', 'A', 'A', 'A', 'A', 'A', 'A', 'A', 'A', 'A', 'A', 'A', 'A', 'A', 'A', 'A', 'A', 'A', 'A']	21
ENST00000359314:1	['T', 'T']	2
ENST00000359314:12	['TTTTAC']	1
ENST00000359337:14	['CA', 'CA', 'CA', 'CA']	4
ENST00000359337:23	['G', 'G', 'G', 'G']	4
ENST00000359337:31	['G', 'G', 'G', 'G', 'G', 'G', 'G', 'G', 'G', 'G', 'G', 'G', 'G', 'G', 'G', 'G', 'G', 'G', 'G', 'G', 'G', 'G']	22
ENST00000359337:35	['G', 'G', 'G', 'G']	4
ENST00000359361:4	['A']	1
ENST00000359426:1	['C']	1
ENST00000359428:10	['AAC']	1
ENST00000359440:12	['GA', 'GAGA', 'GAGA', 'GA', 'GAGA', 'GA', 'GA', 'GA', 'GAGA', 'GA', 'GA', 'GA', 'GA', 'GA', 'GA', 'GAGA', 'GA', 'GA', 'GA', 'GAGA', 'GA', 'GA', 'GA', 'GA', 'GA', 'GA', 'GA', 'GA', 'GA', 'GA', 'GA', 'GAGA', 'GA', 'GA', 'GA', 'GA', 'GA', 'GA', 'GA', 'GAGA', 'GA', 'GAGA', 'GA', 'GA', 'GAGA', 'GAGA', 'GA', 'GAGA', 'GA', 'GA', 'GA', 'GAGA', 'GA', 'GA', 'GA', 'GA', 'GAGA', 'GAGA', 'GA', 'GA', 'GA', 'GAGA', 'GAGA', 'GA', 'GA', 'GAGA', 'GA', 'GAGA', 'GA', 'GA', 'GA', 'GA', 'GA', 'GA', 'GA', 'GAGA', 'GA', 'GA', 'GA', 'GAGA', 'GAGA', 'GA', 'GA', 'GA', 'GA', 'GA', 'GA', 'GA', 'GA', 'GA', 'GAGA', 'GA', 'GAGA', 'GA', 'GA', 'GAGA', 'GA', 'GA', 'GA', 'GA', 'GA', 'GA', 'GAGA', 'GA', 'GA', 'GAGA', 'GA', 'GA', 'GA', 'GA', 'GA', 'GA', 'GA', 'GA', 'GA', 'GA', 'GA', 'GA', 'GA', 'GA', 'GA', 'GA', 'GA', 'GA', 'GA', 'GA', 'GA', 'GAGA', 'GA', 'GA', 'GA', 'GA', 'GA', 'GA', 'GA', 'GAGA', 'GA', 'GA', 'GA', 'GA', 'GA', 'GA', 'GA', 'GAGA', 'GA', 'GA', 'GA', 'GAGA', 'GAGA', 'GA', 'GA', 'GA', 'GA', 'GAGA', 'GA', 'GA', 'GAGA', 'GA', 'GAGA', 'GA', 'GAGA', 'GAGAGA', 'GAGA', 'GA', 'GA', 'GA', 'GA', 'GA', 'GA', 'GA', 'GA', 'GA', 'GA', 'GA', 'GA', 'GA', 'GA', 'GA', 'GA', 'GA', 'GA', 'GA', 'GA', 'GA', 'GA', 'GA', 'GA', 'GA', 'GA', 'GA', 'GA', 'GAGA', 'GA', 'GA', 'GA', 'GA', 'GA', 'GA', 'GAGAGA', 'GA', 'GA', 'GA', 'GA', 'GA', 'GA', 'GA', 'GA', 'GA', 'GA', 'GA', 'GAGA', 'GA']	212
ENST00000359479:3	['ATAGAGAAAGAAAC', 'ATAGAGAAAGAAAC']	2
ENST00000359523:5	['T', 'T']	2
ENST00000359530:13	['A', 'A', 'A', 'A', 'A', 'A']	6
ENST00000359530:3	['AA', 'AA', 'A', 'AA', 'AA', 'AA', 'AA', 'AA', 'AA', 'AA', 'AA', 'AA', 'AA', 'AA', 'AA', 'AA', 'AA', 'AA', 'AA', 'AA', 'A', 'AA', 'AA', 'AA', 'AA', 'AA', 'A', 'AA', 'AA', 'AA', 'AA', 'AA', 'AA', 'AA', 'A', 'AA', 'AA', 'A', 'AA', 'AA', 'AAA', 'AA', 'A', 'AA', 'AAA', 'AA', 'AA', 'AA', 'AA', 'AA', 'AAA', 'AA', 'AA', 'AA', 'A', 'AA', 'A', 'AA', 'AA', 'AA', 'AA', 'AA', 'AA', 'AA', 'AA', 'AA', 'A', 'AA', 'AA', 'AA', 'AA', 'AA', 'AA', 'A', 'A', 'A', 'A', 'AA', 'AA', 'A', 'A', 'AAA', 'AA', 'A', 'A', 'A', 'A', 'A', 'AA', 'A', 'AA', 'AA', 'A', 'AA', 'A', 'A', 'AA', 'AA', 'AA', 'AA', 'A', 'A', 'A', 'AA', 'A', 'A', 'AA', 'A', 'AA', 'AA', 'A', 'A', 'AA', 'A', 'AA', 'AA', 'AA', 'AA', 'AA', 'A', 'A', 'A', 'A', 'A', 'AA', 'A', 'A', 'A', 'A', 'A', 'A', 'A', 'A', 'AA', 'AA', 'AA', 'AA', 'A', 'AA', 'A', 'A', 'A', 'A', 'A', 'A', 'A', 'AAA', 'A', 'A', 'AA', 'A', 'AA', 'A', 'AA', 'A', 'A', 'A', 'A', 'A', 'A', 'A', 'AAA', 'A', 'A']	164
ENST00000359546:4	['CCGC']	1
ENST00000359568:12	['G']	1
ENST00000359568:28	['C', 'C', 'C']	3
ENST00000359595:2	['G', 'G']	2
ENST00000359596:38	['C']	1
ENST00000359596:43	['G', 'G']	2
ENST00000359600:13	['G', 'G']	2
ENST00000359621:1	['CA']	1
ENST00000359671:16	['AAGA', 'AAGA']	2
ENST00000359671:27	['A', 'A', 'A', 'A', 'A', 'A', 'A', 'A', 'A', 'A', 'A', 'A', 'A', 'A', 'A', 'A', 'A', 'A', 'A', 'A', 'A', 'A', 'A', 'A', 'A', 'A', 'A', 'A', 'A', 'A', 'A', 'A', 'A', 'A', 'A', 'A', 'A', 'A', 'A', 'A', 'A', 'A', 'A', 'A', 'A', 'A', 'A', 'A', 'A', 'A', 'A', 'A']	52
ENST00000359671:28	['A', 'A']	2
ENST00000359674:3	['AG', 'AG']	2
ENST00000359678:10	['A', 'A', 'A', 'A', 'A', 'A', 'A', 'A', 'A', 'A', 'A', 'A', 'A', 'A', 'A', 'A', 'A', 'A', 'A', 'A', 'A', 'A', 'A', 'A']	24
ENST00000359678:4	['T']	1
ENST00000359759:35	['TC']	1
ENST00000359759:38	['C', 'C', 'C', 'C', 'C']	5
ENST00000359761:5	['A', 'A', 'A', 'A', 'A', 'A', 'A']	7
ENST00000359774:10	['AA', 'A', 'A', 'AA', 'A', 'AA', 'AA', 'A', 'AA', 'AA', 'A', 'AA', 'AA', 'AA', 'A', 'AA', 'A', 'AA', 'AA', 'A', 'A', 'AA', 'AA', 'A', 'AAA', 'A', 'AAA', 'A', 'A', 'AA', 'A', 'A', 'AA', 'AA', 'AAAAA', 'A', 'AA', 'AAA', 'AA', 'A', 'A', 'AA', 'AA', 'AA', 'AA', 'A', 'A', 'AA', 'AA', 'AA', 'A', 'A', 'AA', 'A', 'A', 'AAAAA', 'AAAAA', 'AA', 'AA', 'AA', 'AAAAA', 'AA', 'AAAAA', 'AA', 'AA', 'AAAAA', 'A', 'AA', 'A', 'AAA', 'A', 'AA', 'AA', 'AAA', 'AA', 'A', 'AA', 'A', 'A', 'A', 'AAA', 'AA', 'AA', 'A', 'AA', 'AA', 'A', 'AA', 'AA', 'AAA', 'AA', 'AA', 'AA', 'AA', 'A', 'AAAAA', 'AAAAA', 'A', 'AAAAA', 'AAA', 'AA', 'AA', 'AA', 'AA', 'AA', 'A', 'A', 'A', 'A', 'AA', 'A', 'A', 'A', 'A', 'A', 'AAA', 'A', 'A', 'A', 'A', 'A', 'A', 'AAA', 'AA', 'A']	125
ENST00000359785:15	['A', 'A']	2
ENST00000359785:17	['AAA', 'AAA', 'AAA', 'A', 'AAA', 'AAA', 'AAA', 'AAA', 'AAA', 'AA', 'AAAA', 'AA', 'AAA', 'AAAA', 'AAA', 'AAA', 'AAA', 'AAAA', 'AAAA', 'AAA', 'AAA', 'AAA', 'AAA', 'AAAA', 'AAAA', 'AAA', 'AAA', 'AAA', 'AAAA', 'AAA', 'AAA', 'AAAA', 'AAA', 'AAA', 'AAA', 'AAA', 'AAA', 'AAA', 'AAA', 'AAA', 'AAA', 'AAA', 'AAA', 'AA', 'AAA', 'AAA', 'AAA', 'AAA', 'AA', 'AAA', 'AAAA', 'AAA', 'AAAA', 'AAAA', 'AAA', 'AA', 'AAA', 'AAA', 'AAA', 'AAA', 'AAA', 'AAAA', 'AA', 'AAA', 'AAA', 'AAA', 'AAAA', 'AAAA', 'AA', 'AAA', 'AAAA', 'AAA', 'AAAA', 'AAA', 'AAA', 'AAA', 'AAA', 'AAAA', 'AAA', 'AA', 'AAAA', 'AAA', 'AAAA', 'AA', 'AA', 'AA', 'AAA', 'AAA', 'AAAA', 'A', 'A', 'AAA', 'AAA', 'AAA', 'A', 'AAA', 'AAAA', 'A', 'A', 'AA', 'AA', 'AA', 'AA', 'AA', 'A', 'AA', 'AA', 'AA', 'AA', 'AAA', 'AAA', 'AAA', 'A', 'A', 'AA', 'AAAA', 'AAA', 'AA', 'AAA', 'AAA', 'AAA', 'AAA', 'AAA', 'AA', 'AA', 'AA', 'A', 'AA', 'AAA', 'AAA', 'AAA', 'AAAA', 'AA', 'AAA', 'A', 'AAA', 'AAA', 'AA', 'AAA', 'AA', 'AA', 'AAA', 'AAA', 'AAA', 'AA', 'AA', 'AA', 'AAA', 'AAAA', 'AAA', 'AAA', 'AA', 'A', 'AA', 'AAA', 'AAAA', 'AAA', 'A', 'AAA', 'AA', 'AAA', 'AAA', 'AAA', 'AA', 'AAA', 'AAA', 'AAA', 'AAA', 'AAA', 'A', 'A']	171
ENST00000359786:29	['G', 'G', 'G', 'G']	4
ENST00000359842:1	['AAG']	1
ENST00000359843:4	['GAA', 'GAA']	2
ENST00000359863:4	['A', 'A', 'A', 'A', 'A', 'A', 'A', 'A', 'A', 'A']	10
ENST00000359864:5	['C']	1
ENST00000359872:7	['A', 'GA', 'GA']	3
ENST00000359889:5	['G', 'G', 'G', 'G', 'G', 'G', 'G', 'G', 'G', 'G']	10
ENST00000359930:4	['G', 'G', 'G']	3
ENST00000359933:13	['A', 'AA', 'AA', 'AA', 'AA', 'AA', 'A', 'AA', 'A', 'TTAAAA', 'AA', 'A', 'A', 'AA', 'AA', 'A', 'AA', 'A', 'A', 'A', 'A', 'A', 'A', 'A', 'T', 'AA', 'AA', 'A', 'AA', 'AA', 'AA', 'AA', 'A', 'A', 'A', 'A', 'T', 'A', 'A', 'AA', 'A', 'A', 'A', 'A', 'A', 'A', 'A', 'A', 'A', 'A', 'AA', 'A', 'A', 'A', 'A', 'A', 'A', 'A', 'A', 'A', 'A', 'T', 'A', 'A', 'A', 'A', 'A', 'A', 'A', 'A', 'A', 'T', 'A', 'A', 'A', 'AA']	76
ENST00000359933:15	['AA', 'A', 'A', 'A', 'A', 'A', 'A', 'A', 'A', 'AA', 'A', 'A', 'A', 'A', 'A', 'A', 'A', 'A', 'A', 'A', 'A', 'A', 'A', 'A', 'A', 'A', 'A', 'A', 'A', 'A', 'A', 'A', 'A', 'A', 'AA', 'A', 'A', 'A', 'A', 'A', 'A', 'A', 'A', 'A', 'A', 'A', 'A', 'A', 'A', 'A', 'A', 'A', 'A', 'A', 'AA', 'AA', 'A', 'A', 'AA', 'A', 'A', 'A', 'A', 'A', 'A', 'A', 'A', 'A', 'A', 'A', 'A', 'A', 'A', 'A', 'A', 'A', 'A', 'A']	78
ENST00000359943:3	['AA', 'AA', 'A', 'AA', 'AA', 'AA', 'AA', 'AA', 'AA', 'AA', 'AA', 'AA', 'AA', 'AA', 'AA', 'AA', 'AA', 'AA', 'A', 'AA', 'A', 'AA', 'AA', 'AA', 'A', 'AA', 'AA', 'AA', 'A', 'AA', 'A', 'A', 'A', 'AA', 'AA', 'AA', 'AA', 'AA', 'AA', 'AA', 'AA', 'AA', 'AA', 'AA', 'AA', 'AA', 'AA', 'AA', 'A', 'A', 'AA', 'AA', 'AA', 'A', 'AA', 'A', 'A', 'A', 'AA', 'A', 'A', 'A', 'A', 'A', 'A', 'A', 'A', 'A', 'A', 'A', 'AA', 'A', 'A', 'A', 'A', 'A', 'A', 'A', 'A', 'A', 'A', 'A', 'A', 'A', 'A', 'A', 'A', 'A', 'A', 'A', 'AA', 'A', 'A', 'A', 'A', 'A', 'A', 'A', 'A', 'A', 'A', 'A', 'A', 'A', 'A', 'A', 'A', 'A', 'A', 'A', 'A', 'A', 'A', 'A', 'A', 'A', 'A', 'A', 'A', 'A']	120
ENST00000359988:10	['A', 'A', 'A', 'A', 'A', 'A', 'A', 'A', 'A', 'A', 'A', 'A', 'A', 'A', 'A', 'A', 'A', 'A', 'A', 'A', 'A', 'A', 'A', 'A', 'A', 'A', 'A', 'A', 'A', 'A', 'A', 'A', 'A', 'A', 'A', 'A', 'A', 'A', 'A', 'A', 'A', 'A', 'A', 'A', 'A', 'A', 'A', 'A', 'A']	49
ENST00000360004:2	['A', 'A', 'A', 'A', 'A', 'A', 'A', 'A', 'A', 'A', 'A', 'AA', 'A', 'A', 'A', 'A', 'A', 'A', 'A', 'A']	20
ENST00000360004:5	['A', 'A', 'A', 'A', 'A', 'A', 'A', 'A', 'A', 'A', 'A', 'A', 'A', 'A']	14
ENST00000360019:7	['G', 'G']	2
ENST00000360057:1	['A', 'AAA', 'AA', 'AA', 'AA', 'AA', 'AA', 'AAA', 'AA', 'AAA', 'AA', 'AA', 'AAA', 'AA', 'AA', 'AA', 'AAA', 'AAA', 'AAA', 'AAA', 'AA', 'A', 'AAA', 'AAAA', 'AAA', 'AA', 'A', 'AAA', 'A', 'A', 'A', 'AAA', 'A']	33
ENST00000360057:2	['A', 'A']	2
ENST00000360093:17	['A', 'A']	2
ENST00000360093:7	['AG', 'AG']	2
ENST00000360171:5	['A', 'A']	2
ENST00000360214:9	['TGTGGAACTCCGAGAGC', 'TGTGGAACTCCGAGAGC']	2
ENST00000360228:31	['GGG']	1
ENST00000360256:14	['A', 'A']	2
ENST00000360280:29	['T', 'T']	2
ENST00000360280:34	['T', 'T', 'T']	3
ENST00000360280:51	['T', 'T', 'T', 'T', 'T', 'T', 'T', 'T', 'T', 'T', 'T', 'T', 'T', 'T', 'T', 'T', 'T', 'T', 'T', 'T', 'T', 'T', 'T', 'T', 'T', 'T', 'T', 'T']	28
ENST00000360304:23	['G', 'G', 'G', 'G', 'G', 'G', 'G', 'G', 'G', 'G', 'G', 'G', 'G', 'G', 'G', 'G', 'G', 'G', 'G', 'G', 'G', 'G', 'G', 'G', 'G', 'G', 'G', 'G', 'G', 'G', 'G', 'G', 'G', 'G', 'G', 'G', 'G']	37
ENST00000360321:1	['AC', 'ACC']	2
ENST00000360345:2	['A', 'A', 'A', 'A']	4
ENST00000360380:12	['C']	1
ENST00000360380:9	['A', 'A', 'A', 'A']	4
ENST00000360403:5	['A', 'A', 'A', 'A']	4
ENST00000360409:15	['A', 'AA', 'A', 'A', 'A', 'A', 'A', 'A', 'A', 'A', 'A', 'A', 'A', 'A', 'A', 'A', 'A', 'A', 'A', 'A', 'A', 'A']	22
ENST00000360428:5	['GCAAAATA']	1
ENST00000360467:25	['C', 'C']	2
ENST00000360468:9	['G', 'G', 'G', 'G']	4
ENST00000360490:12	['A', 'A']	2
ENST00000360509:9	['A', 'A']	2
ENST00000360534:13	['TT', 'TTTT', 'TTT', 'TTTT', 'TTT', 'TT', 'TTTT', 'TT', 'TT', 'TTTT', 'TTT', 'TTT', 'TT', 'TTTT', 'TTT', 'TTTT', 'TT', 'TTT', 'TTT', 'TTTT', 'TTT', 'TTTT', 'TT', 'T', 'G', 'TTT', 'TTTT', 'TTTT', 'TTTT', 'TT', 'TT', 'T', 'TTTT', 'T', 'T']	35
ENST00000360540:6	['A']	1
ENST00000360586:3	['AC']	1
ENST00000360586:9	['A', 'AAAA', 'A']	3
ENST00000360596:8	['GTGTGTGTGT', 'GTGTGTGTGTGTGTGT', 'GTGTGTGTGTGTGTGTGT', 'GTGTGTGT', 'GTGTGTGTGTGT', 'GTGTGT', 'GTGTGTGT', 'GTGTGTGTGT', 'GTGTGTGT', 'GTGTGTGTGT', 'GTGTGTGTGTGT', 'GTGTGTGTGTGTGTGTGTGTGT', 'GTGTGTGTGTGTGTGTGT', 'GTGTGTGTGTGTGT', 'GTGTGTGTGT', 'GTGTGTGT', 'GTGTGT', 'GTGTGTGT', 'GTGTGTGT', 'GTGTGTGT', 'GTGTGTGTGT', 'GTGTGT', 'GTGTGTGTGTGTGT', 'GTGTGTGTGTGT', 'GTGTGTGTGTGTGTGTGT', 'GTGTGT', 'GTGTGTGTGTGT', 'GTGTGTGTGTGTGT', 'GTGTGTGTGTGTGT', 'GTGTGTGTGTGTGTGTGTGT', 'GTGTGTGTGTGTGT', 'AGTGTGTG', 'GTGTGTGTGT', 'GTGTGTGTGT']	34
ENST00000360647:5	['A', 'AA', 'A', 'AA', 'A', 'A', 'AA', 'AA', 'AA', 'A', 'A', 'A', 'A', 'A', 'AA', 'A', 'A', 'A', 'A', 'AA', 'AA', 'AA', 'AA', 'A', 'A']	25
ENST00000360652:3	['C', 'TA', 'TA', 'TA', 'C', 'TA', 'C', 'C', 'TA', 'C', 'C', 'C', 'C', 'C', 'C', 'C', 'C', 'C', 'C', 'C', 'C', 'C', 'C', 'C', 'C', 'C', 'C', 'C', 'C', 'C', 'C', 'C', 'C', 'C', 'C', 'C', 'C', 'C', 'C', 'C', 'TA', 'C', 'C', 'C', 'C', 'C', 'C']	47
ENST00000360663:6	['G', 'G']	2
ENST00000360774:30	['A', 'A', 'A', 'A', 'A', 'A', 'A', 'A', 'A', 'A', 'A', 'A', 'A', 'A', 'A', 'A', 'A', 'A', 'A', 'A', 'A', 'A', 'A', 'A', 'A', 'A', 'A', 'A', 'A', 'A', 'A', 'A', 'A', 'A', 'A', 'A', 'A', 'A', 'A', 'A', 'A', 'A', 'A', 'A']	44
ENST00000360802:13	['A', 'A', 'A', 'A', 'A', 'A', 'A', 'A', 'A', 'A', 'A', 'A', 'A', 'A', 'A', 'A', 'A', 'A', 'A']	19
ENST00000360802:24	['G']	1
ENST00000360820:4	['T', 'T', 'T', 'T']	4
ENST00000360835:12	['T', 'T', 'T']	3
ENST00000360863:14	['AGG', 'AGG']	2
ENST00000360863:15	['A', 'A', 'A', 'A', 'A', 'A', 'A', 'A', 'A', 'A', 'A', 'A']	12
ENST00000360863:2	['A', 'A', 'A', 'A', 'A', 'A', 'A', 'A', 'A', 'A', 'AA', 'A', 'A', 'A', 'A', 'A', 'A', 'A', 'A', 'A', 'A', 'A', 'A', 'AA', 'A', 'A', 'A', 'A', 'A', 'A', 'A', 'A', 'A', 'A', 'A', 'AA', 'A', 'A', 'A', 'A', 'A', 'A', 'A', 'A', 'A', 'A', 'A', 'A', 'A', 'AA', 'A', 'A', 'A', 'A', 'AA', 'A', 'A', 'A', 'A', 'A', 'A', 'A', 'A', 'AA', 'A', 'A', 'A', 'A', 'A', 'A', 'A', 'A', 'AA', 'A', 'A', 'A', 'A', 'A', 'A', 'A', 'A', 'A', 'AA', 'A', 'A', 'A', 'A', 'A', 'A', 'AA', 'A', 'A', 'A', 'A', 'A', 'A', 'A', 'A', 'A', 'A', 'A', 'A', 'A', 'A', 'A', 'A', 'A', 'A', 'A', 'A', 'A', 'A', 'A', 'A', 'A', 'A', 'A', 'A', 'A', 'A', 'A', 'A', 'A', 'A', 'A', 'A', 'A', 'A', 'A', 'A', 'A', 'A', 'A', 'A', 'A', 'A', 'A', 'A', 'A', 'A', 'A', 'A', 'A', 'A', 'A', 'A', 'A', 'A', 'A', 'A', 'A', 'A', 'A', 'A', 'A', 'A', 'A', 'A', 'A', 'A', 'A', 'A', 'A', 'A', 'A', 'A', 'A', 'A', 'A', 'A', 'A', 'A', 'A', 'A', 'A', 'A', 'A', 'A', 'A', 'A', 'A', 'A', 'A', 'A', 'A', 'A', 'A', 'A', 'A', 'A', 'A', 'A', 'A', 'A', 'A', 'A', 'A', 'A', 'A', 'A', 'A', 'A', 'A', 'A', 'A', 'A', 'A', 'A', 'A', 'A', 'A', 'A', 'A', 'A', 'A', 'A', 'A', 'A', 'A', 'A', 'A', 'A', 'A']	223
ENST00000360863:22	['A', 'A', 'A', 'A', 'A', 'A', 'A', 'A', 'A', 'A', 'A', 'A', 'A', 'A', 'A', 'A', 'A', 'A', 'A', 'A', 'A', 'A', 'A', 'A', 'A', 'A', 'A', 'A', 'A', 'A', 'A', 'A', 'A', 'A', 'A', 'A', 'A', 'A', 'A', 'A', 'A', 'A', 'A', 'A', 'A', 'A', 'A', 'A', 'A', 'A', 'A', 'A', 'A', 'A', 'A', 'A', 'A']	57
ENST00000360863:24	['A', 'A', 'A', 'A', 'A', 'A', 'A', 'A', 'A', 'A', 'A', 'A']	12
ENST00000360905:17	['G']	1
ENST00000360905:6	['T']	1
ENST00000360905:8	['AAGGTAC']	1
ENST00000360906:6	['A', 'A', 'A', 'A', 'A', 'A', 'A', 'A']	8
ENST00000360948:10	['A', 'A', 'A', 'A', 'A', 'A', 'A', 'A', 'A', 'A', 'A']	11
ENST00000360948:19	['T', 'T']	2
ENST00000360958:8	['G', 'G', 'G', 'G', 'G', 'G', 'G', 'G', 'G', 'G', 'G', 'G', 'G', 'G', 'G', 'G', 'G', 'G', 'G', 'G', 'G', 'G']	22
ENST00000360961:2	['A', 'A']	2
ENST00000360971:7	['T', 'T', 'T', 'T', 'T']	5
ENST00000361055:10	['AAA', 'A', 'AA', 'AA', 'AA', 'AA', 'AA', 'AA', 'AA', 'AA', 'AA', 'AA', 'AA', 'AA', 'AA', 'AA', 'AA', 'AA', 'AA', 'AA', 'AA', 'AA', 'AA', 'A', 'AA', 'AA', 'AA', 'AAA', 'AA', 'A', 'AA', 'AAA', 'AA', 'A', 'AA', 'AA', 'AA', 'AA', 'AA', 'AA', 'AA', 'A', 'A', 'AA', 'AA', 'AA', 'AA', 'AA', 'AA', 'AA', 'AA', 'AA', 'AA', 'AA', 'AA', 'AAA', 'A', 'A', 'A', 'AA', 'A', 'AA', 'A', 'A', 'A', 'AA', 'AA', 'AA', 'AA', 'AA', 'AA', 'AA', 'AA', 'AA', 'AA', 'AA', 'A', 'A', 'A', 'AA', 'AA', 'AA', 'A', 'A', 'AA', 'AA', 'AA', 'AA', 'A', 'AA', 'A', 'AA', 'A', 'AA', 'AA', 'AA', 'AA', 'AA', 'A', 'AA', 'AA', 'AA', 'A', 'A', 'A', 'A', 'A', 'A', 'A', 'AA', 'AA', 'AA', 'AA', 'A', 'AA', 'A', 'A', 'A', 'A', 'A', 'A', 'A', 'A', 'A', 'A', 'A', 'A', 'AA', 'A', 'AA', 'A', 'A', 'AA', 'A', 'AA', 'A', 'AA']	137
ENST00000361055:7	['AAAAAA', 'A', 'AAA', 'AAAA', 'AAA', 'AAAA', 'AAAA', 'AAAA', 'AAA', 'AAA', 'AAAA', 'AAA', 'AAA', 'AAAAA', 'AAAA', 'AAAAA', 'AAAA', 'AAAA', 'AAA', 'AAAA', 'AAAAA', 'AAA', 'AAAAAA', 'AAA', 'AAAAA', 'AAAA', 'AAAA', 'AA', 'AAAA', 'AAAA', 'AAAA', 'AAA', 'AAAAA', 'A', 'AAAA', 'AAAA', 'AAAAAA', 'AAAAAA', 'AAAAA', 'AA', 'AAAA', 'AAAA', 'AAA', 'AAAA', 'AAA', 'AAAAA', 'AAA', 'AA', 'AAAAAA', 'AAAA', 'AAAAAA', 'AAAAA', 'AAAAA', 'AAA', 'AAAA', 'A', 'AAA', 'AA', 'AAA', 'AAA', 'A', 'A', 'AAAA', 'AAAA', 'AAA', 'AAAA', 'AAAA', 'AAAA', 'A', 'AAAA', 'A', 'AAAA', 'AAAA', 'AAA', 'AAAAA', 'AAAA', 'AAA', 'AAAAAA', 'AA', 'AAA', 'AAAA', 'AAAA', 'AA', 'AAAAA', 'AAA', 'AAA', 'AAA', 'AAA', 'AAAA', 'AAAA', 'AAA', 'AAAA', 'AAA', 'AAAAA', 'AAAA', 'AAA', 'AAAA', 'AAAAA', 'AAAAA', 'AAAA', 'AAAAA', 'AAAA', 'AAAA', 'AAA', 'AAAAA', 'AAAAA', 'AA', 'AAA', 'AAAA', 'A', 'AAA', 'AAA', 'AAA', 'AAAAA', 'AAAA', 'AAAA', 'AAA', 'AAAA', 'AAAAA', 'A', 'AA', 'AAA', 'AAAAA', 'AA', 'AAAA', 'AAAA', 'AAA', 'AAAA', 'AAAA', 'AA', 'AAA', 'AAA', 'AAAA', 'AAA', 'AAAA', 'AAAA', 'A', 'AA', 'AAA', 'AAA', 'AAA', 'AAA', 'AA', 'AAA', 'AAA', 'AA', 'AA', 'AA', 'AAA', 'AA', 'AAAA', 'AAA', 'AAAA', 'AAAA', 'AAA', 'AAAA', 'AAAAA', 'AAAA', 'A', 'AAAA', 'AAA', 'AAAA', 'AAAA', 'AAAAA', 'AAAA', 'AAA', 'AAAA', 'AA', 'AAAA', 'AAAAA', 'AAAA', 'AA', 'AAAA', 'AAA', 'AAAA', 'AA', 'AAA', 'AAA', 'AAAA', 'AAAAA', 'AAA', 'A', 'AAA', 'AAAA', 'AAAAAA', 'AA', 'AAA', 'AAA', 'AAA', 'A', 'AAA', 'AAAAA', 'AAAAA', 'AAAA', 'AAA', 'AAA']	196
ENST00000361092:2	['A']	1
ENST00000361099:12	['A', 'A', 'A', 'A', 'A', 'A', 'A', 'A', 'A', 'A', 'A', 'A', 'A', 'A', 'A', 'A', 'A', 'A', 'A', 'A', 'A', 'A', 'A', 'A', 'A', 'A', 'A', 'A', 'A', 'A', 'A', 'A', 'A', 'A', 'A', 'A', 'A', 'A', 'A', 'A', 'A', 'A', 'A', 'A', 'A', 'A', 'A', 'A', 'A']	49
ENST00000361099:23	['A', 'A']	2
ENST00000361125:18	['A', 'A']	2
ENST00000361170:32	['AGG', 'AGG']	2
ENST00000361170:9	['A', 'A', 'A', 'A', 'A', 'A', 'A', 'A']	8
ENST00000361175:3	['AAAAAAAAAAA', 'AAAAA', 'AAAAAAAA', 'AAAAAAAA', 'AAAAAAA', 'AAAAAAAA', 'AAAA', 'AAAAAAAA', 'AAAAAAA', 'AAAAAAAAA', 'AAAAAAAA', 'AAAAAAA', 'AAAAAAAAA', 'AAAAAAA', 'AAAAAAAAA', 'AAAAAA', 'AAAAAAAA', 'AAAAAAAA', 'AAAAA', 'AAAAAAA', 'AA', 'AAAAAA', 'AAAAAAAAA', 'AAAAAAAAA', 'AAAAAAAA', 'AAAAAAA', 'AAAAAAA', 'AAAAA', 'AAAAAAAA', 'AAAAAAAAAA', 'AAAAAA', 'AAAAAAA', 'AAAAA', 'AAAAAAA', 'AAAAAA', 'AAAAAA', 'AAAAAAA', 'AAAAAAAAA', 'AAAAAAAA', 'AAAAAAAAAAA', 'AAA', 'AAAAAA', 'AAAAAAAA', 'AAAAAAAA', 'AAAAAAA', 'AAAAAAAA', 'AAAAAAAA', 'AAAAAAA', 'AAA', 'AAAAAAAA', 'AAAAAAAA', 'AAAAAAAAA', 'AAAAAAAAA', 'AAAAAAA', 'AAAAAAAA', 'AAAAAA', 'AAAA', 'AAAAAAAAAA', 'AAAAAAAA', 'AAAAAAAAAA', 'AAAAAA', 'AAAAAAAAA', 'AAAAAAAAA', 'AAAAAAA', 'AAAAAA', 'AAAAAAAA', 'AAAAAAAAA', 'AAAAAAAAA', 'AAAAAAA', 'AAAAA', 'AAAAAAA', 'AAAAAA', 'AAAAAAAAAA', 'AAAAAAAAAA', 'AAAAA', 'AAAAAAAAA', 'AAAAAAAA', 'AAAAAA', 'AAAAAAAA', 'AAAAAAAAAAA', 'AAAAAAAA', 'AAAAAAAA', 'AAAAAAAA', 'AAAAAAAA', 'AAAAAAAAAAA', 'AAAAAA', 'AAAAAAAAA', 'AAAAAAA', 'AAAAAAA', 'AAAAAAAAA', 'AAAAAAAAA', 'AAAAAAA', 'AAAAAAAAA', 'AAAAAAAAA', 'AAAAAAAAA', 'AAAAAAAAA', 'AAAAAAAAAA', 'AAAAAAAAA', 'AAAAAAAAAA', 'AAAAAAAAAA', 'AAAAAAAAAAA', 'AAAA', 'AAAAAAAA', 'AAAAAAAAAA', 'AAAAAAA', 'AAAAAAAA', 'AAAAAAAA', 'AAAAAA', 'AAAAAAAA', 'AAAAAAAA', 'AAAAAAA', 'AAAAAAAA', 'AAAAAAAAA', 'AAAAAAA', 'AAAAAAA', 'AAAAAAAAA', 'AAAAAAA', 'AAAAAAAA', 'AAAAAAAA', 'A', 'AAAAAAAAAA', 'AAAAAAAAAA', 'AAAAAAAAAA', 'AAAAAAAAA', 'AAAAAAAAAA', 'AAAAAAAAAA', 'AAAAAAAA', 'AAAAAAAAAAA', 'AAAAAAAAAAA', 'AAAAAAAA', 'AAAAAAAAA', 'AAAAAAAAAA', 'AAAAAAAAA', 'AAAAAAAAAA', 'AAAAAAAAAA', 'AAAAAAAA', 'AAAAAAA', 'AAAAAAA', 'AAAAAAAA', 'AAAAAAAA', 'AAAAAAAA', 'AAAAAAAA', 'AAAAAAAAAAA', 'AAAAAAAAAA', 'A', 'AAAAAAAAAA', 'AAAAAAA', 'AAAAAAAAA', 'AAAAAAAAAAAA']	149
ENST00000361189:2	['A', 'A', 'A', 'A', 'A', 'A', 'A', 'A', 'A', 'A', 'A', 'A', 'A', 'A', 'A', 'A', 'A', 'A', 'A', 'A', 'A', 'A', 'A', 'A']	24
ENST00000361189:3	['A', 'A']	2
ENST00000361189:6	['AA', 'AA', 'AA', 'AAAA', 'AAA', 'AA', 'AAA', 'AAA', 'AAAA', 'AAAA', 'AAA', 'AAAA', 'AAA', 'AAA', 'AAA', 'AA', 'AAA', 'AA', 'AAA', 'AAA', 'AAAA', 'AA', 'AA', 'AAA', 'A', 'AA', 'AA', 'AA', 'AA', 'AA', 'AA', 'AAA', 'AAA', 'AAA', 'AA', 'AAAA', 'A', 'AAA', 'AA', 'AAA', 'AAA', 'A', 'A', 'A', 'AAA', 'AAA', 'AAAA', 'A', 'AA', 'A', 'AA', 'AAA', 'A', 'AA', 'A', 'AAAA', 'AAA']	57
ENST00000361189:9	['A', 'A', 'A', 'A', 'A', 'A', 'A', 'A', 'A', 'A', 'A', 'A', 'A', 'A', 'A', 'A', 'A', 'A', 'A', 'A', 'A', 'A', 'A', 'A', 'A', 'A', 'A', 'A', 'A', 'A', 'A', 'A', 'A', 'A', 'A', 'A', 'A', 'A', 'A', 'A', 'A', 'A', 'A', 'A', 'A', 'A', 'A', 'A', 'A', 'A', 'A', 'A', 'A', 'A', 'A', 'A', 'A', 'A', 'A', 'A', 'A', 'A', 'A', 'A', 'A', 'A', 'A', 'A', 'A', 'A', 'A', 'A', 'A', 'A', 'A', 'A', 'A', 'A', 'A', 'A', 'A', 'A', 'A', 'A', 'A', 'A', 'A', 'A', 'A', 'A', 'A', 'A', 'A', 'A', 'A', 'A', 'A', 'A', 'A', 'A', 'A', 'A', 'A', 'A', 'A', 'A', 'A', 'A', 'A', 'A', 'A', 'A']	112
ENST00000361204:1	['GGTG']	1
ENST00000361204:14	['CTGTTCTC', 'CTGTTCTC']	2
ENST00000361216:12	['A', 'A']	2
ENST00000361226:2	['G', 'G']	2
ENST00000361247:4	['G', 'G']	2
ENST00000361256:1	['AGA', 'AGA']	2
ENST00000361256:4	['GA', 'GA', 'GA', 'GA', 'GA', 'GA', 'GA', 'GA', 'GA', 'GA', 'GA', 'GA', 'GA', 'GA', 'GA', 'GA', 'GA', 'GA', 'GA', 'GA', 'GA', 'GA', 'GA', 'GA', 'GA', 'GA', 'GA', 'GA', 'GA', 'GA', 'GA', 'GA', 'GA', 'GA', 'GA', 'GA', 'GA', 'GA']	38
ENST00000361271:1	['AA', 'A', 'A', 'A', 'AA', 'AA', 'AA', 'AA', 'AA', 'AAA', 'AA', 'AA', 'AA', 'AA', 'AA', 'AAA', 'AAA', 'AA', 'AA', 'AA', 'AA', 'AA', 'AA', 'AA', 'AAA', 'AA', 'AA', 'AA', 'AA', 'AA', 'AA', 'AA', 'A', 'AA', 'AA', 'AA', 'AA', 'AA', 'AA', 'AA', 'AA', 'AA', 'AA', 'AA', 'AA', 'AA', 'AA', 'AA', 'A', 'AA', 'AA', 'AA', 'AA', 'AA', 'AA', 'AAA', 'A', 'AA', 'AA', 'A', 'A', 'AA', 'AA', 'A', 'AA', 'AA', 'AA', 'AA', 'AA', 'A', 'AA', 'AA', 'AAA', 'AAA', 'AA', 'AA', 'AA', 'AA', 'AA', 'AA', 'AA', 'AA', 'A', 'A', 'AA', 'A', 'A', 'A', 'A', 'A', 'AAA', 'AA', 'A', 'AA', 'A', 'AA', 'AA', 'AA', 'A', 'AA', 'AA', 'AA', 'AAA', 'A', 'A', 'A', 'AA', 'AA', 'A', 'AA', 'AA', 'AAA', 'AA', 'AA', 'A', 'AA', 'A', 'A', 'A', 'A', 'AA', 'AA', 'AA', 'AA', 'A', 'AA', 'AA', 'A', 'AA', 'AA', 'AA', 'AA', 'A', 'AAA', 'AA', 'A', 'A', 'A', 'A', 'AA', 'A', 'AA', 'AAA', 'A', 'A', 'A', 'A', 'A', 'A', 'AA', 'A', 'A', 'A', 'A', 'A', 'A']	156
ENST00000361272:5	['A', 'A']	2
ENST00000361297:11	['GA']	1
ENST00000361297:18	['CCTGATGACTT']	1
ENST00000361351:2	['A', 'A']	2
ENST00000361354:11	['A', 'A', 'A', 'A', 'A', 'A', 'A', 'A', 'A', 'A', 'A', 'A', 'A', 'A', 'A', 'A', 'A', 'A', 'A', 'A']	20
ENST00000361354:19	['A', 'A']	2
ENST00000361354:23	['A', 'AA', 'A', 'A', 'A', 'A', 'A', 'A', 'A', 'A', 'A', 'A', 'A', 'A', 'A', 'A', 'AA', 'A', 'A', 'A', 'A', 'AA', 'A', 'A', 'A', 'A', 'AA', 'A', 'A', 'A', 'A', 'A', 'A', 'A', 'AA', 'A', 'A', 'AA', 'A', 'AA', 'A', 'A', 'A', 'A', 'A', 'A', 'A', 'A', 'AA', 'A', 'A', 'A', 'A', 'A', 'A', 'A', 'A', 'A', 'A', 'A', 'AA', 'AA', 'AA', 'A', 'AA', 'A', 'A', 'AA', 'A', 'AA', 'AA', 'AA', 'A', 'A', 'AA', 'A', 'A', 'A', 'A', 'A', 'A', 'A', 'A', 'A', 'A', 'AA', 'A', 'A', 'A', 'AA', 'AA', 'A', 'A', 'A', 'AA', 'A', 'AA', 'A', 'A', 'A', 'A', 'A', 'A', 'A', 'AA', 'A', 'A', 'A', 'AA', 'A', 'A', 'A', 'A', 'A', 'A', 'A', 'AA', 'A', 'AA', 'A', 'A', 'A', 'A', 'A', 'A', 'A', 'A', 'A', 'A', 'A', 'A', 'A', 'AAA', 'A', 'A', 'A', 'A', 'A', 'A', 'A', 'A', 'A', 'A', 'A', 'A', 'A', 'A', 'A', 'AA', 'A', 'A', 'A', 'A', 'AA', 'A', 'A', 'A', 'A', 'AA', 'A', 'A', 'A', 'A', 'A', 'A', 'A', 'AA', 'A', 'A', 'A', 'A', 'A', 'A', 'A', 'A', 'A', 'A', 'A', 'A', 'A', 'A', 'A', 'A', 'A', 'AA', 'A', 'A', 'A', 'A', 'A', 'A', 'A', 'A', 'A', 'A', 'A', 'A', 'A', 'A', 'A', 'AA', 'A', 'A', 'AA', 'A', 'A', 'A', 'A', 'A', 'A', 'AA']	211
ENST00000361354:4	['A', 'A', 'A', 'A', 'A', 'A', 'A', 'A', 'A', 'A', 'A', 'A', 'A', 'A', 'A', 'A', 'A', 'A', 'A']	19
ENST00000361367:9	['T', 'T', 'T', 'T', 'T', 'T', 'T', 'T', 'T', 'T', 'T', 'T', 'T', 'T']	14
ENST00000361413:15	['A', 'A', 'A', 'A', 'A', 'A', 'A', 'A', 'A', 'A', 'A', 'A', 'A', 'A', 'A', 'A', 'A', 'A', 'A', 'A', 'A', 'A', 'A', 'A', 'A', 'A', 'A', 'A', 'A', 'A', 'A', 'A', 'A', 'A', 'A', 'A', 'A', 'A', 'A', 'A', 'A', 'A', 'A', 'A', 'A', 'A', 'A', 'A', 'A', 'A', 'A', 'A', 'A', 'A', 'A']	55
ENST00000361418:12	['A', 'A', 'A', 'A', 'A', 'A', 'A', 'A', 'A', 'A', 'A', 'A', 'A', 'A', 'A', 'A', 'A', 'A', 'A', 'A', 'A', 'A', 'A', 'A']	24
ENST00000361436:6	['ACTT']	1
ENST00000361445:6	['TA', 'TA', 'TA']	3
ENST00000361464:4	['AAAA', 'A', 'AAAA', 'AA', 'AAA', 'AAA', 'AAA', 'AAA', 'AAA', 'AA', 'AA', 'AAA', 'AA', 'AAA', 'AA', 'AAA', 'AA', 'AAAA', 'AA', 'AAAA', 'AAA', 'AA', 'AA', 'AA', 'AAAA', 'AAA', 'AA', 'AAA', 'AA', 'AAA', 'AA', 'AAA', 'A', 'AA', 'AA', 'AA', 'AAA', 'AA', 'AAA', 'AAAA', 'AAA', 'AA', 'AA', 'AA', 'AA', 'AA', 'AA', 'A', 'A', 'AAAA', 'AA', 'AAA', 'AA', 'AAA', 'AAA', 'AA', 'AA', 'AAAAA', 'AA', 'AAA', 'AA', 'AA', 'AAA', 'AA', 'AA', 'AA', 'A', 'A', 'AAA', 'AA', 'AA', 'AA', 'AAA', 'AA', 'AA', 'AAA', 'AA', 'A', 'AA', 'A', 'AA', 'A', 'A', 'AA', 'AA', 'AA', 'AA', 'A', 'AA', 'AA', 'AA', 'AA', 'AA', 'AA', 'AA', 'A', 'AA', 'AA', 'AA', 'AAA', 'AA', 'AA', 'AA', 'AA', 'A', 'A', 'AA', 'AA', 'AAAA', 'AA', 'A', 'A', 'AA', 'AAA', 'AA', 'AA', 'A', 'AA', 'AA', 'AA', 'AA', 'AAA', 'A', 'AA', 'G', 'AAAA', 'AA']	127
ENST00000361503:9	['AAA', 'AA', 'A', 'A', 'AAA', 'AA', 'AA', 'A', 'A', 'AAA', 'AA', 'AA', 'AA', 'AAA', 'AA', 'AA', 'AA', 'AAA', 'A', 'A', 'AA', 'AA', 'AAAA', 'AA', 'AA', 'A', 'AAAAA', 'AAA', 'AA', 'A', 'AA', 'AA', 'A', 'AAA', 'AA', 'A', 'AAA', 'AAAA', 'AA', 'AAA', 'AAA', 'A', 'AAA', 'AA', 'A', 'A', 'AAA', 'A', 'A', 'AA', 'AAAA', 'A', 'AA', 'AA', 'AAAA', 'AA', 'A', 'A', 'A', 'A', 'AA', 'AA', 'AAA', 'A', 'A', 'A', 'A', 'AA', 'A', 'AAA', 'A']	71
ENST00000361539:2	['C', 'C', 'C']	3
ENST00000361582:8	['AA']	1
ENST00000361603:18	['T', 'TT', 'TT', 'T', 'TT', 'T', 'T', 'TTT', 'TT', 'T', 'TT', 'TTT', 'TT', 'TT', 'TT', 'TTT', 'TT', 'TT', 'TT', 'TT', 'TTT', 'TTT', 'TTT', 'TTT', 'TTT', 'T', 'TT', 'TT', 'TT', 'TTT', 'TT', 'TT', 'T', 'TT', 'TTT', 'TT', 'TTT', 'T', 'T', 'TT', 'TT', 'TT', 'TT', 'T', 'T', 'TTT', 'TTT', 'TT', 'T', 'TT', 'TTT', 'T', 'TT', 'TTT', 'T', 'TT', 'TTT', 'T', 'TT', 'TT', 'T', 'TT', 'TT', 'T', 'T', 'TTT', 'TT', 'T', 'TTT', 'T', 'TTT', 'TTT', 'TT', 'TT', 'TT', 'T', 'TT', 'TT', 'T', 'TTT', 'TT', 'T', 'T', 'TT', 'TTT', 'TT', 'T', 'T', 'T', 'TT', 'T', 'T', 'TT', 'TT', 'TT', 'T', 'TT', 'T', 'T', 'T', 'T', 'TT', 'T', 'T', 'TT', 'TT', 'T', 'T', 'T', 'T', 'TT', 'T', 'T', 'TT', 'TT', 'T', 'T', 'T', 'T', 'TT', 'T', 'T', 'T', 'TT', 'T', 'T']	126
ENST00000361640:1	['GAGAGGAAA', 'GAGAGGAAA']	2
ENST00000361658:16	['AAAAA', 'AAAA', 'A', 'AAAA', 'AAAAAA', 'AAAAA', 'AAAA', 'AAAA', 'AA', 'AAA', 'AAAA', 'AAAAA', 'AAA', 'AAA', 'AAAAA', 'AAAAA', 'AAAAA', 'AAAAA', 'AAAAA', 'AAAAA', 'AAAAAA', 'AAA', 'AA', 'AA', 'AA', 'A', 'AAA', 'AAAAA', 'AAAA', 'AAAAA', 'AA', 'AAAAAA', 'AAA', 'AAAAA', 'AAA', 'AAA', 'AAAAAA', 'AA', 'AAA', 'A', 'AAAAA', 'AAAAAA', 'AAA', 'AA', 'AAAAAAA', 'AAA', 'AAAA', 'AAA', 'AAAAA', 'AAAA', 'AAAA', 'AA', 'AA', 'AAAAA', 'A', 'AAAA', 'AAA', 'AA', 'AAAAA', 'AA', 'AAAAA', 'AAAAA', 'AAA', 'AAA', 'AAAA', 'AAAAA', 'AAAA', 'AAA', 'A', 'AAA', 'AAAAAA', 'AAAA', 'AA', 'AAAA', 'AAAAA', 'AAAA', 'AAAAAA', 'AAAAA', 'A', 'AAAA', 'AAAAA', 'AAA', 'AAAA', 'AAAAA', 'AAAA', 'A', 'AAAA', 'AAAAA', 'AAAAAAAA', 'AAAA', 'AAAAA', 'AAAAAA', 'AAAAAAAA', 'AAAAA', 'AAAAA', 'AAAAAAA', 'AAAAAA', 'AAAAAA', 'AAAAA', 'AAAAA', 'AAAA', 'AAAA', 'AAAAAAA', 'AAAAAA', 'AAAAA', 'AAAAAAA', 'AAAAAA', 'AAAAAAA', 'AAAAAA', 'AAAAAA', 'AAAAAA', 'A', 'AAA', 'AAAA', 'AAA', 'AAA']	116
ENST00000361658:24	['A', 'A']	2
ENST00000361658:8	['A', 'AA', 'AA', 'AA', 'AA', 'AA', 'AA', 'AA', 'AA', 'AAA', 'AA', 'AA', 'AA', 'AA', 'A', 'AA', 'AA', 'AA', 'AAA', 'AA', 'AA', 'AA', 'A', 'AA', 'AA', 'AA', 'AA', 'A', 'A', 'AA', 'AA', 'AA', 'AA', 'AA', 'AA', 'AAA', 'AA', 'AA', 'AAA', 'AA', 'AA', 'A', 'A', 'AA', 'AA', 'AA', 'AA', 'AA', 'AAA', 'AA', 'A', 'AA', 'AA', 'AA', 'AA', 'A', 'A', 'A', 'A', 'AA', 'A', 'AA', 'AA', 'AA', 'AA', 'AA', 'AA', 'AA', 'A', 'A', 'AA', 'A', 'AA', 'A', 'A', 'AA', 'A', 'AA', 'A', 'A', 'A', 'A', 'AA', 'A', 'AA', 'A', 'A', 'AA', 'A', 'A', 'AA', 'AA', 'A', 'AA', 'A', 'A', 'A', 'A', 'AA', 'A', 'A', 'A', 'A', 'A', 'AA', 'A', 'A', 'A']	108
ENST00000361673:1	['AA', 'AAA', 'AA', 'AA', 'AA', 'AA', 'AA', 'AAA', 'A', 'AA', 'AA', 'AAA', 'AA', 'AAA', 'AAA', 'AA', 'AA', 'AA', 'AAA', 'AA', 'AAA', 'A', 'A', 'AAA', 'AA', 'AA', 'AAA', 'AA', 'AA', 'AA', 'AA', 'A', 'A', 'A', 'AA', 'AA', 'AAA', 'AAA', 'AA', 'AA', 'AAA', 'A', 'AA', 'A', 'A', 'A', 'AA', 'AA', 'AA', 'A', 'AA']	51
ENST00000361675:10	['T', 'T', 'T', 'T']	4
ENST00000361675:5	['A', 'A']	2
ENST00000361675:9	['T', 'T', 'T', 'T', 'T', 'T', 'T', 'T', 'T', 'T', 'T', 'T', 'T', 'T', 'T', 'T', 'T', 'T', 'T', 'T', 'T', 'T', 'T', 'T', 'T', 'T', 'T', 'T', 'T', 'T', 'T', 'T', 'T', 'T', 'T', 'T', 'T', 'T', 'T', 'T', 'T', 'T', 'T', 'T', 'T', 'T', 'T']	47
ENST00000361686:4	['A', 'A', 'A', 'A', 'A', 'A', 'A', 'A', 'A', 'A', 'A', 'A', 'A', 'A', 'A', 'A', 'A', 'A', 'A', 'A', 'A', 'A', 'A', 'A']	24
ENST00000361752:1	['AG', 'AG']	2
ENST00000361752:3	['T', 'T']	2
ENST00000361781:8	['AT', 'AT']	2
ENST00000361790:4	['G', 'G', 'G', 'G', 'G', 'G', 'G']	7
ENST00000361794:14	['T', 'T', 'T', 'T', 'T', 'T', 'T', 'T', 'T']	9
ENST00000361813:11	['AA', 'AA']	2
ENST00000361813:3	['C']	1
ENST00000361822:9	['T', 'T']	2
ENST00000361824:11	['A', 'AA', 'AAA', 'AAA', 'AAA', 'AA', 'AAA', 'AAA', 'AAA', 'AAA', 'AA', 'AA', 'AAA', 'AA', 'AAAAA', 'AAA', 'AA', 'AA', 'AA', 'AA', 'AA', 'AAA', 'AA', 'AAA', 'AAA', 'AA', 'AA', 'A', 'AA', 'AA', 'AA', 'AAA', 'AAA', 'AAA', 'AA', 'AAAA', 'AAAA', 'AA', 'AA', 'AAA', 'AA', 'AAA', 'AAAA', 'AAA', 'AAA', 'AAA', 'AAA', 'AAA', 'AA', 'AAAA', 'AAA', 'AA', 'AAA', 'AA', 'AA', 'AAA', 'AAA', 'AAA', 'AA', 'AAAA', 'AAA', 'AA', 'AAAA', 'AAAAAA', 'AAA', 'AAA', 'AAA', 'AA', 'AAA', 'AAA', 'AA', 'AAA', 'AA', 'AA', 'AA', 'AAA', 'AA', 'AAA', 'AAA', 'AAA', 'AA', 'AAA', 'AAA', 'AAA', 'AAAA', 'AAA', 'AAA', 'AAAAAA', 'AA', 'AAAAA', 'AAAAA', 'AAAAA', 'AAA', 'AAA', 'AAAA', 'AAAAA', 'AA', 'AAAAA', 'AAA', 'AAAA', 'AAAA', 'AAAAA', 'AAA', 'AA', 'AA', 'AA', 'AA']	107
ENST00000361824:4	['A', 'A', 'A', 'A', 'A', 'A', 'A', 'A', 'A', 'A', 'A', 'A', 'A', 'A', 'A', 'A', 'AA', 'A', 'A', 'A', 'A', 'A', 'A', 'A', 'A', 'A', 'A', 'A', 'A', 'AA', 'A', 'A', 'A', 'A', 'A', 'A', 'A', 'AA', 'A', 'A', 'A', 'A', 'A', 'A', 'A', 'A', 'A', 'A', 'A', 'A', 'A', 'A', 'A', 'A', 'A', 'A', 'A', 'A', 'AA', 'A', 'A', 'A', 'A', 'A', 'A', 'A', 'A', 'A', 'A', 'A', 'A', 'A', 'A', 'A', 'A', 'A', 'A', 'A', 'A', 'A', 'A', 'A', 'A', 'A', 'A', 'A', 'A', 'A', 'A', 'A', 'A', 'A', 'A', 'A', 'A', 'AA', 'A', 'A', 'A', 'A', 'A', 'A', 'A', 'A', 'A', 'A', 'A', 'A', 'A', 'A', 'A', 'A', 'A', 'A', 'A', 'A', 'A', 'A', 'A', 'A', 'A', 'A', 'A', 'A', 'A', 'A', 'A', 'AA', 'A', 'A', 'A', 'A', 'A', 'A', 'A', 'A', 'A', 'A', 'A', 'A', 'A', 'AA', 'A', 'A', 'A', 'A', 'A', 'A', 'A', 'A', 'A', 'A', 'A', 'A', 'A', 'A', 'A', 'A', 'A', 'A', 'A', 'AA', 'A', 'A', 'A', 'A', 'A', 'A', 'A', 'A', 'A', 'AA', 'A', 'A', 'A', 'A', 'A', 'A', 'A', 'A', 'A', 'A', 'A', 'A', 'A', 'A', 'A', 'A', 'A', 'A', 'A', 'A', 'A', 'A', 'A', 'AA', 'A', 'A', 'A', 'A', 'A', 'A', 'A', 'A', 'A', 'A', 'A', 'A', 'A', 'A', 'A', 'A', 'A', 'A', 'A', 'A', 'A', 'A', 'A', 'A', 'A', 'A', 'A', 'A', 'A', 'A', 'A', 'A', 'A', 'A']	230
ENST00000361866:13	['G', 'G']	2
ENST00000361874:15	['CTGT']	1
ENST00000361927:3	['T', 'T']	2
ENST00000361937:12	['A', 'A', 'A', 'A', 'A', 'A', 'A', 'A', 'A', 'A', 'A', 'A', 'A', 'A', 'A', 'A', 'A', 'A', 'A', 'A', 'A', 'A', 'A', 'A', 'A', 'A', 'A', 'A', 'A', 'A', 'A', 'A', 'A', 'A', 'A', 'A', 'A', 'A', 'A', 'A', 'A', 'A', 'A', 'A']	44
ENST00000361951:1	['TTTA', 'TTTA']	2
ENST00000361972:8	['A', 'AA', 'A', 'A', 'A', 'A', 'A', 'A', 'A', 'A', 'A', 'A', 'A']	13
ENST00000361991:10	['CAA']	1
ENST00000361991:6	['T', 'T']	2
ENST00000362010:6	['A', 'A', 'A', 'A', 'A', 'A', 'A']	7
ENST00000362018:4	['A', 'A', 'A', 'A', 'A', 'A', 'A', 'A', 'A', 'A', 'A', 'A', 'A', 'A', 'A', 'A', 'A', 'A', 'A', 'A', 'A', 'A', 'A', 'A', 'A', 'A', 'A', 'A', 'A', 'A', 'A', 'A', 'A', 'A', 'A', 'A', 'A', 'A', 'A', 'A', 'A', 'A', 'A', 'A', 'A', 'A', 'A', 'A', 'A', 'A', 'A', 'A', 'A', 'A', 'A', 'A', 'A', 'A', 'A', 'A', 'A', 'A', 'A']	63
ENST00000362031:13	['A', 'A', 'A', 'A', 'A', 'A']	6
ENST00000362061:16	['GA', 'GA', 'GA', 'GA', 'GA', 'GA', 'GA', 'GA', 'GA', 'GA', 'GA', 'GA', 'GA', 'GA', 'GA', 'GA', 'GA', 'GA', 'GA', 'GA', 'GA', 'GA', 'GA', 'GA', 'GA', 'GA', 'GA', 'GA', 'GA', 'GA', 'GA', 'GA', 'GA', 'GA', 'GA', 'GA', 'GA', 'GA', 'GA', 'GA']	40
ENST00000366534:2	['T', 'T']	2
ENST00000366552:24	['AAAAA', 'AAA', 'AA', 'AAA', 'AAA', 'AA', 'AA', 'AA', 'AAAA', 'AAAAAA', 'AA', 'AAAA', 'AAA', 'AAA', 'AAA', 'AAA', 'AAAA', 'AAAAA', 'AAAAA', 'AAAA', 'AAA', 'AAAA', 'AAAAA', 'AAA', 'AAAA', 'AAA', 'AAAAAA', 'AAA', 'AAAA', 'AAA', 'AAAAA', 'AAAA', 'AAAA', 'AAAAA', 'AA', 'A', 'AAAA', 'AAA', 'AAA', 'AAA', 'AAAAAA', 'AAAA', 'AAA', 'AAAAAAA', 'AAAAA', 'AAAA', 'AAAA', 'AAAAA', 'AAA', 'AAAA', 'AAAAA', 'AAAAAA', 'AAAAAA', 'AAAAA', 'AAAA', 'AAAA', 'AAA', 'AAA', 'AA', 'AAAA', 'AAAAA', 'AAAA', 'AAAAA', 'AAAAA', 'AAAAA', 'AAA', 'AAAA', 'AAAAAAA', 'A', 'AA', 'AAAA', 'AAA', 'AAAA', 'AAAAAAA', 'AAA', 'AAA', 'AAA', 'AAAAAA', 'AAAA', 'AAAA', 'AAAA', 'AA', 'AAAA', 'AAA', 'AAA', 'AAAA', 'AAAA', 'AAAA', 'AAAA', 'AAAA', 'AAA', 'AAA', 'AAAA', 'AAA', 'AAA', 'AAA', 'AAA', 'AAA', 'AAAAA', 'AAA', 'AA', 'AAAA', 'AAAAA', 'AAA', 'AAA', 'AA', 'AAAA', 'AAA', 'AAAAA', 'AAAA', 'AAA', 'AAAA', 'AAAA', 'AAAA', 'AAA', 'AAAA', 'AAA', 'AAAA', 'AAA', 'AAA', 'AAAAA', 'AAA', 'AAA', 'AAA', 'AAAA', 'AAAAAA', 'AAA', 'AAA', 'AAAA', 'AA', 'AAAA', 'AAA', 'AAAAAA', 'AAA', 'AAA', 'AAA', 'AAA', 'AAA', 'AA', 'AAAA', 'AAA', 'AAAA', 'AAA', 'AAAA', 'AAAA', 'AAA', 'AAA', 'AA', 'AAA', 'AAA', 'AAA']	151
ENST00000366565:6	['A', 'A', 'A', 'A', 'A', 'A', 'A', 'A', 'A', 'A', 'A', 'A', 'A', 'A', 'A', 'A', 'A', 'A', 'A', 'A', 'A', 'A', 'A', 'A', 'A', 'A', 'A', 'A', 'A', 'A', 'A', 'A', 'A', 'A', 'A', 'A', 'A', 'A', 'A', 'A', 'A', 'A', 'A', 'A', 'A', 'A', 'A', 'A', 'A', 'A', 'A', 'A', 'A', 'A', 'A', 'A', 'A', 'A', 'A', 'A']	60
ENST00000366574:77	['T', 'T', 'T', 'T']	4
ENST00000366577:19	['T']	1
ENST00000366577:23	['AAAAT', 'AAAAT']	2
ENST00000366582:19	['AA', 'AAAAA', 'AA', 'AA', 'AA', 'AAA', 'AA', 'AAA', 'AAAA', 'AAA', 'AAAA', 'AAA', 'AAAA', 'AAA', 'AAAA', 'AAA', 'A', 'AAA', 'AAA', 'AA', 'AAAA', 'AA', 'AA', 'AA', 'AAA', 'AAA', 'AA', 'AA', 'AA', 'AAA', 'AA', 'AAA', 'AAAA', 'AA', 'AA', 'A', 'AA', 'A', 'AA', 'A', 'AA', 'AA', 'AA', 'AAA', 'AAA', 'A', 'AA', 'AA']	48
ENST00000366582:23	['G', 'G']	2
ENST00000366582:3	['A', 'A', 'A', 'A', 'A', 'A', 'A', 'A', 'A']	9
ENST00000366582:44	['AAA', 'AAAA', 'AAAAAA', 'AAAAAA', 'AAA', 'AAAAA', 'AAAAA', 'AAA', 'AA', 'AAAAA', 'AA', 'AAAAA', 'AAAAA', 'AAAAA', 'AAA', 'A', 'AAAA', 'AAA', 'AA', 'AAAAA', 'AAAA', 'AAAA', 'AAAA', 'AAA', 'A', 'AAAA', 'AAA', 'AAAAAA', 'AAA', 'AAA', 'AAA', 'A', 'AAAAA', 'AAAAA', 'AAAA', 'AA', 'AA', 'AA', 'AAAA', 'AA', 'AA', 'A', 'AAAAA', 'AAAA', 'AAA', 'AA', 'AAAAA', 'AA', 'AAAAA', 'AAA', 'AAA', 'AAA', 'AAAA', 'AA', 'AAA', 'AAAA', 'AAAA', 'A', 'AAAA', 'AAA', 'AAAA', 'AAAA', 'AAA', 'AAAA', 'AAAA', 'AAAAAA', 'AAAA', 'AAAA', 'AA', 'AAAAA', 'A', 'A', 'AAA', 'AAAAA', 'AAAAA', 'AAA', 'AA', 'AA', 'AAAAAA', 'AA', 'AAAA', 'AAAA', 'AA', 'AAAA', 'AAAA', 'AAAAA', 'AAAA', 'AAAAAA', 'AAAA', 'AAAA', 'AAAA', 'AAAAA', 'AAA', 'AAA', 'A', 'AAAA', 'AAAAA', 'AAAA', 'AAAA', 'AAA', 'AAAAA', 'AAAA', 'AA', 'AAAA', 'AAA', 'AAA', 'AAAAAA', 'AAAAA', 'AAAAA', 'AAAA', 'AAAAA', 'AA', 'AA', 'A', 'AAAAA', 'AAA', 'AAAAA', 'AAAA']	118
ENST00000366582:6	['T', 'T']	2
ENST00000366582:9	['AA', 'AA', 'AA', 'AA', 'AAA', 'AA', 'AAA', 'AA', 'AA', 'AA', 'AAA', 'AA', 'AA', 'AAA', 'AAA', 'AA', 'AAA', 'AA', 'AAA', 'AA', 'AA', 'AA', 'AA', 'AAA', 'AAA', 'AA', 'AA', 'AA', 'AAA', 'AA', 'AAA', 'AA', 'AAA', 'AA', 'AAA', 'AA', 'AAA', 'AAA', 'AAA', 'AAA', 'AAA', 'AA', 'AA', 'AA', 'AAA', 'AA', 'AAA', 'AAA', 'AAA', 'AA', 'AAA', 'AA', 'AAA', 'AA', 'A', 'AAA', 'AA', 'AAA', 'AA', 'AAA', 'AAA', 'AA', 'AA', 'A', 'AA', 'AA', 'AAA', 'AA', 'AA', 'AA', 'AA', 'AA', 'AA', 'AAA', 'AA', 'AA', 'A']	77
ENST00000366607:4	['AAA', 'A', 'A', 'A', 'A', 'A', 'A', 'A', 'A', 'A', 'A', 'A', 'A', 'A', 'A', 'A', 'A', 'A', 'A', 'A', 'A', 'A', 'A', 'A', 'A', 'A', 'A', 'A', 'A', 'A', 'A', 'A', 'A', 'A', 'A', 'A', 'A', 'A', 'A', 'A', 'A', 'A', 'A', 'A', 'A', 'A', 'A', 'A', 'A', 'A', 'A', 'A', 'A', 'A', 'A', 'A', 'A', 'A', 'A', 'A', 'A', 'A', 'A', 'A', 'A', 'A', 'A', 'A', 'A', 'A', 'A', 'A', 'A', 'A', 'A', 'A', 'A', 'A', 'AA', 'A', 'A', 'A', 'A', 'A', 'A', 'A', 'A', 'A', 'A', 'A', 'A', 'A', 'A', 'A', 'A', 'A', 'A', 'A', 'A', 'A', 'A', 'A', 'A', 'A', 'A', 'A', 'A', 'A', 'A', 'A', 'A', 'A', 'A', 'A', 'A', 'A', 'A', 'A', 'A', 'A', 'A', 'A', 'A', 'A', 'A', 'A', 'A', 'A', 'A', 'A', 'A', 'A', 'A', 'A', 'A', 'A', 'A', 'A', 'A', 'A', 'A', 'AA', 'A', 'A', 'A', 'A', 'A', 'A', 'A', 'A', 'A', 'A', 'A', 'A', 'A', 'A', 'A', 'A', 'A', 'A', 'A', 'A', 'A', 'A', 'A', 'A', 'A', 'A', 'A', 'A', 'A', 'A', 'A', 'A', 'A']	175
ENST00000366609:1	['AC']	1
ENST00000366624:6	['T', 'T']	2
ENST00000366628:1	['A', 'A', 'A', 'A', 'TTA', 'A', 'A', 'A', 'TTA', 'TTA', 'TTA', 'TA', 'A', 'A', 'TA', 'TTA', 'TA', 'TA', 'A']	19
ENST00000366647:4	['T', 'T']	2
ENST00000366661:19	['A', 'A', 'A', 'A', 'A', 'A', 'A']	7
ENST00000366661:2	['AAA', 'AAA', 'AAAAAAA', 'AA', 'AAAAA', 'AAA', 'AAA', 'AAAA', 'AAA', 'AAAA', 'AAAA', 'AAAA', 'AAA', 'AAA', 'AAAAAA', 'AA', 'AAAA', 'AAAAA', 'AA', 'AAAA', 'AAAA', 'AAAA', 'AAAAA', 'AAAAAA', 'AAA', 'AAA', 'AAAA', 'AAAAA', 'AAAAA', 'AAA', 'AAAAA', 'AAA', 'AAAAAA', 'AAA', 'AAA', 'AAAA', 'AAA', 'AA', 'AAA', 'AAA', 'AAAAA', 'AAAAAA', 'AAA', 'AAA', 'AAA', 'AAA', 'AAAAA', 'AAAA', 'AAAAA', 'AAA', 'AA', 'AA', 'AAA', 'AA', 'AAAAAA', 'AA', 'AAAA', 'AAA', 'AAA', 'AAAA', 'AAA', 'AAA', 'AAAA', 'AAAAAA', 'AAA', 'AA', 'AAA', 'AAAA', 'AAAAA', 'AAAA', 'AAAA', 'AA', 'AAAA', 'AAAA', 'AAAAA', 'AAAAA', 'AA', 'AAAAAA', 'AAAA', 'AAAA', 'AA', 'AA', 'AAA', 'AAAA', 'AAA', 'AAA', 'AAA', 'AAA', 'AAA', 'AAA', 'AAAA', 'AAA', 'AA', 'AAAA', 'AA', 'AAAA', 'AAA', 'AAAA', 'AAA', 'AAAAA', 'AAA', 'AAAA', 'AAA', 'AAAAAA', 'AAA', 'AAA', 'A', 'AAAA', 'AA', 'AAA', 'AAAAA', 'AAAAAA', 'AAA', 'A', 'AA', 'AAAAAA', 'AA', 'AAAAA', 'A', 'AAAA', 'AAAAA', 'AAA', 'AAAA', 'AAAAAA', 'AAA', 'AA', 'AAAA', 'AAAAAA', 'AAAAA', 'GAAAAA', 'AAAAAA', 'AAAAAA', 'AAAAA', 'AAA', 'AAAAA', 'AAAAAA', 'AAA', 'AAA', 'AA', 'AAA', 'AAA', 'AA', 'AAAAA', 'AA', 'AAAA', 'AAAA', 'AA', 'AAAAA', 'AAA', 'AAAAA', 'AA', 'AAAAAA', 'AAA', 'AAAAA', 'AAAA', 'AAA', 'AAAAA', 'AAAA', 'AAAA', 'AA', 'AAAA', 'AAA', 'AAA', 'AAAA', 'AAA', 'AAAA', 'AAAAA', 'AAA', 'AAA', 'AA', 'AA', 'AA', 'AAA', 'AAAAA', 'AA', 'AAAAAA', 'AAAAA', 'AAAAAA', 'AAAAA', 'AAA', 'AAAAAA', 'AA', 'AA', 'GAAAA', 'AAAAA', 'AAA', 'AAAAA', 'AAA', 'AAAAA', 'GAAAAA']	190
ENST00000366661:8	['AAAGTGTAGAGAAAAT', 'AAAGTGTAGAGAAAAT']	2
ENST00000366684:3	['GC', 'GC', 'GC']	3
ENST00000366756:2	['TGG']	1
ENST00000366777:10	['C']	1
ENST00000366787:21	['A', 'A', 'A', 'A']	4
ENST00000366835:19	['GGA', 'GGA']	2
ENST00000366844:4	['AA', 'AA', 'AAA', 'AAA', 'AAA', 'AAA', 'AAA', 'AAAA', 'AAAA', 'AAAA', 'AAA', 'AAA', 'AA', 'AAA', 'AAAA', 'AAA', 'AAA', 'AAA', 'AAAA', 'AA', 'A', 'AAAAAA', 'AAAAAA', 'AAA', 'AAA', 'AAA', 'AAA', 'AAAA', 'AAA', 'AA', 'AAAA', 'A', 'AAA', 'AA', 'AAA', 'AAAAA', 'A', 'AAA', 'AAAAA', 'AAAA', 'AA', 'AA', 'AAAA', 'AAAA', 'AAA', 'AAA', 'AAA', 'A', 'A', 'AAAA', 'AAA', 'AAA', 'AAAAA', 'AAA', 'AAAAA', 'AAA', 'AA', 'AAA', 'GAAA', 'AAAA', 'AA', 'AAA', 'AAAA', 'AAAA', 'AAA', 'A', 'A', 'A', 'AA', 'AAA', 'AA', 'AAA', 'AAAA', 'AAAA', 'AA', 'AAA', 'AA', 'AAA', 'AA', 'AA', 'AAA', 'AA', 'AA', 'AA', 'AA', 'AAA', 'A', 'AAA', 'AA', 'AAAA', 'AAA', 'AAAA', 'AAA', 'AA', 'AA', 'AAA', 'AAA', 'AAAA', 'A', 'AAA', 'AAA', 'A', 'AAA', 'AAA', 'AAAAA', 'AAA', 'AA', 'AAA', 'AA', 'AA', 'AA', 'AAA', 'AA', 'AAAAA', 'A', 'AAA', 'A', 'A', 'AAAA']	119
ENST00000366844:6	['GA', 'GA', 'GA', 'GA', 'GA', 'GA']	6
ENST00000366847:4	['T']	1
ENST00000366872:3	['G', 'G']	2
ENST00000366882:18	['A', 'A']	2
ENST00000366882:8	['A', 'A', 'A', 'A', 'A', 'A', 'A', 'A', 'A', 'A', 'A', 'A', 'A', 'A', 'A', 'A', 'A', 'A', 'A']	19
ENST00000366917:4	['AT']	1
ENST00000366922:1	['TTTA', 'TTTA', 'A', 'A', 'TTA', 'TTTA', 'A', 'A', 'TA', 'A', 'A', 'TTA', 'TTA', 'TA', 'A', 'TA', 'A', 'TA', 'A', 'TA', 'A', 'A', 'TA', 'A', 'TTTA', 'TA', 'TA', 'A', 'A', 'TTA', 'TA', 'TA', 'A']	33
ENST00000366923:9	['A', 'A']	2
ENST00000366935:1	['T', 'T', 'T', 'T', 'T', 'T', 'T', 'T']	8
ENST00000366953:2	['C']	1
ENST00000366957:1	['GGC', 'GGC', 'GGC', 'GGC', 'GGC', 'GGC', 'GGC', 'GGC', 'GGC', 'GGC', 'GGC', 'GGC', 'GGC', 'GGC', 'GGC', 'GGC', 'GGC', 'GGC', 'GGC', 'GGC', 'GGC', 'GGC', 'GGC', 'GGC', 'GGC', 'GGC', 'GGC', 'GGC', 'GGC', 'GGC', 'GGC', 'GGC', 'GGC', 'GGC', 'GGC', 'GGC', 'GGC', 'GGC']	38
ENST00000366957:9	['C', 'C', 'C', 'C']	4
ENST00000366960:11	['T']	1
ENST00000366994:1	['A', 'A', 'A', 'A', 'A', 'A', 'A', 'A', 'A', 'A', 'A', 'A', 'A', 'A', 'A', 'A', 'AA', 'A', 'A', 'A', 'A', 'A', 'A', 'A', 'A', 'A', 'A', 'A', 'A', 'A', 'A', 'A', 'AA', 'A', 'A', 'A', 'A', 'A', 'A', 'A', 'A', 'A', 'A', 'A', 'A', 'A', 'A', 'A', 'A', 'A', 'A', 'A', 'A', 'A', 'A', 'A', 'AA', 'A', 'A', 'AA', 'A', 'AA', 'A', 'A', 'A', 'A', 'A', 'A', 'AA', 'A', 'A', 'A', 'A', 'A', 'A', 'A', 'A', 'A', 'A', 'A', 'A', 'A', 'A', 'A', 'A', 'A', 'A', 'A', 'A', 'A', 'A', 'A', 'A', 'A', 'A', 'A', 'A', 'AA', 'A', 'A', 'A', 'A', 'A', 'A', 'A', 'A', 'AA', 'A', 'A', 'A', 'A', 'AA', 'A', 'A', 'A', 'AA', 'A', 'A', 'A', 'AA', 'A', 'A', 'A', 'A', 'A', 'A', 'A', 'A', 'A', 'A', 'A', 'A', 'A', 'A', 'A', 'A', 'A', 'A', 'A', 'A', 'A', 'A', 'A', 'A', 'A', 'A', 'A', 'A', 'A', 'A', 'A', 'A', 'A', 'AA', 'A', 'A', 'A', 'A', 'A', 'A', 'A', 'A', 'A', 'A', 'A', 'A', 'A', 'A', 'A', 'A', 'A', 'A', 'A', 'A', 'A', 'A']	176
ENST00000366994:13	['AAA', 'AAAA', 'AA', 'AAA', 'AA', 'AAAA', 'AAAAA', 'AAA', 'AAA', 'AAAA', 'AAA', 'AAAA', 'AAAA', 'AAA', 'AAA', 'AA', 'AAA', 'AAAA', 'AAAA', 'AAA', 'AAAA', 'AAA', 'AAA', 'AAAA', 'AAA', 'AAA', 'AAAA', 'AAAA', 'AAAA', 'AAAA', 'AAA', 'AAA', 'AAA', 'AAAAA', 'AAA', 'AAAA', 'AAA', 'AAAA', 'AAA', 'AAA', 'AAA', 'A', 'AA', 'AA', 'AAA', 'AAAA', 'AAAA', 'AAAAA', 'AAA', 'AA', 'AAAAA', 'AA', 'AAAA', 'AAAA', 'AAAA', 'AAAAA', 'AAA', 'AAAA', 'AAA', 'AA', 'AAAA', 'AAAA', 'AAAA', 'AAAA', 'AAAA', 'A', 'AA', 'AAAA', 'AA', 'AAAA', 'AAAA', 'AA', 'AAA', 'AAA', 'AAA', 'AAAA', 'AAA', 'AA', 'AAAAA', 'AA', 'AAAA', 'AAAA', 'AAAAA', 'AAAA', 'AAA', 'AAA', 'AAAA', 'AAA', 'AAA', 'AAA', 'AAAA', 'AAA', 'AAA', 'AAA', 'AAAAA', 'AAAA', 'AAA', 'AAAAA', 'AAA', 'AA', 'AA', 'AAA', 'AA', 'AAA', 'AA', 'AAAAA', 'AAAA', 'AAAAA', 'AA', 'AA', 'AAAA', 'AAA', 'AAAA', 'AAA', 'AA', 'AA', 'AA', 'AAAA', 'AAAA', 'AAA', 'AA', 'AAA', 'AAA', 'AAAAA', 'AAAAA', 'AAAA', 'AAA', 'AAAAAA', 'AAAA', 'AA', 'AAA', 'AAA', 'AA', 'AA', 'AAA', 'AAA', 'AAAA', 'AAAA', 'AAAA', 'AAA', 'AAAA', 'AAA', 'AAA', 'AAA', 'AAAA', 'AA', 'AAA', 'AAAAA', 'AAA', 'AAAA', 'AAA', 'AAAAA', 'AAA', 'AAA', 'AAA', 'AAAA', 'AAAAA', 'AAA', 'AAA', 'AAAA', 'AAA', 'AAA', 'AAAA', 'AAAA', 'AAAA', 'AAA', 'AAA', 'AAA', 'AA', 'AAAA', 'AAA', 'AA', 'AAAA', 'AAAAA', 'AAAA', 'AAAA', 'AAAA', 'AAAA', 'AAA', 'AAAA', 'AAA', 'AAAA', 'AAA', 'AAAA', 'AAAA', 'AAAA', 'AAAA', 'AAA', 'A', 'A', 'A', 'AAAA', 'AAAA', 'A']	194
ENST00000366994:14	['A', 'A', 'A', 'A', 'A', 'A', 'A', 'A', 'A', 'A', 'A', 'A', 'A', 'A', 'A', 'A', 'A', 'A', 'A', 'A', 'A', 'A', 'A', 'A', 'A', 'A', 'A', 'A', 'A', 'A', 'A', 'A', 'A', 'A', 'A', 'A', 'A', 'A', 'A', 'A', 'A', 'A', 'A', 'A', 'A', 'A', 'A', 'A', 'A', 'A', 'A', 'A', 'A', 'A', 'A', 'A', 'A', 'A', 'A', 'A', 'A', 'A', 'A', 'A', 'A', 'A', 'A', 'A', 'A', 'A', 'A', 'A', 'A', 'A']	74
ENST00000366994:17	['A', 'A']	2
ENST00000366994:8	['A', 'A']	2
ENST00000366999:5	['A', 'A']	2
ENST00000367012:1	['C', 'TTTTTTC', 'TTTTTC', 'TTTTTTC', 'C', 'C', 'C', 'C', 'C', 'C', 'C', 'C']	12
ENST00000367012:3	['T', 'T', 'T', 'T', 'T', 'T', 'T', 'T', 'T', 'T', 'T', 'T', 'T']	13
ENST00000367033:7	['AAAC', 'AAAC']	2
ENST00000367104:16	['TG']	1
ENST00000367157:3	['AAG', 'AAG', 'AAG', 'AAG']	4
ENST00000367178:19	['AAT']	1
ENST00000367182:4	['A', 'A']	2
ENST00000367187:15	['G', 'G']	2
ENST00000367233:1	['A', 'A', 'A', 'A', 'A', 'A', 'A', 'A', 'A', 'A', 'A']	11
ENST00000367255:113	['A', 'A', 'A', 'A', 'A', 'A', 'A', 'A', 'A', 'A', 'A', 'A', 'A', 'A', 'A', 'A', 'A', 'A', 'A', 'A', 'A', 'A', 'A', 'A', 'A', 'A', 'A', 'A', 'A', 'A', 'A', 'A', 'A', 'A', 'A', 'AA', 'A', 'A', 'A', 'A', 'A', 'AA', 'A', 'A', 'A', 'A', 'A', 'A', 'A', 'A', 'A', 'A', 'A', 'A', 'A', 'A', 'A', 'A', 'A', 'A', 'A', 'A', 'A', 'A', 'A', 'A', 'A', 'A', 'A', 'A', 'A', 'A', 'AA', 'A', 'A', 'A', 'A', 'A', 'A', 'A', 'A', 'A', 'A', 'A', 'A', 'A', 'A', 'A', 'A', 'AA', 'AA', 'AA', 'A', 'A', 'A', 'A', 'A', 'AA', 'A', 'A', 'A', 'A', 'A', 'A', 'A', 'A', 'A', 'A', 'A', 'A', 'A', 'A', 'A', 'A', 'A', 'A', 'A', 'A', 'A', 'A', 'A', 'AA', 'A', 'A', 'A', 'A', 'A', 'A', 'A', 'A', 'A', 'A', 'A', 'A', 'A', 'A', 'A', 'A', 'A', 'AA', 'A', 'A', 'A', 'A', 'A', 'A', 'A', 'A', 'A', 'A', 'A', 'A', 'A', 'AA', 'A', 'A', 'A', 'A', 'AA', 'A', 'A', 'A', 'A', 'A', 'A', 'A', 'A', 'A', 'AA', 'A', 'A', 'A', 'A', 'A', 'A', 'A', 'A', 'A', 'A', 'A', 'AA', 'AA', 'AA', 'A', 'A', 'A', 'AA', 'A', 'A', 'A', 'A', 'A', 'A', 'A', 'A', 'AA', 'A', 'A', 'AA', 'A', 'A', 'A', 'A', 'A', 'A', 'A']	206
ENST00000367255:117	['A', 'A', 'A', 'A', 'A', 'A', 'A', 'A', 'A', 'A', 'A', 'A', 'A', 'A', 'A', 'A', 'A', 'A', 'A', 'A', 'A', 'A', 'A', 'A', 'A', 'A', 'A', 'A', 'A', 'A', 'A', 'A', 'A', 'A', 'A', 'A', 'A', 'A', 'A', 'A', 'A', 'A', 'A', 'A', 'A', 'A', 'A', 'A', 'A', 'A', 'A', 'A', 'A', 'A', 'A', 'A', 'A', 'A', 'A', 'A', 'A', 'A', 'A', 'A', 'A', 'A', 'A', 'A', 'A', 'A', 'A', 'A', 'A', 'A', 'A', 'A', 'A', 'A', 'A', 'A', 'A', 'A', 'A', 'A', 'A', 'A', 'A', 'A', 'A', 'A', 'A', 'A', 'A', 'A', 'A', 'A', 'A', 'A', 'A', 'A', 'A', 'A', 'A', 'A', 'A', 'A', 'A', 'A', 'A', 'A', 'A']	111
ENST00000367255:120	['T', 'T', 'T', 'T', 'T', 'T', 'T', 'T', 'T', 'T', 'T', 'T', 'T', 'T', 'T', 'T']	16
ENST00000367255:123	['T', 'TT']	2
ENST00000367255:51	['A']	1
ENST00000367255:90	['A', 'AAAAA', 'AAAA', 'AAAAA', 'AAAA', 'AAAA', 'AAAA', 'AAAA', 'AAAA', 'AAA', 'AAAA', 'AA', 'AA', 'AA', 'AA', 'AAA', 'AAAA', 'AAAA', 'AAA', 'AAAA', 'AAA', 'AAAA', 'AAAAA', 'AAAA', 'AAA', 'AAAA', 'AAA', 'AAA', 'AAA', 'AAA', 'AAAA', 'AAAA', 'AAA', 'AAA', 'AAAA', 'AA', 'AA', 'AA', 'AA', 'AAA', 'AA', 'AA', 'AAAA', 'AAAA', 'AA', 'AAA', 'AAA', 'AAA', 'AAAA', 'AAAA', 'AAA', 'AAAA', 'AAA', 'AAAA', 'AAAA', 'AAAAA', 'AAA', 'AAA', 'AA', 'AAA', 'AAA', 'A', 'AAA', 'AAAA', 'AA', 'AAAA', 'AAA', 'AAAA', 'AA', 'AAAA', 'AA', 'AAAA', 'AAAA', 'AA', 'AAAA', 'AAA', 'AAA', 'AAAA', 'AA', 'AAA', 'AAAA', 'AAA', 'AAA', 'AA', 'AAA', 'AAA', 'AAAA', 'AAAA', 'AA', 'AAA', 'AAAA', 'AAAA', 'AAA', 'AAA', 'AA', 'AAA', 'AA', 'AA', 'AAA', 'AA', 'AAA', 'A', 'AAA', 'AA', 'AA', 'AAAA', 'AA', 'AAAA', 'A', 'A', 'AA', 'AAA', 'AA', 'AAA', 'AA', 'AAA', 'AAA', 'AAA', 'AA', 'AAA', 'GAAA', 'AA', 'A', 'AA', 'AAA', 'GAAA']	126
ENST00000367261:11	['G']	1
ENST00000367265:18	['A', 'A', 'AA', 'A', 'A', 'A', 'A', 'A', 'A', 'A', 'A', 'A', 'A', 'A', 'A', 'A', 'A', 'A', 'A', 'A', 'A', 'A', 'A', 'A', 'A', 'A', 'A', 'A', 'A', 'A', 'AA', 'A', 'A', 'A', 'A', 'AA', 'A', 'A', 'A', 'A', 'A', 'A', 'A', 'A', 'A', 'A', 'A', 'A', 'A', 'A', 'A', 'A', 'A', 'A', 'A', 'A', 'A', 'A', 'A', 'A', 'A', 'A', 'A', 'A', 'A', 'A', 'A', 'AA', 'A']	69
ENST00000367265:5	['A', 'A', 'A', 'A', 'A', 'A', 'A', 'A', 'A', 'A', 'A', 'A', 'A', 'A', 'A', 'A']	16
ENST00000367303:7	['A', 'A']	2
ENST00000367339:1	['AAA', 'AAAA', 'AAAA', 'AAAA', 'AAA', 'AAA', 'AAAA', 'AAA', 'AAAA', 'AAAA', 'AAAA', 'AAA', 'AAA', 'AA', 'AAAA', 'AAAA', 'AAAA', 'AAA', 'AAAA', 'AAAA', 'AAAA', 'AAAA', 'AAAA', 'AAAAA', 'AAAA', 'AA', 'AAAAA', 'A', 'AAAA', 'AAAA', 'AA', 'AAAA', 'AAAA', 'AAAA', 'AAAA']	35
ENST00000367350:1	['A', 'A', 'A', 'A', 'A', 'A', 'A', 'A', 'A', 'A', 'A']	11
ENST00000367350:10	['A', 'A']	2
ENST00000367387:1	['AGGAAGGGCT']	1
ENST00000367405:1	['A', 'A']	2
ENST00000367409:15	['A', 'A', 'A', 'A', 'A', 'A', 'A', 'A', 'A', 'A', 'A', 'A', 'A', 'A', 'A', 'A', 'A', 'A', 'A', 'A', 'A', 'A', 'A', 'A', 'A', 'A', 'A', 'A', 'A', 'AA', 'A', 'A', 'A', 'A', 'A', 'A', 'A', 'A', 'A', 'A', 'A', 'A', 'A', 'A', 'A', 'A', 'A', 'A', 'A', 'A', 'A', 'A', 'A', 'A', 'A', 'A', 'A', 'A', 'A', 'A', 'A', 'A', 'A', 'A', 'A', 'A', 'A', 'A', 'A', 'A', 'A', 'A', 'A', 'A', 'A', 'A', 'A', 'A', 'A', 'A', 'A', 'AA', 'A', 'A', 'A', 'A', 'A', 'A', 'A', 'A', 'AA', 'A', 'A', 'A', 'A', 'A', 'A', 'A', 'A', 'A', 'A', 'A', 'A', 'A', 'A', 'A', 'A', 'A', 'A', 'A', 'A', 'A', 'A', 'A', 'A', 'A', 'A', 'A', 'A', 'A', 'A', 'A', 'A', 'A']	124
ENST00000367409:24	['A', 'A', 'A', 'A', 'A', 'A', 'A', 'A', 'A', 'A', 'A', 'A', 'A', 'A', 'A', 'A', 'A', 'A', 'A', 'A', 'A', 'A', 'A', 'A', 'A', 'A', 'AA', 'A', 'A', 'A', 'A', 'A', 'A', 'A', 'A', 'A', 'A', 'A', 'A', 'A', 'A', 'A', 'A', 'A', 'AA', 'A', 'A', 'A', 'A', 'A', 'A', 'A', 'A', 'A', 'A', 'A', 'A', 'A', 'A', 'A', 'A', 'A', 'A', 'A', 'A', 'A', 'A', 'A', 'A', 'A', 'A', 'A', 'A', 'A', 'A', 'A', 'A', 'A', 'A', 'A', 'A', 'A', 'A', 'A', 'A', 'A', 'A', 'A', 'A', 'A', 'A', 'A', 'A', 'A', 'A', 'A', 'A', 'A', 'A', 'A', 'A', 'A', 'A', 'A', 'A', 'A', 'A', 'A', 'A', 'A', 'AA', 'A', 'A', 'A', 'A', 'A', 'A', 'A', 'A', 'A', 'A', 'A', 'A', 'A', 'A', 'A', 'A', 'A', 'A', 'A', 'A', 'A', 'A', 'A', 'A', 'A', 'A', 'A', 'A', 'A', 'A', 'A', 'A', 'A', 'A', 'A', 'A', 'A', 'A', 'A', 'A', 'A', 'AA', 'A', 'A', 'A', 'A', 'A', 'A', 'A', 'A', 'A', 'A', 'A', 'A', 'A', 'A', 'A', 'A', 'A', 'A', 'A', 'A', 'A', 'A', 'A', 'A']	177
ENST00000367409:27	['AAAA', 'AA', 'AAAAAA', 'AA', 'AAA', 'A', 'AA', 'AAA', 'AA', 'AA', 'AAA', 'AAAA', 'AA', 'AA', 'AA', 'AAA', 'AAA', 'AA', 'AA', 'AA', 'AA', 'AA', 'AAA', 'A', 'AA', 'AA', 'AA', 'AAA', 'AAA', 'A', 'A', 'AA', 'AA', 'A', 'AA', 'AAA', 'A', 'AA', 'A', 'AA', 'AAAA', 'AAA', 'AAA', 'AAA', 'AA', 'AA', 'AAA', 'AAA', 'AA', 'AA', 'AAAA', 'AA', 'A', 'AA', 'AAA', 'AA', 'AA', 'AAA', 'A', 'AA', 'AA', 'A', 'AA', 'A', 'AAAA', 'AAA', 'AAA', 'AA', 'AA', 'AAAA', 'AA', 'AAA', 'AA', 'AAA', 'AA', 'AA', 'AAA', 'AA', 'AAA', 'AA', 'AAA', 'AA', 'AAA', 'AAA', 'AA', 'AA', 'AAA', 'AAA', 'AAA', 'AAA', 'AAA', 'AAA', 'AA', 'AA', 'A', 'AAA']	96
ENST00000367412:2	['A', 'A', 'A', 'A', 'A', 'A', 'A', 'A', 'A', 'A', 'A', 'A', 'A', 'A']	14
ENST00000367429:5	['AAG']	1
ENST00000367459:4	['T', 'T']	2
ENST00000367466:14	['GTA']	1
ENST00000367467:9	['AAAAAAAAAAAAAAA', 'AAAAAAAAAAA', 'AAAAAAAAA', 'AAAAAAAAAAAAAA', 'AAAAAAAAAAAAAAAAA', 'AAAAAAAAAAAA', 'AAAAAAAAAAAA', 'AAAAAAAAAAAAAAA', 'AAAAAAAAAAAAAAA', 'AAAAAAAAAAAA', 'AAAAAAAAAAA', 'AAAAAAAAA', 'AAAAAAAAAAAA', 'AAAAAAAAAAAAAAAA', 'AAAAAAAAAAA', 'AAAAAAAAAAAAAAA', 'AAAAAAAAAA', 'AAAAAAAAAAAAAAA', 'AAAAAAAAAAAAA', 'AAAAAAAAAAA', 'AAAAAAAAAAAAA', 'AAAAAAAAAAAAA', 'AAAAAAAAAAAAAAA', 'AAAAAAAAAAAAAA', 'AAAAAAAAAAAAA', 'AAAAAAAAAAAA', 'AAAAAAAAAAA']	27
ENST00000367478:30	['A', 'A', 'A', 'A', 'A', 'A']	6
ENST00000367478:7	['A', 'A', 'A']	3
ENST00000367498:4	['AA', 'A', 'A', 'A', 'A', 'A', 'A', 'A', 'A', 'A', 'A', 'A', 'A', 'A', 'A', 'A', 'A', 'A', 'A', 'A', 'A', 'A', 'A', 'A', 'A', 'A', 'A', 'A', 'A', 'AA', 'A', 'A', 'A', 'A', 'A', 'A', 'A', 'A', 'A', 'A', 'A', 'A', 'A', 'A', 'A', 'A', 'A', 'A', 'A', 'A', 'A', 'A', 'A', 'A', 'A', 'A', 'A', 'A', 'A', 'A', 'A', 'A']	62
ENST00000367506:1	['A', 'A', 'A', 'A', 'A', 'A', 'A', 'A', 'A', 'A', 'A', 'A', 'A', 'A', 'A', 'A', 'A', 'A', 'A', 'A', 'A', 'A', 'A', 'A', 'A', 'A', 'A', 'A', 'A', 'A', 'A', 'A', 'A', 'A', 'A', 'A', 'A', 'A', 'A', 'A', 'A', 'A', 'A', 'A', 'A', 'A', 'A', 'A', 'A', 'A', 'A', 'A', 'A', 'A', 'A', 'A', 'A', 'A', 'A', 'A', 'A', 'A', 'A', 'A', 'A', 'A', 'A', 'A', 'A', 'A', 'A', 'A', 'A', 'A', 'A', 'A', 'A', 'A', 'A', 'A', 'A', 'A', 'A', 'A', 'A', 'A', 'A']	87
ENST00000367506:12	['A', 'A']	2
ENST00000367510:4	['AG']	1
ENST00000367545:57	['ACCTTTTTTTTCCA', 'ACCTTTTTTTTCCA']	2
ENST00000367558:2	['A', 'A', 'A', 'A', 'A', 'A', 'A', 'A']	8
ENST00000367595:4	['A', 'A', 'A', 'A', 'A', 'A', 'A']	7
ENST00000367658:1	['C', 'C']	2
ENST00000367669:10	['AA', 'AA', 'AA', 'AAA', 'AAAAAA', 'AA', 'AAA', 'AAA', 'AAA', 'AAA', 'AA', 'AA', 'AAA', 'AAAA', 'AA', 'AA', 'AA', 'AAA', 'AAA', 'AA', 'AA', 'AAAA', 'AAA', 'AAA', 'AAA', 'AA', 'AA', 'AAAA', 'AAAA', 'AAA', 'AA', 'AAAA', 'AAA', 'AA', 'AA', 'AAA', 'AA', 'AA', 'AAA', 'AAA', 'AAA', 'AA', 'AA', 'AAA', 'A', 'AA', 'AAA', 'AAA', 'AAA', 'A', 'AAA', 'AA', 'AAA', 'AAAA', 'AAAA', 'AAA', 'AAAA', 'AA', 'AAA', 'AA', 'AA', 'AAA', 'AAAAA', 'AAA', 'AAA', 'AAA', 'AA', 'AAAAA', 'AAAAA', 'AAAA', 'AA', 'AA', 'AA', 'AAAA', 'AAA', 'AAA', 'AA', 'AA', 'AA', 'AAAA', 'AA', 'AA', 'AAA', 'AA', 'AA', 'AAA', 'A', 'AAAA', 'AAA', 'AA', 'AAAA', 'AA', 'AAAAA', 'AA', 'AAAA', 'AAAA', 'AA', 'AAA', 'AAA', 'AAA', 'AA', 'AA', 'A', 'AAA', 'AAA', 'AAA', 'AA', 'A', 'AAAAA', 'AAAA', 'AAA', 'AA', 'AA', 'AA', 'AA', 'AAAA', 'AA', 'AA', 'AA', 'A', 'AA', 'AAA', 'AAA', 'AAAA', 'AA', 'A', 'AAA', 'AAA', 'AA', 'AAAAA', 'AAAAA', 'AA', 'AAA', 'AA', 'AA', 'AAAA', 'AAAAAA', 'AA', 'AA', 'AA', 'AAA', 'AA', 'AA', 'AAAA', 'AA', 'AAAA', 'AAA', 'AAAAA', 'AA', 'A', 'AA', 'AA', 'AA', 'AAAAA', 'AAAAAA']	155
ENST00000367669:19	['G', 'G', 'G', 'G']	4
ENST00000367682:3	['TG']	1
ENST00000367714:22	['A', 'A']	2
ENST00000367714:6	['A', 'A', 'A', 'A', 'A', 'A', 'A', 'A', 'A', 'A', 'A', 'A', 'A', 'A', 'A', 'A', 'A', 'A', 'A', 'A', 'A', 'A', 'A', 'A', 'A', 'A', 'A', 'A', 'A', 'A', 'A', 'A', 'A', 'A']	34
ENST00000367727:1	['A', 'A']	2
ENST00000367739:3	['AGG']	1
ENST00000367739:5	['A', 'A', 'A', 'A', 'A', 'A', 'A', 'A', 'A', 'A', 'A', 'A']	12
ENST00000367770:2	['A', 'A', 'A', 'A', 'A', 'A', 'A', 'A', 'AA', 'AA', 'A', 'A', 'A', 'A', 'A', 'A', 'A', 'A', 'A', 'A', 'A', 'A', 'A', 'A', 'A', 'A', 'A', 'A', 'A', 'A', 'A', 'A', 'A', 'A', 'A', 'A', 'A', 'A', 'A', 'A', 'A', 'A', 'A', 'A', 'A', 'A', 'A', 'A', 'A', 'A', 'A', 'A', 'A', 'A', 'A', 'A', 'A', 'A', 'A', 'AAA', 'A', 'A', 'A', 'A', 'A', 'A', 'A', 'A', 'A', 'A', 'A', 'A', 'A', 'A', 'A', 'A', 'A', 'A', 'A', 'A', 'A', 'A', 'A', 'A', 'A', 'A']	86
ENST00000367797:23	['CTAT', 'A', 'A']	3
ENST00000367833:4	['TTTC']	1
ENST00000367835:2	['GATAAGGCAGG']	1
ENST00000367837:3	['A', 'A', 'A', 'A', 'A', 'A', 'A', 'A']	8
ENST00000367851:29	['AG', 'AG', 'AG', 'AG', 'AG', 'AG']	6
ENST00000367851:3	['A', 'AA', 'AA', 'AA', 'AAA', 'AA', 'AAA', 'AA', 'AAA', 'A', 'A', 'AAA', 'AA', 'A', 'AA', 'AA', 'AAA', 'AAAA', 'AA', 'AA', 'A', 'AAA', 'AAA', 'AA', 'AA', 'AA', 'AAA', 'AA', 'A', 'AA', 'AAA', 'AA', 'AAA', 'AA', 'AA', 'AAA', 'AAA', 'A', 'AA', 'A', 'A', 'A', 'A', 'AAA', 'A', 'AA', 'AA', 'A', 'AAA', 'A', 'AA', 'A', 'AA', 'A', 'A', 'AAAA', 'A', 'A', 'A', 'AA', 'A', 'AA', 'AA', 'A', 'A', 'A', 'A', 'A', 'AA', 'A', 'A', 'A', 'A', 'A', 'A', 'A', 'A', 'AAA', 'AA', 'A', 'AAA', 'AAA', 'A', 'A', 'AAA', 'A', 'AA']	87
ENST00000367851:31	['A', 'A', 'A', 'A', 'A', 'A', 'A', 'A', 'A', 'A', 'A', 'A', 'A', 'A', 'A', 'A', 'A', 'A', 'A', 'A', 'A']	21
ENST00000367872:6	['TC']	1
ENST00000367874:4	['AGTAA']	1
ENST00000367993:5	['C', 'C']	2
ENST00000367996:4	['A', 'A']	2
ENST00000368006:3	['AGG', 'AGG']	2
ENST00000368057:7	['GTG']	1
ENST00000368068:1	['AA', 'AA', 'A', 'A', 'AA', 'AA', 'AAA', 'A', 'A', 'A', 'A', 'AAA', 'A', 'AA', 'A', 'AA', 'A', 'AAA', 'AA', 'A', 'A', 'AA', 'AA', 'AA', 'AA', 'A', 'AA', 'AAA', 'AAA', 'AA', 'AAA', 'AA', 'AAA', 'A', 'AA', 'A', 'A', 'A', 'A', 'A', 'A', 'AA', 'AA', 'A']	44
ENST00000368068:4	['A']	1
ENST00000368081:8	['A']	1
ENST00000368094:19	['AAAA', 'AAAAA', 'AAAA', 'AAAA', 'AAAAAA', 'AAAAA', 'AAAAA', 'AAAA', 'AAAAAA', 'AAAAA', 'AAAAAA', 'AAAAA', 'AAAAAA', 'AAAAA', 'AAAAA', 'AAAAAA', 'AAAAA', 'AAAAAA', 'AAA', 'AAAAA', 'AAAA', 'AAA', 'AAAAA', 'AAAA', 'AAAA', 'AAAAA', 'AAAA', 'AAAAA', 'AAAAA', 'AAAAAA', 'AAAA', 'AAAAA', 'AAAAAA', 'AAAAAA', 'AAAAAA', 'AAAAA', 'AAAA', 'AAAAA', 'AAAA', 'AAAAA', 'AAAAAA', 'AAAAAA', 'AAAAA', 'AAAAA', 'AAAA', 'AAAAA', 'AAAAA', 'AAAA', 'AAAA', 'AAAAA', 'AAAAAA', 'AAAA', 'AAA', 'AAAA', 'AAAA', 'AAAA', 'AAAAA', 'AAAA', 'AAAA', 'AAAAA', 'AAA', 'AAA', 'AAAAA', 'AAAAA', 'AAAA', 'AAAAA', 'AAAA', 'AAAA', 'AAAA', 'AAAAA', 'AAAA', 'AAA', 'AAAAA', 'AAAAA', 'AAAA', 'AAAAAA', 'AAAAA', 'AAAA', 'AAA', 'AAAAA', 'AAAAA', 'AAA', 'AAAAA', 'AAAAA', 'AAAA', 'AAAAA', 'AAAA', 'AAAAAA', 'AAAAAA', 'AAA', 'AAA', 'AAA', 'AAAAA', 'AAAAA', 'AAAAA', 'AAAAA', 'AAAAA', 'AAAAA', 'AAAA', 'AAA', 'AAAAA', 'AAAAA', 'AAAAA', 'AAAA', 'AAA', 'AAAAA']	106
ENST00000368147:48	['AA', 'A', 'A', 'A', 'AA', 'A', 'A', 'AAA', 'AA', 'AA', 'AA', 'A', 'AAA', 'AA', 'A', 'AA', 'A', 'AAA', 'A', 'A', 'A', 'AA', 'AA', 'AA', 'A', 'A', 'A', 'A', 'A', 'AA', 'AA', 'AAA', 'AA', 'AA', 'A', 'AA', 'AA', 'A', 'A', 'A', 'A', 'A', 'AA', 'A', 'A', 'A', 'A', 'A', 'AA', 'AAA', 'AA', 'AAA', 'AA', 'A', 'AAA', 'A', 'A', 'A', 'AA', 'A', 'AA', 'AA', 'A', 'A', 'AA', 'A', 'AA', 'A', 'A', 'A', 'A', 'A', 'A', 'A', 'A', 'AA', 'AA', 'A', 'AA', 'AA', 'AA', 'AA', 'AAA', 'AA', 'A', 'A', 'AA', 'A', 'A', 'AA', 'AA', 'AA', 'A', 'A', 'AA', 'AA', 'AA', 'AA', 'A', 'AA', 'AA', 'AA', 'AAA', 'A', 'A', 'AA', 'A', 'A', 'AAA', 'AA', 'AA', 'AA', 'A', 'AAA', 'A', 'A', 'AA', 'AA', 'AAA', 'A', 'AA', 'A', 'AAA', 'A', 'A', 'A', 'AA']	127
ENST00000368149:6	['A', 'A', 'A', 'A', 'A', 'A', 'A', 'A', 'A', 'A', 'A', 'A', 'A', 'A', 'A']	15
ENST00000368170:5	['CA']	1
ENST00000368184:10	['AAAC']	1
ENST00000368215:23	['ACCAA', 'ACCAA']	2
ENST00000368321:3	['A', 'A']	2
ENST00000368331:11	['A', 'A', 'A', 'A', 'A', 'A', 'A', 'A', 'A', 'A', 'A', 'A', 'A', 'A', 'A', 'A', 'A', 'A', 'A']	19
ENST00000368346:10	['A', 'A', 'A', 'A', 'A', 'A', 'A', 'A', 'A', 'A', 'A', 'A', 'A', 'A', 'A', 'A', 'A', 'A', 'A', 'A', 'A', 'A', 'A', 'A', 'A', 'A', 'A', 'A', 'A', 'A']	30
ENST00000368346:6	['A', 'A', 'A', 'A']	4
ENST00000368352:7	['T', 'T']	2
ENST00000368352:8	['CTT', 'CTT']	2
ENST00000368357:16	['T', 'T', 'T', 'T', 'T', 'T', 'T', 'T', 'T', 'T', 'T', 'T', 'T', 'T', 'T', 'T', 'T', 'T', 'T', 'T']	20
ENST00000368378:15	['GAGA', 'GAGA']	2
ENST00000368468:2	['A', 'A', 'A', 'A', 'A', 'A', 'A', 'A', 'A', 'A', 'A', 'A', 'A', 'A', 'A', 'A', 'A', 'A', 'A', 'A', 'A', 'A', 'AA', 'A', 'A', 'A', 'A', 'A', 'A', 'A', 'A', 'A', 'A', 'A', 'A', 'A', 'A', 'A', 'A', 'A', 'A', 'A', 'A', 'A', 'A', 'A', 'A', 'A', 'A', 'A', 'A', 'A', 'A', 'A', 'A', 'A', 'A', 'A', 'A', 'A', 'A', 'A', 'A', 'A', 'A', 'A', 'A', 'A', 'A', 'A', 'A', 'A', 'A', 'A']	74
ENST00000368468:4	['A', 'A', 'A', 'A', 'A', 'A', 'A', 'A', 'A', 'A', 'A', 'A', 'A', 'A', 'A', 'A', 'A', 'A', 'A', 'A', 'AA', 'A', 'A', 'A', 'A', 'A', 'A', 'A', 'A', 'A', 'A', 'A', 'A', 'A', 'A', 'A', 'A', 'A', 'A', 'A', 'A', 'A', 'A', 'A', 'A', 'A', 'A', 'A', 'A', 'A', 'A', 'A', 'A', 'A', 'A', 'A', 'A', 'A', 'A', 'A', 'A', 'A', 'A', 'A', 'A', 'A', 'A', 'A', 'A', 'A', 'AA', 'A', 'A', 'A', 'A', 'A', 'A', 'A', 'A', 'A', 'A', 'A', 'A', 'A', 'A', 'A', 'A', 'A', 'A', 'A', 'A', 'A', 'A', 'A', 'A', 'A', 'A', 'A', 'A', 'A', 'A', 'A', 'A', 'A', 'A', 'A', 'A', 'A', 'A', 'A', 'A', 'A', 'A', 'A', 'A', 'A', 'A', 'A', 'A', 'A', 'A', 'A', 'A', 'A', 'A', 'A', 'A', 'A', 'AA', 'A', 'A', 'A', 'A', 'A']	134
ENST00000368474:9	['A', 'A']	2
ENST00000368480:5	['T', 'T']	2
ENST00000368485:4	['C']	1
ENST00000368491:1	['A', 'A']	2
ENST00000368498:8	['GAAA']	1
ENST00000368508:42	['A', 'A', 'A', 'A', 'A']	5
ENST00000368557:3	['G', 'G', 'G', 'G']	4
ENST00000368559:35	['A', 'A', 'A', 'A', 'A', 'A', 'A', 'A', 'A', 'A', 'A', 'A', 'A', 'A', 'A', 'A', 'A', 'A', 'A', 'A', 'A', 'A', 'A', 'A', 'A', 'A', 'A', 'A', 'A', 'A', 'A', 'A', 'A', 'A', 'A', 'A', 'A', 'A', 'A', 'A', 'A', 'A', 'A', 'A', 'A', 'A', 'A', 'A', 'A', 'A', 'A']	51
ENST00000368559:38	['A', 'A']	2
ENST00000368594:4	['TCCC']	1
ENST00000368633:2	['A', 'A']	2
ENST00000368636:4	['CACT', 'CACT', 'CACT', 'CACT']	4
ENST00000368737:2	['A', 'A']	2
ENST00000368809:2	['A', 'A', 'A', 'A', 'A', 'A', 'A', 'A', 'A', 'A', 'A', 'A', 'A', 'A', 'A', 'A', 'A', 'A', 'A', 'A', 'A', 'A', 'AA', 'A', 'A', 'AA', 'A', 'A', 'AA', 'A', 'A', 'A', 'AA', 'A', 'A', 'A', 'A', 'A', 'A', 'A', 'A', 'A', 'A', 'A', 'A', 'A', 'A', 'A', 'A', 'A', 'A', 'A', 'A', 'A', 'A', 'A', 'A', 'A', 'A', 'A', 'A', 'A', 'A', 'A', 'A', 'A', 'AA', 'A', 'A', 'A', 'A', 'A', 'A', 'A', 'A', 'A', 'A', 'A', 'A', 'A', 'A', 'A', 'A', 'A', 'A', 'AA', 'A', 'A', 'A', 'A', 'A', 'A', 'A', 'A', 'A', 'AA', 'A', 'A', 'A', 'A', 'A', 'A', 'AA', 'A', 'A', 'A', 'A', 'A', 'A', 'A', 'A', 'A', 'A', 'A', 'A', 'A']	116
ENST00000368830:5	['AAAAA', 'AAAAAAAAA', 'AAAAAAA', 'AAAAAAAAA', 'AAAAAAAAAAA', 'AAAAAAA', 'AAAAAAA', 'AAAAAAAAAA', 'AAAAAAA', 'AAAAAAA', 'AAAAAAA', 'AAAAA', 'AAAAAAAAA', 'AAAAA', 'AAAAAAAAA', 'AAAAAAA', 'AAAAAAAA', 'AAAAAAAAAA', 'AAAAAAAA', 'AA', 'AAAAA', 'AAAAAAA', 'AAAAAAAAA', 'AAAAAA', 'AAAA', 'AA', 'AAAAAAA', 'AAAAAAA', 'AAAAAAA', 'AAAAAAAA', 'AAAA', 'AAAAAAAA', 'AAAAAAAAAAA', 'AAAAAAA', 'AAAAAA', 'AAAA', 'AAAAAAA', 'AAAAAA', 'AAAAAAA', 'AAAAAAA', 'AAAAAAAA', 'AAAAAAA', 'AAAAAA', 'AAAAAAAAAA', 'AAAAAA', 'AAAAAAAAAAA', 'AAAAAAAAAAA', 'AAAAA', 'AAAAA', 'AAAAAAAAA', 'AAAAAAA', 'AAAAAAAA', 'AAAAAA', 'AAAAA', 'AAAAAA', 'AAAAA', 'AAAAAAA', 'AAAAAAAA', 'AAAAAAAA', 'AAAAA', 'AAAAAAAA', 'AAAAAAA', 'AAAAAAA', 'AAAAAA', 'AAAAAA', 'AAAAAAAA', 'AAAAAAAA', 'AAAAAAAAAA', 'AAAAAAAA', 'AAAAAAAA', 'AAAAA', 'AAAAAAAA', 'AAAAAA', 'AAAAAA', 'AAAAAA', 'A']	76
ENST00000368885:8	['C', 'C']	2
ENST00000368904:4	['TG', 'A', 'A']	3
ENST00000368908:1	['A', 'A', 'A', 'A', 'A', 'A', 'A', 'A', 'A', 'A', 'A', 'A', 'A', 'A', 'A', 'A', 'A', 'A', 'A', 'A', 'A', 'A', 'A', 'AA', 'A', 'A', 'A', 'A', 'A', 'A', 'A', 'A', 'A', 'A', 'A', 'AA', 'A', 'A', 'AA', 'A', 'A', 'A', 'A', 'A', 'A', 'A', 'A', 'A', 'A', 'A', 'A', 'A', 'A', 'A', 'A', 'A', 'A', 'A', 'A', 'A', 'A', 'A', 'A', 'A', 'A', 'A', 'A', 'A', 'A', 'A', 'A', 'A', 'A', 'A', 'A', 'A', 'A', 'A', 'A', 'A', 'A', 'A', 'A', 'A', 'A', 'A', 'A', 'A', 'A', 'A', 'A', 'A', 'A', 'A', 'A', 'A', 'A', 'A', 'A', 'A', 'A', 'AA', 'A', 'A', 'A', 'A', 'A', 'A', 'A', 'A', 'A', 'A', 'A', 'A', 'A', 'AA', 'A', 'A', 'A', 'A', 'A', 'A', 'A', 'A', 'A', 'A', 'A', 'A', 'A', 'A', 'A', 'A', 'A', 'A', 'A', 'A', 'A', 'A', 'A', 'A', 'A', 'A', 'A', 'A', 'A', 'A', 'A', 'A', 'A', 'A', 'A', 'A', 'A', 'A', 'A', 'A', 'A', 'A', 'A', 'A', 'A', 'A', 'A', 'A', 'A', 'A', 'A', 'A', 'A', 'A', 'A', 'A', 'A', 'A', 'A', 'A', 'A', 'A', 'A', 'A', 'A', 'AA', 'A', 'A', 'A', 'A']	186
ENST00000368931:1	['AAGTA']	1
ENST00000369002:12	['AA', 'AA', 'A', 'AA', 'AA', 'AA', 'AA', 'AA', 'A', 'AAA', 'A', 'AA', 'A', 'A', 'AA', 'AA', 'A', 'AA', 'AA', 'AA', 'AA', 'AAA', 'AA', 'AA', 'A', 'A', 'AA', 'AAA', 'AAA', 'AA', 'AAA', 'AA', 'AA', 'AA', 'AAA', 'A', 'AAA', 'AA', 'AA', 'AA', 'AAA', 'AAA', 'AA', 'A', 'AA', 'AAA', 'AA', 'AA', 'AA', 'A', 'AA', 'A', 'A', 'A', 'A', 'A', 'AA', 'AA', 'AA', 'AA', 'AA', 'A', 'A', 'AA', 'AAA', 'AA', 'AA', 'A', 'AA', 'AA', 'AAA', 'AA', 'A', 'A', 'A', 'A', 'A', 'A', 'AA', 'AA', 'A', 'A', 'A', 'A', 'AA', 'A', 'A', 'AA', 'A', 'A', 'A', 'A', 'A', 'A', 'A', 'A', 'A', 'A', 'A', 'AAA', 'AA', 'A']	102
ENST00000369002:14	['G', 'G']	2
ENST00000369002:18	['C', 'AAC', 'AC', 'AC', 'C', 'AC', 'C', 'C', 'AC', 'C', 'C', 'C', 'C', 'AAC', 'C']	15
ENST00000369002:3	['AAAAACAA', 'AAAAACAA', 'AAAAAC', 'AAAAAC', 'AAAAAC', 'AAAAACAAA', 'AAAAAC', 'AAAAACAAA', 'AAAAACAAA', 'AAAAACAAAA', 'AAAAACAA', 'AAAAACAA', 'AAAAC', 'AAAAAC', 'AAAAACAA', 'AAAAAC', 'AAAAAC', 'AAAAACAAA', 'AAAAACAAA', 'AAAAACAAAAA', 'AAAAACAAA', 'AAAAACAA', 'AAAAACAA', 'AAAAACAAA', 'AAAAACA', 'AAAAACAA', 'AAAAACAA', 'AAAAACAAAA', 'AAAAAC', 'AAAAACAAA', 'AAAAACAAA', 'AAAAACAAA', 'AAAAACAA', 'AAAAACAAA', 'AAAAACAAA', 'AAAAACAA', 'AAAAACA', 'AAAAAC', 'AAAAACAA', 'AAAAAC', 'AAAAACA', 'AAAAACAAAA', 'AAAAACA', 'AAAAC', 'AAAAACAA', 'AAAAACA', 'AAAAACAAAA', 'AAAAACAAA', 'AAAAACA', 'AAAAACAAA', 'AAAAACAA', 'AAAAACAA', 'AAAAACAA', 'AAAAACAAA', 'AAAAACAA', 'AAAAAC', 'AAAAACA', 'AAAAACAAA', 'AAAAACAAAAA', 'AAAAACAA', 'AAAAAC', 'AAAAACA', 'AAAAACAA', 'GAAAAACA', 'AAAAAC', 'AAAAACA', 'AAAAACAAA', 'AAAAACAAA', 'AAAAACAA', 'AAAAACAAAA', 'AAAAACAA', 'AAAAAC', 'AAAAACAAA', 'AAAAACAA', 'AAAAACA', 'AAAAACA', 'AAAAACA', 'AAAAACAA', 'AAAAACAAAAA', 'AAAAACAA', 'AAAAACAA', 'AAAAACAAA', 'AAAAAC', 'AAAAACA', 'AAAAACA', 'AAAAACA', 'AAAAAC', 'AAAAACAAAA', 'AAAAACAA', 'AAAAACAAA', 'AAAAACAA', 'AAAAC', 'AAAAACAAAA', 'AAAAACAA', 'AAAAACAA', 'AAAAAC', 'AAAAACAAAA', 'AAAAACAAA', 'AAAAACAAA', 'AAAAACAAA', 'AAAAACAA', 'AAAAACAA', 'AAAAACA', 'AAAAAC', 'AAAAACAAA', 'AAAAACAAAA', 'AAAAACA', 'AAAAACAAA', 'AAAAAC', 'AAAAACAA', 'AAAAACA', 'AAAAACAAA', 'AAAAACAA', 'AAAAAC', 'AAA', 'AAAAA', 'AAAAAC', 'AAA', 'AAAAAC', 'AAAAACAA', 'AAAAACA', 'AAAAACAA', 'AAAAACAA', 'AAAAACAA', 'AAAAAC', 'AAAAAC', 'AAAAACAA', 'AAAAACAA', 'AAAAAC', 'AAAAACAAA', 'AAAAAC', 'AAAAACAA', 'AAAAACAAA', 'AAAAACAAA', 'AAAAACA', 'AAAAAC', 'AAAAACAA', 'AAAAAC', 'AAAAAC', 'AAAAACAAA', 'AAAAAC', 'AAAAACAA', 'AAAAACAAA', 'AAAAACAA', 'AAAAAC', 'AAAAACA', 'AAAAAC', 'AAAAAC', 'AAAAACAA', 'AAAAACA', 'AAAAACAAA', 'AAAAACA', 'AAAAACAAA', 'AAAAACAA', 'AAAAACAAA', 'AAAAACA', 'AAAAAC', 'AAAAACA', 'AAAAACAAA', 'AAAAACAAAA', 'AAAAACAA', 'AAAAAC', 'AAAAACAA', 'AAAAAC', 'AAAAACAAA', 'AAAAACA', 'AAAAACAA', 'AAAAAC', 'AAAAACAAA', 'AAAAACA', 'AAAAACAAA', 'AAAAACA', 'AAAAAC', 'AAAAAC', 'AAAAACAA', 'AAAAACAAAA', 'AAAAAC', 'AAAAAC', 'AAAAACAAA', 'AAAAAC', 'AAAAACA', 'AAAAACA', 'AAAAACA', 'AAAAACA', 'AAAAACAA', 'AAAAACA', 'AAAAACAAA', 'AAAAAC', 'AAAAACAA', 'AAAAAC', 'AAAAC', 'GAAAAACAA', 'AAAAAC', 'AAAAAC', 'AAAAAC', 'AAAAA', 'AAAAACA', 'AAA', 'AAAAAC', 'AAAAAC', 'AAAA', 'AAAAAC', 'AAAAACA', 'AAAAACAA', 'AAAAACAA', 'AAAAC', 'AAAAACAA', 'AAAAAC', 'AAAAACAA', 'AAAAAC', 'AAAAACAA', 'AAAAAC', 'AAAAACAA', 'AAA', 'AAAAACA', 'AAA', 'AAAAAC', 'AAAAAC', 'AAAA', 'AAAAA', 'AAAAA', 'AAAAA', 'AAAAAC', 'AAAAACAA', 'AAAAAC', 'AAAAAC', 'AAAAA', 'AAAAACA', 'AAAAA', 'AAAAAC', 'AAAAACAA', 'AAAAA', 'AAAAACAA', 'AAAAACA', 'AAA', 'AAAAACA', 'AAAAACAA', 'AAAA', 'AAAAAC', 'AAAAAC', 'AAAAAC', 'AAA']	242
ENST00000369023:5	['A', 'A']	2
ENST00000369046:3	['AG']	1
ENST00000369066:6	['T', 'T', 'T', 'T', 'T', 'T', 'T', 'T', 'T', 'T', 'T', 'T', 'T', 'T', 'T', 'T', 'T', 'T', 'T', 'T', 'T', 'T', 'T', 'T', 'T', 'T', 'T', 'T', 'T', 'T', 'TT', 'T', 'T', 'T', 'T', 'T', 'T', 'T', 'T', 'T', 'T', 'T', 'T']	43
ENST00000369109:2	['G', 'G']	2
ENST00000369130:13	['CT', 'CT']	2
ENST00000369162:13	['A', 'A', 'A', 'G', 'A', 'G', 'A', 'A']	8
ENST00000369162:25	['A']	1
ENST00000369162:36	['AA', 'AA', 'A', 'AAA', 'AAA', 'AAAA', 'AAAA', 'AAAA', 'AAA', 'AAA', 'AA', 'AA', 'AA', 'AAAA', 'AA', 'AAA', 'AA', 'AAA', 'AA', 'AAA', 'AAAA', 'AAA', 'AAA', 'AA', 'AAAA', 'AA', 'AAA', 'AA', 'AAA', 'AAA', 'AA', 'AAA', 'AA', 'AAA', 'AA', 'AAAA', 'AA', 'AA', 'AA', 'A', 'AA', 'AAA', 'AA', 'A', 'AAA', 'AAA', 'AA', 'AAA', 'AA', 'AAAA', 'AAA', 'AA', 'AA', 'AAA', 'AAA', 'AAA', 'AAA', 'AAA', 'AA', 'AAA', 'A', 'AAA', 'AA', 'AAA', 'AAA', 'AA', 'AA', 'AA', 'AAAA', 'AAA', 'AAA', 'AA', 'AA', 'AA', 'A', 'AAAA', 'AAA', 'AA', 'AAA', 'AAA', 'AA', 'AAA', 'AA', 'A', 'AAA', 'AAA', 'AAA', 'AAA', 'AAA', 'AA', 'AAA', 'AAA', 'AA', 'AAA', 'AA', 'A', 'AAAA', 'AAA', 'AAA', 'AAA', 'AAA', 'AA', 'AA', 'AA', 'AA', 'AA', 'AA', 'AAA', 'AAAA', 'AAA', 'A', 'AAA', 'AAAA', 'AAA', 'AA', 'AAA', 'A', 'A', 'AAA', 'AAAA', 'AAA', 'A', 'AA', 'AAAA', 'A', 'AA', 'AAA', 'AA', 'AAA', 'AA', 'AAA', 'AA', 'AA', 'AA', 'AA', 'AA', 'AAAA', 'AA', 'AA', 'AA', 'AA', 'A', 'AA', 'AA', 'AA', 'AAA', 'AA', 'AA', 'AAA', 'AAA', 'AA', 'A', 'AAA', 'AAA', 'A', 'AA', 'AA', 'AA', 'AAA', 'AA', 'A', 'AA', 'AA', 'AA', 'AAA', 'AA', 'AAA', 'AAA', 'AA', 'AA', 'AA', 'AAA', 'AA', 'AAA', 'AA', 'AAA', 'AA', 'AA', 'A', 'AAA', 'AAA', 'AAA', 'AAA', 'AA', 'AA', 'AAA', 'AA', 'AAA', 'AA', 'AA', 'AAA', 'AAA', 'AAA', 'AAA', 'AAA', 'AAA', 'AA', 'AAA', 'AAA', 'AAA', 'AAAA', 'AAA', 'AA', 'AA', 'AA', 'A', 'AAA']	207
ENST00000369162:8	['AA', 'AA', 'AA', 'AA', 'AA', 'AA', 'AA', 'AA', 'AA', 'AA', 'AA', 'AAA', 'AA', 'AAA', 'AAA', 'AA', 'AAA', 'AAA', 'AAA', 'AAA', 'AA', 'AAA', 'AA', 'AAA', 'AA', 'AA', 'AA', 'AA', 'AAA', 'AA', 'AA', 'AA', 'AA', 'AA', 'AA', 'AA', 'AA', 'AAA', 'AA', 'AAA', 'AA', 'AAA', 'AA', 'AA', 'AAA', 'AA', 'AA', 'AA', 'AAA', 'AAA', 'AA', 'AA', 'AA', 'AA', 'AA', 'AA', 'AA', 'AA', 'AA', 'AA', 'AAA', 'AA', 'AA', 'AA', 'AA', 'AAA']	66
ENST00000369168:3	['T', 'T']	2
ENST00000369172:5	['A', 'A', 'A', 'A', 'A', 'A', 'A', 'A', 'A', 'A', 'A', 'A', 'A', 'A', 'A']	15
ENST00000369239:8	['A', 'A']	2
ENST00000369248:6	['C', 'C']	2
ENST00000369278:5	['T', 'T', 'T', 'T', 'T', 'T', 'T', 'T', 'T', 'T', 'T', 'T', 'T', 'T', 'T', 'T', 'T', 'T', 'T', 'T', 'T', 'T', 'T', 'T', 'T', 'T', 'T', 'T', 'T']	29
ENST00000369287:4	['A', 'A', 'A', 'A', 'A', 'A', 'A', 'A', 'A', 'A', 'A', 'A', 'A', 'A', 'A', 'A', 'A', 'A', 'A', 'A', 'A', 'A', 'A', 'A', 'A', 'A', 'A', 'A', 'A', 'A', 'A', 'A', 'A', 'A', 'A', 'A', 'A', 'A', 'A', 'A', 'A', 'A', 'A', 'A', 'A', 'A', 'A', 'A', 'A', 'A', 'A', 'A', 'A', 'A', 'A', 'A', 'A', 'A', 'A', 'A', 'A', 'A', 'A', 'A', 'A', 'A', 'A', 'A', 'A', 'A', 'A', 'A', 'A', 'A', 'A', 'A', 'A', 'A', 'A', 'A', 'A', 'A', 'A', 'A', 'A', 'A', 'A', 'A', 'A', 'A', 'A', 'A', 'A', 'A', 'A', 'A', 'A', 'A', 'A', 'A', 'A', 'A', 'A', 'A', 'A', 'A', 'A', 'A', 'A', 'A', 'A', 'A', 'A', 'A', 'A', 'A', 'A', 'A', 'A', 'A', 'A', 'A', 'A', 'A', 'A', 'A', 'A', 'A', 'A', 'A', 'A', 'A', 'A', 'A', 'A', 'A', 'A', 'A', 'A', 'A', 'A', 'A', 'A', 'A', 'A', 'A', 'A', 'A', 'A', 'A', 'A', 'A']	152
ENST00000369304:16	['A']	1
ENST00000369329:5	['A', 'A', 'A', 'A', 'A', 'A', 'A', 'A', 'A', 'A', 'A', 'A', 'A', 'A', 'A', 'A', 'A']	17
ENST00000369329:6	['A', 'A', 'AA', 'A', 'A', 'A', 'AA', 'A', 'A', 'AA', 'A', 'A', 'A', 'A', 'A', 'A', 'A', 'AA', 'A', 'A', 'A', 'A', 'A', 'A', 'A', 'A', 'A', 'AA', 'AA', 'AA', 'AA', 'A', 'AA', 'A', 'A', 'A', 'AA', 'A', 'AA', 'A', 'AA', 'A', 'A', 'A', 'A', 'AA', 'A', 'A', 'A', 'A', 'A', 'A', 'A', 'A', 'A', 'A', 'A', 'A', 'A', 'A', 'A', 'A', 'AA', 'A', 'A', 'AA', 'A', 'A', 'A', 'A', 'A', 'A', 'A', 'A', 'A', 'A', 'A', 'A', 'A', 'A', 'A', 'A', 'A', 'A', 'A', 'A', 'A', 'A', 'A', 'A', 'A', 'A', 'A', 'A', 'A', 'A', 'A', 'A', 'A', 'A', 'A', 'A', 'AA', 'A', 'A', 'A', 'A', 'A', 'A', 'A', 'A', 'A', 'A', 'AA', 'A', 'A', 'A', 'A', 'A', 'AA', 'A', 'AA', 'A', 'A', 'A', 'A', 'A', 'A', 'AA', 'A', 'A', 'A', 'A', 'A', 'A', 'A', 'A', 'A', 'A', 'A', 'A', 'A', 'A', 'A', 'A', 'A', 'A', 'A', 'A', 'A', 'A', 'A', 'A', 'A', 'AA', 'A', 'A', 'A', 'A', 'A', 'A', 'A', 'A', 'A', 'A', 'A', 'A', 'A', 'A', 'AA', 'A', 'A']	172
ENST00000369393:10	['A', 'A', 'A', 'A', 'A', 'A', 'A', 'A', 'A', 'A', 'A', 'A', 'A', 'A', 'A', 'A', 'A', 'A', 'A', 'A', 'A', 'A', 'A', 'A', 'A', 'A', 'A', 'A', 'A', 'A', 'A', 'A', 'A', 'A', 'A', 'A', 'A', 'A', 'A', 'A', 'A', 'A', 'A', 'A']	44
ENST00000369393:27	['GGA', 'GGA', 'GGA', 'GGA', 'GGA', 'GGA', 'GGA', 'GGA', 'GGA', 'GGA', 'GGA', 'GGA', 'GGA', 'GGA', 'GGA', 'GGA', 'GGA', 'GGA']	18
ENST00000369393:46	['A', 'A', 'A', 'A', 'A', 'A', 'A', 'A', 'A', 'A', 'A', 'A', 'A', 'A', 'A', 'A', 'A', 'A', 'A', 'A', 'A', 'A', 'A', 'A', 'A', 'A', 'A', 'A', 'A', 'A', 'A', 'A', 'A', 'A', 'A', 'A', 'A', 'A', 'A', 'A', 'A', 'A', 'A', 'A', 'A', 'A', 'A', 'A', 'A', 'A', 'A', 'A', 'A', 'A', 'A', 'A', 'A', 'A', 'A', 'A', 'A', 'A', 'A', 'A', 'A', 'A', 'A', 'A', 'A', 'A', 'A', 'A', 'A', 'A', 'A', 'A', 'A', 'A', 'A', 'AA', 'A', 'A', 'A', 'A', 'A', 'A', 'A', 'A', 'A', 'A', 'A', 'A', 'A', 'A', 'A', 'A', 'A', 'A', 'A']	99
ENST00000369409:1	['GA', 'GA']	2
ENST00000369485:2	['AAA', 'AA', 'A', 'AA', 'AA', 'AA', 'AA', 'AA', 'AA', 'AA', 'AA', 'AA', 'AA', 'AAA', 'AAA', 'AA', 'AA', 'AA', 'A', 'AA', 'AA', 'AA', 'A', 'A', 'AAA', 'A', 'AAA', 'AA', 'AA', 'A', 'AA', 'AA', 'AAA', 'AAA', 'AA', 'AA', 'A', 'AA', 'AA', 'AA', 'AA', 'AA', 'A', 'AAA', 'A', 'AAA', 'AA', 'A', 'AA', 'AA', 'AA', 'AA', 'AA', 'AA', 'A', 'A', 'AA', 'AA', 'AAA', 'AA', 'AA', 'A', 'AAA', 'AA', 'A', 'A', 'AAA', 'A', 'AA', 'AA', 'A', 'AA', 'A', 'AA', 'AA', 'AA', 'AA', 'AA', 'AA', 'AAAA', 'AA', 'AAA', 'AA', 'AAA', 'A', 'AAAAA', 'A', 'AA', 'AA', 'AA', 'A', 'AA', 'A', 'AA', 'A', 'AA', 'AA', 'AA', 'AA', 'AA', 'AA', 'AAA', 'AA', 'AAAAA', 'A', 'AA', 'AA', 'AA', 'AA', 'A', 'AA', 'AAA', 'A', 'AA', 'A', 'A', 'AA', 'AAA', 'AA', 'AAAA', 'AAA', 'AAA', 'A', 'AAA', 'AAAA', 'A', 'AA', 'AA', 'AAA', 'AA', 'AAA', 'A', 'AAA', 'A', 'AAAA', 'AAA']	136
ENST00000369485:6	['A', 'A', 'A', 'A', 'A', 'A', 'A', 'AA', 'A', 'A', 'A', 'A', 'A', 'A', 'A', 'A', 'A', 'A', 'A', 'A', 'A', 'A', 'A', 'A', 'A', 'A', 'A', 'A', 'A', 'A', 'A', 'A', 'A', 'A', 'A', 'A', 'A', 'A', 'A', 'A', 'A', 'A', 'A', 'A', 'A', 'A', 'A', 'A', 'A', 'A', 'A', 'A', 'A', 'A', 'A', 'A', 'A', 'A', 'A', 'A', 'A', 'A', 'A', 'A']	64
ENST00000369489:2	['A', 'A', 'A', 'A', 'A', 'A', 'A', 'A', 'A', 'A', 'A', 'A', 'A', 'A', 'A', 'A', 'A', 'A', 'A', 'A', 'A', 'A', 'A', 'A', 'A', 'A', 'A', 'A', 'A', 'A', 'A', 'A', 'A', 'A', 'A', 'A', 'A', 'A', 'A', 'A']	40
ENST00000369489:3	['AAAAG', 'AAAAG']	2
ENST00000369489:5	['A', 'A', 'A', 'A', 'A', 'A', 'A', 'A', 'A', 'A', 'A', 'A', 'A', 'A', 'A', 'A', 'A', 'A', 'A', 'A', 'A', 'A', 'A', 'A', 'A', 'A', 'A', 'A', 'A', 'A', 'A', 'A', 'A', 'A', 'A', 'A', 'A', 'A', 'A', 'A', 'A', 'A', 'A', 'A', 'A', 'A', 'A', 'A', 'A', 'A', 'A', 'A', 'A', 'A', 'A', 'A', 'A', 'A', 'A', 'A', 'A', 'A', 'A', 'A', 'A', 'A', 'A', 'A', 'A', 'A', 'A', 'A', 'A', 'A', 'A', 'A', 'A', 'A', 'A', 'A', 'A', 'A', 'A', 'A', 'A', 'A', 'A', 'A', 'A', 'A', 'A', 'A', 'A', 'A', 'A', 'A', 'A', 'A', 'A', 'A', 'A', 'A', 'A', 'A', 'A', 'A', 'A', 'A', 'A', 'A', 'A', 'A', 'A', 'A', 'A', 'A', 'A', 'A', 'A', 'A', 'A', 'A', 'A', 'A', 'A', 'A', 'A', 'A', 'A', 'A', 'A', 'A', 'A', 'A', 'A', 'A', 'A', 'A', 'A', 'A', 'A', 'A', 'A', 'A', 'A', 'A', 'A', 'A', 'A', 'A', 'A', 'A', 'A', 'A', 'A', 'A', 'A', 'A', 'A', 'A', 'A', 'A', 'A', 'A', 'A', 'A', 'A', 'A', 'A', 'A', 'A', 'A', 'A', 'A', 'A', 'A', 'A', 'A', 'A', 'A', 'A', 'A', 'A', 'A', 'A', 'A', 'A', 'A', 'A', 'A', 'A', 'A', 'A', 'A', 'A', 'A', 'A', 'A', 'A', 'A', 'A', 'A', 'A', 'A', 'A', 'A', 'A', 'A', 'A', 'A', 'A', 'A', 'A', 'A', 'A', 'A', 'A', 'A', 'A', 'A', 'AA', 'A', 'A', 'A', 'A', 'A', 'A', 'A', 'A', 'A', 'A', 'A', 'A', 'A', 'A', 'A', 'A', 'A', 'A', 'A', 'A', 'A', 'A', 'A', 'A', 'A', 'A', 'A', 'A', 'A', 'A', 'A', 'A', 'A', 'A', 'A', 'A', 'A', 'A', 'A', 'A', 'A', 'A', 'A', 'A', 'A', 'A', 'A', 'A', 'A', 'A', 'A', 'A', 'A', 'A', 'A', 'A', 'A', 'A', 'A', 'A', 'A', 'A', 'A', 'A', 'A', 'A', 'A', 'A', 'A', 'A', 'A', 'A', 'A', 'A', 'A', 'A', 'A', 'A', 'A', 'A', 'A', 'A', 'A', 'A', 'A', 'AA', 'A', 'A', 'A', 'A', 'A', 'A', 'A', 'A', 'A', 'A', 'A', 'A']	319
ENST00000369518:25	['T', 'T', 'T', 'T']	4
ENST00000369534:10	['A', 'A', 'A', 'A', 'A', 'AA', 'A', 'A', 'A', 'A', 'A', 'A', 'A', 'A', 'A', 'A', 'A', 'A', 'A', 'A', 'A', 'A', 'A', 'A', 'A', 'AA', 'A', 'A', 'A', 'A', 'A', 'A', 'A', 'A', 'AA', 'A', 'A', 'A', 'A', 'A', 'A', 'A', 'A', 'A', 'A', 'A', 'A', 'A', 'A', 'A', 'A', 'A', 'A', 'A', 'A', 'A', 'A', 'A', 'A', 'A', 'A', 'A', 'A', 'A', 'A', 'A', 'A', 'A', 'A', 'A', 'A', 'A', 'A', 'A', 'AA', 'A', 'A', 'A', 'A', 'A', 'A', 'A', 'A', 'A', 'A', 'A', 'A', 'A', 'A', 'A', 'A', 'A', 'A', 'A', 'A', 'A', 'A']	97
ENST00000369534:4	['A', 'A', 'A', 'A', 'A', 'A', 'A', 'A', 'A', 'A', 'AA', 'A', 'A', 'A', 'A', 'A', 'A', 'A', 'A', 'A', 'A', 'A', 'A', 'A', 'A', 'A', 'A', 'A', 'A', 'A', 'A', 'A', 'A', 'A', 'A', 'A', 'A', 'A', 'A']	39
ENST00000369534:6	['GAAAAGA']	1
ENST00000369534:8	['AG', 'AG', 'AG']	3
ENST00000369535:3	['A', 'A', 'A', 'A', 'A', 'A', 'A', 'A']	8
ENST00000369536:5	['A', 'A', 'A', 'A', 'A', 'A', 'A', 'A', 'A', 'A', 'A', 'A', 'A', 'A', 'A', 'A', 'A', 'A', 'A', 'A', 'A', 'A', 'A', 'A', 'A', 'A', 'A', 'A', 'A', 'A', 'A', 'A', 'A', 'A', 'A', 'A', 'A', 'A', 'A', 'A', 'A', 'A', 'A', 'A', 'A', 'A', 'A', 'A', 'A', 'A', 'A', 'A', 'A', 'A', 'A', 'A', 'A', 'A', 'A', 'A', 'A', 'A', 'A', 'A', 'A']	65
ENST00000369541:6	['G', 'G']	2
ENST00000369562:12	['G']	1
ENST00000369592:2	['A', 'A']	2
ENST00000369592:4	['A', 'A']	2
ENST00000369604:6	['A', 'A', 'A', 'A', 'A', 'A', 'A', 'A', 'A', 'A', 'A', 'A', 'A', 'A', 'A', 'A', 'A', 'A', 'A', 'A', 'A', 'A', 'A', 'A', 'A', 'A', 'A', 'A', 'A', 'A', 'A', 'A', 'A', 'A', 'A', 'A', 'A', 'A', 'A', 'A', 'A', 'A', 'A', 'A', 'A', 'A', 'A', 'A', 'A', 'A', 'A', 'A', 'A', 'A', 'A', 'A', 'A', 'A', 'A', 'A', 'A', 'A', 'A', 'A', 'A', 'A', 'A', 'A', 'A', 'A', 'A', 'A', 'A', 'A']	74
ENST00000369622:2	['A', 'A']	2
ENST00000369682:3	['C', 'C']	2
ENST00000369702:9	['AAA', 'AA', 'A', 'AAA', 'AA', 'AAA', 'AAA', 'AA', 'AAA', 'AA', 'AA', 'AA', 'AAAA', 'AAAA', 'AA', 'AA', 'AAA', 'AAA', 'AA', 'AA', 'AAA', 'AAA', 'AAA', 'AAA', 'AAA', 'AAAA', 'AA', 'AA', 'AA', 'AA', 'AA', 'A', 'AAA', 'AA', 'AAAA', 'AA', 'AA', 'AA', 'A', 'AAA', 'AAA', 'AAA', 'AAA', 'AA', 'AAA', 'AAA', 'AAA', 'AA', 'AA', 'AAA', 'AA', 'A', 'AAA', 'AA', 'AAA', 'AAAA', 'AA', 'A', 'AAA', 'AAA', 'AAA', 'AA', 'AAA', 'AA', 'AAA', 'A', 'AAA', 'AAA', 'AAA', 'AA', 'AAA', 'AAAA', 'AA', 'AA', 'AA', 'AAA', 'AAA', 'AA', 'AAA', 'AA', 'AAA', 'AAA', 'AAA', 'AA', 'AA', 'AA', 'AA', 'AAA', 'AA', 'AAA', 'AA', 'AAA', 'AA', 'AA', 'AAA', 'AA', 'AAA', 'AAA', 'AAA', 'AAA', 'AAA', 'AAA', 'AA', 'AAA', 'AA', 'AAA', 'AAA', 'AAA', 'AAAAA', 'AAA', 'AA', 'AA', 'AAA', 'AA', 'AA', 'AAA', 'AAA', 'AA', 'AAA', 'AAAAA', 'AAA', 'AA', 'AA', 'AA', 'AAA', 'AAA', 'AAA', 'AAA', 'AAA', 'AAA', 'AAA', 'AA']	132
ENST00000369705:13	['T', 'T']	2
ENST00000369705:3	['AAAAA', 'AAAA', 'AAAA', 'AA', 'AAAAA', 'AAAA', 'AAAAAA', 'AAAAA', 'AAAAAA', 'AAAAA', 'AAA', 'AA', 'A', 'AAAAAA', 'A', 'AAA', 'AAA', 'AAA', 'AAAAA', 'AA', 'AAAAA', 'AAAA', 'AAAA', 'AAAA', 'AAAA', 'AAAA', 'AAAA', 'AA', 'AAA', 'AAAA', 'AAAA', 'AAAA', 'AAAA', 'AAAA', 'AA', 'AAAA', 'AA', 'AAAAAAA', 'A', 'AAA', 'AAAAA', 'AAAAAA', 'AAAAAA', 'AA', 'AAAA', 'AAA', 'AA', 'AA', 'AA', 'AA', 'AAAA', 'AA', 'AAAAAA', 'AAAA', 'AA', 'AAAAA', 'AAAA', 'AAAA', 'A', 'AAAA', 'A', 'AAAAA', 'AAAAA', 'AAA', 'AAAAAAA', 'AA', 'AAAA', 'AAAAAA', 'AAA', 'AAAAAA', 'AA', 'AA', 'AAAA', 'AAAA', 'AAAAAA', 'AAAAAAA', 'AAAAA', 'AAAAA', 'AAA', 'AAA', 'AA', 'AAAAA', 'AAA', 'AAAAA', 'AA', 'AAAAAA', 'AAAA', 'AAAA', 'AAAA', 'AAAAA', 'AAAAA', 'AAAAA', 'AA', 'AAAA', 'AAA', 'AAA', 'AAAA', 'AAA', 'AA', 'AAAA', 'AAA', 'AAAAAAA', 'AAAAA', 'AAAAAA', 'AAAAA', 'AAAAAA', 'AAAAA', 'AAAAA', 'AAAAA', 'AAAAA', 'AAAAAAA', 'AAAA', 'AAAAA', 'AAAAA', 'AAAA', 'AAAA', 'AAAAA', 'AAAA', 'AAA', 'AAAAAAA', 'AAAAAAA', 'AAAAA', 'AAAAA', 'AAAAAA', 'AAAAA', 'AAAAAAAA', 'AAAAA', 'AAAAAA', 'AAA', 'AAAAAA', 'AAAAAA', 'AAAA', 'AAAAAAAA', 'AAAAAAA', 'AAAAAAA', 'AAAAA', 'AAAAA', 'AAAAA', 'AAAAAAA', 'AAAAAAA', 'AAAAAAA', 'AAAAAAA', 'AAAAAAA', 'AAAAAAA', 'AAAAA', 'AA', 'AAA', 'AAA', 'AA', 'AAAAA']	150
ENST00000369705:5	['A', 'A', 'A', 'A', 'A']	5
ENST00000369722:3	['T', 'T']	2
ENST00000369762:8	['T', 'T']	2
ENST00000369763:2	['A', 'A']	2
ENST00000369846:2	['A', 'A']	2
ENST00000369948:4	['TG', 'TG']	2
ENST00000369950:6	['TAAAAA']	1
ENST00000369951:4	['C']	1
ENST00000369962:3	['A', 'A', 'A', 'A', 'A', 'A']	6
ENST00000369983:23	['TT', 'TT']	2
ENST00000369983:25	['GAG']	1
ENST00000370001:10	['A', 'A', 'A', 'A', 'A', 'A', 'A', 'A', 'A', 'A', 'A', 'A', 'A', 'A', 'A', 'A', 'A', 'A', 'A', 'A', 'A', 'A', 'A', 'A', 'A', 'A', 'A', 'A', 'A', 'A', 'A', 'A', 'A', 'A', 'A', 'A', 'A', 'A', 'A', 'A', 'A', 'A', 'A', 'A', 'A', 'A']	46
ENST00000370001:8	['AAA', 'AA', 'AAA', 'AAA', 'AAA', 'AAAA', 'AA', 'AAA', 'AAA', 'AAAA', 'AAAA', 'AAAA', 'AAAA', 'AAA', 'AAA', 'AAA', 'AAAAA', 'AAA', 'AAA', 'AAAAA', 'AAA', 'AAA', 'AAAA', 'AAA', 'AA', 'A', 'AAAA', 'AAAA', 'AAA', 'AA', 'AA', 'AAA', 'AAA', 'AAA', 'AAA', 'AAA', 'AAAA', 'AAAA', 'AAA', 'AAAAA', 'AAA', 'AAAA', 'AAA', 'AAA', 'AAAA', 'A', 'AAA', 'AAAA', 'AAAA', 'AAA', 'AAA', 'AAA', 'AAA', 'AAA', 'AAAA', 'AAA', 'AAA', 'AAA', 'AAA', 'AA', 'AAA', 'AAA', 'AAA', 'AAA', 'AAA', 'AAA', 'AAA', 'AAAA', 'AAA', 'AAA', 'AAA']	71
ENST00000370018:27	['TCC']	1
ENST00000370018:7	['GA']	1
ENST00000370033:10	['A']	1
ENST00000370033:18	['ACTC', 'ACTC']	2
ENST00000370033:20	['AA', 'A', 'AAA', 'A', 'AA', 'AA', 'AA', 'AAA', 'AAA', 'AA', 'A', 'AAA', 'AA', 'AA', 'AA', 'AA', 'AAA', 'AA', 'AA', 'A', 'A', 'AA', 'AAA', 'AA', 'A', 'AAA', 'AAA', 'AAA', 'AAA', 'TAAAA', 'AAAAA', 'AAAAAA', 'AA', 'AAAAA', 'AAAA', 'AAAA', 'AAAA', 'AAAAA', 'AAAAA', 'AA', 'AAA', 'A', 'TAAAA']	43
ENST00000370056:15	['A', 'A', 'A', 'A', 'A', 'A', 'A', 'A', 'A', 'A', 'A', 'A', 'A', 'A', 'A']	15
ENST00000370056:20	['A', 'AA', 'AAA', 'A', 'A', 'AAA', 'AAA', 'AAA', 'AAA', 'AAA', 'AAA', 'AAA', 'AAA', 'AAA', 'AAA', 'AA', 'AA', 'AAA', 'AAA', 'AAA', 'AAA', 'AAA', 'AA', 'AAA', 'AAA', 'AA', 'AA', 'AAA', 'AAA', 'AA', 'AA', 'A', 'AA', 'AAAAA', 'AAA', 'AA', 'AAA', 'AA', 'AA', 'AAA', 'AAA', 'AAA', 'AAA', 'AA', 'AA', 'AAA', 'AAA', 'AAA', 'AA', 'AAA', 'AAA', 'AA', 'AAA', 'AA', 'AA', 'AAA', 'AAA', 'A', 'AAA', 'AA', 'AA', 'AAAA', 'A', 'AAA', 'AA', 'AA', 'AA', 'AAA', 'AAAA', 'AAA', 'AAA', 'A', 'AAA', 'AAA', 'AAA', 'A', 'AA', 'A', 'AAA', 'AAA', 'AA', 'AA', 'AA', 'AAA', 'AAA', 'AA', 'AA', 'AAA', 'AA', 'AAA', 'AAA', 'AAA', 'AAA', 'AAA', 'AAA', 'AA', 'AA', 'AAA', 'AA', 'AA', 'AA', 'AAA', 'AAA', 'A', 'AA', 'A', 'A', 'A', 'AAA', 'AA', 'A', 'AA', 'AAA', 'A', 'AA', 'AA', 'A', 'AAA', 'AA', 'AA', 'A', 'AA', 'AAA', 'A', 'A', 'A', 'AA', 'AA', 'AA', 'AA', 'AA', 'A', 'A', 'AAA', 'A', 'AA', 'A', 'AA', 'AA', 'AA', 'AA', 'AA', 'AAA', 'AA', 'AA', 'AA', 'AA', 'AA', 'AAA', 'AA', 'AA', 'AA', 'AA', 'A', 'AAA', 'AA', 'A', 'AA', 'A', 'AAA', 'AA', 'A', 'A', 'AAA', 'AAA', 'AAA', 'AAA', 'AAA', 'AA', 'AAA', 'A', 'AAA', 'A', 'AAA', 'AAA', 'AA', 'A', 'A', 'A', 'A', 'A', 'AA', 'A']	183
ENST00000370096:3	['A', 'A', 'A', 'A', 'A', 'A', 'A']	7
ENST00000370096:4	['AAAA', 'AAA', 'AAA', 'AAA', 'AAA', 'AAA', 'AAA', 'AAAA', 'AAAA', 'AAA', 'AAA', 'AAA', 'AAAA', 'AAA', 'AAA', 'AAA', 'AAA', 'AAAA', 'AAA', 'AAA', 'AAAA', 'AAA', 'AA', 'AAAA', 'AAA', 'AAA', 'AAAA', 'AAAA', 'AAA', 'AAAA', 'AAAA', 'AAA', 'AAAA', 'AAAA', 'AAAA', 'AAA', 'AA', 'AAA', 'AAA', 'AAAA', 'AAA', 'AAA', 'AAAA', 'AAA', 'AAAA', 'AA', 'AAAA', 'AAA', 'AA', 'AAA', 'AAA', 'AAA', 'AAA', 'AAAA', 'AAA', 'AAA', 'AAA', 'AAA', 'AAA', 'AAAA', 'AAA', 'AAA', 'AA', 'AAA', 'AAA', 'AAA', 'AAA', 'AAA', 'AA', 'AAAA', 'AAAA', 'AAAA', 'AAA', 'AAA', 'AAA', 'AAA', 'AAA', 'AAA', 'AAA', 'AAA', 'AAA', 'AAAA', 'AAA', 'AAA', 'AAA', 'AAA', 'AAA', 'AAA', 'AAA', 'AAA', 'AAA', 'AAA', 'AAA', 'AAAA', 'AAA', 'AAA', 'AAA', 'AAA', 'AAA', 'AAA', 'AAA', 'AAAA', 'AAA', 'AAA', 'AAA', 'AAA', 'AAA', 'AAA', 'AAAA', 'AAA', 'AA', 'AAA', 'AAA', 'AAA', 'AAAA', 'TTTAT', 'AAA', 'AAA', 'AAAA', 'AAA', 'AAAA', 'AAA', 'AAA', 'AAA', 'G', 'AAA', 'AAAA', 'AAAA', 'AAA', 'AAA', 'AAAA', 'TTTAT']	132
ENST00000370096:59	['AG', 'AG', 'AG']	3
ENST00000370101:7	['TGCACT', 'AGTCAGCACTG']	2
ENST00000370109:4	['A', 'A', 'A', 'A', 'A', 'A', 'A', 'A', 'A', 'A', 'A', 'A', 'A', 'A', 'A', 'A', 'A', 'A', 'A', 'A', 'A', 'A', 'A', 'A', 'A', 'A', 'A', 'A', 'A', 'A', 'A', 'A', 'A', 'A', 'A', 'A', 'A', 'A', 'A', 'A', 'A', 'A', 'A', 'A', 'A', 'A', 'A', 'A', 'A', 'A', 'A', 'A', 'A', 'A', 'A', 'A', 'A', 'A', 'A', 'A', 'A', 'A', 'A', 'A', 'A', 'A', 'A']	67
ENST00000370109:7	['A', 'A', 'A', 'A', 'A', 'A', 'A', 'A', 'AA', 'A', 'A', 'A', 'A', 'A', 'AA', 'A', 'A', 'A', 'AA', 'A', 'A', 'A', 'A', 'A', 'A', 'A', 'A', 'AA', 'A', 'A', 'A', 'A', 'A', 'AAA', 'A', 'A', 'A', 'A', 'A', 'A', 'A', 'A', 'A', 'A', 'A', 'A', 'A', 'A', 'A', 'A', 'A', 'A', 'A', 'A', 'A', 'A', 'A', 'A', 'A', 'A', 'A', 'A', 'A', 'A', 'A', 'A', 'A', 'A', 'A', 'A', 'A', 'A', 'A', 'A', 'A', 'A', 'A', 'A', 'A', 'A', 'A', 'A', 'A', 'A', 'A', 'A', 'A', 'A', 'A', 'A', 'A', 'A', 'A', 'A', 'A', 'A', 'A', 'A', 'A', 'A', 'A', 'A', 'A', 'A', 'A', 'A', 'A', 'A', 'A', 'A', 'A', 'A', 'AA', 'A', 'A', 'A', 'A', 'A', 'A', 'A', 'A', 'A', 'A', 'A', 'A', 'A']	126
ENST00000370132:10	['GAAATG']	1
ENST00000370132:9	['T', 'T', 'T', 'T', 'T', 'T', 'T', 'T', 'T', 'T', 'T', 'T', 'T', 'T', 'T', 'T', 'T']	17
ENST00000370151:2	['GTG']	1
ENST00000370155:3	['T']	1
ENST00000370192:20	['A']	1
ENST00000370225:43	['A', 'A']	2
ENST00000370225:45	['G', 'G']	2
ENST00000370282:2	['A', 'A', 'AA', 'A', 'A', 'A', 'A', 'A', 'A', 'A', 'A', 'A', 'A', 'A', 'A', 'A', 'A', 'A', 'A', 'A', 'A', 'A', 'A', 'A', 'A', 'A', 'A', 'A', 'A', 'A', 'A', 'A', 'A', 'A', 'A', 'A', 'A', 'A', 'AA', 'A', 'A', 'A', 'A', 'A', 'A', 'A', 'A', 'A', 'A', 'A', 'A', 'A', 'A', 'A', 'A', 'A', 'A', 'A', 'A']	59
ENST00000370298:6	['A']	1
ENST00000370298:7	['C']	1
ENST00000370310:3	['A', 'A']	2
ENST00000370331:12	['AAG', 'AAG']	2
ENST00000370331:4	['A', 'A', 'A', 'A']	4
ENST00000370345:9	['G', 'G']	2
ENST00000370360:2	['AAA', 'A', 'AA', 'AA', 'AAA', 'AAAA', 'AAA', 'AAA', 'AAA', 'AAA', 'AAA', 'AAAA', 'AAAA', 'AA', 'AA', 'AAA', 'AA', 'AAAA', 'AAA', 'AAAAA', 'AAA', 'AAA', 'AAA', 'AA', 'AA', 'AAA', 'AA', 'AAA', 'AAA', 'AAA', 'AAA', 'AA', 'AAA', 'AAA', 'AA', 'A', 'AA', 'AA', 'AAAA', 'AAA', 'AAA', 'AA', 'AAA', 'AA', 'AAAA', 'AA', 'AAA', 'AAA', 'AA', 'AAA', 'A', 'AA', 'AA', 'AAAA', 'AAAA', 'A', 'AA', 'AAA', 'AA', 'AA', 'AAA', 'A', 'AA', 'AAAA', 'AAA', 'AAA', 'AA', 'AAA', 'AAA', 'AAA', 'AA', 'AAA', 'AA', 'AAA', 'AA', 'AAA', 'AAA', 'AAA', 'AAA', 'AAA', 'A', 'AA', 'A', 'AAA', 'AAA', 'AAA', 'AAAA', 'AAA', 'AAA', 'AAA', 'AAAA', 'AA', 'AAA', 'AAA', 'AAA', 'AA', 'AAAA', 'A', 'AA', 'AAA', 'A', 'AAA', 'AAA', 'AAA', 'A', 'AAA', 'AAA', 'AAAA', 'A', 'AA', 'AA', 'A', 'AAA', 'AA', 'A', 'A', 'A', 'AAAA', 'AA', 'AA', 'AAAA', 'AA', 'AAA', 'AA', 'AAA', 'AA', 'A', 'AA', 'AA', 'AA', 'A', 'AA', 'AA', 'A', 'A', 'A', 'AA', 'AA', 'AAA', 'A', 'A', 'A', 'AA', 'AA', 'AA', 'AA', 'A', 'AAAAA', 'A', 'AA', 'AAAA', 'AA', 'A', 'AA', 'AA', 'AA', 'A', 'AA', 'A', 'A', 'A', 'AAAA', 'AA', 'A', 'AAA', 'AAA', 'AAA', 'AA', 'AA', 'AAA', 'AA', 'AAAA', 'AAA', 'AAA']	174
ENST00000370397:10	['A']	1
ENST00000370397:3	['A', 'A', 'A', 'A', 'A', 'A', 'A', 'A', 'A', 'A']	10
ENST00000370418:8	['A', 'A']	2
ENST00000370425:17	['A', 'A', 'A', 'A']	4
ENST00000370425:24	['A', 'A', 'A', 'A', 'A', 'A', 'A', 'A', 'A', 'A', 'A', 'A', 'A', 'A', 'A', 'A', 'A', 'A', 'A', 'A', 'A', 'A', 'A', 'A', 'A', 'A', 'A', 'A', 'A', 'A', 'A', 'AA', 'A', 'A', 'A', 'A', 'A', 'A', 'A', 'A', 'A', 'A', 'A', 'A', 'A', 'A', 'A', 'A', 'A', 'AA', 'A', 'AA', 'A', 'A', 'A', 'A', 'A', 'A', 'AA', 'A', 'A', 'A', 'A', 'A', 'A', 'A', 'A', 'A', 'A', 'A', 'A', 'A', 'A', 'A', 'A', 'A', 'A', 'A', 'A', 'A', 'A', 'A', 'A', 'A', 'A', 'A', 'A', 'A', 'A', 'A', 'A', 'A', 'A', 'A', 'A', 'A', 'A', 'A', 'A', 'A', 'A', 'A', 'A', 'A', 'A', 'A', 'A', 'A', 'A', 'AA', 'A', 'A', 'A', 'AA', 'A', 'A', 'A', 'A', 'A', 'A', 'A', 'A', 'A', 'A', 'A', 'A', 'A', 'A', 'A', 'A', 'A', 'A', 'A', 'A', 'A', 'A', 'A', 'A', 'A', 'A', 'A', 'A', 'A', 'A', 'AA', 'A']	146
ENST00000370425:3	['A', 'A']	2
ENST00000370425:5	['A', 'A', 'A', 'A', 'A', 'A', 'A', 'A', 'A', 'A', 'A', 'A', 'A', 'A', 'A', 'A', 'A', 'A', 'A', 'A', 'A', 'A', 'A', 'A', 'A', 'A', 'A', 'A', 'A', 'A', 'A', 'A', 'A', 'A', 'A', 'A', 'A', 'A', 'A', 'A', 'A', 'A', 'A', 'A', 'A', 'A', 'A', 'A', 'A', 'A', 'A', 'A', 'A', 'A', 'A', 'A', 'A', 'A', 'A', 'A', 'A', 'A', 'A', 'A', 'A', 'A']	66
ENST00000370500:5	['A']	1
ENST00000370521:18	['T', 'T']	2
ENST00000370521:4	['AGCA']	1
ENST00000370550:2	['T', 'T']	2
ENST00000370558:7	['CAA']	1
ENST00000370563:1	['G']	1
ENST00000370563:2	['TCGAAATATTCTCTT']	1
ENST00000370571:15	['A', 'A', 'A', 'A', 'A', 'A', 'A', 'A', 'A', 'A', 'A', 'A', 'A', 'A', 'A', 'A', 'A', 'A', 'A', 'A', 'A', 'A', 'A', 'A', 'A', 'A', 'A', 'A', 'A', 'A', 'A', 'A']	32
ENST00000370571:18	['G', 'G', 'G', 'G', 'G', 'G', 'G', 'G', 'G', 'G', 'G', 'G', 'G', 'G', 'G', 'G', 'G', 'G', 'G', 'G', 'G', 'G', 'G', 'G', 'G', 'G', 'G', 'G', 'G', 'G', 'G', 'G', 'G', 'G', 'G', 'G', 'G', 'G', 'G', 'G', 'G', 'G', 'G', 'G', 'G', 'G', 'G', 'G', 'G', 'G', 'G', 'G', 'G']	53
ENST00000370571:21	['A', 'A', 'AA', 'AAAA', 'A', 'A', 'AA', 'AA', 'AA', 'A', 'A', 'AA', 'AA', 'AAAA', 'AA', 'AAA', 'AAAA', 'A', 'AA', 'AAA', 'AA', 'AA', 'AA', 'AA', 'AA', 'AAA', 'A', 'AA', 'AAAA', 'AA', 'A', 'AAA', 'AA', 'AA', 'AAAA', 'AA', 'AA', 'AA', 'AAA', 'A', 'AA', 'A', 'AA', 'AAA', 'AAA', 'AA', 'A', 'A', 'A', 'AA', 'A', 'A', 'AAAA', 'A', 'AA', 'AA', 'AAA', 'A', 'A', 'AA', 'AAAA', 'AAA', 'AA', 'AA', 'A', 'AA', 'AA', 'A', 'AAA', 'AA', 'AA', 'AAA', 'AA', 'A', 'AA', 'A', 'AAA', 'AAA', 'AAA', 'AA', 'AAA', 'AA', 'AAA', 'A', 'AA', 'A', 'AA', 'AA', 'AA', 'A', 'AAA', 'AA', 'AA', 'A', 'A', 'A', 'AA', 'A', 'A', 'A', 'A', 'A', 'AA', 'AAA', 'A', 'A', 'A', 'A', 'AA', 'AA', 'A', 'A', 'A', 'AA', 'A', 'A', 'AA', 'A', 'AA', 'A', 'A', 'A', 'A', 'AA', 'A', 'AA', 'AA', 'A', 'A', 'A', 'AAA', 'AA', 'A', 'AAA', 'A', 'A', 'AA', 'AA', 'A', 'A', 'AAA', 'A', 'A', 'AA', 'AA', 'AAA', 'A', 'A', 'AAA', 'AA', 'A', 'A', 'AAA', 'A', 'A', 'AAA', 'AAA', 'A', 'AA', 'AAA', 'AAA', 'A', 'A', 'AAA', 'AA', 'AAA', 'AA', 'AA', 'A', 'AA', 'AAA', 'AA', 'A', 'AAA', 'A', 'AA', 'AA', 'A', 'AA', 'AAA', 'AAA', 'AA', 'AAA', 'AA', 'A', 'AA', 'AAA', 'A', 'AA']	189
ENST00000370571:52	['A', 'A', 'A', 'A', 'A', 'A', 'A', 'A', 'A', 'A', 'A', 'A', 'A', 'A', 'A', 'A', 'A', 'A', 'A', 'A', 'A', 'A', 'A', 'A', 'A', 'A', 'A', 'A', 'A', 'A', 'A', 'A', 'A', 'A', 'A', 'A', 'A', 'A', 'A', 'A', 'A', 'A', 'A', 'A', 'A', 'A', 'A', 'A', 'A', 'A', 'A', 'A', 'A', 'A', 'A', 'A', 'A', 'A', 'A', 'A', 'A', 'A', 'A', 'A', 'A', 'A', 'A', 'A', 'A', 'A', 'A', 'A', 'A', 'A', 'A', 'A', 'A', 'A', 'A', 'A', 'A', 'A', 'A', 'A', 'A', 'A', 'A', 'A', 'AA', 'A', 'A', 'A', 'A', 'A', 'A', 'A', 'A', 'A', 'A', 'A', 'A', 'A', 'A', 'A', 'A', 'A', 'A', 'A', 'A', 'A', 'A', 'A', 'A', 'A', 'A', 'A', 'A', 'A', 'A', 'A', 'A', 'A', 'A', 'A', 'A', 'A', 'A', 'A', 'A', 'A', 'A', 'A', 'A']	133
ENST00000370577:10	['A', 'A', 'A', 'A']	4
ENST00000370577:11	['A', 'A', 'A', 'A', 'A', 'A', 'A', 'A', 'A', 'A', 'A', 'A', 'A', 'A', 'A', 'A', 'A', 'A', 'A', 'A', 'A', 'A', 'A', 'A', 'A', 'A', 'A', 'A', 'A', 'A', 'A', 'A', 'A', 'A', 'A', 'A', 'A', 'A', 'A']	39
ENST00000370589:1	['A', 'A']	2
ENST00000370598:13	['A', 'A']	2
ENST00000370598:6	['CTGCTTTGG']	1
ENST00000370608:10	['A', 'A', 'A', 'A', 'A', 'A']	6
ENST00000370616:15	['C']	1
ENST00000370616:19	['A', 'A', 'A']	3
ENST00000370616:2	['A', 'A', 'A', 'A', 'A', 'A', 'A', 'A', 'A', 'A']	10
ENST00000370616:26	['GAGA', 'GAGA', 'GAGA', 'GAGA', 'GA', 'GAGAGA', 'GAGA', 'GAGAGA', 'GAGA', 'GAGA', 'GAGA', 'GAGA', 'GAGA', 'GAGAGA', 'GAGAGA', 'GAGAGA', 'GAGAGA', 'GAGA', 'GAGA', 'GAGA', 'GAGAGA', 'GA', 'GAGAGA', 'GAGA', 'GAGA', 'GAGA', 'GAGA', 'GAGA', 'GAGA', 'GAGA', 'GAGA', 'GAGAGA', 'GAGA', 'GAGA', 'GA', 'GAGA', 'GAGAGA', 'GAGA', 'GAGA', 'GAGAGA', 'GA', 'GAGA', 'GAGA', 'GAGAGA', 'GA', 'GAGA', 'GAGA', 'GAGAGA', 'GAGA', 'GAGAGA', 'GAGA', 'GAGA', 'GA', 'GAGA', 'GAGA', 'GAGA', 'GAGA', 'GAGA', 'GA', 'GAGA', 'GAGAGA', 'GAGA', 'GAGA', 'GAGAGA', 'GAGA', 'GAGA', 'GAGA', 'GAGAGA', 'GAGA', 'GAGAGA', 'GA', 'GA', 'GA', 'GA', 'GAGA', 'GAGA', 'GAGAGA', 'GA', 'GA']	79
ENST00000370616:6	['A', 'A', 'A', 'A', 'A', 'A', 'A', 'A', 'A', 'A', 'A', 'A', 'A', 'A', 'A', 'A', 'A', 'A', 'A', 'A', 'A', 'A', 'A', 'A', 'A', 'A', 'A', 'A', 'A', 'A', 'A', 'A', 'A', 'A', 'A', 'A', 'A', 'AA', 'A', 'A', 'A', 'A', 'A', 'A', 'A', 'A', 'A', 'A', 'A', 'A', 'A', 'A', 'A', 'A', 'A', 'A', 'A', 'A', 'A', 'A', 'A', 'A', 'A', 'A', 'A', 'A', 'A', 'A', 'A', 'A', 'A', 'A', 'A', 'A', 'A', 'AA', 'A', 'A', 'A', 'A', 'A', 'A', 'A', 'A', 'A', 'A', 'A', 'A', 'A', 'A', 'A', 'A', 'A', 'A', 'A', 'A', 'A', 'A', 'A', 'A', 'A', 'A', 'A', 'A', 'A', 'A', 'A', 'A', 'A', 'A', 'A', 'A', 'A', 'A', 'A', 'A', 'A', 'A', 'A', 'A', 'A', 'A', 'AA', 'A', 'AA', 'A', 'A', 'A', 'A', 'A', 'A', 'A', 'A', 'A', 'A', 'A', 'A', 'A']	138
ENST00000370641:2	['G']	1
ENST00000370652:23	['A', 'A']	2
ENST00000370652:9	['T', 'T', 'T', 'T', 'T', 'T']	6
ENST00000370654:5	['T', 'TT', 'T', 'TTT', 'TT', 'TT', 'TT', 'TT', 'TT', 'T', 'TT', 'TT', 'TT', 'TT', 'TT', 'TT', 'TT', 'TT', 'TT', 'TT', 'TT', 'TT', 'TT', 'TT', 'TT', 'TT', 'TT', 'TT', 'TT', 'TT', 'TT', 'TT', 'TT', 'TT', 'TT', 'TT', 'TT', 'TT', 'TT', 'TT', 'TT', 'TT', 'TT', 'TT', 'TT', 'T', 'TT', 'TT', 'TT', 'T', 'TT', 'T', 'TT', 'TT', 'TT', 'TT', 'TT', 'TT', 'TT', 'TT', 'TT', 'TT', 'TT', 'TT', 'T', 'TT', 'TT', 'TTT', 'TT', 'TT', 'TT', 'T', 'TT', 'TT', 'TT', 'TTT', 'TT', 'TT', 'TT', 'TT', 'T', 'T', 'TT', 'TT', 'TT', 'TT', 'TT', 'TT', 'T', 'T', 'T', 'T', 'TT', 'TT', 'TT', 'T', 'TT', 'TT', 'TT', 'TT', 'TT', 'TT', 'TT', 'TT', 'TT', 'T', 'TT', 'TT', 'TT', 'TTT', 'TT', 'T', 'TT', 'TT', 'T', 'TT', 'TT', 'TT', 'TT', 'TT', 'TT', 'T', 'TT', 'TT', 'TT', 'TT', 'TT', 'TT', 'TT', 'TT', 'TT', 'TTT', 'TT', 'TT', 'TT', 'TTT', 'TT', 'TT', 'TT', 'TT', 'T', 'T', 'T', 'TTT', 'TT', 'T', 'TT', 'TT', 'TT', 'TT', 'T', 'TT', 'TT', 'TT', 'T', 'TT', 'TT', 'TT', 'T', 'T', 'TT', 'T', 'T', 'TT', 'T', 'T', 'T', 'TT', 'T', 'TT', 'T', 'TT', 'T', 'T', 'TT', 'T', 'TT', 'T', 'TT', 'TTT', 'T', 'T', 'T', 'T', 'TT', 'T', 'TT', 'TT', 'T', 'TT', 'T', 'T', 'TT', 'TT', 'T', 'TT', 'TT', 'TT', 'T', 'TT', 'TT', 'T', 'TT', 'T', 'T', 'T', 'T', 'T', 'TT', 'T', 'T', 'TT', 'T', 'TT', 'T', 'TT', 'T', 'T', 'T', 'TT', 'T', 'T', 'TT', 'TT', 'T', 'T', 'TT', 'TT', 'T', 'T', 'TT', 'T', 'TT', 'T', 'TT', 'TTT', 'TT', 'TTT', 'T', 'T', 'T', 'TT', 'TT', 'TT', 'TT', 'TT', 'TT', 'TT', 'TT', 'TT', 'TT', 'TT', 'TT', 'T', 'TT', 'TT', 'TT', 'TT', 'TT', 'TT', 'TT', 'T', 'T', 'T', 'TT', 'TT', 'T', 'T', 'T', 'TTT', 'T', 'TT', 'TT', 'T', 'T']	275
ENST00000370689:9	['GAG']	1
ENST00000370742:3	['A', 'A', 'A', 'A']	4
ENST00000370742:5	['A', 'A', 'A', 'A', 'A']	5
ENST00000370742:8	['A', 'A', 'A', 'A']	4
ENST00000370746:2	['T', 'T']	2
ENST00000370768:1	['AAA', 'A', 'A', 'AA', 'AA', 'AA', 'AA', 'AAA', 'AA', 'AA', 'AA', 'AA', 'AA', 'AA', 'AA', 'AAA', 'A', 'AA', 'AA', 'AA', 'AA', 'AAA', 'AA', 'A', 'AA', 'A', 'AA', 'A', 'AA', 'A', 'AA', 'AA', 'AAA', 'A', 'AAA', 'AAA', 'AA', 'AA', 'AAA', 'AAA', 'AA', 'AAA', 'AA', 'AA', 'AA', 'A', 'AA', 'A', 'AA', 'A', 'AA', 'AA', 'A', 'A', 'A', 'A', 'A', 'A', 'AA', 'AA', 'A', 'A', 'A', 'A', 'A', 'A', 'A', 'A', 'A', 'A']	70
ENST00000370768:14	['A', 'A', 'A', 'A', 'A', 'A', 'A', 'A', 'A', 'A', 'A', 'A', 'A', 'A', 'A', 'A', 'A', 'A', 'A', 'A', 'A', 'A', 'A', 'A', 'A', 'A', 'A', 'A', 'A', 'A', 'A', 'A', 'A', 'A', 'A', 'A', 'A', 'A', 'A', 'A', 'A', 'A', 'A', 'A', 'A', 'A', 'A', 'A', 'A', 'A', 'A', 'A', 'A', 'A', 'A', 'A', 'A', 'A', 'A']	59
ENST00000370768:18	['A', 'A', 'A', 'A', 'A', 'A', 'A', 'A', 'A', 'A', 'A', 'A', 'A', 'A', 'A', 'A', 'A', 'A', 'A', 'A', 'A', 'A']	22
ENST00000370782:5	['G', 'G']	2
ENST00000370791:10	['T', 'T', 'T', 'T', 'T', 'T', 'T', 'T', 'T', 'T', 'T', 'T']	12
ENST00000370801:12	['AAAAAAA', 'AAAAAAAA', 'AAAAAAA', 'AAAAAAA', 'AAAAAA', 'AAAAAAA', 'AAAAAAAA', 'AAAAAA', 'AAA', 'AAAAAAAA', 'AAAAAAAAA', 'AAAAAA', 'AAAAAAA', 'AAAAAAAA', 'AAAAAAAA', 'AAAAAAAA', 'AAAAAAAA', 'CAAAA', 'AAAAAAAAA', 'AAAAAAAA', 'AAAAAA', 'AAAAAAAAA', 'AAAAAAAA', 'AAA', 'AAAAAAAAA', 'AAAAAAA', 'AAAAAAAAA', 'AAAAAA', 'AAA', 'AAAAAAAAAA', 'AAAA', 'AAAAAAA', 'AAAAAA', 'AAAAAAAAA', 'AAAAAAAAA', 'AAAAA', 'AAAAAAAAA', 'AAAAAAA', 'AAAAAAA', 'AAAAAA', 'AAAAAAA', 'AAAAAA', 'AAAAAAAAA', 'AAAAAA', 'AAAAAAAA', 'AAAAAA', 'AAAAAAA', 'AAAAAAA', 'AAA', 'AAAAAAAAA', 'AAAAAAAA', 'AAAAAAAAAAA', 'AAAAAAA', 'AAAAAAAAAA', 'AAAAAAAA', 'AAAA', 'AAAAAAAA', 'AAAA', 'AAAAAAAA', 'AAAAAAAA', 'AAAAAAA', 'AAAAAAA', 'AAAAAAAA', 'AAAAAAAA', 'AAAAAA', 'AAAA', 'AAAAAA', 'AAAAAAAA', 'AAAAAAAA', 'AAAAAAA', 'AAAAAAAA', 'AAAAAAAA', 'AAAAAAA', 'AAAAAA', 'AAAAAAAA', 'AAAAAAA', 'AAAAAA', 'AAAAAAAAA', 'AAAAAAAA', 'AAAAAA', 'AAAAAAA', 'AAAAAAAA', 'AAAAAAAA', 'AAAAAA', 'AAAAAAAAA', 'AAAA', 'AAAAAA', 'AAAA', 'AAAAAAA', 'AAAAAAAAAAA', 'AAAAAAAAAA', 'AAAAAAA', 'AAA', 'AAAAAAAA', 'AAAAAAA', 'AAAAAAAA', 'AAAAAAA', 'AAAAAAAA', 'AAAAAAAAA', 'AAAAAAAA', 'AAAAAA', 'AAAAAAAA', 'AAAAAA', 'AAAAA', 'AAAAA', 'AAAAAAAA', 'AAAAAA', 'AAAAAAAA', 'AAAAA', 'AAAAAAAA', 'AAAAA', 'AAAAAAAAA', 'AAAAAA', 'AAAAAAAA', 'AAAAAAAAA', 'AAAAAAAAA', 'AAAAAAAA', 'AAAAAAA', 'AAAAAAAA', 'AAAAAAA', 'AAAAAAAA', 'AAAAAAAA', 'AAAAAAAAA', 'AAAAAAAA', 'AAAAAAA', 'AAAAAAA', 'AAAAAAA', 'AAAAAAAA', 'AAAAAAAAAAA', 'AAAAAAA', 'AAAAAAAAA', 'AAAAAAA', 'AAAAAAAA', 'AAAAAAAA', 'AAAAAAAA', 'AAAAAAAA', 'AAAAAAAAAA', 'AAAAAAAAA', 'AAAAAAAAA', 'AAAAAAAA', 'AAAAAAAA', 'AAAAAAAAAA', 'AAAAAAAAA', 'AAAAAAAAA', 'AAAAAAA', 'AAAAAAAA', 'AAAAAAAAA', 'AAAAAAAA', 'AAAAAAA', 'AAAAAAA', 'AAAAAA', 'AAAAAAAA', 'AAAAAAAA', 'AAAAAAAAA', 'AAAAAAAAA', 'AAAAAA', 'AAAAAAAAA', 'AAAAAAAA', 'AAAAAAAAA', 'AAAAAAAAAA', 'AAAAAAAA', 'AAAAAAAAAA', 'AAAAAA', 'AAAAAAAAA', 'AA', 'AAAAAAAAA', 'AAAA', 'AAAAAAAA']	168
ENST00000370812:3	['A', 'A', 'A', 'A', 'A', 'A', 'A', 'A', 'A', 'A', 'A', 'A', 'A', 'A', 'A', 'A', 'A', 'A', 'A', 'A', 'A', 'A', 'A', 'A', 'A', 'A', 'A', 'A', 'A']	29
ENST00000370812:6	['A', 'A']	2
ENST00000370818:2	['AA', 'AA', 'AAAA', 'AAA', 'AAA', 'AA', 'AAA', 'AA', 'A', 'AAA', 'AAAAA', 'AA', 'AA', 'AA', 'AA', 'AA', 'AA', 'AAAA', 'AA', 'AAAA', 'AA', 'A', 'AAA', 'AA', 'AAA', 'AAA', 'AAA', 'AA', 'AAA', 'A', 'AA', 'AAAAA', 'AAA', 'AA', 'AAAA', 'AAA', 'AAA', 'A', 'AAA', 'AAA', 'AAAA', 'AA', 'A', 'A', 'AAA', 'AA', 'AAA', 'AAA', 'A', 'AA', 'AA', 'AA', 'AAA', 'A', 'AA', 'AA', 'AAA', 'AA', 'AA', 'AA', 'AAA', 'AA', 'A', 'AAA', 'AA', 'AA', 'AA', 'AAA', 'A', 'AAA', 'AAAA', 'AA', 'AAA', 'A', 'AAA', 'A', 'A', 'A', 'A', 'A', 'A', 'A', 'AAA']	83
ENST00000370823:5	['C', 'C']	2
ENST00000370828:8	['A', 'A', 'A', 'A', 'A', 'A', 'A', 'A', 'A', 'A', 'A', 'A', 'A', 'A', 'A', 'A', 'A', 'A', 'A', 'AA', 'A', 'A', 'A', 'A', 'A', 'A', 'A', 'A', 'A', 'A', 'A', 'A', 'A', 'A', 'A', 'AA', 'A', 'A', 'A', 'A']	40
ENST00000370853:2	['A']	1
ENST00000370855:18	['G']	1
ENST00000370873:6	['A', 'A', 'A', 'A', 'A', 'A', 'A', 'A', 'A', 'A']	10
ENST00000370888:4	['T', 'T']	2
ENST00000370902:4	['A', 'A', 'A', 'A']	4
ENST00000370920:4	['A', 'A']	2
ENST00000370944:1	['A', 'A', 'A', 'A', 'A', 'A', 'A', 'A', 'A', 'A', 'A', 'A', 'A', 'A', 'A']	15
ENST00000370944:9	['A', 'A', 'A', 'A', 'AA', 'AAA', 'AA', 'AA', 'AAA', 'A', 'AAA', 'AA', 'AAA', 'AAA', 'AAA', 'A', 'A', 'AA', 'AA', 'A', 'AAA', 'AAA', 'AA', 'AA', 'AAA', 'AAA', 'AA', 'A', 'AA', 'AAA', 'AA', 'AAA', 'AAA', 'AA', 'AAA', 'AA', 'A', 'AA', 'AAA', 'AA', 'AAA', 'AAA', 'A', 'A', 'AA', 'A', 'AAA', 'AAA', 'AA', 'AAA', 'AAA', 'AA', 'A', 'AA', 'AAA', 'A', 'AA', 'AAA', 'AA', 'A', 'A', 'AA', 'AA', 'AA', 'AA', 'AAA', 'AA', 'A', 'A', 'AA', 'AA', 'A', 'AAA', 'A', 'AA', 'AA', 'AAA', 'A', 'A', 'A', 'A', 'A', 'A', 'A', 'A', 'A']	86
ENST00000370950:2	['T', 'T']	2
ENST00000370952:5	['T']	1
ENST00000370978:16	['A', 'A', 'A', 'A', 'A', 'A', 'A', 'A', 'A', 'A', 'A', 'A', 'A', 'A', 'A', 'A']	16
ENST00000370978:18	['AAA', 'AAAAA', 'AAA', 'AAA', 'AAA', 'AA', 'AA', 'AA', 'AAA', 'AAAA', 'AA', 'AA', 'AAA', 'AA', 'AAA', 'AAA', 'AAA', 'AA', 'AAA', 'A', 'AA', 'AAAA', 'AAAA', 'AA', 'AAA', 'AAAA', 'AAA', 'AAA', 'A', 'A', 'AAAA', 'AAA', 'AAAAA', 'AAAA', 'AAAA', 'AA', 'AAA', 'AA', 'AA', 'AAA', 'AAAA', 'AA', 'AAAA', 'AAAA', 'AA', 'AAA', 'AAAA', 'AA', 'AAAA', 'AAA', 'AAAA', 'AAAA', 'AAA', 'AA', 'AAA', 'AAAA', 'AAAA', 'AAAA', 'AAA', 'A', 'AAA', 'AAA', 'AAA', 'G', 'AAAAA']	65
ENST00000371015:9	['CA']	1
ENST00000371026:16	['A', 'A', 'A', 'A', 'A', 'A', 'A', 'A', 'A', 'A', 'A', 'A', 'A', 'A', 'A', 'A', 'A', 'A', 'A', 'A', 'A', 'A', 'A', 'A', 'A', 'A', 'A', 'A', 'A', 'A', 'A', 'A', 'A', 'A', 'A', 'A', 'A', 'A', 'A', 'A', 'A', 'A']	42
ENST00000371037:16	['CTC', 'CTC', 'CTC', 'CTC', 'CTC', 'CTC']	6
ENST00000371117:17	['TACAAAGGAAA']	1
ENST00000371117:30	['AG']	1
ENST00000371117:38	['A', 'A', 'A', 'A', 'A', 'A', 'A', 'A', 'A', 'A', 'A', 'A', 'A']	13
ENST00000371130:17	['AA', 'AAAAAA', 'AA', 'AAAAAA', 'AAA', 'AA', 'AAAA', 'AA', 'AAAAAA', 'AAA', 'AAAAA', 'AAA', 'AAAA', 'AA', 'AAAA', 'AAAAAA', 'AAAAAAA', 'A', 'AAA', 'AAAA', 'AAAA', 'AAAAAA', 'AAA', 'AAAA', 'AAAA', 'AAAAA', 'AAAAA', 'AAAA', 'AAAA', 'A', 'AAAAA', 'AAAAA', 'AAAA', 'AAA', 'AAAA', 'AA', 'AAAAAAA', 'AAAAA', 'AAAAA', 'AAAAAA', 'AAAAA', 'AAAAAA', 'AAAAA', 'AAAAA', 'AAAAAA', 'A', 'AAAA', 'AAA', 'AAAA', 'AAAAA', 'AAAA', 'AAA', 'AA', 'AAA', 'AAAAA', 'AAAAAA', 'AAAAAA', 'AAAAA', 'AAA', 'T', 'AAT', 'AAA', 'AAAAAA', 'AAA', 'AAAAA', 'AAAA', 'AAAA', 'AAAAAA', 'AAAA', 'AAAA', 'AAAA', 'AAAAA', 'AAAA', 'AAAAA', 'AAAAA', 'AAA', 'AAAA', 'AAAAA', 'AAAAAA', 'AAA', 'AA', 'AAAA', 'AAAAAAA', 'AAA', 'AAA', 'AAAAA', 'AAA', 'AAA', 'AAAA', 'AAA', 'AAAA', 'AA', 'AAAAA', 'AAAAAA', 'AAAAA', 'AAAAAA', 'AAAA', 'AAAA', 'T', 'AT', 'A', 'AAT', 'AAT', 'T', 'T', 'AT', 'T', 'AAAAA', 'AAA', 'AAAAA', 'AAT', 'T', 'AAT']	113
ENST00000371142:4	['A', 'A']	2
ENST00000371144:24	['TTA']	1
ENST00000371175:1	['AA']	1
ENST00000371201:7	['T']	1
ENST00000371208:20	['A', 'A']	2
ENST00000371208:3	['CA']	1
ENST00000371226:1	['A', 'A', 'AA', 'A', 'A', 'A', 'A', 'A', 'A', 'A', 'A', 'A', 'A', 'A', 'A', 'A', 'A', 'A', 'A', 'A', 'A', 'A', 'A', 'A', 'A', 'A', 'A', 'A', 'A', 'A', 'A', 'A', 'A', 'A', 'A', 'A', 'A', 'AA', 'A', 'A', 'A', 'A', 'A', 'A', 'A', 'A', 'A', 'A', 'A', 'A', 'A', 'A', 'A', 'A', 'A']	55
ENST00000371237:9	['A']	1
ENST00000371244:2	['A', 'A']	2
ENST00000371263:6	['A', 'A']	2
ENST00000371270:2	['A', 'A', 'A', 'A', 'A', 'A']	6
ENST00000371317:3	['T', 'T', 'T', 'T', 'T', 'T', 'T', 'T']	8
ENST00000371347:7	['T', 'T', 'T']	3
ENST00000371360:2	['G', 'G', 'G', 'G', 'G', 'G', 'G', 'G', 'G']	9
ENST00000371361:14	['A', 'A', 'A', 'A', 'AA', 'A', 'AA', 'A', 'A', 'AA', 'AA', 'AA', 'A', 'AA', 'A', 'AA', 'AA', 'A', 'A', 'AA', 'A', 'A', 'A', 'AA', 'A', 'AA', 'A', 'A', 'AA', 'AA', 'AA', 'A', 'AA', 'AA', 'AA', 'A', 'AA', 'A', 'A', 'A', 'AA', 'AA', 'A', 'AA', 'AA', 'A', 'A', 'A', 'A', 'A', 'A', 'A', 'AA', 'A', 'AA', 'A', 'A', 'AA', 'A', 'AAA', 'A', 'AA', 'A', 'A', 'AA', 'AA', 'AA', 'A', 'A', 'A', 'AA', 'A', 'A', 'A', 'A', 'AA', 'A', 'A', 'AA', 'A', 'A', 'AA', 'AA', 'A', 'A', 'A', 'A', 'A', 'A', 'A', 'A', 'AA', 'AA', 'A', 'A', 'A', 'A', 'AA', 'A', 'A', 'A', 'A', 'A', 'A', 'A', 'A', 'A', 'A', 'A', 'A']	110
ENST00000371361:2	['CA', 'CACA', 'CA', 'CA', 'CA', 'CA', 'CA', 'CA', 'CA', 'CA', 'CA', 'CA', 'CA', 'CA', 'CA', 'CA', 'CA', 'CA', 'CA', 'CA', 'CA', 'CA', 'CA', 'CA', 'CA', 'CACA', 'CA', 'CA', 'CA', 'CA', 'CA', 'CA', 'CA', 'CA', 'CA', 'CA', 'CA', 'CA', 'CA', 'CA', 'CA', 'CA', 'CA', 'CA', 'CA', 'CA', 'CA', 'CA', 'CA', 'CA', 'CA', 'CA', 'CA', 'CA', 'CA', 'CA', 'CA', 'CA', 'CA', 'CA', 'CA', 'CA', 'CA', 'CA', 'CA', 'CA', 'CA', 'CA', 'CA', 'CA', 'CA', 'CA', 'CA', 'CA', 'CA', 'CA', 'CA', 'CA', 'CA', 'CA', 'CA', 'CA', 'CA', 'CA', 'CA', 'CA', 'CA', 'CA', 'CA', 'CA', 'CA', 'CA', 'CA', 'CA', 'CA', 'CA', 'CA', 'CA', 'CA', 'CA', 'CA', 'CA', 'CA', 'CA', 'CA', 'CA', 'CA', 'CA', 'CA', 'CACA', 'CA', 'CA', 'CA', 'CA', 'CA', 'CA', 'CA', 'CA', 'CA', 'CA', 'CA', 'CA', 'CA', 'CA', 'CA', 'CA', 'CA', 'CA', 'CA', 'CA', 'CA', 'CA', 'CA', 'CA', 'CA', 'CA', 'CA', 'CA', 'CA', 'CA', 'CA', 'CA', 'CA', 'CA', 'CA', 'CA', 'CA', 'CA', 'CA', 'CA', 'CA', 'CA', 'CA', 'CA', 'CA', 'CA', 'CA', 'CA', 'CA', 'CA', 'CA', 'CA', 'CA', 'CA', 'CA', 'CA', 'CA', 'CA', 'CA', 'CA', 'CA', 'CA', 'CA', 'CA', 'CA', 'CA', 'CA', 'CA', 'CA', 'CA', 'CA', 'CA', 'CA', 'CA', 'CA', 'CA', 'CA', 'CA', 'CA', 'CA', 'CA', 'CA', 'CA', 'CA', 'CA', 'CA', 'CA', 'CA', 'CA', 'CA', 'CA', 'CA', 'CA', 'CA', 'CA', 'CA', 'CA', 'CA', 'CA', 'CA', 'CA', 'CA', 'CA', 'CA', 'CA', 'CA', 'CA', 'CA', 'CA', 'CA', 'CA', 'CA', 'CA', 'CA', 'CA', 'CA', 'CA', 'CA', 'CA', 'CA', 'CA', 'CA', 'CA', 'CA', 'CA', 'CA', 'CA', 'CA', 'CA', 'CA', 'CA', 'CA', 'CA', 'CA', 'CA', 'CA', 'CA', 'CA', 'CA', 'CA', 'CA', 'CA', 'CA', 'CA', 'CA', 'CA', 'CA', 'CA', 'CA', 'CA', 'CA', 'CA', 'CA', 'CA', 'CA', 'CA', 'CA', 'CA', 'CA', 'CA', 'CA', 'CA', 'CA', 'CA', 'CA', 'CA', 'CA', 'CA', 'CA', 'CA', 'CA', 'CA', 'CA', 'CA', 'CA', 'CA', 'CA', 'CA', 'CA', 'CA', 'CA', 'CA', 'CA', 'CA', 'CA', 'CA', 'CA', 'CA', 'CA', 'CA', 'CA', 'CA', 'CACA', 'CA', 'CA', 'CA', 'CA', 'CA', 'CA', 'CA', 'CA', 'CA', 'CA', 'CA', 'CA', 'CA', 'CA', 'CA', 'CA', 'CA', 'CA', 'CA', 'CA', 'CA', 'CA', 'CA', 'CA', 'CA', 'CA', 'CA', 'CA', 'CA', 'CA', 'CA', 'CACA', 'CA', 'CA', 'CA', 'CA', 'CA']	340
ENST00000371372:1	['GCCGGGCGGG']	1
ENST00000371384:2	['T', 'T', 'T', 'T', 'T']	5
ENST00000371429:4	['A']	1
ENST00000371437:2	['T', 'T']	2
ENST00000371460:3	['A', 'A', 'A', 'A', 'A', 'A', 'A']	7
ENST00000371544:14	['TTTA']	1
ENST00000371544:17	['A', 'A', 'A', 'A', 'A', 'A', 'A', 'A', 'A', 'A', 'A', 'A', 'A', 'A', 'A', 'A', 'A', 'A', 'A', 'A', 'A', 'A', 'A', 'A', 'A', 'A', 'A', 'A', 'A', 'A', 'A', 'A', 'A', 'A', 'A', 'A', 'A', 'A', 'A', 'A', 'A', 'A', 'A', 'A', 'A', 'A', 'A', 'A', 'A', 'A', 'A', 'A', 'A', 'A', 'A', 'A', 'A', 'A', 'A', 'A', 'A', 'A', 'A', 'A', 'A', 'AA', 'A', 'A', 'A', 'A', 'A', 'A', 'A', 'A', 'A', 'A', 'A', 'A', 'A', 'A', 'A', 'A', 'A', 'A', 'A', 'A', 'A', 'A', 'A', 'A', 'A', 'A', 'A', 'A', 'A', 'A', 'A', 'A', 'A', 'A', 'A', 'A', 'A', 'A', 'A', 'A', 'A', 'A', 'A', 'A', 'A', 'A', 'A', 'A', 'A', 'A', 'A', 'A', 'A', 'A', 'A', 'A', 'A', 'A', 'A', 'A', 'A', 'A', 'A', 'A', 'A', 'A', 'A', 'A', 'A', 'A', 'A', 'A', 'A', 'A', 'A', 'A', 'A', 'A', 'A', 'A', 'A', 'A', 'A', 'A', 'A', 'A', 'A', 'A', 'A', 'A', 'A', 'A', 'A', 'A', 'A', 'A', 'A', 'A', 'A', 'A', 'A', 'A']	168
ENST00000371571:2	['GA']	1
ENST00000371588:8	['A', 'A', 'AA', 'AA', 'AAA', 'AA', 'A', 'AA', 'A', 'AA', 'A', 'A', 'AAA', 'AAA', 'AA', 'AA', 'AAA', 'AA', 'AA', 'A', 'A', 'A', 'A', 'AAA', 'AAA', 'AAA', 'AAA', 'A', 'A', 'AAA', 'AA', 'A', 'A', 'A', 'AAA', 'A', 'AA', 'A', 'AAA', 'A', 'AA', 'AA', 'AAA', 'AA', 'A', 'A', 'A', 'AA', 'AA', 'A', 'A', 'AA', 'AA', 'AA', 'A', 'AA', 'A', 'A', 'A', 'AA', 'AA', 'AA', 'AAA', 'A', 'AAA', 'AA', 'A', 'A', 'A', 'AA', 'AA', 'A', 'A', 'A', 'A', 'AA', 'AAA', 'A', 'AA', 'AAA', 'AA', 'AA', 'A', 'AA', 'A', 'A', 'AA', 'A', 'AA', 'A', 'AA', 'A', 'A', 'A', 'T', 'A', 'A', 'A', 'A', 'A', 'AA', 'T', 'AAA', 'AA', 'A', 'A', 'AA', 'A', 'A', 'AA', 'A', 'A', 'A', 'A', 'A', 'T', 'A']	117
ENST00000371601:7	['G', 'G', 'G', 'G', 'G', 'G', 'G', 'G', 'G', 'G', 'G', 'G', 'G', 'G', 'G', 'G', 'G', 'G', 'G', 'G', 'G', 'G', 'G', 'G', 'G', 'G', 'G', 'G', 'G', 'G', 'G']	31
ENST00000371620:5	['C', 'C']	2
ENST00000371626:3	['G', 'G']	2
ENST00000371627:12	['T', 'TCT']	2
ENST00000371712:9	['GGA']	1
ENST00000371733:19	['A', 'A', 'A', 'A']	4
ENST00000371817:29	['G', 'G']	2
ENST00000371817:34	['T', 'T']	2
ENST00000371817:8	['C', 'C', 'C', 'C']	4
ENST00000371850:13	['GAA']	1
ENST00000371850:16	['G', 'G', 'G', 'G']	4
ENST00000371856:9	['A']	1
ENST00000371899:6	['G', 'G']	2
ENST00000371924:6	['T', 'T']	2
ENST00000371929:3	['G', 'G']	2
ENST00000371930:5	['G', 'G']	2
ENST00000371933:3	['A', 'A']	2
ENST00000371957:5	['CCCCCTACTTCT', 'CCCCCTACTTCT']	2
ENST00000371975:11	['T', 'T', 'T', 'T', 'T', 'T', 'T', 'T']	8
ENST00000371996:2	['C', 'C', 'C', 'C']	4
ENST00000372098:15	['A', 'A', 'A', 'A']	4
ENST00000372153:5	['A', 'A', 'A', 'A', 'A', 'A', 'A', 'A', 'A', 'A', 'A', 'A', 'A', 'A', 'A', 'A', 'A', 'A', 'A', 'A', 'A', 'A', 'A', 'A', 'A', 'A', 'A', 'A', 'A', 'A', 'A', 'A', 'A', 'A', 'A', 'A', 'A', 'A', 'A', 'A', 'A', 'A', 'A', 'A', 'A', 'A', 'A', 'A', 'A', 'A', 'A', 'A', 'A', 'A', 'A', 'A', 'A', 'A', 'A', 'A', 'A', 'A', 'A', 'A', 'A', 'A', 'A', 'A', 'A', 'A', 'A', 'A', 'A', 'A', 'A', 'A', 'A', 'A', 'A', 'A', 'A', 'A', 'A', 'A', 'A', 'A', 'A', 'A', 'A', 'A', 'A', 'A', 'A', 'A', 'A', 'A', 'A', 'A', 'A', 'A', 'A', 'A', 'A', 'A', 'A', 'A', 'A', 'A', 'A', 'A', 'A', 'A', 'A', 'A', 'A', 'A', 'A', 'A', 'A', 'A', 'A', 'A', 'A', 'A', 'A', 'A', 'A', 'A', 'A', 'A', 'A', 'A', 'A', 'A', 'A', 'A', 'A', 'A', 'A', 'A', 'A', 'A', 'A', 'AA', 'A', 'A', 'A', 'A', 'A', 'A', 'A', 'A', 'A', 'A', 'A', 'A', 'A', 'A', 'A', 'A', 'A', 'A', 'A', 'A', 'A', 'A', 'A', 'A', 'A', 'A', 'A', 'A', 'A', 'A', 'A', 'A', 'A', 'A', 'A', 'A', 'A', 'A', 'A', 'A', 'AA', 'A', 'A', 'A', 'A', 'A', 'A', 'A', 'A', 'A', 'A', 'A', 'A', 'A', 'A', 'A', 'A', 'A', 'A', 'A', 'A', 'A']	206
ENST00000372189:8	['GT']	1
ENST00000372192:9	['G', 'G', 'G', 'G', 'G', 'G', 'G', 'G', 'G', 'G', 'G', 'G']	12
ENST00000372216:4	['A', 'A']	2
ENST00000372216:9	['T', 'T', 'T', 'T', 'T', 'T']	6
ENST00000372257:6	['A', 'A', 'A', 'A', 'A', 'A', 'A', 'A', 'A', 'A', 'A', 'A', 'A', 'A', 'A', 'A', 'A', 'A', 'A', 'A', 'A', 'A', 'A', 'A', 'A', 'A', 'A', 'A', 'A', 'A', 'A', 'A', 'A', 'A', 'A', 'A', 'A', 'A', 'A', 'A', 'A', 'A', 'A', 'A', 'A', 'A', 'A', 'A', 'A', 'A', 'A', 'A', 'A', 'A', 'A', 'A', 'A', 'A', 'A', 'A', 'A', 'A', 'A', 'A', 'A', 'A', 'A', 'A', 'A', 'A', 'A', 'A', 'A', 'A', 'A', 'A', 'A', 'A', 'A', 'A', 'A', 'A', 'A', 'A', 'A', 'A', 'A', 'A', 'A', 'A']	90
ENST00000372343:11	['GGT']	1
ENST00000372371:12	['ACCT', 'ACCT']	2
ENST00000372371:13	['G', 'G', 'G', 'G', 'G', 'G', 'G', 'G', 'G', 'G', 'G', 'G', 'G', 'G', 'G', 'G', 'G', 'G', 'G', 'G', 'G', 'G', 'G', 'G', 'G', 'G', 'G', 'G', 'G', 'G', 'G', 'G', 'G', 'G', 'G', 'G']	36
ENST00000372389:2	['G', 'G']	2
ENST00000372389:4	['AGG', 'AGG']	2
ENST00000372396:3	['A', 'A', 'A', 'A', 'A']	5
ENST00000372398:6	['G', 'G', 'G', 'G', 'G', 'G', 'G', 'G']	8
ENST00000372406:17	['AAA', 'AAA', 'AAAA', 'AAA', 'AAAA', 'AAAA', 'AAAA', 'AAAA', 'AAAA', 'AAA', 'AAA', 'AAA', 'AAA', 'AAAA', 'AAA', 'AA', 'AAA', 'AAAA', 'AAA', 'AAA', 'AAAAA', 'AAA', 'AAA', 'AAAA', 'AAA', 'AAAA', 'AAAA', 'AAA', 'AAA', 'AAAA', 'AAA', 'AAAA', 'AAA', 'AAAA', 'AAA', 'AAAA', 'AAAA', 'AAA', 'AAAAA', 'AAA', 'AAA', 'AAAA', 'AAA', 'AAAAA', 'AAAA', 'AAAA', 'AAA', 'AAAA', 'AAA', 'AAA', 'AAA', 'AAAA', 'AAAA', 'AAAAA', 'AAAA', 'AAA', 'AAAA', 'AAAA', 'AAAA', 'AAA', 'AAA', 'AAA', 'AAAA', 'AAA', 'AAAA', 'AAA', 'AAA', 'AAAA', 'AAA', 'AAA', 'AAA', 'AAA', 'AAA', 'AAA', 'AAA', 'AAAA', 'AAAAA', 'AAA', 'AAAAA', 'AAA', 'AAAA', 'AAA', 'AAA', 'AAAA', 'AAA', 'AAAAA', 'AAAA', 'AAAA', 'AAAA', 'AAA', 'AAA', 'AAAA', 'AAAA', 'AAA', 'AAA', 'AAAA', 'AAA', 'AAAA', 'AAAA', 'AAAA', 'AAA', 'AAAA', 'AAAA', 'AAA', 'AAA']	105
ENST00000372492:2	['T']	1
ENST00000372492:8	['A', 'A', 'A', 'A', 'A', 'A', 'A', 'A', 'A', 'AA', 'A', 'AA', 'A', 'A', 'AA', 'A', 'A', 'AA', 'AA', 'AA', 'AA', 'A', 'A', 'A', 'AA', 'A', 'A', 'A', 'AA', 'A', 'A', 'AA', 'A', 'A', 'AA', 'A', 'A', 'A', 'AAA', 'A', 'A', 'A', 'A', 'A', 'AA', 'A', 'A', 'A', 'A', 'A', 'A', 'A', 'A', 'A', 'A', 'A', 'A', 'A', 'AA', 'A', 'A', 'AA', 'AA', 'A', 'A', 'A', 'A', 'AA', 'AA', 'A', 'A', 'A', 'AA', 'AA', 'A', 'A', 'A', 'A', 'A', 'A', 'A', 'A', 'AA', 'A', 'A', 'A', 'A', 'A', 'A', 'A', 'A', 'AA', 'A', 'A', 'AA', 'A', 'AA', 'A', 'A', 'A', 'A', 'A', 'A', 'A', 'A', 'A', 'A', 'A', 'A', 'A', 'AA', 'A', 'A', 'A', 'A', 'AA', 'A', 'A']	118
ENST00000372577:38	['G', 'G']	2
ENST00000372617:4	['CCC']	1
ENST00000372622:7	['GG']	1
ENST00000372683:3	['C', 'C', 'C', 'C', 'C', 'C']	6
ENST00000372692:6	['GAG']	1
ENST00000372731:52	['TTC', 'TTC']	2
ENST00000372748:29	['GGAG', 'GGAG', 'GGAG', 'GGAG', 'GGAG', 'GGAG', 'GGAG', 'GGAG', 'GGAG', 'GGAG', 'GGAG', 'GGAG', 'GGAG', 'GGAG', 'GGAG', 'GGAG', 'GGAG', 'GGAG', 'GGAG', 'GGAG', 'GGAG', 'GGAG', 'GGAG', 'GGAG', 'GGAG', 'GGAG', 'GGAG', 'GGAG', 'GGAG']	29
ENST00000372781:2	['T', 'T', 'T', 'T', 'TT', 'T', 'T', 'T', 'T', 'T', 'T', 'T', 'T', 'T', 'T', 'T', 'T', 'T', 'T', 'T', 'T', 'T', 'T', 'T', 'T', 'T', 'T', 'T', 'T', 'T', 'T', 'T', 'T', 'T', 'T', 'T', 'T', 'T', 'T', 'T', 'T', 'T', 'T', 'T', 'T', 'T', 'T', 'T', 'T', 'T', 'T', 'T', 'T', 'T', 'T', 'T', 'T', 'T', 'T', 'T', 'T', 'T', 'T', 'T', 'T', 'T', 'T', 'T', 'T', 'T', 'T', 'T', 'T', 'T', 'T', 'T', 'T', 'T', 'T', 'T', 'T', 'T', 'T', 'T', 'T', 'T', 'T', 'T', 'T', 'T', 'T', 'T', 'T', 'T', 'T', 'T', 'TT', 'T', 'T', 'T', 'T', 'T', 'T', 'T', 'T', 'T', 'T', 'T', 'T', 'T', 'T', 'T', 'T', 'T', 'T', 'T', 'T', 'T', 'T', 'T', 'T', 'T', 'T', 'T', 'T', 'T', 'T', 'T', 'T', 'T', 'TT', 'T', 'T', 'T', 'T', 'T', 'T', 'T', 'T', 'T', 'T', 'T', 'T', 'T', 'T', 'T', 'T', 'T', 'T', 'T', 'T', 'T', 'TT', 'T', 'T', 'T', 'T', 'T', 'T', 'T', 'T', 'T', 'T', 'T', 'T', 'T', 'T', 'T', 'T']	169
ENST00000372857:1	['AA', 'AG', 'AG', 'AA']	4
ENST00000372861:1	['C', 'C', 'C']	3
ENST00000372899:40	['T', 'T']	2
ENST00000372907:1	['GA']	1
ENST00000372910:1	['A', 'A', 'A', 'A', 'A', 'A', 'A']	7
ENST00000372915:77	['C']	1
ENST00000372979:8	['AA', 'AA', 'AA', 'AA', 'AAAA', 'AAA', 'AAA', 'AAA', 'AAAA', 'AA', 'AA', 'AAA', 'AAAA', 'AAA', 'AAAA', 'AAAA', 'AAAA', 'AAA', 'AAA', 'AA', 'AA', 'AAA', 'AAA', 'AAA', 'AAA', 'A', 'AAA', 'AA', 'AA', 'AAAA', 'AAA', 'AAA', 'AA', 'AA', 'AAA', 'AAA', 'AAA', 'AAA', 'AA', 'AAAA', 'A', 'AAA', 'AA', 'AAA', 'AAA', 'AA', 'AA', 'A', 'AAAA', 'AAA', 'AAA', 'AAAAA', 'AA', 'AA', 'AA', 'AA', 'A', 'AA', 'AAA', 'AAA', 'AA', 'AA', 'AAA', 'AA', 'AA', 'AA', 'AA', 'AAA', 'AA', 'AA', 'AAAA', 'AA', 'AA', 'AA', 'AA', 'AA', 'AA', 'AAA', 'A', 'A', 'A', 'AA', 'AA', 'AAAA', 'AA', 'AA', 'AAA', 'AAA', 'AAA', 'AA', 'AA', 'A', 'AAA', 'AAA', 'A', 'AAA', 'AAA', 'AA', 'AAA', 'AA', 'AA', 'AAA', 'A', 'AA', 'A', 'AA', 'AA', 'AAA', 'AA', 'AA', 'AAA', 'AAA', 'AAA', 'AA', 'AAA', 'AAA', 'AAA', 'AA', 'AAAA', 'AAA', 'AAA', 'AA', 'AAA', 'AAA', 'A', 'AA', 'AAAA', 'AAA', 'AAA', 'AA', 'AA', 'AAA', 'AA', 'AAA', 'A', 'AAA', 'A', 'A', 'AA', 'AA', 'A', 'AAAA', 'A', 'AAAA', 'A', 'A', 'AA', 'AAA', 'AA', 'AA', 'AA', 'AA', 'AAA']	153
ENST00000372991:3	['CTCTT']	1
ENST00000373004:4	['TG']	1
ENST00000373014:7	['GA', 'GA']	2
ENST00000373048:6	['GA']	1
ENST00000373062:7	['AGA']	1
ENST00000373210:5	['TGTT', 'TGTT']	2
ENST00000373218:1	['CGCCGGCCAGCCGTC']	1
ENST00000373233:17	['GAA', 'GAA']	2
ENST00000373275:4	['A']	1
ENST00000373275:8	['A', 'AAA', 'A', 'A', 'AA', 'A', 'A', 'AAA', 'A', 'AA', 'A', 'AA', 'AAA', 'AA', 'AA', 'AA', 'A', 'A', 'A', 'A', 'A', 'AA', 'A', 'AA', 'A', 'A', 'A', 'A', 'A', 'AA', 'A', 'AA', 'A', 'A', 'A', 'AAA', 'A', 'AA', 'A', 'AA', 'A', 'AA', 'A', 'A', 'A', 'AA', 'A', 'A', 'AAA', 'AA', 'AA', 'A', 'A', 'AAA', 'A', 'A', 'AA', 'A', 'A', 'A', 'AA', 'A', 'A', 'AA', 'A', 'AA', 'A', 'A', 'A', 'A', 'AAAA', 'A', 'AA', 'AAA', 'AA', 'AAA', 'AAA', 'AAA', 'AAA', 'AA', 'AAA', 'AAA', 'A', 'AA', 'AA', 'A', 'A', 'A', 'A', 'A', 'A', 'A', 'A', 'A', 'A', 'A', 'A', 'A', 'AA', 'A']	100
ENST00000373294:6	['T', 'T', 'T', 'T', 'T', 'T', 'T', 'T', 'T', 'T', 'T', 'T']	12
ENST00000373299:1	['T', 'T']	2
ENST00000373316:3	['CA']	1
ENST00000373316:9	['CA']	1
ENST00000373344:23	['A', 'A', 'A', 'A', 'A', 'A', 'A', 'A', 'A', 'A', 'A', 'A', 'A', 'A', 'A', 'A', 'A', 'A', 'A', 'A', 'A', 'A', 'A', 'A', 'A', 'A', 'A', 'A', 'A', 'A', 'A', 'A', 'A', 'A', 'A', 'A', 'A', 'A', 'A', 'A', 'A', 'A', 'A', 'A', 'A', 'A', 'A', 'A', 'A', 'A', 'A', 'A', 'A', 'A', 'A', 'A', 'A', 'A', 'A', 'A', 'A', 'A', 'A', 'A', 'A', 'A', 'A', 'A', 'A', 'A', 'A', 'A', 'A', 'A', 'A', 'A', 'A', 'A', 'A', 'A']	80
ENST00000373345:12	['C', 'C', 'C', 'C']	4
ENST00000373367:2	['A', 'A', 'A', 'A', 'A', 'A', 'A', 'A', 'A', 'A', 'A', 'A', 'A', 'A', 'A', 'A', 'A', 'A', 'A', 'A', 'A', 'A', 'A', 'A', 'A', 'A', 'A', 'A', 'A', 'A', 'A', 'A', 'A', 'A', 'A', 'A', 'A', 'A', 'CTG', 'GAAATAAA', 'A', 'A', 'A', 'A', 'A', 'A', 'A', 'A', 'A', 'A', 'A', 'A', 'A', 'A', 'A', 'A', 'A', 'A', 'A', 'A', 'A', 'A', 'A', 'A', 'A', 'A']	66
ENST00000373367:4	['AA', 'AAA', 'AA', 'AA', 'AA', 'AA', 'AA', 'AA', 'AA', 'AA', 'AA', 'AA', 'AA', 'AA', 'AA', 'AA', 'AA', 'AA', 'AA', 'AA', 'AA', 'AA', 'AA', 'AA', 'AA', 'AA', 'A', 'AA', 'AA', 'A', 'AA', 'AA', 'A', 'AA', 'A', 'AA', 'AA', 'A', 'AA', 'AA', 'AA', 'AA', 'AA', 'AA', 'AA', 'AA', 'A', 'AA', 'AA', 'AA', 'AA', 'AA', 'AA', 'AA', 'AA', 'A', 'A', 'AAA', 'AA', 'AA', 'AA', 'AA', 'A', 'AA', 'AA', 'A', 'A', 'A', 'AA', 'A', 'A', 'AA', 'A', 'AA', 'A', 'A', 'A', 'AA', 'AA', 'AA', 'AA', 'AA', 'AA', 'A', 'AA', 'A', 'AA', 'A', 'A', 'AA', 'AA', 'AA', 'AAA', 'A', 'A', 'A', 'A', 'A', 'A', 'A', 'A', 'A', 'A', 'A', 'AA', 'A', 'AA', 'AA', 'AA', 'AA', 'AA', 'AA', 'AA', 'A', 'A', 'A', 'A', 'A', 'AA', 'A', 'A', 'A', 'A', 'A', 'A', 'A', 'A', 'A', 'A', 'A', 'A', 'AA', 'A', 'A', 'AAA', 'A', 'AAA', 'AA', 'A', 'AA', 'A', 'AA']	142
ENST00000373367:6	['A', 'A', 'A', 'A', 'A', 'A', 'A', 'A', 'A', 'A', 'A', 'A', 'A', 'A', 'A', 'A', 'A', 'A', 'A', 'A', 'A', 'A', 'A', 'A', 'A', 'A', 'A', 'A', 'A', 'A', 'A', 'A', 'A', 'A', 'A', 'A', 'A', 'A', 'A', 'A', 'A', 'A', 'A', 'A', 'A', 'A', 'A', 'A', 'A', 'A', 'A', 'A', 'A', 'A', 'A', 'A', 'A', 'A', 'A', 'A', 'A', 'A', 'A', 'A', 'A', 'A', 'A', 'A', 'A', 'A', 'A', 'A', 'A', 'A', 'A', 'A', 'A', 'AA', 'A', 'A', 'A', 'A', 'A', 'A', 'A', 'A', 'A', 'A', 'A', 'A', 'A', 'A', 'A', 'A', 'A', 'AA', 'A', 'A', 'A', 'A', 'A', 'A', 'A', 'A', 'A', 'A', 'A', 'A', 'A', 'A', 'A', 'A', 'A', 'A', 'A', 'A', 'A', 'A', 'A', 'A', 'A', 'A', 'A', 'A', 'A', 'A', 'A', 'A', 'A', 'A', 'A', 'A', 'A', 'A', 'AA', 'A', 'A', 'A', 'A', 'A', 'A', 'A', 'A', 'AA', 'A', 'A', 'A']	147
ENST00000373451:2	['T', 'T']	2
ENST00000373451:3	['T', 'T']	2
ENST00000373451:5	['TTC']	1
ENST00000373456:5	['G', 'G']	2
ENST00000373477:12	['T', 'T', 'T']	3
ENST00000373493:6	['CAC', 'AGTT']	2
ENST00000373534:1	['G', 'G']	2
ENST00000373563:18	['A']	1
ENST00000373573:1	['A', 'A', 'A', 'A', 'A', 'A']	6
ENST00000373585:8	['AGTC']	1
ENST00000373609:3	['C', 'C']	2
ENST00000373615:2	['C', 'C', 'C', 'C', 'C', 'C']	6
ENST00000373627:10	['GG']	1
ENST00000373627:5	['A', 'A', 'A', 'A', 'A', 'A', 'A', 'A', 'A', 'A', 'A', 'A', 'A', 'A', 'A', 'A', 'A', 'A']	18
ENST00000373647:3	['TCAAAGTGAAAGTAATCACTTCCTTATTCATTGTTTCTT']	1
ENST00000373664:14	['A', 'A', 'A', 'A', 'A', 'A', 'A', 'A', 'A', 'A', 'A', 'A', 'A', 'A', 'A', 'A', 'A', 'A', 'A', 'A', 'A', 'A', 'A', 'A', 'A', 'A', 'A', 'A', 'A', 'A', 'A', 'A', 'A', 'A', 'A', 'A', 'A', 'A', 'A', 'A', 'A', 'A', 'A', 'A', 'A', 'A', 'A', 'A', 'A', 'A', 'A', 'A', 'A', 'A', 'A', 'A', 'A', 'A', 'AA', 'A', 'A', 'A', 'A', 'A', 'A', 'A', 'A', 'A', 'A', 'A', 'A', 'A', 'A', 'A', 'A', 'A']	76
ENST00000373664:2	['AA', 'A', 'AA', 'AA', 'AA', 'AA', 'AA', 'AA', 'AA', 'AA', 'AAA', 'AA', 'AA', 'AA', 'AA', 'AA', 'AA', 'AA', 'AA', 'AA', 'AA', 'AA', 'AA', 'AA', 'AA', 'AA', 'AA', 'AA', 'AA', 'AA', 'AA', 'AA', 'AAA', 'AA', 'AA', 'AA', 'AA', 'AA', 'AA', 'AA', 'AA', 'AA', 'AA', 'AA', 'AA', 'AA', 'AA', 'AA', 'AA', 'AA', 'AA', 'AA', 'AA', 'AA', 'AA', 'AA', 'AA', 'AA', 'AA', 'AA', 'AA', 'AA', 'AA', 'AA', 'AA', 'AA', 'AA', 'AA', 'AA', 'AA', 'AA', 'AA', 'AA', 'AA', 'AA', 'A', 'AA', 'AA', 'AA', 'AA', 'AAA', 'AA', 'AA', 'AA', 'AA', 'A', 'A', 'A', 'A', 'A', 'A', 'AA', 'AA', 'AA', 'AA', 'AA', 'A', 'AA', 'A', 'A', 'A', 'A', 'A', 'A', 'A', 'AAA', 'A']	107
ENST00000373672:17	['G', 'G']	2
ENST00000373672:68	['A', 'A', 'A', 'A', 'A', 'A', 'A', 'A', 'A', 'A', 'A', 'A', 'A']	13
ENST00000373715:5	['GATCTTT']	1
ENST00000373731:7	['AAAA', 'AAA', 'AAAAA', 'A', 'AA', 'AA', 'A', 'AAAA', 'AAA', 'AA', 'AAA', 'AA', 'AA', 'AA', 'AAAA', 'AAAAA', 'AAAA', 'AA', 'AAA', 'A', 'AAA', 'AAA', 'AA', 'A', 'AA', 'AA', 'AA', 'AA', 'AAA', 'A', 'AAAA', 'AAAA', 'AA', 'AAA', 'A', 'AAA', 'AA', 'AAA', 'A', 'AA', 'AA', 'AA', 'A', 'AAA', 'A', 'AA', 'AAAA', 'AAAA', 'A', 'AA', 'AA', 'A', 'A', 'AA', 'AA', 'AAA', 'AAAA', 'AAAAA', 'AAA', 'AA', 'AA', 'A', 'AA', 'A', 'AAAA', 'AA', 'AA', 'A', 'A', 'AA', 'AA', 'A', 'AAAA', 'AA', 'AA', 'A', 'AAA', 'A', 'AAAA', 'AA', 'AA', 'A', 'A', 'AA', 'AA', 'AAA', 'A', 'AAA', 'A', 'AA', 'AA', 'AAA', 'AAA', 'AAA', 'AA', 'AAA', 'AAA', 'AA', 'AA', 'AA', 'AA', 'AAA', 'AA', 'AA', 'AA', 'AA', 'AA', 'AA', 'AA', 'AA', 'A', 'AA', 'A', 'A', 'AA', 'AAAA', 'AA', 'AA', 'AA', 'AA', 'AA', 'AA', 'AAA', 'AA', 'AA', 'AA', 'A', 'A', 'AA', 'AA', 'AA', 'AA', 'AA', 'AA', 'AA', 'AA', 'AA', 'AA', 'AA', 'AA', 'AA', 'AA', 'AA', 'AA', 'AAA', 'AAA', 'AAA', 'AAA', 'AA', 'AAA', 'AA', 'AAA', 'AAA', 'AA', 'AA', 'AAA', 'AA', 'AA', 'AA', 'A', 'AAAAA', 'AAA', 'A', 'AA', 'AA', 'AA', 'AA', 'AAAAAA', 'AAAA']	169
ENST00000373789:1	['A', 'A', 'A', 'A', 'A', 'A', 'A', 'A', 'A', 'A', 'A', 'A', 'A', 'A', 'A', 'A', 'A', 'A', 'A', 'AA', 'A', 'A', 'A', 'A', 'A', 'A', 'A', 'A', 'AA', 'A', 'AA', 'A', 'A', 'A', 'A', 'A', 'A', 'A', 'A', 'A', 'A', 'A', 'A', 'A', 'A', 'A', 'A', 'A', 'A', 'A', 'A', 'A', 'AA', 'A', 'A', 'A', 'A', 'A', 'A', 'A', 'A', 'A', 'AA', 'A', 'A', 'A', 'A', 'A', 'A', 'A', 'A', 'AA', 'A', 'A', 'A', 'A', 'AA', 'A', 'A', 'A', 'A', 'A', 'A', 'A', 'A', 'A', 'A', 'A', 'A', 'A', 'A', 'A', 'A', 'A', 'A', 'A', 'AA', 'A', 'A', 'A', 'A', 'A', 'A', 'A', 'A', 'A', 'A', 'A', 'A', 'A', 'A', 'A', 'AA', 'A', 'A', 'A', 'A', 'A', 'AA', 'A', 'A', 'A', 'A', 'A', 'A', 'A', 'A', 'A', 'A', 'A', 'A', 'A', 'A', 'A', 'A', 'A', 'A', 'A', 'A', 'A', 'A', 'A', 'A', 'A', 'A', 'A', 'A', 'A', 'A', 'A', 'A', 'A', 'A', 'A', 'A', 'A', 'A', 'A', 'A', 'A', 'A', 'A', 'AA', 'A', 'AA', 'A', 'A', 'AA', 'A', 'A', 'AA', 'A', 'A', 'AA', 'A', 'AA', 'A', 'AA', 'A', 'A', 'A', 'A', 'A', 'A', 'A', 'A', 'A', 'A', 'A', 'A', 'A', 'A', 'AA', 'A', 'A', 'A', 'A', 'A', 'AA', 'A', 'A', 'A', 'A', 'A', 'A', 'A', 'A', 'A', 'A', 'A', 'A', 'A', 'A', 'AA', 'A', 'AA', 'A', 'A', 'A', 'AA', 'A', 'A', 'A', 'A', 'A', 'A', 'A', 'A', 'A', 'AA', 'A', 'A', 'AA', 'A', 'AA', 'A', 'A', 'AA', 'A', 'AA', 'A', 'A', 'A', 'AA', 'A', 'A']	246
ENST00000373789:8	['AAA', 'A', 'AAAA', 'AAAAA', 'AAAAAAAAA', 'AA', 'AAAA', 'AA', 'AA', 'AAAAA', 'AAAAA']	11
ENST00000373795:3	['A', 'A', 'A', 'A', 'A', 'A', 'A', 'A', 'A', 'A', 'A', 'A', 'A', 'A', 'A', 'A', 'A', 'A', 'A', 'A', 'A', 'A', 'A', 'A', 'A', 'A', 'A', 'A', 'A', 'A', 'A', 'A', 'A', 'AA', 'A', 'A', 'A', 'A', 'AA', 'A', 'A', 'A', 'A', 'A', 'A', 'A', 'A', 'A', 'A', 'A', 'A', 'A', 'A', 'A', 'A', 'A', 'A', 'A', 'A', 'A', 'A', 'A', 'A', 'A', 'A', 'A', 'A', 'A', 'A', 'A', 'A', 'A', 'A', 'A', 'A', 'A', 'A', 'A', 'A', 'A', 'A', 'A', 'A', 'A', 'A', 'A', 'A', 'A', 'A', 'A', 'A', 'A', 'A', 'A', 'A', 'A', 'A', 'A', 'A', 'A', 'A', 'A', 'A', 'A', 'A', 'A', 'A', 'A', 'A', 'A']	110
ENST00000373825:13	['A', 'A', 'A', 'A', 'A', 'A', 'A', 'A', 'A', 'A', 'A', 'A', 'A', 'AA', 'A', 'A', 'AA', 'AA', 'A', 'A', 'A', 'A', 'A', 'A', 'AA', 'AA', 'A', 'A', 'A', 'A', 'A', 'A', 'AA', 'A', 'A', 'A', 'A', 'AA', 'AA', 'A', 'A', 'AA', 'A', 'A', 'A', 'A', 'A', 'A', 'AA', 'A', 'A', 'A', 'A', 'A', 'A', 'A', 'A', 'A', 'AA', 'A', 'A', 'A', 'A', 'A', 'AA', 'AA', 'A', 'A', 'A', 'A', 'AA', 'A', 'A', 'A', 'A', 'A', 'A', 'A', 'A', 'A', 'A', 'AA', 'A', 'AA', 'A', 'A', 'A', 'A', 'AA', 'A', 'A', 'A', 'A', 'A', 'A', 'A', 'A', 'A', 'A', 'A', 'A', 'A', 'A', 'AA', 'AA', 'AA', 'A', 'AA', 'A', 'A', 'A', 'AA', 'A', 'A', 'AAA', 'A', 'A', 'A', 'A', 'A', 'A', 'A', 'A', 'A', 'A', 'A', 'A', 'AA', 'A', 'A', 'A', 'A', 'A', 'A', 'A', 'A', 'A', 'A', 'A', 'A', 'A', 'A', 'A', 'A', 'A', 'A', 'AA', 'A', 'AA', 'AA', 'A']	151
ENST00000373832:7	['C', 'C', 'C', 'C']	4
ENST00000373840:2	['A', 'A', 'A', 'A', 'A', 'A', 'A', 'A', 'A', 'A', 'A', 'A', 'A', 'A', 'A', 'A', 'A', 'A', 'A', 'A', 'A', 'A', 'A', 'AA', 'A', 'A', 'A', 'A', 'A', 'A', 'AA', 'A', 'A', 'A', 'A', 'AA', 'A', 'A', 'A', 'A', 'A', 'AA', 'A', 'A', 'A', 'A']	46
ENST00000373894:1	['AGCACTGGG', 'AGCACTGGG']	2
ENST00000373896:5	['G', 'G', 'G']	3
ENST00000373912:8	['AGAA', 'AGAA']	2
ENST00000373935:3	['TT']	1
ENST00000373935:4	['A', 'A', 'A', 'A', 'A', 'A', 'A', 'A', 'A', 'A', 'A', 'A', 'A', 'A', 'A', 'A', 'A', 'A']	18
ENST00000373953:5	['C', 'C', 'C', 'C']	4
ENST00000373985:2	['T', 'T']	2
ENST00000373985:5	['T', 'T']	2
ENST00000373993:3	['A']	1
ENST00000374012:11	['T', 'T', 'T', 'T', 'T', 'T', 'T']	7
ENST00000374012:6	['T', 'T', 'T', 'T']	4
ENST00000374193:10	['G', 'G', 'G', 'G', 'G', 'G', 'G', 'G', 'G', 'G', 'G', 'G', 'G', 'G']	14
ENST00000374201:21	['AAAC']	1
ENST00000374201:8	['G']	1
ENST00000374242:2	['A', 'A', 'A', 'A', 'A', 'A', 'A', 'A', 'A', 'A', 'A', 'A', 'A', 'A', 'A', 'A', 'A', 'A', 'A', 'A', 'A', 'A', 'A', 'A', 'A', 'A', 'A', 'A']	28
ENST00000374253:20	['G', 'G', 'G']	3
ENST00000374270:8	['AAA']	1
ENST00000374279:4	['T', 'T']	2
ENST00000374316:38	['C']	1
ENST00000374362:22	['T', 'T', 'T', 'T', 'T', 'T', 'T', 'T', 'T', 'T', 'T', 'T']	12
ENST00000374408:1	['G', 'G', 'G', 'G', 'G']	5
ENST00000374434:26	['AC', 'AC']	2
ENST00000374469:11	['A', 'A', 'A', 'A', 'A', 'A', 'A', 'A', 'A', 'A', 'A', 'A', 'A', 'A', 'A', 'A', 'A', 'A', 'A', 'A', 'A', 'A', 'A', 'A', 'A', 'A', 'A', 'A', 'A', 'A', 'A', 'A', 'A', 'A', 'A', 'A', 'A']	37
ENST00000374469:24	['T', 'T']	2
ENST00000374469:42	['A', 'A']	2
ENST00000374469:45	['AAAAAAAAAA', 'AAAAAAAAAAAAAA', 'AAAAAAAAAAAA', 'AAAAAAAAAAAAAA', 'AAAAAAAAAAAA', 'AAAAAAAAAAA', 'AAAAAAAAA', 'AAAAAAAA', 'AAAAAAAAA', 'AAAAAAAAA', 'AAAAAAAAAA', 'AAAAAAAAAA', 'AAAAAA', 'AAAAAAAAA', 'AAAAAAAAA', 'AAAAAAAAAAA', 'AAAAAAAAA', 'AAAAAAAAA', 'AAAAAAAAA', 'AAAAAA', 'AAAAAAAAAAAAAAA', 'AAAAAAAAAAA', 'AAAAAAAAAA']	23
ENST00000374469:47	['AA', 'AAA', 'AA', 'A', 'AAA', 'AA', 'AA', 'AAA', 'AAA', 'AAA', 'AAAA', 'AA', 'AAA', 'AAA', 'AAA', 'AAAA', 'AA', 'AA', 'AA', 'AA', 'AA', 'AAA', 'AA', 'AA', 'AAAAA', 'AA', 'AA', 'AAA', 'AA', 'AA', 'AAAA', 'AAAAA', 'AAAA', 'AAA', 'AAAA', 'AA', 'AA', 'AAA', 'AA', 'AA', 'AAA', 'AA', 'AAAA', 'A', 'AA', 'AAAA', 'AAA', 'A', 'AA', 'AA', 'AAA', 'AA', 'AAA', 'AAA', 'AA', 'AAA', 'AAAAA', 'AAA', 'AAA', 'AAAAA', 'AAA', 'AAAA', 'AAA', 'AAAAA', 'AAAA', 'AAAA', 'AAAAA', 'AA', 'A', 'AA', 'A', 'AA', 'AA', 'A']	74
ENST00000374492:7	['T', 'T']	2
ENST00000374514:9	['AGG', 'AGG']	2
ENST00000374541:11	['GGGA']	1
ENST00000374566:13	['AAAC', 'AAAC']	2
ENST00000374566:25	['A', 'A', 'A', 'A', 'A', 'A', 'A', 'A', 'A', 'A', 'A', 'A', 'A', 'A', 'A', 'A', 'A', 'A', 'A', 'A', 'A', 'A', 'A', 'A', 'A', 'A', 'A', 'A', 'A', 'A', 'A', 'A', 'A', 'A', 'A', 'A', 'A', 'A', 'A', 'A', 'A', 'A', 'A']	43
ENST00000374580:9	['AAC', 'AAC']	2
ENST00000374586:17	['A', 'A', 'A', 'A']	4
ENST00000374586:5	['A', 'A', 'A', 'A', 'A', 'A', 'A', 'A', 'A', 'A', 'A', 'A', 'A', 'A', 'A', 'A', 'A', 'A', 'A', 'A', 'A', 'A']	22
ENST00000374647:14	['A', 'A', 'A', 'A', 'A', 'A', 'A', 'A', 'A', 'A', 'A', 'A', 'A', 'A', 'A', 'A', 'A', 'A', 'A', 'A', 'A', 'A', 'A', 'A', 'A', 'A', 'A', 'A', 'A', 'A', 'A', 'A', 'A', 'A', 'A', 'A', 'A', 'A', 'A', 'A', 'A', 'A', 'A', 'A', 'A', 'A', 'A', 'A', 'A', 'A', 'A', 'A', 'A', 'A', 'A', 'A', 'A', 'A', 'A', 'A', 'A', 'A', 'A', 'A', 'A', 'A', 'A', 'A', 'A', 'A', 'A', 'A', 'A', 'A', 'A', 'A', 'A', 'A', 'A', 'A', 'A', 'A', 'A', 'A', 'A', 'A', 'A', 'A', 'A', 'A', 'A', 'A', 'A', 'A', 'A', 'A', 'A', 'A', 'A', 'A', 'A', 'A', 'A', 'A', 'A', 'A', 'A', 'A', 'A', 'A', 'A', 'A', 'A', 'A', 'A', 'A', 'A', 'A', 'A', 'A', 'A', 'A', 'A', 'A', 'A', 'A', 'A', 'A', 'A', 'A', 'A', 'A', 'A', 'A', 'A', 'A', 'A', 'A', 'A', 'A', 'A']	141
ENST00000374647:21	['A', 'A', 'A', 'A', 'A', 'A', 'A', 'A', 'A', 'A', 'A', 'A', 'A', 'A', 'A', 'A', 'A', 'A']	18
ENST00000374700:7	['T']	1
ENST00000374708:17	['GGA']	1
ENST00000374708:32	['G', 'G', 'G', 'G']	4
ENST00000374708:62	['GAGA', 'GAGA']	2
ENST00000374736:39	['AAAAA', 'AAA', 'AAA', 'AAAA', 'AAA', 'AAA', 'AAA', 'AAA', 'AAAAA', 'AAA', 'AAA', 'AAAAA', 'AAAAAA', 'AAAAA', 'AAAA', 'AAAA', 'AAAAAA', 'AAAAAA', 'AAAAA', 'AAAAA', 'AAAA', 'AAAA', 'AAAAAA', 'AAAAAAAA', 'AAAA', 'AAAAAAAA', 'AAAA', 'AA', 'AAAAA', 'AAAA', 'AAA', 'AAA', 'AAAA', 'AAAAA', 'AAA', 'A', 'AAAAA', 'AA', 'AAA', 'AAAAA', 'AAAAA', 'AAA', 'AAA', 'AAA', 'AA', 'AAA', 'AAAAAAA', 'AAAA', 'AAA', 'AAA', 'AAAAA', 'AAA', 'AAA', 'AAAA', 'AAA', 'AAAAAA', 'AAAA', 'AAA', 'AAA', 'AAAAA', 'AAA', 'AAAA', 'A', 'AA', 'AAA', 'AAAAAAA']	66
ENST00000374736:41	['GGG']	1
ENST00000374737:6	['A', 'A', 'A', 'A']	4
ENST00000374748:17	['AAAA', 'AAAA', 'AAA', 'AA', 'AAA', 'AA', 'AAA', 'AAA', 'AAA', 'AAAA', 'AAA', 'AAA', 'AAAA', 'AA', 'AAA', 'AAAA', 'AAA', 'AA', 'AAA', 'AAA', 'AA', 'AAA', 'AAAA', 'AAAAA', 'AAAA', 'AAAA', 'AAAAA', 'AAA', 'AAAA', 'AAAA', 'AA', 'AA', 'AA', 'AAAA', 'AAA', 'AA', 'AAA', 'AAAA', 'AAA', 'AAA', 'AA', 'AA', 'AAA', 'AAAA', 'AA', 'AAAA', 'AAA', 'AAA', 'AA', 'AAAA', 'AAAA', 'AAA', 'A', 'AAA', 'AAAA', 'AAA', 'AAAA', 'AAAA', 'A', 'AAA', 'AA', 'AA', 'AAA', 'AA', 'AA', 'AAA', 'AA', 'AAA', 'AA', 'AAA', 'AAAA', 'AA', 'AAAA', 'AAAA', 'AAAA', 'AAAA', 'AAAA', 'AAA', 'AAA', 'AAA', 'AA', 'AAAA', 'AAAA', 'A', 'AAAA', 'A', 'A', 'AA', 'TAAAAAA', 'AAAA', 'AAA', 'AAA', 'A', 'AAA', 'AAAA', 'AAAA', 'A', 'AA', 'AA', 'A', 'AAA', 'AAAA', 'AAAAAA', 'AAAAA', 'AAAAA', 'AAA', 'AAAAA', 'AAAA', 'AAAA', 'AAA', 'AAAAA', 'AAAAAAA', 'AAAA', 'AAAAAA', 'AAA', 'AA', 'AAAAA', 'AAAAA', 'AAAA', 'AAA', 'AAAAA', 'AAAAAA', 'AAAA', 'AAA', 'AAAAA', 'AAAA', 'AAAAA', 'AAAAAA', 'AAA', 'AA', 'AAAA', 'AAAAAA', 'AAA', 'AAA', 'AAAA', 'AAAA', 'AAAAAA', 'AA', 'AAAAA', 'AAAAA', 'AAAAAAA', 'AAAAA', 'AAAA', 'AAAAAAA', 'AAA', 'AAA', 'AAAAA', 'AAA', 'AA', 'AAA', 'AAAAA', 'AAAA', 'AAA', 'AA', 'AAAAA', 'AAAA', 'AAAAAAA', 'AAA', 'AAAAAAA', 'AAA', 'AAAA', 'AAAAAA', 'AAAAAA', 'AAAAAA', 'AAAAAA', 'AAA', 'AA', 'AAA', 'AAAA', 'AA', 'AAA', 'AAAA', 'AAAAA', 'AAAAAA', 'A']	175
ENST00000374786:1	['C']	1
ENST00000374811:4	['G', 'G', 'G', 'G']	4
ENST00000374825:5	['TTTTTTCT']	1
ENST00000374832:5	['G']	1
ENST00000374852:4	['AAAATA']	1
ENST00000374866:14	['A', 'A', 'A', 'A', 'A', 'A', 'A', 'A', 'A', 'A', 'A', 'A', 'A', 'A', 'A', 'A', 'A', 'A', 'A', 'A', 'A', 'A', 'A', 'A', 'A', 'A', 'A', 'A', 'A', 'A', 'A', 'A', 'A', 'A', 'A', 'A', 'A', 'A', 'A', 'A', 'A', 'A', 'A', 'A', 'A', 'A', 'A', 'A', 'A', 'A', 'A', 'A', 'A', 'A', 'A', 'A', 'A', 'A', 'A', 'A', 'A', 'A', 'A', 'A', 'A', 'A', 'A', 'A', 'A', 'A', 'A', 'A', 'A', 'A', 'A', 'A', 'A', 'A', 'A', 'A', 'A', 'A', 'A', 'A', 'A', 'A', 'A', 'A', 'A', 'A', 'A', 'A', 'A', 'A', 'A', 'A', 'A', 'A', 'A', 'A', 'A', 'A', 'A', 'A', 'A', 'A', 'A', 'A', 'A', 'A', 'A', 'A', 'A', 'A', 'A', 'AA', 'A', 'A', 'A', 'AA', 'A', 'A', 'A']	123
ENST00000374866:21	['A', 'A', 'A', 'A']	4
ENST00000374897:3	['ACCT', 'ACCT']	2
ENST00000374902:9	['A', 'A', 'A', 'A']	4
ENST00000375001:17	['AAAAAAAAAAAAA', 'AAAAAAAAAAAA', 'AAAAAAAAA', 'AAAAAAAAAA', 'AAAAAAAAAAAAAAA', 'AAAAAAAAAAA', 'AAAAAAAAAAAAAAAA', 'AAAAAAAAAAAAAAAA', 'AAAAAAAAAAA', 'AAAAAAAAAAAAAA', 'AAAAAAAA', 'AAAAAAAAAAAAA', 'AAAAAAAAAAAA', 'AAAAAAAAAAAAAAA', 'AAAAAAAAAAAAAAAAA', 'AAAAAAAAAAAA', 'AAAAAAAAAAAAAAAAA', 'AAAAAAAAAAAAA', 'AAAAAAAAAAAAA', 'AAAAAAAAAAAAAA', 'AAAAAAAAAAAA', 'AAAAAAAAAAAA', 'AAAAAAAAAAAAAAAA', 'AAAAAAAAAAAAAAAAA', 'AAAAAAAAAAA', 'AAAAAAAAAAAAA', 'AAAAAAAAAAA', 'AAAAAAAAAAAAAAAA', 'AAAAAAAAAAAA', 'AAAAAAAAAAA', 'AAAAAAAAAAAAA', 'AAAAAAA', 'AAAAAAAAAAAAAAAA', 'AAAAAAAAAAAAAAAA', 'AAAAAAAA', 'AAAAAAAAA', 'AAAAAAAAAAAAAAAA', 'AAAAAAAAAAAA', 'AAA', 'AAAAAAAAAAAAAAAA', 'AAAAAAAAAAAAAAAA', 'AAAAAAAAAAAAAAAA', 'AAAAAAAAAAA', 'AAAAAAAAAAAAA', 'AAAAAAAAAAAAA', 'AAAAAAAAAAAA', 'AAAAAAAAAAA', 'AAAAAAAAAAA', 'AAAAAAAAAAAAA', 'AAAAAAAAAAA', 'AAAAAAAAAA', 'AAAAAAAAAAAAA', 'AAAAAAAAAAAA', 'AAAAAAAAAAA', 'AAAAAAAA', 'AAAAAAAAAAA', 'AAA', 'AAAAAAAAAAAA', 'AAAAAAAAAAAA', 'AAAAAAAAAAAAAAA', 'AAAAAAAAAAAA', 'AAAAAAAAAAAAA', 'AAAAAAAAAAAAAA', 'AAAAAAAAAAAAAAA', 'AAAAAAAAAAAAAAA', 'AAAAAAAAAAAAAAA', 'AAAAAAAAAAAAAAA', 'AAAAAAAAAAAAAAA', 'AAAAAAAAAA', 'AAAAAAAAAAAAA', 'AAAAAAAAAAAAA', 'AAAAAAAAAAAAAAAA', 'AAAAAAAAAAAAAAAA', 'AAAAAAAAAAAAAAAA', 'AAAAAAAAAAAAA', 'AAAAAAAAAAAAA', 'AAAAAAAAAAAAAA', 'AAAAAAAAAAAAAAA', 'AAAAAAAAAAAAAA', 'AAAAAAAAAAAAAA', 'AAAAAAAAAAAAAA', 'AAAAAAAAAAAAAAAA', 'AAAAAAAAAAAAAAAA', 'AAAAAAAAAAAAA', 'AAAAAAAAAAAAAA', 'AAAAAAAAAAAAAAA', 'AAAAAAAAAAAAA', 'AAAAAAAA', 'AAAAAAAAAAAAAAA']	89
ENST00000375006:13	['GA']	1
ENST00000375006:9	['A', 'A']	2
ENST00000375050:4	['GAG']	1
ENST00000375078:1	['A', 'A', 'A', 'A', 'A', 'A', 'A', 'A', 'A', 'A', 'A', 'A', 'A', 'A', 'A', 'A', 'A', 'A', 'A', 'A', 'A', 'A', 'A']	23
ENST00000375116:1	['GAGAGG', 'GAGAGG', 'GAGAGG', 'GAGAGG', 'GAGAGG']	5
ENST00000375119:2	['AAAAC']	1
ENST00000375128:5	['A', 'A', 'A', 'A', 'A', 'A', 'AA', 'A', 'A', 'A', 'A', 'A', 'A', 'A']	14
ENST00000375147:17	['GGTATTTTTTTCCCATCATTATCAAAA']	1
ENST00000375180:12	['T']	1
ENST00000375180:7	['A', 'A']	2
ENST00000375254:25	['A', 'A', 'A', 'A']	4
ENST00000375318:2	['G', 'G', 'G', 'G', 'G', 'G']	6
ENST00000375327:3	['A']	1
ENST00000375327:4	['C', 'C']	2
ENST00000375333:6	['CTC', 'CTC', 'CTC', 'CTC', 'CTC', 'CTC', 'CTC']	7
ENST00000375344:10	['A']	1
ENST00000375394:27	['GC']	1
ENST00000375394:3	['TTACTATTTTTCTCTCC']	1
ENST00000375394:5	['GG']	1
ENST00000375401:16	['A', 'A']	2
ENST00000375412:1	['A', 'A', 'A', 'A', 'A', 'A']	6
ENST00000375440:3	['T', 'T', 'T', 'T', 'T', 'T', 'T', 'T', 'T', 'T', 'T', 'T', 'T', 'T']	14
ENST00000375486:11	['AGGG', 'AGGG']	2
ENST00000375495:2	['AA', 'AA', 'AA', 'A', 'AA', 'AA', 'AAA', 'AAA', 'AA', 'AAA', 'AA', 'AA', 'AA', 'AA', 'A', 'A', 'AA', 'AA', 'A', 'A', 'A', 'A', 'A', 'AA', 'A', 'A', 'AA', 'AA', 'AA', 'A', 'AAA', 'AA', 'AAA', 'AA', 'AAA', 'AA', 'AA', 'AA', 'A', 'AAA', 'AA', 'AA', 'AA', 'A', 'AAA', 'A', 'A', 'A', 'AAA', 'AA', 'A', 'AAA', 'A', 'A', 'AAA', 'AAA', 'AA', 'A', 'AA', 'AAA', 'A', 'AAA', 'AA', 'AA', 'AA', 'AA', 'AAA', 'AAA', 'A', 'AA', 'AA', 'AA', 'A', 'AAA', 'AAA', 'AA', 'A', 'A', 'AA', 'A', 'A', 'AAA', 'AAA', 'A', 'AA', 'AAA', 'A', 'A', 'A', 'AAA', 'AA', 'AA', 'AA', 'A', 'AA', 'A', 'AA', 'A', 'A', 'A', 'A', 'A', 'A', 'AA', 'A', 'AA', 'AA', 'AA', 'A', 'AA', 'AA', 'A', 'AA', 'AA', 'AA', 'A', 'A', 'A', 'AAA', 'AA', 'AA', 'AA', 'AA', 'AA', 'AA', 'A', 'AA', 'A', 'AA', 'A', 'AA', 'A', 'AA', 'AAA', 'AA', 'AA', 'A', 'A', 'AAA', 'AAA', 'A', 'AA', 'AA', 'A', 'A', 'AAA', 'A', 'AAA', 'A', 'AA', 'AA', 'AA', 'AA', 'AA', 'AA', 'A', 'A', 'AAA', 'AAAA', 'A', 'AA', 'A', 'AA', 'AA']	164
ENST00000375495:4	['A']	1
ENST00000375571:4	['A', 'A', 'A', 'A', 'A', 'A', 'A', 'A']	8
ENST00000375599:2	['G', 'G']	2
ENST00000375608:8	['G', 'G', 'G', 'G']	4
ENST00000375615:4	['A']	1
ENST00000375618:1	['T', 'T']	2
ENST00000375643:11	['A', 'A', 'A', 'A', 'A', 'A', 'A', 'A', 'A', 'A', 'A', 'A', 'A', 'A', 'A', 'A', 'A', 'A', 'A', 'A', 'A', 'A']	22
ENST00000375643:16	['A', 'A', 'A', 'A', 'A', 'A', 'A', 'A']	8
ENST00000375645:22	['A', 'A']	2
ENST00000375679:17	['C', 'C']	2
ENST00000375688:4	['CT']	1
ENST00000375735:24	['G']	1
ENST00000375735:36	['G', 'TTGATTATTC']	2
ENST00000375735:56	['T']	1
ENST00000375735:82	['A', 'A', 'A', 'A', 'A', 'A', 'A', 'A', 'A', 'A', 'A', 'A', 'A', 'A', 'A', 'A', 'A', 'A', 'A', 'A', 'A', 'A', 'A', 'A', 'A', 'A', 'A', 'A', 'A', 'A', 'A', 'A', 'A', 'A', 'A', 'A', 'A', 'A', 'A', 'A', 'A', 'A', 'A', 'A', 'A', 'A', 'A', 'A', 'A', 'A', 'A', 'A']	52
ENST00000375735:83	['T', 'T']	2
ENST00000375741:14	['T']	1
ENST00000375749:4	['AC']	1
ENST00000375759:9	['A', 'CAGAATGACTTTAAA']	2
ENST00000375782:5	['C']	1
ENST00000375787:5	['AGA', 'AGA']	2
ENST00000375799:1	['TTTC', 'TTTC', 'TTTC', 'TTTC', 'TTTC', 'TTTC', 'TTC', 'TTTC', 'TTTC', 'TTC', 'TTC', 'TTTC', 'TTC', 'TTC', 'TTC', 'TTC', 'C']	17
ENST00000375799:16	['G']	1
ENST00000375820:38	['A', 'A', 'A', 'A', 'A', 'A', 'A', 'A']	8
ENST00000375847:14	['TG', 'TG', 'TG', 'TG', 'TG', 'TG', 'TG', 'TG', 'TG', 'TG', 'TG', 'TG', 'TG', 'TG', 'TG', 'TG', 'TG', 'TG', 'TG', 'TG', 'TG', 'TG', 'TG', 'TG', 'TG', 'TG', 'TG', 'TG', 'TG', 'TG', 'TG', 'TG', 'TG', 'TG', 'TG', 'TG', 'TG', 'TG', 'TG', 'TG', 'TG', 'TG', 'TG', 'TG', 'TG', 'TG', 'TG', 'TG', 'TG', 'TG', 'TG', 'TG', 'TG', 'TG', 'TG', 'TG', 'TG', 'TG', 'TG', 'TG', 'TG', 'TG', 'TG', 'TG', 'TG', 'TG', 'TG', 'TG', 'TG', 'TG', 'TG', 'TG', 'TG', 'TG', 'TG', 'TG', 'TG', 'TG', 'TG', 'TG', 'TG', 'TG', 'TG', 'TG', 'TG', 'TG', 'TG', 'TG', 'TG', 'TG', 'TG', 'TG', 'TG', 'TG', 'TG', 'TG', 'TG', 'TG', 'TG', 'TG']	100
ENST00000375915:1	['A', 'A', 'A', 'A']	4
ENST00000375936:1	['T', 'T']	2
ENST00000375949:3	['G', 'G', 'G', 'G']	4
ENST00000375963:12	['A', 'A', 'A', 'A', 'A', 'A', 'A', 'A']	8
ENST00000376001:1	['A', 'A', 'A', 'A', 'A', 'A']	6
ENST00000376004:1	['ACTT', 'ACTT']	2
ENST00000376065:2	['CTTTTGT', 'CTTTTGT']	2
ENST00000376065:24	['A']	1
ENST00000376087:11	['AGA']	1
ENST00000376087:18	['AAA', 'A', 'AAA', 'A', 'A', 'AA', 'AA', 'A', 'AAAA', 'AAA', 'AAA', 'AAA', 'A', 'A', 'AAA', 'AA', 'AA', 'AA', 'AA', 'AA', 'AA', 'AAA', 'AA', 'AAA', 'AA', 'AAA', 'AA', 'AAAA', 'AAA', 'AA', 'AA', 'A', 'AAA', 'AAA', 'AA', 'AA', 'AA', 'A', 'AA', 'AA', 'AA', 'AA', 'AAA', 'AAA', 'A', 'AA', 'A', 'AA', 'AA', 'AA', 'AAAA', 'AA', 'AAA', 'AAA', 'AAA', 'AA', 'AA', 'AAA', 'AAA', 'A', 'AA', 'AA', 'AA', 'A', 'A', 'AAA', 'AA', 'AA', 'AAA', 'AA', 'AA', 'AAA', 'A', 'AAA', 'AAA', 'A', 'A', 'AA', 'AAA', 'A', 'AA', 'AAA', 'AAA', 'AAA', 'AAAA', 'AAA', 'AAA', 'A', 'A', 'AAA', 'A', 'AA', 'AAA', 'AAA', 'AAA', 'AA', 'AA', 'AAA', 'A', 'A', 'A', 'AAA', 'AA', 'AA', 'A', 'A', 'AA', 'AA', 'AA', 'AA', 'A', 'AAA', 'A', 'AAA', 'AA', 'AA', 'AA', 'AAAA', 'A', 'AAA', 'AA', 'AA', 'AAA', 'AA', 'AA', 'AAA', 'A', 'A', 'AA', 'AA', 'A', 'AAA', 'A', 'AAA', 'AA', 'AA', 'AAA', 'AAA', 'AAA', 'A', 'A', 'AAA', 'AAA', 'AA', 'AAA', 'AAA', 'AA', 'AAA', 'AAA', 'AAA', 'AA', 'AA', 'AAA', 'AAA', 'AA', 'AAA', 'A', 'AA', 'AA', 'AA', 'AA', 'A', 'AA', 'A', 'AA', 'A', 'A', 'A', 'A', 'AAA', 'AAA', 'A', 'AAA', 'AAAA', 'A', 'A', 'AAA', 'AAA', 'A', 'A', 'AA', 'AAA', 'AA', 'A', 'A', 'AAA', 'AA', 'AA', 'AA', 'AA', 'AA', 'AA', 'AAA', 'AA', 'AA', 'AAA', 'A', 'AA', 'A', 'AAA', 'AA', 'AAA', 'AA', 'AA', 'A', 'AAA', 'A', 'AAA', 'AA', 'A', 'AA', 'A', 'A', 'AAA', 'A', 'A', 'AA', 'AA', 'A', 'A', 'AA', 'A', 'AAA', 'AAA', 'A', 'AAAA', 'A', 'AAA', 'AAA', 'AA', 'A', 'AAA', 'AAAA', 'AA', 'A', 'AAA', 'A', 'AA', 'AA', 'AAAA', 'A', 'AAA', 'AAAA', 'AAA', 'A', 'AAA', 'A', 'AA', 'AA', 'A', 'AA', 'AAA', 'AA', 'A', 'AAA', 'AA', 'AA', 'AA', 'AAA', 'AAA', 'AA', 'AA', 'A', 'AA', 'AA', 'A', 'AAA', 'AAA', 'AAA', 'A', 'AAA', 'AA', 'AA', 'AAA', 'AAA']	275
ENST00000376150:4	['AAAAAAAAAAAAAAAA']	1
ENST00000376191:1	['G', 'G']	2
ENST00000376217:2	['A', 'A', 'A', 'A', 'A', 'A', 'A', 'AA', 'A', 'A', 'A', 'A', 'A']	13
ENST00000376228:1	['G']	1
ENST00000376234:1	['A']	1
ENST00000376234:4	['A', 'A', 'A']	3
ENST00000376236:10	['AAAAA', 'AA', 'AAA', 'AAA', 'AAAAAA', 'AA', 'AAA', 'AAAA', 'AAAA', 'AAAA', 'AAA', 'AAA', 'AAA', 'AAAA', 'AA', 'AA', 'AAAA', 'AAA', 'AAAA', 'AAA', 'AA', 'A', 'AAAA', 'AAAA', 'AAA', 'AAA', 'AA', 'AA', 'A', 'AAA', 'AAAAA', 'AAAA', 'AA', 'AAA', 'AAAAAA', 'AAAAA', 'AA', 'AAA', 'AAAAAA', 'AA', 'AA', 'AAAAAA', 'AAA', 'AAA', 'AA', 'AA', 'AA', 'AAA', 'AA', 'AAAA', 'AAA', 'AAA', 'AAAA', 'AA', 'AAA', 'A', 'AA', 'AAA', 'AAAA', 'AAA', 'AAAAA', 'AAAA', 'AAAAAA', 'AAAAAAAA', 'AAA', 'AA', 'AAA', 'AAAAA', 'AAAAA', 'AA', 'AAA', 'A', 'A', 'AAAAA', 'AAAA', 'AAAA', 'AAAAA', 'AA', 'AAAAA', 'AA', 'A', 'AAAA', 'AAA', 'AAA', 'A', 'AAAA', 'AAAA', 'A', 'AA', 'AAAA', 'AAAAA', 'AA', 'AAAA', 'AAA', 'A', 'AAAAA', 'G', 'G', 'AA', 'AAA', 'AA', 'AA', 'AA', 'A', 'AA', 'AAAA', 'AA', 'AA', 'AAA', 'AA', 'AAA', 'AAAAAAA', 'AA', 'AA', 'AAA', 'AAA', 'AA', 'A', 'AAA', 'AAAA', 'AA', 'AAA', 'AA', 'A', 'AAAA', 'AAA', 'AA', 'A', 'AA', 'A', 'AA', 'A', 'A', 'A', 'A', 'A', 'A', 'AAA', 'A', 'AA', 'AAA', 'AAA', 'A', 'AA', 'AA', 'AA', 'AA', 'AAAA', 'AA', 'AAA', 'A', 'AA', 'AA', 'AA', 'A', 'AA', 'A', 'AAA', 'A', 'A', 'AA', 'AAA', 'A', 'AAA', 'AAA', 'AA', 'AA', 'AA', 'AA', 'AA', 'AAA', 'A', 'AAA', 'AA', 'A', 'AA', 'AA', 'A', 'A', 'AAAA', 'AA', 'AAAA', 'AA', 'AA', 'AAAA', 'A', 'G']	187
ENST00000376255:3	['CTTC', 'CTTC', 'CTTC']	3
ENST00000376265:17	['C']	1
ENST00000376327:4	['GT', 'GT', 'GT', 'GT', 'GT', 'GT', 'GT']	7
ENST00000376350:16	['GGA']	1
ENST00000376350:5	['A', 'A', 'A', 'A', 'A', 'A', 'A', 'A', 'A', 'A', 'A', 'A', 'A', 'A']	14
ENST00000376371:12	['AA', 'AA', 'AA', 'AAA', 'AA', 'AAAAA', 'AA', 'AAA', 'AAAAA', 'AA', 'AA', 'AA', 'AA', 'AA', 'A', 'AAA', 'AAA', 'AAAA', 'AA', 'AAA', 'AA', 'AA', 'A', 'AA', 'A', 'AA', 'AA', 'AAA', 'AAA', 'A', 'AA', 'AA', 'AAA', 'AA', 'AAA', 'AAA', 'AA', 'AAAA', 'AAAA', 'AAA', 'AAA', 'AA', 'A', 'AAA', 'AAA', 'A', 'AAAA', 'AAA', 'AA', 'AAA', 'A', 'AAA', 'AA', 'AAA', 'AA', 'AA', 'AA', 'AAA', 'AA', 'AAA', 'AAA', 'AA', 'AA', 'A', 'AAAA', 'AAA', 'AA', 'AAAA', 'AAA', 'AA', 'A', 'A', 'AA', 'A', 'A', 'AAA', 'AA', 'AA', 'AAA', 'AAAA', 'AAA', 'AA', 'AA', 'AA', 'AAA', 'AA', 'AAA', 'A', 'AA', 'AA', 'AAA', 'AAA', 'AA', 'AAA', 'AAAA', 'AAA', 'AA', 'AAA', 'AAAAA', 'A', 'AAA', 'AAA', 'AAAA', 'AA', 'A', 'A', 'A', 'AAA', 'AAA', 'AA', 'A']	111
ENST00000376371:4	['A', 'A', 'A', 'A', 'A', 'A', 'A', 'A', 'A', 'A', 'A', 'A', 'A', 'A', 'A', 'A', 'A', 'A', 'A', 'A', 'A', 'A', 'A', 'A', 'A', 'A', 'A', 'A', 'A', 'A', 'A', 'A', 'A', 'A', 'A', 'A', 'A', 'A', 'A', 'A', 'A', 'A', 'A', 'A', 'A', 'A', 'A', 'A', 'A', 'A', 'A', 'A', 'A', 'A', 'A', 'A', 'A', 'A', 'AA', 'A', 'A', 'A', 'A', 'A', 'A', 'A', 'A', 'A', 'A', 'A', 'A', 'A', 'A', 'A', 'A', 'A', 'A', 'A', 'A', 'A', 'A', 'A', 'A', 'A', 'A', 'A', 'A', 'A', 'AA']	89
ENST00000376389:3	['A', 'A']	2
ENST00000376442:19	['CTC', 'CTC']	2
ENST00000376442:9	['GGAGGGAATA']	1
ENST00000376447:11	['G', 'G', 'G', 'G']	4
ENST00000376447:3	['A', 'A', 'A', 'A', 'A', 'A', 'A', 'A', 'A', 'A', 'A', 'A', 'A', 'A', 'A', 'A', 'A']	17
ENST00000376460:21	['A', 'A', 'A', 'A', 'A', 'A', 'A', 'A', 'A', 'A', 'A', 'A', 'A', 'A', 'A', 'A', 'A', 'A', 'A', 'A', 'A', 'AA', 'A', 'A', 'A', 'A', 'A', 'A', 'A', 'A', 'A', 'A', 'A', 'A', 'A', 'A', 'A', 'A', 'A', 'A', 'A', 'A', 'A', 'A', 'A', 'A', 'A', 'A', 'A', 'AA', 'A', 'A', 'A', 'A', 'AA', 'A', 'A', 'A', 'A', 'A', 'A', 'A', 'A', 'A', 'A', 'A', 'A', 'A', 'A', 'A', 'A']	71
ENST00000376485:8	['A', 'A']	2
ENST00000376499:6	['TGG', 'TGG', 'TGG']	3
ENST00000376560:2	['C', 'C', 'C', 'C', 'C', 'C', 'C', 'C']	8
ENST00000376630:1	['C', 'C', 'C']	3
ENST00000376652:3	['T']	1
ENST00000376687:3	['AG']	1
ENST00000376687:5	['G', 'G', 'G', 'G', 'G', 'G']	6
ENST00000376709:4	['A', 'AA', 'AA', 'AA', 'A', 'AA', 'AA', 'AA', 'AA', 'A', 'AA', 'A', 'A', 'AA', 'A', 'AA', 'A', 'A', 'AA', 'AA', 'A', 'AA', 'AA', 'A', 'A', 'A', 'AA', 'A', 'A', 'AA', 'A', 'A', 'A', 'AA', 'AA', 'A', 'A', 'AA', 'A', 'A', 'A', 'A', 'A', 'A', 'A', 'A', 'A', 'A', 'A', 'A', 'A', 'A', 'AA', 'A', 'A', 'AA', 'A', 'AA', 'A', 'A', 'AA', 'A', 'A', 'A', 'A', 'A', 'A', 'A', 'A', 'A', 'A', 'A', 'A', 'A', 'A', 'A', 'A', 'A', 'A', 'AA', 'A', 'A', 'A', 'A', 'A', 'A', 'A']	87
ENST00000376718:15	['AAA', 'AA', 'A', 'A', 'A', 'A', 'A']	7
ENST00000376718:9	['A', 'A', 'A', 'A', 'A']	5
ENST00000376741:6	['C', 'C']	2
ENST00000376745:3	['G', 'G']	2
ENST00000376745:6	['CTAAAAGAGACAGTGTTGGTCAGGCTCATGGGGCTGAGCCACAGGGCCTAGCGGCTCCTTTCTTCCCCACACTCAC']	1
ENST00000376755:4	['CC', 'CC', 'CC']	3
ENST00000376840:17	['A', 'A', 'A', 'A', 'A', 'A', 'A', 'A', 'A', 'A', 'A', 'A']	12
ENST00000376865:3	['A', 'A', 'A', 'A', 'A']	5
ENST00000376887:30	['A', 'A', 'A', 'A', 'A', 'A', 'A', 'A', 'A', 'A', 'A', 'A', 'A', 'A', 'A', 'AA', 'A', 'A', 'A', 'A', 'AA', 'A', 'A', 'A', 'A', 'AA', 'A', 'A', 'A', 'A', 'A', 'A', 'A', 'A', 'A', 'A', 'A', 'A', 'A', 'AA', 'A', 'A', 'A', 'A', 'A', 'A', 'AA', 'A', 'A', 'A', 'A', 'A', 'A', 'A', 'A', 'A', 'A', 'AA', 'A', 'A', 'A', 'A', 'AA', 'A', 'A', 'A', 'A', 'A', 'A', 'AA', 'A', 'A', 'A', 'AA', 'A', 'A', 'A', 'A', 'A', 'A', 'A', 'AA', 'A', 'A', 'A', 'A', 'A', 'A', 'A', 'AA', 'A', 'A', 'A', 'A', 'AA', 'A', 'A', 'A', 'A', 'A', 'AA', 'A', 'A', 'A', 'A', 'A', 'A', 'A', 'A', 'A', 'AA', 'A', 'AA', 'AA', 'A', 'A', 'A', 'A', 'A', 'A', 'A', 'A', 'A', 'A', 'A', 'A', 'A', 'A', 'A', 'A', 'A', 'A', 'A', 'A', 'A', 'A', 'A', 'A', 'A', 'A', 'AA', 'A', 'A', 'A', 'A', 'A', 'A', 'A', 'AA', 'AA', 'A', 'A', 'A', 'A', 'A', 'AA', 'A', 'A', 'A', 'AA']	160
ENST00000376936:1	['A', 'A', 'A', 'A']	4
ENST00000376936:12	['AAAA', 'AAA', 'A', 'A', 'AAA', 'A', 'A', 'A', 'A', 'A', 'A', 'A', 'A', 'AAA', 'A', 'A', 'AAA', 'A', 'A', 'A', 'A', 'A', 'A', 'A', 'A', 'A', 'A', 'A', 'A', 'A', 'AAAAA', 'AAAA', 'A', 'AAA', 'A', 'A', 'A', 'A', 'A', 'A', 'AAA', 'A', 'A', 'A', 'A', 'A', 'AAA', 'A', 'A', 'AAA', 'A', 'A', 'A', 'AAA', 'A', 'A', 'A', 'A', 'A', 'A', 'A', 'A']	62
ENST00000376955:9	['C', 'C']	2
ENST00000377022:5	['GAG', 'GAG']	2
ENST00000377026:4	['A', 'A', 'A']	3
ENST00000377044:23	['AAAAA', 'AAAAA', 'AAAAAA', 'AAAAA', 'AAA', 'AAAAA', 'AAAA', 'AAAA', 'AAA', 'AA', 'AAAAA', 'AAAAA', 'AAA', 'AAAAA', 'AAAAAAA', 'AAAA', 'AAAAAA', 'AAAAA', 'AAA', 'AAA', 'AAA', 'AAAAAA', 'AAA', 'AAAAA', 'AAAA', 'AAAAA', 'A', 'AAAAAA', 'AAAA', 'AAAA', 'AAAA', 'AAAA', 'AAAA', 'AAAAA', 'AAAAA', 'AAAAA', 'AAA', 'AAA', 'AAAAAA', 'A', 'AAAA', 'AAAAA', 'AA', 'AAAAA', 'AAAA', 'AAAAA', 'AAA', 'AAA', 'AAAAA', 'AAAAA', 'AA', 'AAA', 'AAAAA', 'AAAA', 'AAAAAA', 'AAAA', 'AAAAA', 'AAAA', 'AAA', 'AAAAA', 'AAAAAA', 'AAAAA']	62
ENST00000377044:5	['AAAA', 'AAAA', 'AAAA', 'AAAA', 'AAAAA', 'AAAAAA', 'AAAA', 'AA', 'AAAA', 'AAAAAAA', 'AAA', 'AAAA', 'AAAA', 'AAAA', 'AAAA', 'AAAAAA', 'AAA', 'AAA', 'AAAA', 'AAAAA', 'AA', 'AAAAA', 'AAAA', 'AAAAA', 'AA', 'AAAAA', 'AAAAA', 'AAA', 'AAAAA', 'AAA', 'AAAA', 'AAA', 'AAAAA', 'AAAA', 'AAA', 'AAAAA', 'AAAA', 'AAA', 'AAA', 'AAAA', 'AAAA', 'AAAA', 'AAAAA', 'AAAA', 'AA', 'AAAAA', 'AAAA', 'AAAA', 'AA', 'AAAA', 'AAAAA', 'AAAA', 'AAAA', 'AAA', 'AAA', 'AAAA', 'AAAA', 'AAAA', 'AAAA']	59
ENST00000377047:3	['ATTGAAAAC']	1
ENST00000377071:16	['G', 'G']	2
ENST00000377071:20	['G']	1
ENST00000377073:1	['A']	1
ENST00000377086:28	['TT']	1
ENST00000377086:35	['T', 'T', 'T', 'T']	4
ENST00000377086:4	['AAAAC', 'AAAAC']	2
ENST00000377110:1	['AG']	1
ENST00000377110:13	['A', 'A', 'A', 'A', 'A', 'A', 'A', 'A', 'A', 'A', 'A', 'A', 'A', 'A', 'A', 'A', 'A', 'A', 'A', 'A', 'A', 'A', 'A', 'A', 'A', 'A', 'A', 'A', 'A', 'A', 'A', 'A', 'A', 'A', 'A', 'A', 'A', 'A', 'A', 'A', 'A', 'A', 'A', 'A']	44
ENST00000377110:23	['AA', 'AAA', 'AA', 'AAAA', 'AAA', 'AA', 'AA', 'AAA', 'AAAA', 'AAA', 'AAA', 'AAAA', 'AAA', 'AA', 'AA', 'AAA', 'AA', 'AA', 'AAAA', 'AAA', 'AA', 'AAA', 'AAAA', 'AAA', 'A', 'AAA', 'AAA', 'AA', 'A', 'AAA', 'AA', 'AAA', 'AAA', 'AA', 'A', 'AA', 'AAA', 'AA', 'AAA', 'AAA', 'AAAA', 'AAA', 'AAA', 'AAA', 'A', 'A', 'AA', 'AA', 'AAA', 'AAA', 'AA', 'AA', 'A', 'AAA', 'AAA', 'AAA', 'AA', 'AAA', 'A', 'AA', 'A', 'A', 'A', 'AAA', 'A', 'A', 'AAA', 'A', 'A', 'A', 'A', 'AA', 'AA', 'AAA', 'AAA', 'AA', 'A', 'AA', 'A', 'AAA', 'AAA', 'AA', 'AA', 'AAAA', 'AA', 'AAA', 'AAA', 'A', 'AAA', 'A', 'AAA', 'AAAA', 'AAA', 'A', 'AA', 'AAA', 'AA', 'AAAA', 'AAAA', 'AAA', 'AAA', 'AAA', 'AA', 'AAA', 'AA', 'A', 'A', 'AAA', 'AA', 'AA', 'AA', 'A', 'AA', 'AA']	114
ENST00000377110:4	['A', 'A', 'AA', 'A', 'A', 'A', 'A', 'A', 'A', 'A', 'A', 'A', 'A', 'A', 'A', 'A', 'A', 'AA', 'A', 'A', 'A', 'A', 'A', 'A', 'A', 'A', 'A', 'A', 'AA', 'A', 'A', 'AA', 'AA', 'A', 'A', 'AA', 'A', 'A', 'A', 'A', 'A', 'A', 'AA', 'A', 'A', 'AA', 'A', 'A', 'A', 'AAA', 'A', 'A', 'A', 'A', 'A', 'A', 'A', 'A', 'A', 'AA', 'AA', 'A', 'A', 'A', 'A', 'A', 'A', 'A', 'A', 'A', 'A', 'A', 'A', 'A', 'A', 'A', 'A', 'A', 'A', 'AA', 'A', 'A']	82
ENST00000377122:1	['A', 'A', 'A', 'A']	4
ENST00000377122:2	['A', 'A']	2
ENST00000377122:23	['A', 'A']	2
ENST00000377122:3	['A', 'A', 'A', 'A', 'A', 'A', 'A', 'A', 'A', 'A', 'A', 'A', 'A', 'A', 'A', 'A', 'A', 'A', 'A', 'A', 'A', 'A', 'A', 'A', 'A', 'A', 'A', 'A', 'A', 'A', 'A', 'A', 'A', 'A', 'A', 'A', 'A', 'A', 'A', 'A', 'A', 'A', 'A', 'A', 'A', 'A', 'A', 'A', 'A', 'A', 'A', 'A', 'A', 'A', 'A', 'A', 'A', 'A', 'A', 'A', 'A', 'A', 'A', 'A', 'A', 'A', 'A', 'A', 'A', 'A', 'A', 'A', 'A', 'A', 'A', 'A', 'A', 'A', 'A', 'A', 'A', 'A', 'A', 'A', 'A', 'A', 'A', 'A', 'A', 'A', 'A', 'A', 'A', 'A', 'A', 'A', 'A', 'A', 'AA', 'A', 'A', 'A', 'A', 'A', 'A', 'A', 'A', 'A', 'A', 'A', 'A', 'A', 'A', 'A', 'A', 'A', 'A', 'A', 'AA', 'A', 'A', 'A', 'A', 'A', 'A', 'A', 'A', 'A', 'A', 'A', 'A', 'A', 'A', 'A', 'A', 'A', 'A', 'A', 'AA', 'A', 'A', 'A', 'A', 'A', 'A', 'A', 'A', 'A', 'A', 'A', 'A', 'A', 'A', 'A', 'A', 'A', 'A', 'A', 'A', 'A', 'A', 'A', 'A', 'A', 'A', 'A', 'A', 'A', 'A', 'A', 'A', 'A', 'AA', 'A', 'A', 'A', 'A', 'A', 'A', 'A', 'A', 'A', 'A', 'A', 'A', 'A', 'A', 'A', 'A', 'A', 'A', 'A', 'A', 'A', 'A', 'A', 'A', 'A', 'A', 'A', 'A', 'A', 'A', 'A', 'A', 'A', 'A', 'A', 'A', 'A', 'A', 'A', 'A', 'A', 'A', 'A', 'A', 'A']	218
ENST00000377190:11	['C']	1
ENST00000377190:13	['GA', 'GA', 'GA', 'GA', 'GA', 'GA', 'GA', 'GA', 'GA', 'GA', 'GA', 'GA', 'GA', 'GA', 'GA', 'GA', 'GA', 'GA', 'GA', 'GA', 'GA', 'GA', 'GA', 'GA', 'GA', 'GA', 'GA', 'GA', 'GA', 'GA', 'GA', 'GA', 'GA', 'GA', 'GA']	35
ENST00000377264:14	['G', 'G']	2
ENST00000377264:24	['G', 'G', 'G', 'G']	4
ENST00000377304:7	['A']	1
ENST00000377340:13	['A', 'A']	2
ENST00000377346:13	['C', 'C']	2
ENST00000377424:10	['G', 'G']	2
ENST00000377495:1	['T', 'T']	2
ENST00000377507:7	['A', 'A', 'A', 'A', 'A', 'A', 'A', 'A', 'A', 'A', 'A', 'A', 'A', 'A', 'A', 'A', 'A', 'A', 'A', 'A', 'A', 'A', 'A', 'A', 'A', 'A', 'A', 'A', 'A', 'A', 'A', 'CT', 'A', 'A', 'A', 'A', 'A', 'A', 'A', 'A', 'A', 'A', 'A', 'A', 'A', 'A', 'A', 'A', 'A', 'A', 'A', 'A', 'A', 'A', 'A', 'A', 'A', 'A', 'A', 'A', 'A', 'A', 'A', 'A', 'A', 'A', 'A', 'A', 'A', 'A', 'A', 'A', 'A', 'A', 'A', 'A', 'A', 'A', 'A', 'A', 'A', 'A', 'A', 'A', 'A', 'A', 'A', 'A', 'A', 'A']	90
ENST00000377603:7	['T', 'T', 'T', 'T', 'T', 'T', 'T', 'T', 'T', 'T']	10
ENST00000377617:15	['A', 'A', 'A', 'A', 'A', 'A', 'A', 'A', 'A', 'A', 'A', 'A', 'A', 'A', 'A', 'A', 'A', 'A', 'A', 'A', 'A', 'A', 'A', 'A', 'A', 'A', 'A', 'A', 'A', 'A', 'A', 'A', 'A', 'A', 'A', 'A']	36
ENST00000377617:18	['A', 'A', 'A', 'A', 'A', 'A', 'A', 'A', 'A', 'A', 'A', 'A', 'A', 'A', 'A', 'A', 'A', 'A', 'A', 'A', 'A', 'A', 'A', 'A', 'A', 'A', 'A', 'A', 'A', 'A', 'A', 'A']	32
ENST00000377617:6	['C']	1
ENST00000377636:1	['A', 'A']	2
ENST00000377636:20	['G', 'G', 'G', 'G', 'G', 'G']	6
ENST00000377636:7	['A', 'A', 'A', 'A', 'A', 'A', 'A', 'A']	8
ENST00000377759:10	['A', 'A']	2
ENST00000377759:5	['AAG']	1
ENST00000377770:1	['T', 'T', 'T', 'T', 'T', 'T']	6
ENST00000377770:24	['G', 'TG', 'TG', 'G']	4
ENST00000377807:14	['G', 'G', 'G', 'G', 'G', 'G', 'G']	7
ENST00000377818:1	['TG']	1
ENST00000377843:3	['A', 'A', 'A', 'A', 'A', 'A', 'A', 'A', 'A', 'A', 'A', 'A', 'A', 'A', 'A', 'A', 'A', 'A', 'A', 'A', 'A', 'A', 'A', 'A', 'A', 'A', 'A']	27
ENST00000377939:8	['G', 'G', 'G', 'G']	4
ENST00000377961:7	['C']	1
ENST00000377967:17	['TTTC']	1
ENST00000377967:24	['GGTTTCC']	1
ENST00000378016:3	['C']	1
ENST00000378037:5	['T', 'T', 'T', 'T', 'T']	5
ENST00000378060:13	['A', 'A', 'A', 'A', 'A', 'A', 'A', 'A', 'A', 'A', 'A', 'A', 'A', 'A', 'A', 'A', 'A', 'A', 'A', 'A', 'A', 'A', 'A', 'A', 'A', 'A', 'A', 'A', 'A', 'A', 'A', 'A', 'A', 'A', 'A', 'A', 'A', 'A', 'A', 'A', 'A', 'A', 'A', 'A', 'A', 'A', 'A', 'A', 'A', 'A', 'A', 'A', 'A', 'A', 'A', 'A', 'A', 'A', 'A', 'A', 'A', 'A', 'A', 'A', 'A', 'A', 'A', 'A', 'A', 'A', 'A', 'A', 'A', 'A', 'A', 'A', 'A', 'A', 'A', 'A', 'A', 'A', 'A', 'A', 'A', 'A', 'A', 'A', 'A', 'A', 'A', 'A', 'A', 'A', 'A', 'A', 'A', 'A', 'A', 'A', 'A', 'A', 'A', 'A', 'A', 'A', 'A', 'A', 'A', 'A', 'A', 'A', 'AA', 'A', 'A', 'A', 'A', 'A', 'A', 'A', 'A', 'A', 'A', 'A', 'A', 'A', 'A', 'A', 'A', 'A', 'A', 'A', 'A', 'A', 'A', 'A', 'A', 'A', 'A', 'A', 'A', 'A', 'A', 'A', 'A', 'A', 'A', 'A', 'A', 'AA', 'A', 'A', 'A', 'A', 'A', 'A', 'A', 'A', 'A', 'A', 'A', 'A', 'A', 'A', 'A', 'AA', 'A', 'A', 'A', 'A', 'A', 'A', 'A', 'A', 'A', 'A', 'A', 'A', 'A', 'A', 'A', 'A', 'A', 'A', 'A', 'A', 'A', 'A', 'A', 'A', 'A', 'A', 'A', 'AA', 'A']	195
ENST00000378060:5	['A', 'AA', 'A', 'AA', 'AA', 'A', 'A', 'A', 'A', 'A', 'A', 'A', 'A', 'A', 'AA', 'A', 'A', 'A', 'A', 'A', 'A', 'A', 'A', 'AA', 'AA', 'AA', 'A', 'AA', 'A', 'A', 'A', 'A', 'A', 'A', 'A', 'AA', 'AA', 'A', 'A', 'AA', 'A', 'A', 'A', 'A', 'A', 'A', 'A', 'A', 'A', 'A', 'A', 'A', 'AA', 'A', 'AA', 'A', 'A', 'A', 'A', 'A', 'A', 'A', 'A', 'AA', 'A', 'A', 'A', 'AA', 'A', 'A', 'A', 'A', 'A', 'A', 'A', 'A', 'A', 'A', 'A', 'A', 'A', 'AA', 'A', 'A', 'A', 'AA', 'A', 'A', 'A', 'AA', 'A', 'A', 'A', 'A', 'A', 'A', 'A', 'AA', 'A', 'A', 'AA', 'A', 'A', 'A', 'A', 'A', 'AA', 'A', 'A', 'A', 'A', 'A', 'A', 'A', 'A', 'A', 'A', 'A', 'A', 'A', 'A', 'A', 'A', 'A', 'A', 'A', 'A', 'A', 'A', 'A', 'A', 'A', 'A', 'A', 'A', 'A', 'A', 'A', 'A', 'A', 'A', 'A', 'A', 'A', 'A', 'A', 'A', 'A', 'A', 'A', 'A', 'A', 'A', 'A', 'A', 'A', 'AA', 'A', 'A', 'A', 'A', 'A', 'AA', 'A', 'A', 'AA', 'AA', 'A', 'A', 'A', 'A', 'A', 'A', 'A', 'A', 'A', 'A', 'AA', 'A', 'A', 'A', 'A', 'A', 'A', 'A', 'A', 'A', 'A', 'A', 'A', 'A', 'A', 'AA', 'A', 'A', 'A', 'A', 'AA', 'A', 'A', 'A', 'A', 'A', 'A', 'A', 'A', 'AA', 'A', 'A', 'AA', 'A', 'A', 'A', 'A', 'A', 'A', 'A', 'A', 'A', 'A', 'A', 'AA', 'A', 'A', 'A', 'A', 'A', 'A', 'A', 'A', 'A', 'A', 'A', 'A', 'A', 'AA']	236
ENST00000378060:8	['A', 'A']	2
ENST00000378076:25	['A', 'A']	2
ENST00000378090:2	['A', 'A', 'A', 'A', 'A', 'A', 'A', 'A']	8
ENST00000378163:15	['A', 'A', 'A', 'A', 'A', 'A', 'A', 'A', 'A', 'A', 'A', 'A', 'A', 'A', 'A', 'A', 'A', 'A', 'A', 'A', 'A', 'A', 'A', 'A', 'A', 'A', 'A', 'A', 'A', 'A', 'A', 'A', 'A', 'A', 'A', 'A', 'A', 'A', 'A', 'A', 'A', 'A', 'AA', 'A', 'A', 'A', 'A', 'A', 'A', 'A', 'A', 'A', 'A', 'A', 'A', 'A', 'A', 'A', 'A', 'A', 'A', 'A', 'A', 'A', 'A', 'A', 'A', 'A', 'A', 'A', 'A', 'A', 'A', 'A', 'A', 'A', 'A', 'A', 'A', 'A', 'A', 'A', 'A', 'A', 'A', 'A', 'A', 'A', 'A', 'A', 'A', 'A', 'A', 'A', 'A', 'A', 'A', 'A', 'A', 'A', 'A', 'A', 'A', 'A', 'A', 'A', 'A', 'A', 'A', 'A', 'A', 'A', 'A', 'A', 'A', 'A', 'A', 'A', 'A', 'A', 'A', 'A', 'A', 'A', 'A', 'A', 'A', 'A', 'A', 'A', 'A', 'A', 'A', 'A', 'A', 'AA', 'A', 'A', 'A', 'A', 'A', 'A', 'A', 'A', 'A', 'A', 'A', 'A', 'A', 'A', 'A', 'A', 'A', 'A', 'A', 'A', 'A', 'A', 'A', 'A', 'A', 'A', 'A', 'A', 'A', 'A', 'A', 'A', 'A', 'A', 'A', 'A', 'A', 'A', 'A', 'A', 'A', 'A', 'A', 'A', 'A', 'A', 'A', 'A', 'A', 'A', 'A', 'A', 'A', 'A', 'A', 'A', 'A', 'A', 'A', 'A', 'A', 'A', 'A', 'A', 'A', 'A', 'A', 'A', 'AA', 'A', 'A', 'A', 'A', 'A', 'A', 'A', 'A']	213
ENST00000378163:3	['A']	1
ENST00000378163:4	['A', 'A', 'A', 'A', 'A', 'A', 'A', 'A', 'A', 'A', 'A', 'A']	12
ENST00000378163:7	['GAG', 'GAG']	2
ENST00000378164:1	['TATATTAATAAA']	1
ENST00000378164:10	['A', 'A', 'A', 'A', 'A', 'A', 'A', 'A', 'A', 'A', 'A']	11
ENST00000378164:13	['A', 'A', 'A', 'A', 'A', 'A', 'A', 'A', 'A', 'A', 'A', 'A', 'A', 'TA', 'A', 'A', 'TA', 'A', 'A', 'A', 'A', 'A', 'A', 'A', 'A', 'A', 'A', 'A', 'A', 'A', 'TA', 'A', 'A', 'A', 'A', 'A', 'A', 'A', 'A', 'A', 'A', 'A', 'AA', 'ACTT', 'A', 'A', 'AA', 'A', 'A', 'A', 'AA', 'A', 'A', 'A', 'A', 'A', 'A', 'A', 'A', 'A', 'A', 'A', 'A', 'A', 'A', 'A', 'A', 'A', 'TA', 'A', 'A', 'TA', 'A', 'A', 'A', 'A', 'A', 'A', 'A', 'A', 'A', 'A', 'A', 'A', 'A', 'A', 'A', 'A', 'A', 'A', 'A', 'A', 'A', 'A', 'A', 'A', 'A', 'A', 'A', 'A', 'A', 'A', 'A', 'A', 'A', 'A', 'A', 'A', 'A', 'A', 'A', 'A', 'A', 'A', 'A', 'A', 'A', 'A', 'A', 'A', 'A', 'A', 'A', 'A', 'A', 'A', 'A', 'A', 'A', 'A', 'A', 'A', 'A', 'A', 'A', 'A', 'A', 'A', 'A', 'A', 'A', 'A', 'A', 'A', 'A', 'A', 'A', 'A', 'A', 'A', 'A', 'A', 'A', 'A', 'A', 'A', 'A', 'A', 'A', 'A', 'A', 'A', 'A', 'A', 'AA', 'A', 'AA', 'A', 'A', 'A', 'A', 'A', 'A', 'AA', 'A', 'A', 'A', 'A', 'A', 'TA', 'A', 'TA', 'A', 'A', 'A', 'A', 'A', 'A', 'TA', 'TA', 'A', 'A', 'TA', 'A', 'A', 'A', 'A', 'A', 'A', 'A', 'A', 'A', 'A', 'A', 'A', 'A', 'A', 'A', 'A', 'A', 'A', 'A', 'A', 'A', 'A', 'A', 'A', 'A', 'A', 'AA', 'AA', 'A', 'A', 'A', 'A', 'A', 'A', 'A', 'A', 'A', 'A', 'A', 'AA', 'A', 'A', 'A', 'A', 'A', 'A', 'A', 'A', 'A', 'A', 'A', 'A', 'AA', 'A', 'A', 'A', 'A', 'AAA', 'A', 'AA', 'A', 'A', 'A', 'A', 'A', 'A', 'A', 'A', 'A', 'A', 'A', 'A', 'AA', 'AA', 'A', 'A', 'A']	270
ENST00000378164:19	['A', 'A', 'A']	3
ENST00000378164:3	['A', 'A', 'A', 'A', 'A', 'A', 'A', 'A', 'A', 'A', 'A', 'A', 'A', 'A', 'A', 'A', 'A', 'A', 'A', 'A', 'A', 'A', 'A', 'A', 'A', 'A', 'A', 'A', 'A', 'A', 'A', 'A', 'A', 'A', 'A', 'A', 'A', 'A', 'A', 'A', 'A', 'A', 'A', 'A', 'A', 'A', 'A', 'A', 'A', 'A', 'A', 'A', 'A', 'A', 'A', 'A', 'A', 'A', 'A', 'A', 'A', 'A', 'A', 'A', 'A', 'A', 'A', 'A', 'A', 'A', 'A', 'A', 'A', 'A', 'A', 'A', 'A', 'A', 'A', 'A', 'A', 'A', 'A', 'A', 'A', 'A', 'A', 'A', 'A', 'A', 'A', 'A', 'A', 'A', 'A', 'A', 'A', 'A', 'A', 'A', 'A', 'A', 'A', 'A', 'A', 'A', 'A', 'A', 'A', 'A', 'A', 'A', 'A', 'A', 'A', 'A', 'A']	117
ENST00000378165:8	['CTTA', 'CTTA']	2
ENST00000378214:7	['A', 'A', 'A', 'A', 'A', 'A', 'A', 'A', 'A', 'A', 'A', 'A', 'A', 'A', 'A', 'A', 'A', 'A', 'A', 'A', 'A', 'A', 'A', 'A', 'A', 'A', 'A', 'A', 'A', 'A', 'A', 'A', 'A', 'A', 'A', 'A', 'A', 'A', 'A']	39
ENST00000378230:13	['AA', 'AA', 'AA', 'AA']	4
ENST00000378295:3	['G', 'G', 'G', 'GG', 'G', 'G', 'G', 'G', 'G', 'GG']	10
ENST00000378319:5	['T', 'T', 'T', 'T']	4
ENST00000378357:3	['G', 'G']	2
ENST00000378402:10	['C']	1
ENST00000378402:30	['CTCTG']	1
ENST00000378458:1	['A', 'A']	2
ENST00000378460:29	['TC']	1
ENST00000378460:32	['CT', 'AAAAAAC']	2
ENST00000378533:1	['A', 'A']	2
ENST00000378533:5	['A', 'A', 'A', 'A', 'A', 'A', 'A', 'A', 'A', 'A', 'A', 'A']	12
ENST00000378538:4	['G', 'G', 'G', 'G', 'G', 'G', 'G', 'G', 'G', 'G']	10
ENST00000378681:4	['GAGC']	1
ENST00000378743:10	['AAA', 'AAAA', 'AAA', 'AAAA', 'AA', 'AA', 'AAA', 'AAA', 'AAA', 'AAA', 'AAA', 'AAA', 'AAAA', 'AAA', 'AAAA', 'AAA', 'AAA', 'AA', 'AAA', 'AAAA', 'AA', 'AAA', 'AA', 'AAAA', 'AAA', 'AAA', 'AA', 'AAA', 'AAAA', 'AAA', 'AAA', 'AAAA', 'AAA', 'AAAA', 'AAA', 'AAA', 'AAA', 'AAA', 'AAAAA', 'AAA', 'AAAA', 'AAAA', 'AAA', 'AAAA', 'AAAAA', 'AAAA', 'AAAA', 'AAAA', 'AAA', 'AAA', 'AAAA', 'AA', 'AAA', 'AAA', 'AA', 'AAA', 'AAA', 'AAAA', 'AAAA', 'AAAA', 'AA', 'AAA', 'AA', 'AAA', 'AAAA', 'A', 'AAA', 'AAA', 'AAAA', 'AAA', 'AAA', 'AA', 'AA', 'AA', 'AAA', 'AAAA', 'AAAAA', 'AAAA', 'AAA', 'AAA', 'AAA', 'AAAA', 'AAA', 'AAAA', 'AAA', 'AAA', 'AAA', 'AA', 'AAA', 'AAA', 'AAA', 'AAA', 'AA', 'AAA', 'AA', 'AA', 'AA', 'AA', 'AA', 'AA', 'AAAA', 'AA', 'AA', 'AA', 'AAAA', 'AAA', 'AAA', 'AAA', 'AAA', 'AAAA', 'AAA', 'AAAA', 'AA', 'AA', 'AAAA', 'AA', 'AAA', 'AA', 'AA', 'AAA', 'AAA', 'AAA', 'AA', 'AA', 'AA', 'A', 'AA', 'A', 'AA', 'AAAA', 'A', 'AA', 'AA', 'AA', 'AA', 'AA', 'AAA', 'A', 'AA', 'AA', 'AAA', 'AAA', 'AAA', 'AAA', 'AAA', 'AAA', 'AAA', 'AAA', 'AAAA', 'AAA', 'AAA']	151
ENST00000378743:17	['A', 'A', 'A', 'A', 'A', 'A', 'A', 'A', 'A', 'A', 'A', 'A', 'A', 'A', 'A', 'A', 'A', 'A', 'A', 'A', 'A', 'A', 'A', 'A', 'A', 'A', 'A', 'A', 'A', 'A', 'A', 'A', 'A', 'A', 'A', 'A', 'A', 'A', 'A', 'A', 'A', 'A', 'A', 'A', 'A', 'A', 'A', 'A', 'A', 'A', 'A', 'A', 'A', 'A', 'A', 'A', 'A', 'A', 'A', 'A', 'A', 'A', 'A', 'A', 'A', 'A', 'A', 'A', 'A', 'A', 'A', 'A', 'A', 'A', 'A', 'A', 'A', 'A', 'AA', 'A', 'A', 'A', 'A', 'A', 'A', 'A', 'A', 'A', 'A', 'A', 'A', 'A', 'A', 'A', 'A', 'A', 'A', 'A', 'A', 'A', 'A', 'A', 'A', 'A', 'A', 'A', 'A', 'A', 'A', 'A', 'A', 'A', 'A', 'A', 'A', 'A', 'A', 'A', 'A', 'A', 'A', 'A', 'A']	123
ENST00000378743:20	['A', 'A', 'A', 'A', 'A', 'A', 'A', 'A', 'A', 'A', 'A', 'A', 'A', 'A', 'A', 'A', 'A', 'A', 'A', 'A', 'A', 'A', 'A', 'A', 'A', 'A', 'A', 'A', 'A', 'A', 'A', 'A', 'A', 'A', 'A', 'A', 'A', 'A', 'A', 'A', 'A', 'A', 'A', 'A', 'A', 'A', 'A', 'A', 'A', 'A', 'A', 'A', 'A', 'A', 'A', 'A', 'A', 'A', 'A', 'A', 'A', 'A', 'A', 'A', 'A', 'A', 'A', 'A', 'A', 'A', 'A', 'A', 'A', 'A', 'A', 'A']	76
ENST00000378743:25	['A', 'A']	2
ENST00000378743:27	['A', 'A', 'A', 'A', 'A', 'A', 'A', 'A', 'A', 'A', 'A', 'A', 'A', 'A', 'A', 'A', 'A', 'A', 'A', 'A', 'A', 'A', 'A', 'A', 'A', 'A', 'A', 'A', 'A', 'A', 'A', 'A', 'A', 'A', 'A', 'A', 'A', 'A', 'A', 'A', 'A', 'A', 'A', 'A', 'A', 'A', 'A', 'A', 'A', 'A', 'A', 'A', 'A', 'A', 'A', 'A', 'A', 'A', 'A', 'A', 'AA', 'A', 'AA', 'A', 'A', 'A', 'A', 'A', 'A', 'A', 'A', 'A', 'A', 'A', 'A', 'A', 'A', 'A', 'A', 'A', 'A', 'A', 'A', 'A', 'AA', 'A', 'A', 'A', 'A', 'A', 'A', 'A', 'A', 'A', 'A', 'A', 'A', 'A', 'A', 'A', 'A', 'A', 'A', 'A', 'A', 'A']	106
ENST00000378743:32	['AAA', 'AA', 'A', 'AA', 'AAA', 'AAAA', 'AAA', 'AAA', 'AAAA', 'A', 'AAA', 'A', 'AA', 'AA', 'AA', 'AAA', 'AAA', 'A', 'AA', 'A', 'AA', 'AAAA', 'AA', 'AA', 'AA', 'AA', 'AAA', 'A', 'A', 'AA', 'A', 'AAA', 'AAA', 'A', 'A', 'AA', 'AA', 'AA', 'AA', 'AA', 'AAAAAA', 'A', 'AAAA', 'AA', 'AA', 'AA', 'A', 'A', 'AAAA', 'AA', 'AA', 'AA', 'A', 'AA', 'AAA', 'A', 'AAA', 'A', 'A', 'A', 'A', 'A', 'AAA', 'AA', 'AA', 'AA', 'AA', 'AA', 'AA', 'AA', 'AA', 'AAAA', 'A', 'AAA', 'AA', 'AA', 'AA', 'AA', 'AAA', 'A', 'A', 'A', 'A', 'A', 'A', 'AA', 'AA', 'A', 'AAA', 'AA', 'AAAAA', 'AAA', 'AA', 'A', 'AAA', 'AAA', 'AA', 'AAAAA', 'AA', 'AA', 'AA', 'AA', 'AA', 'A', 'A', 'A', 'AAAA', 'AAA', 'AAAA', 'AAAA', 'AAA', 'AAA', 'AA', 'AA', 'AAA', 'A', 'AA', 'A', 'A', 'AAAA']	120
ENST00000378746:16	['CTGTTTGGAG']	1
ENST00000378746:4	['A', 'A', 'A', 'A', 'A', 'A', 'A', 'A', 'A', 'A', 'A', 'A', 'A', 'A', 'A', 'A', 'A', 'A', 'A', 'A', 'A', 'A', 'A', 'A', 'A', 'A', 'A', 'A', 'A', 'A', 'A', 'A', 'A', 'A', 'A', 'A', 'A', 'A']	38
ENST00000378750:9	['G', 'G', 'G']	3
ENST00000378888:13	['G', 'G']	2
ENST00000378933:5	['AAAA', 'AAA', 'AAA', 'AAA', 'AAA', 'AAA', 'AAAA', 'AAAA', 'AAA', 'AAA', 'AAAA', 'AAAA', 'AAA', 'AA', 'AAA', 'AAAA', 'AAAA', 'AA', 'AAAA', 'AAA', 'A', 'A', 'AA', 'AAAAA', 'AAAAA', 'AAAAA', 'AAA', 'AAAAA', 'AAAAA']	29
ENST00000379019:1	['A', 'A', 'A', 'A', 'A', 'A', 'A', 'A', 'A', 'A', 'A', 'A']	12
ENST00000379019:12	['AAAA', 'AAA', 'AAAA', 'AAAAA', 'AAAA', 'AAA', 'AAAAA', 'AAAA', 'AAAAA', 'AAAAAA', 'AAA', 'AAAA', 'AAAAA', 'AAAA', 'AAAAA', 'AAAA', 'AAAAA', 'AAAA', 'AAAA', 'AAAAA', 'AAAA', 'AAA', 'AAAAA', 'AAAAA', 'AAAA', 'AAAA', 'AAAAA', 'AAAA', 'AAAA', 'AAAA', 'AAAA', 'AAAA', 'AAAA', 'AAAAA', 'AAAA', 'AAAA', 'AAAAA', 'AAAAA', 'AAAA', 'AAAAAA', 'AAAA', 'AAA', 'AAAAA', 'AAAAA', 'AAAAA', 'AAAAAA', 'AAA', 'AAAAA', 'AAAAAA', 'AAAAA', 'AAA', 'AAAAA', 'AAAAA', 'AAAAA', 'AAAAA', 'AAAAA', 'AAA', 'AAA', 'AAA', 'AAAA', 'AAAAAA', 'AAAAA', 'AAAAA', 'AAA', 'AAA', 'AAAAA', 'AAA', 'AAAAAA', 'AAA', 'AAA', 'AAAAA', 'AAAA', 'AAAA', 'AAAA', 'AAAAA', 'AAA', 'AAAAA', 'AAAA', 'AAA', 'AAA', 'AAA', 'AAAA', 'AAAA', 'AAAA', 'AAAA', 'AAAA', 'AAA', 'AAAA', 'AAAA', 'AAAA', 'AAAA', 'AAAAAA', 'AAAA', 'AAA', 'AAA', 'AAAA', 'AAAAAA', 'AAAA', 'AAAA', 'AAAA', 'AA', 'AAAAA', 'AAAAA', 'AAAAA', 'AAAAA', 'AAAAA']	106
ENST00000379028:4	['T']	1
ENST00000379059:13	['T']	1
ENST00000379059:16	['T', 'T', 'T', 'T', 'T', 'T', 'T', 'T', 'T', 'T', 'T', 'T', 'T', 'T', 'T', 'T', 'T', 'T', 'T', 'T', 'T', 'T', 'T', 'T', 'T', 'T', 'T', 'T', 'T', 'T', 'T', 'T', 'T', 'T', 'T', 'T', 'T', 'T', 'T', 'T', 'T', 'T', 'T', 'T', 'T', 'T', 'T', 'T', 'T', 'T', 'T', 'T', 'T', 'T', 'T', 'T', 'T', 'T', 'T', 'T', 'T', 'T', 'T', 'T', 'T', 'T', 'T']	67
ENST00000379097:5	['A', 'A', 'A', 'AAAA', 'A', 'A', 'A', 'AA', 'A', 'A', 'A', 'A', 'A', 'A', 'AAAA', 'A', 'A', 'A', 'A', 'A', 'A', 'A', 'A', 'AA', 'A', 'A', 'A', 'A']	28
ENST00000379143:2	['AAAG', 'AAAG', 'AAAG', 'AAAG']	4
ENST00000379144:4	['AG']	1
ENST00000379161:1	['AA', 'A', 'AA', 'AA', 'AA', 'AA', 'AA', 'AA', 'AA', 'AA', 'AA', 'AAA', 'AA', 'AA', 'AA', 'AAA', 'AA', 'AA', 'AAA', 'AA', 'AA', 'AA', 'AA', 'AA', 'AA', 'AAA', 'AA', 'AAA', 'AA', 'AA', 'AA', 'AA', 'AA', 'AA', 'AA', 'AAA', 'AA', 'A', 'AA', 'AA', 'AA', 'AA', 'AAA', 'AA', 'AA', 'AA', 'AA', 'AA', 'AA', 'AA', 'A', 'AA', 'AA', 'AA', 'AA', 'A', 'AA', 'AA', 'AAA', 'A', 'AA', 'AA', 'AA', 'A', 'AA', 'AA', 'AA', 'A', 'A', 'AA', 'AA', 'AA', 'AA', 'AA', 'A', 'AA', 'AA', 'AA', 'AA', 'A', 'A', 'A', 'A', 'A', 'A', 'AA', 'AA', 'AA', 'AA', 'A', 'A', 'A', 'A', 'A', 'AA', 'A', 'A', 'A', 'A', 'A']	100
ENST00000379161:7	['TGAAGGGAAA', 'TGAAGGGAAA']	2
ENST00000379170:8	['A', 'A', 'A', 'A', 'A', 'A']	6
ENST00000379205:1	['A', 'AA', 'AA', 'AA', 'AA', 'AA', 'AA', 'AA', 'AA', 'AA', 'AA', 'AA', 'AA', 'AA', 'AA', 'AA', 'AA', 'AA', 'AA', 'AA', 'AA', 'AA', 'AA', 'AAA', 'AA', 'AA', 'AA', 'AA', 'AAA', 'AA', 'AA', 'A', 'AA', 'AA', 'A', 'AA', 'AA', 'AA', 'AA', 'AA', 'AA', 'A', 'AA', 'AA', 'AA', 'A', 'AA', 'AA', 'AAA', 'AA', 'A', 'AA', 'AA', 'A', 'AA', 'AA', 'AA', 'AA', 'AA', 'AA', 'AA', 'AA', 'AA', 'AA', 'A', 'AA', 'AA', 'AA', 'AA', 'A', 'AA', 'AA', 'AA', 'AA', 'AA', 'AA', 'AA', 'AA', 'AA', 'AA', 'AA', 'AA', 'AAA', 'AA', 'AAA', 'AA', 'AA', 'AA', 'AAA', 'AA', 'AA', 'AA', 'AA', 'A', 'A', 'A', 'AA', 'A', 'A', 'A', 'AA', 'AA', 'AA', 'AA', 'A', 'AA', 'A', 'AA', 'A', 'A', 'AAA', 'CT', 'AAAAAAAAAAGTCAAAC', 'A', 'A', 'AAA', 'A', 'AA', 'AA', 'A', 'AA', 'AA', 'AA', 'AA', 'AA', 'A', 'AA', 'AA', 'AA', 'A', 'AA', 'AA', 'A', 'A', 'AA', 'A', 'AA', 'AAA', 'A', 'AA', 'A', 'AA', 'A', 'A', 'AA', 'AA', 'AA', 'AA', 'AA', 'A', 'A', 'AA', 'A', 'AA', 'A', 'A', 'A', 'A', 'A', 'A', 'A', 'A', 'A', 'A', 'A', 'A', 'A', 'AA', 'AA', 'A', 'A', 'A', 'AAA', 'AA', 'A', 'A']	176
ENST00000379214:12	['A', 'A']	2
ENST00000379214:15	['A', 'A', 'A', 'A', 'A', 'A', 'A', 'A', 'A', 'A', 'A', 'A', 'A', 'A', 'A', 'A', 'A', 'A', 'A', 'A']	20
ENST00000379214:17	['A', 'A', 'A', 'A', 'A', 'A', 'AA', 'A', 'A', 'A', 'A', 'A', 'A', 'A', 'A', 'A', 'A', 'A', 'A', 'A', 'A', 'A', 'A', 'A', 'A', 'A', 'A', 'A', 'A', 'A', 'A', 'A', 'A', 'A', 'A', 'A', 'A', 'A', 'A', 'AA', 'A', 'A', 'A', 'A', 'A', 'A', 'A', 'A', 'A', 'A', 'A', 'A', 'A', 'A', 'A', 'A', 'A', 'A', 'A', 'A', 'A', 'A', 'A', 'A', 'A', 'A', 'A', 'A', 'A', 'A', 'A', 'A', 'A', 'A', 'A', 'A', 'A', 'A', 'A', 'A', 'A', 'A', 'A', 'A', 'A', 'A', 'A', 'A', 'A', 'A', 'A', 'A', 'A', 'A', 'A', 'A', 'A', 'AA', 'A', 'A', 'A', 'A', 'A', 'A', 'A', 'A', 'A', 'A', 'A', 'A', 'A', 'A', 'A', 'A', 'A', 'A']	116
ENST00000379214:2	['AAA', 'AA', 'AAA', 'A', 'AAA', 'AAAA', 'AA', 'AA', 'AAA', 'AA', 'AAAAAA', 'AA', 'AAAA', 'AA', 'AAA', 'AAAAA', 'AAA', 'AAA', 'AA', 'AAAAA', 'AAAA', 'AAA', 'AA', 'AAAA', 'AAAA', 'AA', 'A', 'AAA', 'AAA', 'AA', 'AA', 'AA', 'AA', 'AAAA', 'AAAA', 'AAA', 'AAAA', 'AAAAA', 'AAAA', 'AA', 'A', 'AAAA', 'AAAA', 'AAA', 'AAAA', 'AA', 'AAAAA', 'A', 'AAA', 'A', 'AAA', 'AAA', 'AAA', 'AAAA', 'AAA', 'AAA', 'AAAA', 'AAAAAA', 'AAA', 'AAAA', 'AA', 'A', 'AAA', 'AAA', 'AAA', 'A', 'AAA', 'AA', 'AAA', 'A', 'AA', 'AAAA', 'AAA', 'AAAA', 'AAAA', 'AAAA', 'AAAAA', 'AAAA', 'AAAAA', 'AAA', 'AAAA', 'AAAA', 'AAAA', 'AAA', 'AAAA', 'AAA', 'AAAA', 'AAA', 'AAAA', 'AAAAA', 'AAA', 'AAAA', 'AAAA', 'AAAA', 'AAAA', 'AA', 'AAA', 'AAAAA', 'AAAAA', 'AAAA', 'A', 'AAAAA']	102
ENST00000379240:8	['C']	1
ENST00000379263:11	['A', 'A', 'A', 'A', 'A', 'A', 'A', 'A', 'A', 'A', 'A', 'A', 'A', 'A', 'A', 'A', 'A', 'A', 'A', 'A', 'A', 'A', 'A', 'A', 'A', 'A', 'A', 'A', 'A', 'A', 'A', 'A', 'A', 'A', 'A', 'A', 'A', 'A', 'A', 'A', 'A', 'A', 'A', 'A', 'A', 'A', 'A', 'A', 'A', 'A', 'A', 'A', 'A', 'A', 'A', 'A', 'A', 'A', 'A', 'A', 'A', 'A', 'A', 'A', 'A', 'A', 'A', 'A', 'A', 'A', 'A', 'A', 'A', 'A', 'A', 'A', 'A', 'A', 'A', 'A', 'A', 'A', 'A', 'A', 'A', 'A', 'A', 'A', 'A', 'A', 'A', 'A', 'A', 'A', 'A', 'A', 'A', 'A', 'A', 'A', 'A', 'A', 'A', 'A', 'A', 'A', 'A', 'A', 'A', 'A', 'A', 'A', 'A', 'A', 'A', 'A', 'A', 'A', 'A', 'A', 'A', 'A', 'A', 'A', 'A', 'A', 'A', 'A', 'A', 'A', 'A', 'A', 'A', 'A', 'A', 'A', 'A', 'A', 'A', 'A', 'A', 'A', 'A', 'A', 'A', 'A', 'A', 'A', 'A', 'A', 'A', 'A', 'A', 'A', 'A', 'A', 'A', 'A', 'A', 'A', 'A', 'A', 'A', 'A', 'A', 'A', 'A', 'A', 'A', 'A', 'A', 'A', 'A', 'A', 'A', 'A', 'A', 'A', 'A', 'A', 'A', 'A', 'A', 'A', 'A', 'A', 'A', 'A', 'A', 'A', 'A', 'A', 'A', 'A', 'A', 'A', 'A', 'A', 'A', 'A', 'A', 'A', 'A', 'A', 'A', 'A', 'A', 'A', 'A', 'A']	210
ENST00000379263:2	['A', 'A', 'A', 'A', 'A', 'A', 'A', 'A', 'A', 'A', 'A', 'A']	12
ENST00000379263:9	['TTT', 'A', 'A', 'A', 'A']	5
ENST00000379310:15	['T', 'T', 'T']	3
ENST00000379310:25	['A', 'A', 'A', 'A', 'A', 'A', 'A', 'A', 'A', 'A', 'A', 'A', 'A', 'A', 'A', 'A', 'A', 'A', 'A', 'A', 'A', 'A', 'A', 'A', 'A', 'A', 'A', 'A', 'A', 'A', 'A', 'A', 'A', 'A', 'A', 'A', 'A', 'A', 'A', 'A', 'A', 'A', 'A', 'A', 'A', 'A']	46
ENST00000379310:34	['A', 'A', 'A', 'A']	4
ENST00000379341:6	['TA', 'TA', 'TA', 'TA', 'TA', 'TA']	6
ENST00000379406:19	['T', 'T', 'T']	3
ENST00000379454:10	['AA', 'A', 'AA', 'AA', 'A', 'AAA', 'AA', 'AAAA', 'AA', 'AAA', 'AA', 'A', 'AA', 'A', 'AA', 'A', 'AA', 'AA', 'AA', 'AAAA', 'AAA', 'A', 'A', 'AA', 'AA', 'A', 'A', 'A', 'AA', 'A', 'A', 'AA', 'AA', 'A', 'AA', 'A', 'AA', 'AA', 'AA', 'AAA', 'AA', 'AA', 'A', 'AA', 'AA', 'A', 'AA', 'AA', 'AA', 'A', 'A', 'AA', 'A', 'AA', 'AAA', 'A', 'AAA', 'AA', 'AA', 'AA', 'AA', 'AA', 'AA', 'AA', 'A', 'AAA', 'A', 'A', 'AA', 'AA', 'AA', 'A', 'AA', 'AA', 'AA', 'A', 'A', 'AAA', 'AA', 'AAAA', 'A', 'AA', 'AA', 'A', 'A', 'AAAA', 'AAA', 'A', 'A', 'AAA', 'AA', 'A', 'AA', 'AA', 'A', 'AAAA', 'AAA', 'AA', 'A', 'A', 'A', 'AAA', 'A', 'A', 'A', 'A', 'A', 'A', 'A', 'A', 'A', 'AA', 'AA', 'AA', 'A', 'AA', 'A', 'AAAA', 'AAA', 'AA', 'AA', 'A', 'AAA', 'A', 'A', 'A', 'A', 'A', 'A', 'A', 'AA', 'A', 'A', 'AAAAA', 'A', 'A', 'AA', 'AAA', 'AA', 'A', 'AA', 'AA', 'AA', 'AA', 'A', 'AA', 'A', 'A', 'A', 'A', 'AAAA', 'AAA', 'A', 'AA', 'AAAA', 'AA', 'A', 'A', 'A', 'AAAA', 'A', 'A']	162
ENST00000379454:6	['A', 'A', 'A', 'AA', 'AA', 'AA', 'AA', 'AA', 'AA', 'AA', 'AA', 'A', 'AA', 'AA', 'AA', 'A', 'AA', 'A', 'AA', 'AA', 'A', 'AA', 'AA', 'AA', 'A', 'A', 'A', 'AA', 'A', 'AA', 'AA', 'A', 'AA', 'AA', 'A', 'A', 'AA', 'AA', 'AA', 'A', 'A', 'A', 'AA', 'A', 'A', 'A', 'A', 'A', 'A', 'A', 'A', 'A', 'A', 'A', 'A', 'A', 'A', 'A', 'A', 'A', 'A', 'A', 'A', 'A', 'A', 'A', 'A', 'A', 'A', 'A', 'A', 'AA', 'A', 'AA', 'A', 'A', 'A', 'A', 'A', 'A', 'A', 'AA', 'A', 'A', 'A', 'A', 'A', 'A', 'A', 'A', 'A', 'A', 'A', 'A', 'A', 'A', 'AA', 'AA', 'AA', 'A', 'A', 'A', 'AA', 'A', 'A', 'A', 'A', 'A', 'A', 'A', 'A', 'A', 'A', 'A', 'A', 'AA', 'A', 'A', 'AA', 'A', 'AA', 'A', 'A', 'A', 'A', 'A', 'A', 'A', 'A', 'A', 'A']	131
ENST00000379454:9	['A', 'A', 'A', 'A', 'A', 'A', 'A', 'A', 'A', 'A', 'A', 'A', 'A', 'A', 'A', 'A', 'A', 'A', 'A', 'A', 'AA', 'A', 'A', 'A', 'A', 'A', 'A', 'A', 'A', 'A', 'A', 'A', 'A', 'A', 'A', 'A', 'A', 'A', 'A', 'A', 'A', 'A', 'A', 'A', 'A', 'A', 'A', 'A', 'A', 'A', 'A', 'A', 'A', 'A', 'A', 'A', 'A', 'A', 'A', 'A', 'A', 'A', 'A', 'A', 'A', 'A', 'A', 'A', 'A', 'A', 'A', 'A', 'A', 'A', 'A', 'A', 'A', 'A', 'A', 'A', 'A', 'A', 'A', 'A', 'A', 'A', 'A', 'A', 'A', 'A', 'A', 'A', 'A', 'A', 'A', 'A', 'A', 'A', 'A', 'A', 'A', 'A', 'A', 'A', 'A', 'A', 'A', 'AA', 'A', 'A', 'AA', 'A', 'A', 'A', 'A', 'A', 'A', 'A', 'A', 'A', 'A', 'A', 'A', 'A', 'A', 'A', 'A', 'A', 'A', 'A', 'A', 'A', 'A', 'A', 'A', 'A', 'A', 'AA', 'A', 'A', 'A', 'A', 'A', 'A', 'A', 'A', 'A', 'A', 'A', 'A', 'A', 'A', 'A', 'A', 'A', 'A', 'A', 'A', 'A', 'A', 'A', 'AA', 'A', 'A', 'A', 'A', 'A', 'A', 'A', 'A', 'A', 'A', 'A', 'A', 'A', 'A', 'A', 'A', 'A', 'A', 'A', 'A', 'A', 'A', 'A', 'A', 'A', 'A', 'A', 'A', 'A', 'A', 'A', 'A', 'A', 'A', 'A', 'A', 'A', 'A', 'A', 'A', 'A', 'A', 'A', 'A', 'A', 'A', 'A', 'A', 'A', 'A', 'A', 'A', 'A', 'A', 'A', 'A', 'A', 'A', 'A', 'A', 'A', 'A', 'A', 'A', 'A', 'AA', 'A']	229
ENST00000379487:4	['AAAAAA', 'AAAAAA', 'AAAA', 'AAAAAAA', 'AAAAAAAA', 'AAAAAAAA', 'AAAA', 'AAAAAAAA', 'AAAAAAAAAA', 'AAAAAA', 'AAAAAAAA', 'AAAAAA', 'AAAAAAAA', 'AAAAAA', 'AAAAAAA', 'AAAAAA', 'AAAAAA', 'AAAAA', 'AAAAAAAA', 'AAAAA', 'AAAAAA', 'AAAAAA', 'AAAAA', 'AAA', 'AAAAA', 'AAAAAA', 'AAAAAAA', 'AAAAA', 'AAAAAAAAAA', 'AAAAAAA', 'AAAAAA', 'AAAAAA', 'AAAAAAAAAA', 'AAAAA', 'AAAAAAAAA', 'AAAAAA', 'AAAAAAAA', 'AAAAAAAAAA', 'AAAA', 'AAAAAA', 'AAAAA', 'AAAAA', 'AAAAAAA', 'AAAAAA', 'AAAAAA', 'AAAAAAA', 'AAAAAA', 'AAAAAAA', 'AAAAAAAA', 'AAAAAAAA', 'AAAAAAAA', 'AAAAAAAA', 'AAAAAAAA', 'AAAAAAAAA', 'AAAAAAAAAA', 'AAAAAAA', 'AAAAAA', 'AAA', 'AAAAAAA', 'AAAAAAAA', 'AAAAAAAA', 'AAAAAAAAA', 'AAAAAA', 'AAAAAAAAA', 'AAAAAAAAA', 'AAAAA', 'AAAAAAA', 'AAAA', 'AAAAAAAA', 'AAAAAAAA', 'AAAAAAAA', 'AAAAAA', 'AAAA', 'AAAAAAAA', 'AAAAAAAA', 'AAAAAAAA', 'AAA', 'AAAAAA', 'AAAAAA', 'AAAAAAAAA', 'AAAAAAA', 'AAAAA', 'AAAAAAA', 'AAAAAAA', 'AAAAAAAAAA', 'AAA', 'AAAA', 'AAAAAA', 'AAAAAAAAA', 'AAAAAAAA']	90
ENST00000379550:4	['A', 'A', 'A', 'A', 'A', 'A', 'A', 'A', 'A', 'A', 'A', 'A', 'A', 'A', 'A', 'A', 'A', 'A', 'A', 'A', 'A', 'A', 'A', 'A', 'A', 'A', 'A', 'A', 'A', 'A', 'A', 'A', 'A', 'A', 'A', 'A', 'A']	37
ENST00000379550:5	['A', 'A']	2
ENST00000379558:12	['C', 'C']	2
ENST00000379562:5	['A', 'A', 'A', 'A', 'A', 'A', 'A', 'A', 'A', 'A', 'A', 'A', 'A', 'A', 'A', 'A', 'A', 'A', 'A', 'A', 'A', 'A', 'A', 'A', 'A', 'A', 'A', 'A', 'A', 'A', 'A', 'A', 'A', 'A', 'A', 'A', 'A', 'A', 'A', 'A', 'A', 'A', 'A', 'A', 'A', 'A', 'A', 'A', 'A', 'A', 'A', 'A', 'A', 'A', 'A', 'A', 'A', 'A', 'A', 'A', 'A', 'A', 'A', 'A', 'A', 'A', 'A', 'A', 'A', 'A', 'A', 'A', 'A', 'A', 'A', 'A', 'A', 'A', 'A', 'A', 'A', 'A', 'A', 'A', 'A', 'A', 'A', 'A', 'A', 'A', 'A', 'A', 'A', 'A']	94
ENST00000379562:6	['A', 'A', 'A', 'A']	4
ENST00000379565:12	['G', 'G']	2
ENST00000379638:4	['TGTT', 'TGTT']	2
ENST00000379645:3	['GA', 'GA', 'GA', 'GA', 'GA', 'GA', 'GA', 'GA', 'GA']	9
ENST00000379672:2	['CGGC']	1
ENST00000379705:2	['AAA', 'AAA', 'AAA', 'AAA', 'AAAA', 'AAA', 'AAAA', 'AAAA', 'AAAA', 'AAA', 'AAA', 'AAAA', 'AAA', 'AAAA', 'AAAA', 'AAAA', 'AAAA', 'AAAA', 'AAAA', 'AAAA', 'AAA', 'AAA', 'AAA', 'AAAA', 'AAAA', 'AAA', 'AAA', 'AAA', 'AAA', 'AAA', 'AAA', 'AAAA', 'AAAA', 'AAAA', 'AAA', 'AAA', 'AAA', 'AAA', 'AAAA', 'AAAA', 'AAAA', 'AAA', 'AAA', 'AAA', 'AAA', 'AAAA', 'AAA', 'AAA', 'AAA', 'AAAA', 'AAA', 'AAA', 'AAAA', 'AAA', 'AAAA', 'AAA', 'AAA', 'AAA', 'AAA', 'AAAA', 'AAA', 'AAAA', 'AAAA', 'AAA', 'AAAA', 'AAA', 'AAA', 'AAAA', 'AAAA', 'AAAA', 'AAAA', 'AAAA', 'AAA', 'AAA', 'AAA', 'AAA', 'AAA', 'AAA', 'AAA', 'AAA', 'AAA', 'AAA', 'AAA', 'AAA', 'AAA', 'AAA', 'AAAA', 'AAA', 'AAAA', 'AAA', 'AAAA', 'AAA', 'AAA', 'AAA', 'AAAA', 'AAA', 'AAA', 'AAA', 'AAA', 'AAA', 'AAA', 'AAA', 'AAA', 'AAAA', 'AAAA', 'AAA', 'AAAA', 'AAA', 'AAA', 'AAAA', 'AAA', 'AAA', 'AAA', 'AAAA', 'AAA', 'AAA', 'AAA', 'AAA', 'AAA', 'AAA', 'AAA', 'AAA', 'AAA', 'AAA', 'AAA', 'AAAA', 'AAA', 'AAA', 'AAA', 'AAA']	130
ENST00000379731:3	['A', 'A']	2
ENST00000379807:1	['TG']	1
ENST00000379807:7	['A', 'A', 'A', 'A', 'A', 'A', 'A', 'A', 'A', 'A', 'A', 'A', 'A', 'A', 'A', 'A', 'A', 'A', 'A', 'A', 'A', 'A', 'A', 'A', 'A', 'A', 'A', 'A', 'A', 'A', 'A', 'A', 'A', 'A', 'A', 'A', 'A', 'A', 'A', 'A', 'A', 'A', 'A', 'A', 'A', 'A', 'A', 'A', 'A', 'A', 'A', 'AA', 'AA', 'A', 'A', 'A', 'AA', 'A', 'A', 'A', 'A', 'AA', 'A', 'A', 'A', 'A', 'A', 'A', 'A', 'A', 'A', 'A', 'A', 'A', 'A', 'A', 'A', 'A', 'A', 'A', 'A', 'A', 'A', 'A', 'A', 'A', 'A', 'A', 'A', 'A', 'A', 'A', 'A', 'A', 'A', 'A', 'A', 'A', 'A', 'A', 'A', 'A', 'A', 'A', 'A', 'A', 'A', 'A', 'A', 'A', 'A', 'A', 'A', 'A', 'A', 'A', 'A', 'AA', 'A', 'A', 'A', 'A', 'A', 'A', 'A', 'A', 'A', 'A', 'A', 'A', 'A', 'A', 'A', 'A', 'A', 'AA', 'AA', 'A', 'A', 'A', 'A', 'A', 'A', 'A']	144
ENST00000379819:4	['AA', 'A', 'AAAAAAAAAACAAAAAAAAAAACA', 'AA', 'AA', 'AAAAAAAAAACAAAAAAAAAAACA', 'AAAAAAAAAACAAAAAAAAAAACAAAAA', 'AA', 'AAAAAAAAAACAAAAAAAAAAAC', 'AAA', 'AAAAAAAACAAAAAAAAAAAC', 'AA', 'AAAAAAAAAACAAAAAAAAAAACAA', 'AAAAAAAAAACAAAAAAAAAAACAAAAA', 'AA', 'AA', 'AA', 'AA', 'AA', 'AA', 'AAAAAAAAAACAAAAAAAAAAACAAAA', 'AAAAAAAAAACAAAAAAAAAAACAA', 'AAA', 'AAAAAAAAAACAAAAAAAAAAACAA', 'AAAAAAAAAACAAAAAAAAAAAC', 'AAAAAAAAAACAAAAAAAAAAACA', 'A', 'AA', 'AA', 'AAAAAAAACAAAAAAAAAAAC', 'A', 'A', 'AAAAAAAACAAAAAAAAAAAC', 'AAAAAAAAACAAAAAAAAAAAC', 'A', 'AAAAAAAACAAAAAAAAAAAC', 'AA', 'AAA', 'AA', 'AAAAAAAAAACAAAAAAAAAAACAA', 'AA', 'A', 'AAAAAAAAAACAAAAAAAAAAACA', 'A', 'AA', 'AAAAAAAAACAAAAAAAAAAAC', 'AAAAAAAAAACAAAAAAAAAAACA', 'AA', 'AA', 'A', 'AA', 'A', 'AA', 'AAAAAAAAAACAAAAAAAAAAACA', 'AA', 'AA', 'A', 'A', 'AAAAAAAAAACAAAAAAAAAAACAAA', 'AA', 'A', 'A', 'A', 'AAAAAAAAAACAAAAAAAAAAACAAAA', 'AAAAAAAAAACAAAAAAAAAAACAAA', 'AAAAAAAAAACAAAAAAAAAAACAAA', 'A', 'AAAAAAAAAACAAAAAAAAAAACA', 'A', 'AA', 'AAAAAAAACAAAAAAAAAAAC', 'A', 'A', 'A', 'AAAAAAACAAAAAAAAAAAC', 'AAAAAAAAACAAAAAAAAAAAC']	76
ENST00000379881:9	['TT']	1
ENST00000379883:10	['AAA', 'AA', 'AAA', 'AAAAA', 'AA', 'AA', 'AA', 'AAAAAA', 'AAA', 'A', 'AA', 'AA', 'AA', 'AAA', 'AA', 'AAA', 'A', 'AA', 'AA', 'AA', 'AA', 'AAAA', 'AAAA', 'AA', 'AA', 'AAA', 'AAA', 'AAAA', 'AAA', 'AA', 'AA', 'A', 'AAA', 'AAA', 'AAAA', 'AAA', 'AA', 'AA', 'AA', 'AAA', 'AAA', 'AAA', 'A', 'AAA', 'AA', 'AA', 'AA', 'AA', 'AAAA', 'AA', 'A', 'AA', 'AA', 'A', 'AAAAA', 'AA', 'AAA', 'AA', 'AAA', 'AAA', 'AAA', 'AAA', 'AA', 'AA', 'AAA', 'A', 'AA', 'A', 'AA', 'A', 'A', 'A', 'A', 'AAAA', 'AAAA', 'AAA', 'AAAA', 'AAA', 'AA', 'AAAAAA', 'AAA', 'AAA', 'AA', 'AAAA', 'AAAAA', 'AAAAA', 'AAAA', 'AAAA', 'AAA', 'AAAAA', 'AAA', 'A', 'AA', 'A', 'AAAA', 'AAA']	96
ENST00000379883:2	['A', 'A', 'A', 'A', 'A', 'A']	6
ENST00000379887:13	['T', 'T', 'T', 'T', 'T', 'T', 'T', 'T', 'T', 'T', 'T', 'T', 'T', 'T', 'T', 'T', 'T', 'T', 'T', 'T', 'T', 'T', 'T', 'T', 'T', 'T', 'T', 'T', 'T', 'T', 'T', 'T', 'T', 'T', 'T', 'T', 'T', 'T', 'T', 'TT', 'T', 'T', 'T', 'T', 'T', 'T', 'T', 'T', 'T', 'T', 'T', 'T', 'T', 'T', 'T', 'T', 'T', 'T', 'T', 'T', 'T', 'T', 'T', 'T', 'T', 'T', 'T', 'T', 'T']	69
ENST00000379888:10	['GATTCCTGGTGCCCCTGAT', 'GATTCCTGGTGCCCCTGAT']	2
ENST00000379907:19	['C', 'C', 'C', 'C', 'C', 'C', 'C', 'C', 'C', 'C', 'C', 'C', 'C', 'C', 'C', 'C', 'C', 'C', 'C', 'C', 'C', 'C', 'C', 'C', 'C', 'C', 'C', 'C', 'C', 'C', 'C']	31
ENST00000379925:1	['A', 'A']	2
ENST00000379925:22	['A', 'AA']	2
ENST00000379925:4	['A', 'A']	2
ENST00000379942:16	['A', 'A', 'A', 'A']	4
ENST00000379989:12	['A']	1
ENST00000380032:1	['A', 'A', 'A', 'A', 'A', 'A', 'A', 'A', 'A', 'A', 'A', 'A', 'A', 'A', 'A', 'A', 'A', 'A', 'A', 'A', 'A', 'A', 'A', 'A', 'A', 'A', 'A', 'A', 'A', 'A', 'A', 'A', 'A', 'A', 'A', 'A', 'A', 'A', 'A', 'A', 'A', 'A', 'A', 'A', 'A', 'A', 'A', 'A', 'A', 'A', 'A', 'A', 'A', 'A', 'A', 'A', 'A', 'A', 'A', 'A']	60
ENST00000380033:1	['AAT']	1
ENST00000380036:16	['AA']	1
ENST00000380055:3	['T']	1
ENST00000380056:4	['AGGAA', 'AGGAA']	2
ENST00000380069:3	['C', 'C']	2
ENST00000380087:5	['AGA', 'AGA']	2
ENST00000380183:7	['C', 'C', 'C', 'C']	4
ENST00000380254:2	['ACTT', 'ACTT', 'ACTT', 'ACTT', 'ACTT', 'ACTT', 'ACTT', 'ACTT']	8
ENST00000380281:5	['G', 'GTTC', 'A', 'A', 'A', 'A']	6
ENST00000380379:6	['T', 'T', 'T', 'T', 'T', 'T', 'T', 'T', 'T', 'T', 'T']	11
ENST00000380394:1	['C', 'C']	2
ENST00000380394:3	['CT', 'CT']	2
ENST00000380482:4	['T', 'T']	2
ENST00000380495:1	['G', 'G']	2
ENST00000380516:12	['A', 'A', 'A']	3
ENST00000380516:13	['A', 'A']	2
ENST00000380518:11	['GA', 'GA', 'GA', 'GA', 'GA', 'GA', 'GA', 'GA', 'GA', 'GA', 'GA', 'GA', 'GA', 'GA', 'GA', 'GA', 'GA', 'GA', 'GA', 'GA', 'GA', 'GA', 'GA', 'GA', 'GA', 'GA', 'GA', 'GA', 'GA', 'GA', 'GA', 'GA', 'GA', 'GA', 'GA', 'GA', 'GA', 'GA', 'GA', 'GA', 'GA', 'GA', 'GA', 'GA', 'GA', 'GA', 'GA', 'GA', 'GA', 'GA', 'GA', 'GA', 'GA', 'GA', 'GA', 'GA', 'GA', 'GA', 'GA', 'GA', 'GA', 'GA', 'GA', 'GA', 'GA', 'GA', 'GA', 'GA', 'GA', 'GA', 'GA', 'GA', 'GA', 'GA', 'GA', 'GA', 'GA', 'GA', 'GA', 'GA', 'GA', 'GA', 'GA', 'GA', 'GA', 'GA', 'GA', 'GA', 'GA', 'GA', 'GA']	91
ENST00000380518:4	['GA', 'GA', 'GA']	3
ENST00000380542:4	['A', 'A', 'A', 'A']	4
ENST00000380542:6	['A', 'A', 'A', 'A', 'A', 'A', 'A', 'A', 'A', 'A', 'A', 'A', 'A', 'A', 'A', 'A', 'A', 'A', 'A', 'A', 'AA', 'A', 'A', 'A', 'A', 'A', 'A', 'A', 'A', 'A', 'A', 'A', 'A', 'A', 'A', 'A', 'A', 'A', 'AA', 'A', 'A']	41
ENST00000380548:21	['C']	1
ENST00000380588:5	['T']	1
ENST00000380605:2	['G', 'G']	2
ENST00000380615:2	['AA', 'A', 'AA', 'AA', 'AAA', 'AA', 'AA', 'AA', 'AA', 'AA', 'AA', 'A', 'AA', 'AA', 'AA', 'AA', 'AA', 'A', 'A', 'A', 'AA', 'A', 'AA', 'AAA', 'AAA', 'AA', 'AA', 'AA', 'A', 'A', 'A', 'AA', 'AA', 'AAA', 'A', 'AA', 'AA', 'A', 'A', 'A', 'A', 'A', 'AA', 'A', 'A', 'AA', 'AA', 'AA', 'A', 'AA', 'AA', 'AA', 'A', 'A', 'A', 'AA', 'AA', 'AA', 'AA', 'AA', 'A', 'A', 'A', 'A', 'A', 'AA', 'AA', 'A', 'A', 'AA', 'A', 'A', 'AA', 'AA', 'AA', 'A', 'A', 'AAA', 'A', 'AA', 'A', 'AA', 'A', 'A', 'AA', 'A', 'AA', 'A', 'A', 'AA', 'AA', 'AA', 'AA', 'A', 'A', 'A', 'A', 'AA', 'A', 'A', 'A', 'AA', 'AA', 'A', 'A', 'A', 'AA', 'A', 'A', 'AA', 'AA', 'A', 'A', 'AA', 'AA', 'A', 'A', 'AA', 'A', 'AA', 'A', 'A', 'AAAA', 'A']	124
ENST00000380615:3	['AAAAA', 'AA', 'AAAA', 'AAAAA', 'AAAAAA', 'AAAAAAA', 'AAAAAA', 'AAAA', 'AAAAAAA', 'AAAAAA', 'AAAAAAAA', 'AAAAAAA', 'AAAAA', 'AAAAAA', 'AAAAAA', 'AAAAAA', 'AA', 'AAAA', 'AAAAAAA', 'AAAAAA', 'AAAAAA', 'AA', 'AAAAA', 'AAAAA', 'AAAA', 'AAAAA', 'AAAAA', 'AA', 'AAAAAAA', 'AAAAAA', 'AAAAAA', 'AAAAA', 'AAAAA', 'AAAAA', 'AAAAA', 'AAAAA', 'AAAAAA', 'AAAAAAAA', 'AAAAAAAA', 'AAAAAA', 'AAAAA', 'AAAAAA', 'AAAA', 'AAAAAA', 'AAAAA', 'A', 'AAAAAA', 'AAAAAA', 'AAAA', 'AAAAAAAA', 'AAAAA', 'AAAAA', 'AAAAA', 'AAAAA', 'AAAAAA', 'AAA', 'AAAAA', 'AAAAAAAA', 'AAAAA', 'AAAAAAA', 'A', 'A', 'AAAAAAA', 'AAAAAA', 'AAAAA', 'AAAA', 'AAAAAAAA', 'AAAAA', 'AAAAAA', 'AAAAA', 'AAAAAA', 'AAAAA', 'AAAA', 'AAAAAAA', 'AAAA', 'AAAAAAA', 'AAAAA', 'AAAAAA', 'AAAAA', 'AAAAAAAAA', 'AAAAA', 'AAAAAA', 'AAAAAA', 'AAAAAAAA', 'AAAAA', 'AAAAA', 'AAAAA', 'AAAAA', 'AAAA', 'AAAAAA', 'AAAA', 'AAAAAAA', 'AAAAA', 'AAAA', 'AAAAA', 'AAAAAA', 'AAAAA', 'AAAAA', 'AAAAA', 'AAAA', 'AAAAAA', 'AAAAA', 'AAAAA', 'AAAAAA', 'AAAAA', 'AAAAA', 'AAAAAAAAA', 'AAAAA', 'AAAAAAA', 'AAAAAAAAA', 'AAAAAAA', 'AAAAAAAA', 'AAAAA', 'AAAAAAA', 'AAAAAA', 'AAAAA', 'AAAAAA', 'AAAAA', 'AAAAA', 'AA', 'C', 'AA', 'A', 'AAA', 'AAAAA', 'AAAAAAAA', 'AAAAAAA', 'AAAAAAA', 'AAAAAAAAA', 'AAAAA', 'AAAAAAA', 'AAAAAAA', 'AAAAAAAAAA', 'AAAAAAAA', 'AAAAAAAAA', 'AAAAA', 'AAAAAAA', 'AAAAAAAAA', 'AAAAAAA']	139
ENST00000380647:18	['AA', 'AA', 'AA', 'AA', 'AA', 'AA']	6
ENST00000380664:18	['A', 'A', 'A', 'A', 'A', 'A', 'A', 'A', 'A', 'A', 'A', 'A', 'A', 'A', 'A', 'A', 'A', 'A', 'A', 'A', 'A', 'A', 'A', 'A', 'A', 'A', 'A', 'A', 'A', 'A', 'A', 'A', 'A', 'A', 'A', 'A', 'A', 'A', 'A', 'A', 'A', 'A', 'A', 'A', 'A', 'A', 'A', 'A', 'A', 'A', 'A', 'A', 'A', 'A', 'A', 'A', 'A', 'A', 'A', 'A', 'A', 'A', 'A', 'A', 'A', 'A', 'A', 'A', 'A', 'A', 'A', 'A', 'A', 'A', 'A', 'A', 'A', 'AA', 'A', 'A', 'A', 'A', 'A', 'A', 'A', 'A', 'A', 'A', 'A', 'A', 'A', 'A', 'A', 'A', 'A', 'A', 'A', 'AA', 'A', 'A', 'A', 'A', 'A']	103
ENST00000380664:2	['CA']	1
ENST00000380664:36	['TAAAA', 'TAAAA']	2
ENST00000380682:12	['TC', 'C', 'TC', 'C', 'C', 'C', 'C', 'C', 'TC', 'C']	10
ENST00000380685:3	['A', 'A', 'A']	3
ENST00000380728:6	['CTA', 'CTA']	2
ENST00000380729:11	['TCCCTTTTCATCTTG', 'TCCCTTTTCATCTTG']	2
ENST00000380729:9	['A']	1
ENST00000380733:2	['T']	1
ENST00000380733:3	['A', 'A']	2
ENST00000380737:7	['T', 'T']	2
ENST00000380739:3	['A', 'A', 'A']	3
ENST00000380739:4	['A', 'A', 'A', 'A', 'A', 'A', 'A', 'A', 'A', 'A', 'A', 'A', 'A', 'A', 'A', 'A', 'A', 'A', 'A', 'A', 'A', 'A', 'A', 'A', 'A', 'A', 'A', 'A', 'A', 'A', 'A', 'A', 'A', 'A', 'A', 'A', 'A', 'A', 'A', 'A', 'A', 'A', 'A', 'A', 'A', 'A', 'A', 'A', 'A', 'A', 'A', 'A', 'A', 'A', 'A', 'A', 'A', 'A', 'A', 'A', 'A', 'A', 'A', 'A', 'A', 'A', 'AA', 'A', 'A', 'A', 'A', 'AA', 'A', 'A', 'A', 'A', 'A', 'A', 'A', 'A', 'A', 'A', 'A', 'A', 'AA', 'A', 'A', 'A', 'A', 'A', 'A', 'A', 'A', 'A', 'A', 'A', 'A', 'A', 'A', 'A', 'A', 'A', 'A', 'A', 'A', 'A', 'A', 'A', 'A', 'A', 'A', 'A', 'A', 'A', 'A', 'A']	116
ENST00000380774:13	['AA', 'AAAA', 'AAAA', 'AAA', 'AAA', 'AAA', 'AAA', 'AAA', 'AA', 'AAAA', 'AA', 'AA', 'AAAA', 'A', 'AAAA', 'AAA', 'AAAAAA', 'A', 'AAAA', 'A', 'AAA', 'AAA', 'AAAA', 'AA', 'AAA', 'AA', 'AAAA', 'AAAA', 'AAA', 'AAAA', 'AA', 'AAAA', 'A', 'AAA', 'AAAAA', 'AAA', 'A', 'A', 'AA', 'AAA', 'AAAA', 'AAA', 'AAA', 'AAA', 'AAAA', 'AAA', 'AAA', 'AAAAA', 'AAAAA', 'AAAA', 'AAAA']	51
ENST00000380817:5	['A', 'A']	2
ENST00000380880:26	['A', 'A', 'A', 'A', 'A', 'A', 'A', 'A', 'A', 'A', 'A']	11
ENST00000380913:2	['T']	1
ENST00000380916:6	['A', 'A', 'A', 'A', 'A', 'A', 'A']	7
ENST00000381003:4	['A', 'A', 'A', 'A', 'A', 'A', 'A', 'A']	8
ENST00000381003:9	['A', 'A', 'A', 'A', 'A', 'A', 'A', 'A', 'A', 'A', 'A', 'A', 'A', 'A', 'A', 'A', 'A', 'A', 'A', 'A', 'A']	21
ENST00000381031:7	['TTTC', 'TTC']	2
ENST00000381042:2	['A', 'A', 'A', 'A']	4
ENST00000381077:1	['A', 'A', 'AA', 'A', 'A', 'A', 'A', 'A', 'A', 'A', 'A', 'A', 'AA', 'A', 'A', 'A', 'A', 'A', 'AA', 'A', 'A', 'A', 'A', 'A', 'A', 'A', 'A', 'A', 'A', 'A', 'A', 'AA', 'A', 'AA', 'AA', 'A', 'A', 'AA', 'A', 'A', 'A', 'A', 'A', 'A', 'A', 'AA', 'AA', 'A', 'A', 'A', 'A', 'AA', 'A', 'A', 'A', 'AA', 'AA', 'A', 'A', 'AA', 'A', 'A', 'A', 'A', 'A', 'A', 'A', 'AAA', 'AAA', 'A', 'AA', 'A', 'A', 'A', 'A', 'A', 'A', 'A', 'A', 'A', 'A', 'A', 'A', 'A', 'A', 'A', 'AA', 'A', 'A', 'A', 'A', 'A', 'A', 'A', 'A', 'A']	96
ENST00000381116:4	['GAAAGTAGTAAGAAGAG']	1
ENST00000381125:18	['GA', 'GA', 'GA', 'GA', 'GA', 'GA', 'GA', 'GA', 'GA', 'GA', 'GA', 'GA', 'GA', 'GA', 'GA', 'GA', 'GA', 'GA', 'GA', 'GA', 'GA', 'GA', 'GA', 'GA', 'GA', 'GA', 'GA', 'GA', 'GA', 'GA', 'GA', 'GA', 'GA']	33
ENST00000381140:1	['G']	1
ENST00000381210:5	['A', 'A', 'A', 'A', 'A', 'A', 'A', 'A', 'A', 'A', 'A', 'A', 'A', 'A', 'A', 'A', 'A', 'A', 'A', 'A', 'A', 'A', 'A', 'A', 'A', 'A', 'A', 'A', 'A', 'A', 'A', 'A', 'A', 'A', 'A', 'A', 'A', 'A', 'A', 'A', 'A', 'A', 'A', 'A', 'A', 'A', 'A', 'A', 'A', 'A', 'A', 'A', 'A', 'A', 'A', 'A', 'A', 'A', 'A', 'A', 'A', 'A', 'A', 'A', 'A', 'A', 'A', 'A', 'A', 'A', 'A', 'A', 'A', 'A', 'A', 'A', 'A', 'A', 'A', 'A', 'A', 'A']	82
ENST00000381210:6	['AAACA', 'AAACA']	2
ENST00000381229:7	['G', 'G']	2
ENST00000381309:15	['C', 'C', 'C']	3
ENST00000381337:2	['A', 'AA', 'AA', 'AA', 'AA', 'AA', 'AA', 'AA', 'AA', 'AA', 'A', 'AA', 'AA', 'AA', 'AA', 'AA', 'AA', 'AA', 'AA', 'AA', 'AAA', 'AA', 'A', 'AA', 'AA', 'A', 'AA', 'AA', 'AA', 'A', 'A', 'AA', 'A', 'AA', 'A', 'AA', 'AA', 'AA', 'AA', 'AA', 'A', 'A', 'AA', 'AA', 'AA', 'A', 'AA', 'AA', 'A', 'AA', 'AA', 'AAA', 'A', 'A', 'A', 'A', 'A', 'A', 'A', 'A', 'A', 'A', 'A', 'A', 'A', 'A', 'A', 'A', 'A', 'A', 'A', 'A', 'A', 'A', 'A', 'A', 'A', 'A', 'A', 'A', 'A', 'A', 'A', 'A', 'A', 'A', 'A', 'A', 'A', 'A', 'A', 'A', 'A', 'A', 'A', 'A', 'A', 'A', 'A', 'A', 'A', 'A', 'A', 'AA', 'A', 'A', 'A', 'A', 'AA', 'AA', 'A', 'AA', 'A', 'A', 'A', 'A', 'A', 'A', 'A', 'A', 'A', 'A', 'A', 'A', 'A', 'AA', 'A', 'A', 'A', 'A', 'A', 'A', 'A', 'A', 'A', 'A', 'A', 'A', 'A', 'A', 'A', 'A', 'A', 'A', 'A', 'A']	146
ENST00000381340:20	['AAAA', 'AA', 'AA', 'AAA', 'AA', 'AAA', 'AA', 'AA', 'A', 'AA', 'AAA', 'AA', 'AA', 'AAA', 'AAA', 'AA', 'AAA', 'AA', 'A', 'AA', 'AA', 'AAA', 'AA', 'A', 'AA', 'AAA', 'AA', 'AAA', 'AAA', 'AA', 'A', 'A', 'AAA', 'A', 'AA', 'AA', 'AA', 'AA', 'T', 'A', 'AA', 'A', 'A', 'A', 'A', 'AA', 'AA', 'AA', 'AA', 'AA', 'A', 'A', 'AAA', 'AA', 'A', 'A', 'AA', 'A', 'AA', 'AA', 'AA', 'A', 'A', 'A', 'AA', 'A', 'A', 'T', 'AA', 'A', 'AAA', 'A', 'A']	73
ENST00000381340:44	['AA', 'AA', 'A', 'AA', 'AA', 'AA', 'AAA', 'AA', 'AA', 'AA', 'AAA', 'AAA', 'AA', 'AAA', 'AA', 'AAA', 'AA', 'AA', 'AAA', 'AA', 'AA', 'AA', 'AA', 'AA', 'AA', 'AA', 'A', 'AA', 'AA', 'AA', 'AA', 'AA', 'AA', 'AA', 'AA', 'AAA', 'A', 'AA', 'AA', 'AA', 'AA', 'AA', 'AA', 'AA', 'AA', 'AA', 'AA', 'AA', 'AA', 'AA', 'AA', 'AA', 'AA', 'AA', 'AA', 'AA', 'AA', 'AA', 'A', 'AAA', 'AA', 'AA', 'AAA', 'AA', 'AA', 'A', 'AA', 'AA', 'A', 'AA', 'AA', 'AAA', 'A', 'AA', 'A', 'A', 'A', 'AA', 'AA', 'A', 'A', 'AAA', 'A', 'AA', 'AA', 'AA', 'AA', 'A', 'A', 'A', 'AA', 'AA', 'A', 'AA', 'A', 'A', 'AA', 'A', 'AA', 'A', 'A', 'A', 'A', 'AA', 'A', 'A', 'A', 'A', 'A', 'A', 'A', 'A', 'A', 'A', 'A', 'A', 'A', 'A', 'A', 'A', 'AA', 'AA', 'AA', 'AA', 'AA', 'AAA', 'AA', 'A', 'AA', 'AA', 'A', 'A', 'AA', 'A', 'A', 'AA', 'AA', 'A', 'A', 'A', 'A', 'AA', 'AA', 'A', 'A', 'A', 'A', 'A', 'A', 'A', 'AAA', 'A', 'A']	153
ENST00000381346:5	['G', 'G']	2
ENST00000381418:7	['G', 'G']	2
ENST00000381431:3	['A', 'A', 'A', 'A', 'A', 'A', 'A', 'A', 'A', 'A', 'A', 'A', 'A', 'A', 'A', 'A', 'A', 'A', 'A', 'A', 'A', 'A']	22
ENST00000381434:6	['AA', 'A', 'AA', 'AA', 'A', 'AA', 'AAA', 'AAA', 'AA', 'AA', 'A', 'A', 'AA', 'AA', 'A', 'AAA', 'A', 'A', 'AA', 'A', 'AAA', 'AA', 'AA', 'AA', 'AA', 'AA', 'AA', 'AA', 'AAA', 'AA', 'AA', 'A', 'A', 'A', 'A', 'AA', 'A', 'AA', 'AA', 'AA', 'AA', 'AA', 'A', 'A', 'A', 'A', 'A', 'A', 'AA', 'AA', 'AA', 'AA', 'AA', 'AA', 'AA', 'AA', 'AA', 'AA', 'AA', 'AA', 'A', 'AA', 'AA', 'A', 'AA', 'A', 'AA', 'AA', 'A', 'AA', 'AA', 'A', 'AA', 'A', 'AAA', 'A', 'A', 'AA', 'AA', 'AA', 'AAA', 'AA', 'A', 'AA', 'A']	85
ENST00000381471:1	['TC', 'TC']	2
ENST00000381501:2	['TTAAAAGA']	1
ENST00000381525:1	['A', 'A', 'A', 'A', 'A']	5
ENST00000381627:1	['TTAAAT']	1
ENST00000381638:53	['AG']	1
ENST00000381638:9	['A']	1
ENST00000381652:24	['T', 'T', 'T', 'T', 'T', 'T', 'T', 'T', 'T', 'T', 'T', 'T', 'T', 'T', 'T', 'T', 'T', 'T', 'T', 'T', 'T', 'T', 'T', 'T', 'T', 'T', 'T', 'T', 'T', 'T', 'T', 'T', 'T', 'T', 'T', 'T', 'T', 'T', 'T', 'T', 'T', 'T', 'T']	43
ENST00000381668:27	['A', 'A', 'A', 'A', 'A', 'A', 'A', 'A', 'A', 'A', 'A', 'A', 'A', 'A']	14
ENST00000381669:6	['G', 'G', 'G', 'G', 'G', 'G', 'G']	7
ENST00000381685:10	['A', 'A', 'A', 'A', 'A', 'A', 'A', 'A', 'A', 'A', 'A', 'A', 'A', 'A', 'A', 'A', 'A', 'A']	18
ENST00000381685:7	['C', 'C']	2
ENST00000381736:13	['TTA']	1
ENST00000381774:1	['A', 'A', 'A', 'A', 'A', 'A']	6
ENST00000381801:1	['A', 'A', 'A', 'A']	4
ENST00000381801:5	['T', 'T']	2
ENST00000381815:2	['ATG']	1
ENST00000381854:2	['ATGA']	1
ENST00000381884:9	['AA', 'AA', 'AAA', 'AAA', 'AA', 'AA', 'A', 'A', 'A', 'AA', 'AA', 'AAA', 'AAA', 'A', 'A', 'AA', 'A', 'AA', 'AA', 'AA', 'AA', 'AA', 'AA', 'AAA', 'AA', 'AAA', 'AA', 'A', 'AAA', 'AA', 'A', 'AA', 'AA', 'AA', 'A', 'A', 'A', 'AAA', 'AA', 'AAA', 'AA', 'A', 'AAA', 'AAA', 'A', 'AA', 'A', 'AA', 'AAA', 'AAA', 'A', 'AA', 'AA', 'AA', 'AA', 'AA', 'AA', 'AAA', 'AA', 'AA', 'AA', 'AAA', 'AA', 'AA', 'AA', 'AAA', 'AAA', 'AA', 'A', 'AAA', 'AAA', 'AA', 'AAA', 'A', 'A', 'AAA', 'AA', 'AA', 'AAA', 'A', 'AA', 'AA', 'A', 'AA', 'A', 'A', 'AA', 'AA', 'AA', 'A', 'AAA', 'A', 'A', 'AA', 'A', 'A', 'A', 'AA', 'AA', 'AA', 'AAA', 'AA', 'AA', 'AA', 'AA', 'AA', 'AA', 'A', 'AAA', 'AA', 'A', 'A', 'A', 'A', 'A', 'A', 'A', 'A', 'A', 'AA', 'A', 'A', 'A', 'AA', 'A', 'A']	126
ENST00000381897:21	['A', 'A', 'A', 'A', 'A', 'A']	6
ENST00000381937:10	['AGAAAAAAAAATT']	1
ENST00000381937:2	['A', 'A']	2
ENST00000381937:9	['GTTG']	1
ENST00000381989:1	['A', 'A', 'A', 'A']	4
ENST00000381989:26	['G', 'TCTTCT', 'G', 'TCT', 'TCT', 'G', 'G', 'G', 'C', 'TC', 'G', 'G', 'G', 'G', 'TCTTCT', 'G', 'G']	17
ENST00000381989:32	['GA', 'GA']	2
ENST00000381989:33	['A', 'A', 'AA', 'A', 'A', 'A', 'A', 'A', 'A', 'A', 'A', 'A', 'A']	13
ENST00000382004:4	['AGA']	1
ENST00000382041:27	['A', 'A', 'A', 'A', 'A', 'A', 'A', 'A', 'A', 'A', 'A', 'A', 'A', 'A', 'A', 'A', 'A', 'A', 'A', 'A', 'A', 'A']	22
ENST00000382041:3	['A', 'A', 'A', 'A', 'A', 'A', 'A', 'A', 'A', 'A', 'A', 'A', 'A', 'A', 'A', 'A', 'A', 'A', 'A', 'A', 'A', 'A', 'A', 'A', 'A', 'A', 'A', 'A', 'A', 'A', 'A', 'A']	32
ENST00000382103:1	['AAAAA', 'AA', 'AA', 'AAAAA', 'AAA', 'AA', 'AAA', 'AA', 'AAA', 'AAA', 'AAA', 'AA', 'A', 'AA', 'AAA', 'A', 'AAA', 'AA', 'AA', 'AAAA', 'AAAAA', 'AAA', 'AA', 'AAAA', 'AA', 'AAAA', 'AA', 'AAA', 'AAAA', 'AA', 'AA', 'A', 'AAA', 'AA', 'AAA', 'AA', 'AA', 'AA', 'AAA', 'AAA', 'AAAAA', 'AA', 'AA', 'AA', 'AAA', 'AA', 'AAAAA', 'A', 'AA', 'AA', 'AAAAA', 'AA', 'AA', 'AA', 'AAAA', 'AA', 'AAAAA', 'AAA', 'AA', 'AA', 'AA', 'AA', 'AAA', 'AA', 'AAA', 'AA', 'AAA', 'AAAAA', 'AAAAA', 'AAAA', 'AAA', 'AAA', 'AAAA', 'AAAA', 'AA', 'AAA', 'AAAA', 'AAAAA', 'AAAAA', 'AAAAA', 'AA', 'AA', 'AAAA', 'AAA', 'AAAA', 'AA', 'AAA', 'AAA', 'AAAAA', 'AAA', 'AAAA', 'AAAA', 'AA', 'AA', 'A', 'A', 'AA', 'AAAA', 'AAAA']	99
ENST00000382103:7	['TG']	1
ENST00000382172:11	['A', 'A', 'A', 'A', 'A', 'A', 'A', 'A', 'A', 'A', 'A', 'A', 'A']	13
ENST00000382172:13	['A']	1
ENST00000382205:1	['T']	1
ENST00000382292:2	['A', 'A', 'A', 'A', 'A', 'A']	6
ENST00000382297:8	['TTTTTA', 'TTTTTA']	2
ENST00000382405:11	['A', 'A', 'A', 'A', 'A', 'A', 'A', 'A', 'A', 'A', 'A', 'A', 'A', 'A', 'A', 'A', 'A', 'A', 'A', 'A', 'A']	21
ENST00000382405:5	['A', 'A', 'A', 'A', 'A']	5
ENST00000382496:16	['G', 'G', 'G', 'G', 'G', 'G', 'G', 'G', 'G', 'G', 'G', 'G']	12
ENST00000382496:2	['A', 'A']	2
ENST00000382743:1	['A', 'A', 'A', 'A', 'A', 'A']	6
ENST00000382745:1	['CT']	1
ENST00000382751:1	['A', 'A', 'A']	3
ENST00000382751:12	['A', 'A']	2
ENST00000382862:14	['GCCAGGGAGTCCCTG', 'GCCAGGGAGTCCCTG']	2
ENST00000382871:6	['T', 'T', 'T', 'T', 'T', 'T']	6
ENST00000382891:13	['G', 'G']	2
ENST00000382891:9	['AAT', 'AAT', 'AAT', 'AAT']	4
ENST00000382932:2	['AG']	1
ENST00000383096:1	['A']	1
ENST00000383096:18	['A', 'A', 'A', 'A', 'A', 'A', 'A', 'A', 'A', 'A', 'A', 'A', 'A', 'A']	14
ENST00000383202:11	['A', 'A', 'A', 'A', 'A', 'A', 'A', 'A', 'A', 'A', 'A', 'A', 'A', 'A', 'A', 'A', 'A', 'A', 'A', 'A', 'A', 'A']	22
ENST00000383202:14	['T', 'T', 'T', 'T']	4
ENST00000383202:19	['A', 'A', 'A', 'A', 'A', 'A', 'A', 'A', 'A', 'A', 'A', 'A']	12
ENST00000383202:4	['A', 'A', 'A', 'A', 'A', 'A', 'A', 'A', 'A', 'A', 'A', 'A']	12
ENST00000383202:6	['A', 'A', 'A', 'A']	4
ENST00000383657:2	['A', 'A', 'A', 'A']	4
ENST00000383701:14	['A', 'A', 'A', 'A', 'A', 'A']	6
ENST00000383767:7	['CTGACTGATA']	1
ENST00000383767:9	['AGGTCC', 'AGGTCC']	2
ENST00000383807:15	['AAG', 'AAG', 'AAG', 'AAG']	4
ENST00000383807:6	['T', 'T', 'T', 'T']	4
ENST00000388768:2	['A', 'A']	2
ENST00000388914:13	['A', 'A', 'AA', 'AA', 'A', 'A', 'A', 'A', 'A', 'A', 'A', 'A', 'A', 'AA', 'A', 'AA', 'A', 'A', 'AA', 'A', 'A', 'A', 'A', 'A', 'A', 'A', 'AA', 'A', 'AA', 'A', 'A', 'A', 'A', 'A', 'A', 'AA', 'A', 'A', 'A', 'AA', 'A', 'A', 'A', 'A', 'AA', 'A', 'AA', 'A', 'A', 'AA', 'A', 'AA', 'AA', 'A', 'A', 'A', 'AA', 'AA', 'A', 'A', 'AA', 'A', 'AA', 'A', 'AA', 'A', 'AA', 'A', 'A', 'A', 'A', 'A', 'A', 'A', 'A', 'A', 'A', 'A', 'A', 'A', 'A', 'A', 'A', 'A', 'A', 'A', 'A', 'A', 'A', 'A', 'A', 'A', 'A', 'A', 'A', 'A', 'A', 'A', 'A', 'A', 'A', 'A', 'AA', 'A', 'A', 'A', 'A', 'A', 'A', 'A', 'A', 'A', 'AA', 'A', 'A', 'A', 'A', 'A', 'AA', 'A', 'A', 'A', 'A', 'A', 'A', 'A', 'A', 'A', 'A', 'A', 'A', 'AA', 'A', 'A', 'A', 'A', 'A', 'A', 'A', 'A', 'A', 'A', 'A', 'A', 'A', 'A', 'A', 'A', 'A', 'AA', 'A', 'A', 'A', 'A', 'A', 'A', 'A', 'A', 'A', 'A', 'A', 'A', 'A', 'A', 'A', 'AA', 'A', 'A', 'A', 'A', 'A', 'A', 'A', 'A', 'A']	175
ENST00000388914:3	['A', 'A', 'A', 'A', 'A', 'A', 'A', 'A', 'A', 'A', 'A', 'A', 'A', 'A', 'A', 'A', 'A', 'A', 'A', 'A', 'A', 'A', 'A', 'A', 'A', 'A', 'A', 'A', 'A', 'A', 'A', 'A', 'A', 'A', 'A', 'A', 'A', 'A', 'A', 'A', 'A', 'A', 'A', 'A', 'A', 'A', 'A', 'A', 'A', 'A', 'A', 'A', 'A', 'A', 'A', 'A', 'A', 'A', 'A', 'A', 'A', 'A', 'A', 'A', 'A', 'A', 'A', 'A', 'A', 'A', 'A', 'A', 'A', 'A', 'A', 'A', 'A', 'A', 'A', 'A', 'A', 'A', 'A', 'A', 'A', 'A', 'A', 'A', 'A', 'A', 'A', 'A', 'A', 'A', 'A', 'A', 'A', 'A', 'A', 'A', 'A', 'A', 'A', 'A', 'A', 'A', 'A', 'A', 'A', 'A', 'A', 'A', 'A', 'A', 'A', 'A']	116
ENST00000388914:9	['A', 'A', 'A', 'A', 'A', 'A', 'A', 'A', 'A', 'A', 'A', 'A', 'A', 'A', 'A', 'A', 'A', 'A', 'A']	19
ENST00000388975:4	['A', 'A', 'A', 'A', 'A', 'A', 'A', 'A', 'A', 'A', 'A', 'AA', 'A', 'A', 'A', 'A', 'A', 'A', 'A', 'A', 'A', 'A', 'A', 'A', 'A', 'A', 'A', 'A', 'A', 'A', 'A', 'A', 'A', 'A', 'A', 'AA', 'A', 'A', 'A', 'A', 'A', 'A', 'A', 'A', 'A', 'A', 'A', 'A', 'A']	49
ENST00000389005:10	['A', 'A']	2
ENST00000389054:23	['AAAAAAAA', 'AAAAAAA', 'AAA', 'AAAAAA', 'AAAAAA', 'AAAAAAA', 'AAAA', 'AA', 'AAAAAAAAA', 'AAAAA', 'AAAAAAAA', 'AAAAAAA', 'AAAAAAA', 'AAAAAAAAAAA', 'AAAAAA', 'AAAAAA', 'AAAAAA', 'AA', 'AAAAAA', 'AAAAAAA', 'AAAAAAA', 'AAA', 'AAAAAAA', 'AAAAA', 'AA', 'AAAAAAAAA', 'AAAAAA', 'AAAAAAAA', 'AAAA', 'AAAAAAAA', 'AAAAA', 'AAAAAAAAA', 'AAAAAAA', 'AAAAAAA', 'AAAAAA', 'AAAAAA', 'AAAAAAA', 'AAAAA', 'AAAAAA', 'AAAAAA', 'AAAAA', 'AAAAAA', 'A', 'AAAAAAAAA', 'AAAAAAAAA', 'AAAAAAAA', 'AAAAAAAA', 'AAAAA', 'AAAAAA', 'AAAA', 'AAAAAAA', 'AAAAAAAAA', 'AAAAAAAAA', 'AAAAAAA', 'AAAAAA', 'AAAAAAAAA', 'AAAAAAA', 'AAAAAAAA', 'AAAAAAAA', 'AAAAAAAA', 'AAAAAAA', 'AAAAAAAAA', 'AAAAAAA', 'AAAAAA', 'A', 'AAAAAAAA', 'AAAA', 'AAAAAAA', 'AAAAA', 'AAAA', 'AAAAAAAAAA', 'AAAAAAA', 'AA', 'AAAAAAAA', 'AAAA', 'AAAAA', 'AA', 'AAAAAAAAA', 'AAAAAAA', 'AAAAAA', 'AAAAAAA', 'AAAAAAAA', 'AAAAAAA', 'AAAAAAAAA', 'AAAAAAAA', 'AAAAAAAAAA', 'AAAAAAA', 'AAAAAAAAAAA', 'AAAAAAAAAA', 'AAAAAAA', 'AAAAAA', 'AAAAAAAAA', 'AAAAAAAAA', 'AAAAAAA', 'AAAAAAAAA', 'AAAAAA', 'AAAAAAAAAA', 'AAAAAA', 'AAAAAAAAA', 'AAAAAAAAAA', 'AAAAAAAAA', 'AAAAAAA', 'AAAAAAA', 'AAAAAAAA', 'AAAAAAAA', 'AAAAAAAA', 'AAAAAAA', 'AAAAAAAA', 'AAAAAAAAAA', 'AAAAAAAAAA', 'AAAAAAAA', 'AAAAAAAAA', 'AAAAAAAA', 'AAAAAAAAA', 'AAAAAAAAAA', 'AAAAAAAA', 'AAAAAAAA', 'AAAAAAAAAA', 'AAAAAA', 'AAAAAAAAA', 'AAAAAAAAA', 'AAAAAAA', 'AAAAAAAA', 'AAAAAAAA', 'AAAAAAAAAAA', 'AAAAAAAA', 'AAAAAAAAA', 'AAAAAAAA', 'AAAAAAAAA', 'AAAAAAAAA', 'AAAAAAAAAAA', 'AAAAAAAAAAA', 'AAAAAAAAAAA', 'AAAAAAAAAA', 'AAAAAAAA', 'AAAAAAA', 'AAAAAAAAA', 'AAAAAAAAAA', 'AAAAAAAAA', 'AAAAAAAAAA', 'AAAAAAAA', 'AAAAAAAAAAA', 'AAAAAAAAA', 'AAAAAAAAA', 'AAAAAAAAAA', 'AAAAAAAAA', 'AAAAAAAAAAA', 'AAAAAAAA', 'AAAAAAAA', 'AAAAAAAAAA', 'AAAAAAAAA', 'AAAAAAAAA', 'AAAAAAAA', 'AAAAAAAAA', 'AAAAAAAA', 'AAAAAAAAAA', 'AAAAA', 'AAA', 'AAAAA', 'AAAAA', 'AAAAAAA', 'AAAAAAAAAA', 'AAAAAAAAA', 'AAAAAAAAA']	164
ENST00000389082:19	['A', 'A']	2
ENST00000389131:10	['GA', 'GA', 'GA', 'GA', 'GA', 'GA', 'GA', 'GA', 'GA', 'GA']	10
ENST00000389173:29	['C', 'C']	2
ENST00000389173:39	['AGG']	1
ENST00000389173:57	['G']	1
ENST00000389173:59	['C', 'C']	2
ENST00000389173:62	['G']	1
ENST00000389232:19	['A', 'A']	2
ENST00000389232:29	['C', 'C', 'C', 'C']	4
ENST00000389286:19	['A', 'A', 'A', 'A', 'A']	5
ENST00000389286:6	['T', 'T']	2
ENST00000389297:21	['T']	1
ENST00000389301:11	['G', 'G']	2
ENST00000389301:28	['AA', 'AA']	2
ENST00000389347:2	['G', 'G']	2
ENST00000389385:4	['T', 'T']	2
ENST00000389386:5	['G', 'G', 'G', 'G', 'G', 'G', 'G', 'G', 'G', 'G', 'G', 'G', 'G', 'G', 'G', 'G', 'G', 'G', 'G', 'G', 'G', 'G', 'G', 'G', 'G']	25
ENST00000389420:20	['AA', 'AAA', 'A', 'AA', 'AA', 'AA', 'AA', 'AA', 'AA', 'AA', 'AA', 'A', 'A', 'AAA', 'AAA', 'AA', 'A', 'AA', 'AAA', 'A', 'AAA', 'AA', 'A', 'A', 'AA', 'AAA', 'AAA', 'AA', 'AA', 'AAA', 'A', 'AAA', 'A', 'AA', 'AA', 'AA', 'AAA', 'AAA', 'AA', 'AA', 'A', 'AA', 'AA', 'AA', 'AA', 'AA', 'AAA', 'A', 'AA', 'AAA', 'AAA', 'A', 'AAA', 'A', 'AAA', 'AA', 'AA', 'A', 'AAA', 'AA', 'A', 'A', 'AA', 'AA', 'A', 'AA', 'AA', 'A', 'A', 'A', 'A', 'A', 'A', 'AA', 'A', 'A', 'A', 'A', 'A', 'A', 'A', 'A', 'A', 'A', 'AA', 'A', 'A', 'A', 'AA', 'A', 'A', 'AA', 'A', 'A', 'A', 'A', 'A', 'A', 'AA', 'A', 'A', 'A', 'A', 'A', 'A', 'A', 'A', 'A', 'A', 'A', 'AA', 'A', 'AAA', 'A', 'A', 'AA', 'A', 'A', 'A', 'A', 'A', 'A', 'A', 'AA', 'A', 'A', 'A', 'A', 'A', 'A', 'A']	131
ENST00000389484:11	['A', 'A']	2
ENST00000389484:25	['AAAAAA', 'AA', 'A', 'AAAAAAA', 'AA', 'AAAAA', 'AAA', 'AAAAAA', 'AAAAA', 'AAAAA', 'AA', 'AAAAAAAA', 'AAA', 'AAAAAAA', 'AAAAA', 'AAAAA', 'AAA', 'AAAA', 'AAAA', 'A', 'A', 'AA', 'A', 'AAA', 'AAAAA', 'A', 'AAAA', 'AA', 'AA', 'A', 'AAAA', 'AA', 'AA', 'AAAA', 'A', 'AA', 'AAAAAA', 'A', 'AAAA', 'AAAAA', 'AA', 'AA', 'AA', 'AAAAA', 'AA', 'AAAAAA', 'AAAAAAA', 'AAAAAA', 'AAA', 'AAAAA', 'AAAA', 'AAA', 'AAAAA', 'A', 'AAAA', 'AAA', 'AAAAAA', 'AAAA', 'AAAAA', 'AAAAA', 'AAA', 'AAAAA', 'AA', 'AA', 'AAAAA', 'A', 'AA', 'AAAAA', 'AAA', 'AA', 'AAA', 'AA', 'A', 'A', 'AAAAAAA', 'AAAAAAA', 'AAAA', 'AAAAAAA', 'AAAAAAA', 'AAAAA', 'AAAAA', 'AAAAA', 'AAAAAA', 'AA', 'AAAAAAA', 'AAAA', 'AA', 'AAAAA', 'AAAAAA', 'AAA', 'AAAA', 'AAAA', 'AAAAA', 'AAAA', 'AAAAAA', 'AAAAA', 'AAAAAA', 'AAAAA', 'A', 'AAAAAAA', 'AAAA', 'A', 'AAAAA', 'AAAAAA', 'AAAA', 'AAAAA', 'AAAAAA', 'AAAA', 'AAAAAA', 'AAAAA', 'AAAAA', 'A', 'AAAAA', 'AAAAAA', 'AAAAA', 'AAAAAAA', 'AAAAA', 'AAAAAA', 'AAAAAA', 'AAAAA', 'AAAAA', 'AAAA', 'AAAA', 'AAAA', 'AAAA', 'AAAAA', 'AAAAAAAA', 'AAAAAAA', 'AAAAA', 'AA', 'AAAAAA', 'AAAAAAA', 'AAAAA', 'AAAAAA', 'AAAAAAA', 'A', 'AAAAAA', 'AAA', 'AAAAAAAA', 'AAAAA', 'AAAA', 'AAAA', 'A', 'AAAAAAAA', 'AAAAAA', 'AAAAAA', 'AAAAAAA', 'AAAAA', 'AAAAA']	149
ENST00000389484:28	['A', 'A', 'A', 'A']	4
ENST00000389484:45	['AA', 'AAAA', 'AA', 'AAA', 'AA', 'AAAA', 'AA', 'AAA', 'AA', 'AA', 'AAA', 'AAA', 'AA', 'AAA', 'AAA', 'AA', 'AA', 'AAA', 'AA', 'AAAA', 'AAA', 'AAA', 'AA', 'AA', 'AA', 'AA', 'AAA', 'AA', 'AA', 'AAA', 'AA', 'A', 'AA', 'AA', 'AA', 'A', 'AA', 'AAA', 'AA', 'AA', 'A', 'AAAA', 'AA', 'AA', 'A', 'AAA', 'AAA', 'AA', 'AA', 'AAA', 'AA', 'A', 'AAA', 'AAA', 'AAA', 'AA', 'A', 'AAA', 'AAA', 'AA', 'AAA', 'AA', 'AA', 'A', 'AAA', 'AAA', 'A', 'AA', 'AAA', 'AAA', 'AAA', 'AA', 'AAA', 'AAA', 'AA', 'A', 'AA', 'AAA', 'A', 'AA', 'AA', 'AA', 'A', 'AA', 'AA', 'AA', 'A', 'A', 'A', 'AA', 'AA', 'AAA', 'AAA', 'A', 'A', 'AA', 'A', 'AAA', 'AAAA', 'AAA', 'AA', 'AA', 'AA', 'AA', 'AAA', 'AA', 'A', 'AA', 'AAA', 'AAA', 'AA', 'AA', 'AA', 'AAA', 'AA', 'AA', 'AA', 'AA', 'AA', 'AA', 'AAA', 'AAA', 'AAA', 'AAA', 'AAA', 'AAA', 'AA', 'AA', 'AAA', 'AAA', 'AA', 'AAAA', 'AA', 'AA', 'AAA', 'AAA', 'AA', 'AA', 'A', 'AA', 'A', 'A']	142
ENST00000389484:54	['A', 'A', 'A', 'A', 'A', 'A', 'A']	7
ENST00000389484:7	['TGT']	1
ENST00000389484:84	['A', 'A', 'A', 'A', 'A', 'A', 'A', 'A', 'A', 'A']	10
ENST00000389562:15	['T', 'T', 'T', 'T', 'T', 'T', 'T', 'T', 'T', 'T', 'T', 'T', 'T', 'T', 'T', 'T', 'T', 'T', 'T', 'T', 'T', 'T', 'T', 'T', 'T', 'T', 'T', 'T', 'T', 'T', 'T', 'T', 'T', 'T', 'T', 'T', 'T', 'T', 'T', 'T', 'T', 'T', 'T', 'T', 'T', 'T', 'T', 'T', 'T', 'T', 'T', 'T', 'T', 'T', 'T', 'T', 'T', 'T', 'T', 'T', 'T', 'T', 'T', 'T', 'T', 'T', 'T', 'T', 'T', 'T', 'T', 'T', 'T', 'T', 'T', 'T', 'T', 'T', 'T', 'T', 'T', 'T', 'T', 'T', 'T', 'T', 'T', 'T', 'T', 'T', 'T', 'T', 'T', 'T', 'T', 'T', 'T', 'T', 'T', 'T', 'T', 'T', 'T', 'T', 'T', 'T', 'T', 'TT', 'T', 'T', 'T', 'T', 'T', 'T', 'T', 'T', 'T', 'T', 'TT', 'T', 'T', 'T', 'T', 'TT', 'T', 'T', 'T', 'T', 'T', 'T', 'T', 'T', 'T', 'T', 'T', 'T', 'T', 'T', 'T', 'T', 'T', 'T', 'T', 'T', 'T', 'T', 'T', 'T', 'T', 'T', 'T', 'T', 'T', 'T', 'T', 'T', 'T', 'T', 'T', 'T', 'T', 'T', 'T', 'T', 'T', 'T', 'T', 'T', 'T', 'T', 'T', 'T', 'T', 'T', 'T', 'TT', 'TT', 'T', 'T', 'T', 'T', 'TT', 'T', 'T', 'T', 'T']	186
ENST00000389562:18	['CGGGCAGCACTCAGGAGGCCTTGAAGAG']	1
ENST00000389568:14	['A', 'A']	2
ENST00000389568:5	['AAAC', 'A', 'AAAC', 'AAAC', 'AAAC']	5
ENST00000389568:7	['ATATCAGATTTTGAAAGTTTTACTT']	1
ENST00000389623:10	['A', 'A']	2
ENST00000389658:49	['CTG']	1
ENST00000389672:8	['AAA']	1
ENST00000389682:1	['C', 'C']	2
ENST00000389698:10	['A', 'A', 'A', 'A']	4
ENST00000389698:21	['A', 'A']	2
ENST00000389698:9	['T']	1
ENST00000389709:5	['A', 'A', 'A', 'A', 'A', 'A', 'A', 'A', 'A', 'A', 'A', 'A', 'A', 'A', 'A', 'A', 'A', 'A', 'A', 'A', 'A', 'A', 'AA', 'A', 'AA', 'A', 'A', 'A', 'A', 'A', 'A', 'A', 'A', 'A', 'A', 'A', 'AA', 'A', 'A', 'A', 'A', 'AA', 'A', 'A', 'A', 'A', 'A', 'A', 'A', 'A']	50
ENST00000389759:11	['T', 'T']	2
ENST00000389793:1	['A']	1
ENST00000389793:11	['AGAAAA']	1
ENST00000389793:17	['A', 'A', 'A', 'AA', 'A', 'AA', 'AA', 'AA', 'A', 'AA', 'AA', 'AA', 'AA', 'AA', 'A', 'AA', 'AA', 'AA', 'AA', 'A', 'AA', 'AA', 'AA', 'AA', 'AA', 'AA', 'AA', 'AA', 'AA', 'A', 'AA', 'AA', 'AA', 'AA', 'AA', 'AA', 'AA', 'AA', 'AA', 'AA', 'AA', 'AA', 'A', 'AA', 'A', 'A', 'A', 'A', 'AA', 'A', 'A', 'AA', 'AAAA', 'A', 'A', 'AA', 'A', 'AA', 'A', 'A', 'AA', 'AA', 'AA', 'AA', 'AA', 'AAA', 'AA', 'AAA', 'A', 'AA', 'AA', 'AA', 'AA', 'AA', 'AA', 'A', 'AA', 'AA', 'A', 'A', 'A', 'A', 'A', 'A', 'A', 'A', 'AA', 'A', 'AA', 'AAA', 'A', 'AA', 'A', 'A', 'A', 'A', 'AAA', 'A', 'AAAA', 'A', 'A', 'A', 'A', 'AA', 'AA', 'AA']	106
ENST00000389793:31	['A', 'A', 'A', 'A', 'A', 'A']	6
ENST00000389793:52	['AAA', 'AAA', 'AAA', 'AAA', 'AAA', 'AAA', 'AAA', 'AAA', 'AAA', 'AAA', 'AA', 'AAA', 'AAA', 'AAA', 'AAA', 'AAA', 'AAA', 'AA', 'AA', 'AA', 'AAA', 'AAA', 'AAAA', 'AAAA', 'AAA', 'AA', 'AAA', 'AAA', 'AAA', 'AAA', 'AAA', 'A', 'AAA', 'AA', 'A', 'AA', 'AAA', 'AAA', 'AAA', 'AAA', 'A', 'AA', 'AA', 'AAA', 'AAA', 'AAA', 'A', 'AA', 'AA', 'AA', 'AA', 'AAA', 'AA', 'AAA', 'AAA', 'AA', 'AAA', 'AAA', 'AAA', 'AA', 'AAA', 'AAA', 'A', 'AA', 'AAA', 'A', 'AA', 'AAA', 'AAAA', 'AAA', 'AAA', 'AA', 'AAA', 'AA', 'AAA', 'AAA', 'AAA', 'AAA', 'A', 'A', 'AA', 'AAA', 'AA', 'AAA', 'A', 'AA', 'AAA', 'AAA', 'AAA', 'A', 'AA', 'AAA', 'AAA', 'AAA', 'AAA', 'AA', 'AA', 'AAA', 'AAA', 'AAA', 'AAA', 'AAA', 'A', 'AAA']	104
ENST00000389798:16	['AC', 'AC']	2
ENST00000389805:3	['C', 'C']	2
ENST00000389834:18	['AG', 'AG', 'AG', 'AG']	4
ENST00000389834:19	['A', 'AA', 'AA', 'AA', 'AA', 'AA', 'AA', 'AAA', 'AA', 'AA', 'AA', 'AAA', 'AA', 'AA', 'AA', 'AA', 'AA', 'AA', 'AA', 'AA', 'AA', 'AAA', 'AA', 'AA', 'AA', 'AA', 'AA', 'AA', 'AA', 'AA', 'AA', 'AA', 'AA', 'AAA', 'AA', 'AA', 'AA', 'AAA', 'AAA', 'AA', 'AA', 'AA', 'AA', 'AA', 'AA', 'AA', 'AA', 'AAA', 'A', 'AA', 'AA', 'AA', 'AA', 'AA', 'AA', 'AA', 'A', 'AA', 'AA', 'AA', 'AAA', 'AAA', 'AA', 'AA', 'A', 'AA', 'AA', 'AA', 'AA', 'AA', 'AA', 'AA', 'AA', 'AA', 'AA', 'AA', 'AA', 'AA', 'AAA', 'A', 'A', 'AA', 'AA', 'AA', 'A', 'AA', 'AA', 'AA', 'AA', 'AA', 'AA', 'A', 'AA', 'AA', 'AA', 'AA', 'AA', 'AA', 'AA', 'AA', 'AA', 'AA', 'A', 'AA', 'AA', 'AA', 'AA', 'AA', 'AA', 'AA', 'AAA', 'AAA', 'AA', 'AA', 'AA', 'AA', 'AA', 'AA', 'AAA', 'AA', 'AAA', 'AA', 'AA', 'A', 'AA', 'AA', 'AA', 'AA', 'AA', 'AA', 'A', 'AA', 'AA', 'AA', 'AA', 'AA', 'A', 'AA', 'A', 'AA', 'AA', 'AA', 'AA', 'AA', 'AA', 'AA', 'AA', 'AA', 'AAA', 'AA', 'AA', 'AA', 'AA', 'AA', 'AA', 'AA', 'AA', 'AA', 'AA', 'AA', 'AA', 'AA', 'AA', 'AA', 'A', 'AA', 'AA', 'AA', 'A', 'AA', 'AA', 'AA', 'AA', 'AA', 'AA', 'AA', 'AA', 'AA', 'AA', 'AA', 'AA', 'AA', 'AA', 'AA', 'AA', 'A', 'AA', 'AA', 'AA', 'AA', 'AA', 'AA', 'AA', 'AA', 'AA', 'AA', 'AA', 'AA', 'AA', 'AA', 'AA', 'AA', 'AA', 'AA', 'AA', 'AA', 'AA', 'AA', 'AA', 'AA', 'AA', 'AA', 'AA', 'AA', 'AA', 'AA', 'AA', 'AA', 'AA', 'AA', 'A', 'AA', 'AA', 'AA', 'AA', 'A', 'AA', 'AA', 'AA', 'AA', 'AA', 'AA', 'AA', 'A', 'AA', 'AA', 'AA', 'A', 'A', 'A', 'A', 'AA']	242
ENST00000389834:3	['AA', 'AA']	2
ENST00000389840:26	['A', 'A', 'A']	3
ENST00000389840:42	['G', 'G']	2
ENST00000389840:48	['G', 'G']	2
ENST00000389840:6	['G', 'G']	2
ENST00000389840:76	['A']	1
ENST00000389908:4	['A']	1
ENST00000389915:1	['A', 'A', 'A', 'A', 'A', 'A', 'A', 'A', 'A', 'A', 'A', 'A', 'A', 'A', 'A', 'A', 'A', 'A', 'A', 'A', 'A', 'A', 'A', 'A']	24
ENST00000390649:11	['C', 'C']	2
ENST00000390654:11	['G', 'G', 'G', 'G']	4
ENST00000390665:10	['GGG', 'GGG']	2
ENST00000391728:4	['CTC', 'CTC', 'CTC', 'CTC', 'CTC', 'CTC', 'CTC', 'CTC', 'CTC', 'CTC', 'CTC', 'CTC', 'CTC', 'CTC', 'CTC', 'CTC']	16
ENST00000391749:10	['G', 'G', 'G', 'G', 'G', 'G', 'G', 'G']	8
ENST00000391759:3	['G', 'G']	2
ENST00000391826:2	['GGA']	1
ENST00000391842:6	['CC']	1
ENST00000391946:12	['G', 'G']	2
ENST00000391975:24	['A', 'A', 'A', 'A']	4
ENST00000391984:2	['G', 'G']	2
ENST00000392017:5	['TTTTTC', 'TTTTC', 'TTTTTC', 'TC']	4
ENST00000392045:18	['A', 'A']	2
ENST00000392129:5	['AAAAA', 'AAA', 'AAAA', 'AAA', 'AAA', 'AAA', 'AAA', 'AA', 'AA', 'AAA', 'AA', 'AA', 'AA', 'AAAA', 'AAAA', 'AAA', 'AA', 'TAAAAG', 'AA', 'AA', 'AAA', 'AAAA', 'AAAAA', 'AAAAA', 'AA', 'AAA', 'AAA', 'AAA', 'AA', 'AAA', 'AA', 'AA', 'A', 'AAA', 'A', 'A', 'AAA', 'AAA', 'AA', 'AA', 'AA', 'AAAAA', 'AA', 'A', 'AAA', 'AA', 'AAAA', 'AA', 'AA', 'AAA', 'A', 'AAA', 'AAAA', 'AA', 'A', 'AAA', 'AA', 'AAA', 'AA', 'A', 'AAA', 'AAA', 'AAA', 'AAA', 'AAAA', 'AA', 'AA', 'AAAA', 'AA', 'AAA', 'AAAAA', 'AA', 'AAAA', 'AAA', 'AAAA', 'AA', 'AAA', 'AA', 'AAA', 'AAAAA', 'AA', 'AAA', 'AA', 'AAA', 'AAA', 'AAA', 'AA', 'AA', 'AA', 'A', 'AAAA', 'AAA', 'AA', 'AA', 'A', 'AA', 'AA', 'AA', 'AA', 'A', 'AA', 'AA', 'AA', 'AA', 'AAA', 'AA', 'AA', 'AA', 'AA', 'AA', 'AA', 'AAA', 'AAA', 'AAA', 'G', 'G', 'G', 'G', 'G', 'G']	120
ENST00000392142:25	['T', 'T', 'T', 'T', 'T', 'T', 'T', 'T', 'T', 'T', 'T']	11
ENST00000392283:5	['A', 'A']	2
ENST00000392296:9	['A', 'A', 'A', 'A']	4
ENST00000392370:8	['A', 'A']	2
ENST00000392373:2	['GA', 'GA', 'GA', 'GA', 'GA', 'GA', 'GA', 'GA', 'GA', 'GA', 'GA', 'GA', 'GA', 'GA', 'GA', 'GA', 'GA', 'GA', 'GA', 'GA', 'GA', 'GA', 'GA', 'GA', 'GA', 'GA', 'GA', 'GA', 'GA', 'GA', 'GA', 'GA', 'GA', 'GA', 'GA', 'GA', 'GA', 'GA', 'GA', 'GA', 'GA', 'GA', 'GA', 'GA', 'GA', 'GA', 'GA', 'GA', 'GA', 'GA', 'GA', 'GA', 'GA', 'GA', 'GA', 'GA', 'GA', 'GA', 'GA', 'GA', 'GA', 'GA', 'GA', 'GA', 'GA', 'GA', 'GA', 'GA', 'GA', 'GA', 'GA', 'GA', 'GA', 'GA', 'GA', 'GA', 'GA', 'GA', 'GA', 'GA', 'GA', 'GA', 'GA', 'GA', 'GA', 'GA', 'GA', 'GA', 'GA', 'GA', 'GA', 'GA', 'GA', 'GA', 'GA', 'GA', 'GA', 'GA', 'GA', 'GA', 'GA', 'GA', 'GA', 'GA', 'GA', 'GA', 'GA', 'GA', 'GA', 'GA', 'GA', 'GA', 'GA', 'GA', 'GA', 'GA', 'GA', 'GA', 'GA', 'GA', 'GA', 'GA', 'GA', 'GA', 'GA', 'GA', 'GA', 'GA', 'GA', 'GA', 'GA', 'GA', 'GA', 'GA', 'GA', 'GA', 'GA', 'GA', 'GA', 'GA', 'GA', 'GA', 'GA', 'GA', 'GA', 'GA', 'GA', 'GA', 'GA', 'GA', 'GA', 'GA', 'GA', 'GA', 'GA', 'GA', 'GA', 'GA', 'GA', 'GA', 'GA', 'GA', 'GA', 'GA']	164
ENST00000392386:7	['CTT', 'CTT']	2
ENST00000392452:1	['AAATAAAGA']	1
ENST00000392455:5	['A']	1
ENST00000392533:7	['A', 'A', 'AA', 'AA', 'AA', 'AA', 'AA', 'AA', 'A', 'AA', 'AA', 'AA', 'AA', 'AA', 'AA', 'AA', 'AA', 'AA', 'AA', 'AA', 'AA', 'AA', 'AAA', 'A', 'AA', 'AA', 'A', 'AA', 'A', 'AA', 'A', 'AA', 'A', 'AA', 'A', 'AA', 'A', 'AA', 'AA', 'AA', 'AA', 'AA', 'AA', 'AA', 'A', 'A', 'AA', 'A', 'AA', 'AA', 'A', 'A', 'AA', 'AA', 'A', 'AA', 'AA', 'A', 'AA', 'AA', 'AA', 'AA', 'A', 'AA', 'AA', 'AA', 'A', 'AA', 'AA', 'AA', 'A', 'AAA', 'AA', 'A', 'AA', 'AA', 'AA', 'AA', 'AA', 'AA', 'AA', 'AA', 'AA', 'A', 'AA', 'AA', 'AA', 'A', 'AA', 'AA', 'A', 'A', 'AA', 'AA', 'A', 'AAA', 'AA', 'AA', 'AA', 'AA', 'A', 'A', 'A', 'AA', 'A', 'AA', 'AA', 'A', 'AA', 'AA', 'AA', 'AA', 'AA', 'AAA', 'A', 'AA', 'AA', 'AAA', 'AA', 'AA', 'AA', 'AA', 'AA', 'AA', 'AA', 'AAA', 'AA', 'AA', 'AA', 'AA', 'AA', 'A', 'AA', 'AA', 'AAA', 'AA', 'A', 'A', 'A', 'A', 'AA', 'AA', 'AA', 'AA']	144
ENST00000392550:18	['C']	1
ENST00000392672:7	['TAAAG']	1
ENST00000392676:11	['TACT']	1
ENST00000392676:14	['AA']	1
ENST00000392676:23	['A', 'A', 'A', 'A', 'A', 'A', 'A', 'A', 'A', 'A', 'A', 'A', 'A', 'A', 'A', 'A', 'A', 'A', 'A', 'A', 'A', 'A', 'A', 'A', 'A']	25
ENST00000392676:4	['G', 'G', 'G', 'G']	4
ENST00000392692:3	['TTCCACAGA']	1
ENST00000392693:13	['A', 'A']	2
ENST00000392693:8	['GA', 'GA', 'GA', 'GA', 'GA', 'GA', 'GA', 'GA', 'GA', 'GA', 'GA', 'GA', 'GA', 'GA', 'GA', 'GA', 'GA', 'GA', 'GA', 'GA', 'GA', 'GA', 'GA', 'GA', 'GA', 'GA', 'GA', 'GA', 'GA', 'GA', 'GA', 'GA', 'GA', 'GA', 'GA', 'GA', 'GA', 'GA', 'GA', 'GA', 'GA', 'GA', 'GA']	43
ENST00000392748:6	['GA']	1
ENST00000392993:1	['CTAT']	1
ENST00000393045:4	['AGAGATGAGAAAGGAAG']	1
ENST00000393056:9	['G', 'G']	2
ENST00000393080:2	['GTG']	1
ENST00000393094:13	['A', 'A']	2
ENST00000393094:9	['T', 'T', 'T', 'T', 'T']	5
ENST00000393102:9	['T']	1
ENST00000393193:7	['TTC', 'TTC']	2
ENST00000393274:4	['A', 'A']	2
ENST00000393346:10	['G', 'G']	2
ENST00000393346:19	['A', 'A', 'A', 'A', 'A', 'A', 'A', 'A', 'A', 'A', 'A', 'A', 'A', 'A', 'A', 'A', 'A', 'A', 'A', 'A', 'A', 'A', 'A', 'A', 'A', 'A', 'A', 'A', 'A', 'A', 'A', 'A', 'A', 'A', 'A', 'A', 'A', 'A', 'A', 'A', 'A', 'A', 'A', 'A', 'A', 'A', 'A', 'A', 'A', 'A', 'A', 'A', 'A', 'A', 'A', 'A', 'A', 'A', 'A', 'A', 'A', 'A', 'A', 'A', 'A', 'A', 'A', 'A', 'A', 'A', 'A', 'A', 'A', 'A', 'A', 'A', 'A', 'A', 'A', 'A', 'A', 'A', 'AA', 'A', 'A', 'A', 'A', 'A', 'A', 'A', 'A', 'A', 'A', 'A', 'A', 'A', 'A', 'A', 'A', 'A', 'A', 'A', 'A', 'A', 'A', 'A', 'A', 'A', 'A', 'A', 'A', 'A', 'A', 'A', 'A', 'A', 'A', 'A', 'A', 'A', 'A', 'A', 'A', 'A', 'A', 'A', 'A', 'A', 'A', 'A', 'A', 'A', 'A', 'A', 'A', 'A', 'A', 'A', 'A', 'A', 'A', 'A', 'A', 'A', 'A', 'A', 'A', 'A', 'A', 'A', 'A', 'A', 'A', 'A', 'A', 'A', 'A', 'A', 'A', 'A', 'A', 'A', 'A', 'A', 'A', 'A', 'A', 'A', 'A', 'A', 'A', 'A', 'A', 'A', 'A', 'A', 'A', 'A', 'A', 'A', 'A', 'A', 'A', 'A', 'A', 'A', 'A', 'A', 'A', 'A', 'A', 'A', 'A', 'A', 'A', 'A', 'A', 'A', 'A', 'A', 'A', 'A', 'A', 'A', 'A', 'A', 'A', 'A', 'A', 'A', 'A', 'A', 'A', 'A', 'A', 'A', 'A', 'A', 'A', 'A', 'A', 'A', 'A', 'A', 'A', 'A', 'A', 'A', 'A', 'A', 'A', 'A', 'A', 'A', 'A', 'A', 'A', 'A', 'A', 'A', 'A', 'A', 'A', 'A', 'A', 'A', 'A', 'A', 'A', 'A', 'A', 'A', 'A', 'A', 'A', 'A', 'A', 'A', 'A', 'A', 'A', 'A', 'A', 'A', 'A', 'A', 'A', 'A', 'A', 'A', 'A', 'A', 'A', 'A', 'AA', 'A']	276
ENST00000393346:2	['A', 'A', 'A', 'A', 'A', 'A', 'A', 'A', 'A', 'A', 'A', 'A', 'A', 'A', 'A', 'A', 'A', 'A', 'A', 'A', 'A', 'A', 'A', 'A', 'A', 'A', 'A', 'AA', 'A', 'A', 'A', 'A', 'A', 'A', 'A', 'A', 'A', 'A', 'A', 'A', 'A', 'A', 'A', 'A', 'A', 'A', 'A', 'A', 'AA', 'A', 'A', 'A', 'A', 'A', 'A', 'A', 'A', 'A', 'A', 'A', 'A', 'A', 'A', 'A', 'A', 'A', 'AA', 'A', 'A', 'A', 'A', 'A', 'A', 'A', 'A', 'A', 'A', 'A', 'A', 'A', 'A', 'A', 'A', 'A', 'A', 'A', 'A', 'A', 'A', 'A', 'A', 'A', 'A', 'A', 'A', 'A', 'A', 'A', 'A', 'A', 'A', 'A', 'A', 'A', 'A', 'AA', 'A', 'A', 'A', 'A', 'A']	111
ENST00000393346:3	['A', 'A', 'A', 'A', 'A', 'A', 'A', 'A']	8
ENST00000393376:12	['AAAAAAAA', 'AAAAAAAAA', 'AAAAAAAA', 'AAAAAAAAAA', 'AAAAAA', 'AAAAAAAAAA', 'AAAAAAAA', 'AAAAAAAAAA', 'AAA', 'AAAAAAAA', 'AAAAAAAAAAA', 'AAA', 'AAAAAAAAAA', 'AAAAAAAAA', 'AAAAAAAA', 'AAAAAAA', 'TAAAAAAAA', 'AAAAAAAA', 'AAAAAA', 'AAAAAAAAAA', 'AAAAAA', 'AAAAAAAAA', 'AAAAAAA', 'AAAAAAAA', 'AAAAAAAAA', 'AAAAAAAAA', 'AAAAAAAAAA', 'AAAAA', 'AAAAAAA', 'AAAAA', 'AAAAAAAA', 'AAAAAAAAAA', 'AAAAAA', 'AAAAAAAAAAAA', 'AAAAA', 'AAAAAAAA', 'AAAAAAAAA', 'AAAAAAA', 'AAAAAAA', 'AAAAAAAAAAA', 'TAAAAAAA', 'AAAAAAA', 'AAAAAAA', 'AAAAAAAAAAAAA', 'AAAAAAAA', 'AAAAAA', 'AAAAAAAAA', 'AAAAAAA', 'AAAAAAA', 'AAAAAAAAAA', 'AAAAAAA', 'AAAAAAAAAA', 'AAAAAAAA', 'AAAAA', 'AAAAAA', 'AAAAAAAAA', 'AAAAAAAAAA', 'AAAAAAA', 'AAAAAAAAAA', 'AAAAAA', 'AAAAAAAA', 'AAAAAAAA', 'AAAAAAAAAAA', 'AAAAAAAAAA', 'AAAAAAAA', 'AAAAAA', 'AAAAAA', 'AAAAAA', 'AAAAAAAAAAA', 'AAAAAAAA', 'AAAAAAAA', 'AAAAAAAAAA', 'AAAAAAAAAA', 'AAAAAAAAA', 'AAAAAAAAAA', 'AAAAAAAA', 'AAAAAA', 'AAAAAAAAA', 'TAAAAAAAA', 'TAAAAAAA', 'AAAAA', 'AAAA', 'AAAAA', 'AAAAAAA', 'AAAAAAAAAAAA', 'AAAAAAAAAAA', 'AAAAAAAAAA', 'AAAAAAAAA', 'AAAAAAAAAA']	89
ENST00000393382:1	['AG', 'AG', 'AG', 'AG']	4
ENST00000393386:6	['T', 'T']	2
ENST00000393392:3	['T', 'T']	2
ENST00000393409:8	['C']	1
ENST00000393437:7	['A', 'A', 'A', 'A', 'A', 'A', 'A', 'A', 'A', 'A', 'A', 'A', 'A', 'A', 'A', 'A', 'A', 'A', 'A', 'A', 'A', 'A', 'A', 'A', 'AA', 'A', 'AA', 'A', 'A', 'A', 'A', 'A', 'A', 'A', 'A', 'A', 'A', 'A', 'A', 'A', 'A', 'A', 'A', 'A', 'A', 'A', 'A', 'A', 'A', 'A', 'A', 'A', 'A', 'A', 'A', 'A', 'A', 'A']	58
ENST00000393486:3	['T']	1
ENST00000393564:12	['GT']	1
ENST00000393564:8	['C', 'C']	2
ENST00000393593:2	['AAA', 'AAAAAA', 'AA', 'AAA', 'AA', 'AA', 'AAAAA', 'AAAAA', 'AAA', 'AAAAAAAA', 'AAA', 'AAAAA', 'AAAAA', 'AAAA', 'AAA', 'AAAAAAA', 'AAAAAA', 'AAAAAAAAA', 'AAAAA', 'AAAAAAAA', 'AAAAAAAA', 'AAAAAAA', 'AAAA', 'AAAA', 'AAAAAA', 'AAAAAAAA', 'AAAA', 'AAAAAA', 'AAAAAA', 'AAAAAA', 'AAAAA', 'AAAAA', 'AAAAAAAA', 'AAAAA', 'AAAA', 'AAAAAAA', 'AAAAAAA', 'AAAAA', 'AA', 'AAAA', 'AAA', 'AAA', 'AA', 'AAAAA', 'AAAA', 'AAAAAAAAA', 'AAAAAAA', 'AAAA', 'AAAAAAA', 'AAAAAAA', 'AAA', 'AAAAAAA', 'AA', 'AA', 'AAAAAAA', 'AAAAA', 'AAAA', 'AAAA', 'AAAAAA', 'AAAA', 'AAAAA', 'AAA', 'AAAAAA', 'AAA', 'AAAAA', 'AAAA', 'AAAA', 'AAAAAAA', 'AAAAAAA', 'AAA', 'AAAAA', 'AAAAAAA', 'AA', 'AAA', 'AAAAA', 'AAAAA', 'AAAAA', 'AAAAAA', 'AAA', 'AAAA', 'AAAAAAA', 'AAAAAA', 'AAAA', 'AAAAAA', 'AAAAA', 'AAAAAA', 'AAA', 'AAAAA', 'AAAAAAA', 'AAAAAA', 'AAAAAA', 'AAAA', 'AAAAA', 'AAAAAA', 'AAAAA', 'AAAA', 'AAAAA', 'AAA', 'AAA', 'AA', 'AAAAA', 'AAA', 'AAAAAAAA', 'AAAAAAAA', 'AAAAAAAA', 'AAA', 'AAAAA']	107
ENST00000393593:3	['A', 'A']	2
ENST00000393609:8	['G', 'G']	2
ENST00000393630:10	['A', 'A']	2
ENST00000393630:21	['A', 'A']	2
ENST00000393630:22	['TATTTA']	1
ENST00000393630:33	['T', 'T']	2
ENST00000393743:1	['A', 'A']	2
ENST00000393743:17	['TGA']	1
ENST00000393852:12	['TCTT']	1
ENST00000393925:7	['T']	1
ENST00000393955:7	['G', 'G']	2
ENST00000393977:3	['AA']	1
ENST00000393989:6	['A', 'A']	2
ENST00000394009:11	['T', 'T', 'T', 'T', 'T', 'T']	6
ENST00000394095:3	['A', 'AA', 'A', 'A', 'A', 'A', 'A', 'AA', 'A', 'A', 'A', 'A', 'A', 'A', 'A', 'A', 'A', 'A', 'A', 'A', 'A', 'A', 'A', 'A', 'A', 'A', 'A', 'AA', 'A', 'A', 'A', 'A', 'AA', 'A', 'A', 'A', 'A', 'A', 'A', 'A', 'A', 'AA', 'A', 'AA', 'A', 'A', 'AA', 'A', 'A', 'A', 'A', 'A', 'A', 'A', 'AA', 'A', 'AA', 'A', 'A', 'A', 'A', 'A', 'AA', 'A', 'A', 'A', 'A', 'A', 'A', 'A', 'A', 'A', 'A', 'A', 'A', 'A', 'A', 'AA', 'A', 'A', 'A', 'A', 'AA', 'A', 'A', 'A', 'AA', 'A', 'A', 'A', 'AA', 'A', 'A', 'A', 'AA', 'A', 'A', 'A', 'A', 'AA', 'A', 'A', 'A', 'A', 'A', 'A', 'A', 'A', 'A', 'A', 'A', 'A', 'A', 'A', 'A', 'A', 'AA', 'A', 'A', 'AA', 'A', 'AA', 'A', 'A', 'A', 'A', 'A', 'AA', 'A', 'A', 'A', 'A', 'A', 'A', 'A', 'A', 'A', 'A', 'A', 'A', 'A', 'A', 'A', 'AA', 'A', 'A', 'A', 'A', 'A', 'A', 'A', 'A', 'A', 'A', 'A', 'A', 'A', 'A', 'A', 'A', 'A', 'AA', 'A', 'A', 'A', 'A', 'A', 'A', 'A', 'A', 'A', 'A', 'A', 'A', 'A', 'A', 'A', 'A', 'A', 'A', 'A', 'A', 'A', 'A', 'A', 'A', 'A', 'A', 'A', 'A', 'A', 'A', 'A', 'A', 'A', 'A', 'A', 'A', 'A', 'A', 'A', 'A', 'A', 'A', 'A', 'AA', 'A', 'A', 'A', 'A', 'A', 'A', 'A', 'A', 'A', 'A', 'A', 'A', 'A', 'A', 'A', 'A', 'A', 'A', 'A', 'A', 'A', 'A', 'A', 'A', 'A', 'A', 'A', 'A', 'A', 'A', 'A', 'A', 'A', 'A', 'A', 'A', 'A', 'A', 'A', 'A', 'A', 'A', 'A', 'A', 'A', 'A', 'A', 'A', 'A', 'A', 'A', 'A', 'A', 'A', 'A', 'A', 'A', 'A', 'A', 'A', 'A', 'A', 'A', 'A', 'A', 'A', 'AA', 'AA']	274
ENST00000394095:7	['A', 'A', 'A', 'A', 'A', 'A']	6
ENST00000394104:1	['AA', 'AA', 'AA', 'AA', 'AA', 'AA', 'AA', 'AA']	8
ENST00000394140:8	['T', 'T']	2
ENST00000394236:7	['A', 'A', 'A', 'A', 'A', 'A', 'A', 'A', 'A', 'A', 'A', 'A', 'A', 'A', 'A', 'A', 'A', 'A', 'A', 'A', 'A', 'A', 'A', 'A', 'A', 'A', 'A', 'A', 'A', 'A']	30
ENST00000394295:1	['AGA', 'AGA']	2
ENST00000394303:7	['G', 'G', 'G', 'G', 'G', 'G', 'G', 'G', 'G', 'G', 'G', 'G', 'G', 'G', 'G', 'G', 'G', 'G', 'G', 'G', 'G', 'G', 'G', 'G']	24
ENST00000394329:11	['AAGATA']	1
ENST00000394332:1	['AT']	1
ENST00000394332:5	['T']	1
ENST00000394391:8	['GA', 'GA']	2
ENST00000394412:1	['GA', 'GA', 'GA', 'GA', 'GA', 'GA', 'GA', 'GA', 'GA', 'GA', 'GA', 'GA', 'GA', 'GA', 'GA', 'GA', 'GA', 'GA', 'GA', 'GA', 'GA', 'GA', 'GA']	23
ENST00000394422:11	['C', 'C']	2
ENST00000394434:25	['A', 'T', 'AAAAAG', 'AAAAAG', 'A', 'T']	6
ENST00000394434:9	['A', 'A', 'A', 'A', 'A', 'A', 'A', 'A', 'A', 'A', 'A', 'A', 'A', 'A', 'A', 'A', 'A', 'A', 'A', 'A', 'A', 'A', 'A', 'A', 'A', 'A', 'A', 'A', 'A', 'A', 'A', 'A', 'A', 'A', 'A', 'A', 'A', 'A', 'A', 'A', 'A', 'A', 'A', 'A', 'A', 'A', 'A', 'A', 'A', 'A', 'A', 'A', 'A', 'A', 'A']	55
ENST00000394440:2	['A', 'A', 'A', 'A', 'A', 'A', 'A', 'A', 'A', 'A']	10
ENST00000394576:1	['TA', 'TA']	2
ENST00000394688:1	['A', 'A', 'A', 'A']	4
ENST00000394715:4	['A', 'A', 'A', 'A', 'A', 'A', 'A', 'A', 'A', 'A']	10
ENST00000394767:2	['A', 'A', 'A', 'A', 'A', 'A', 'A', 'A', 'A', 'A', 'A', 'A', 'A', 'A', 'A', 'A', 'A', 'A', 'A', 'A', 'A', 'A', 'A', 'A', 'A', 'A', 'A', 'A', 'A', 'A', 'A', 'A', 'A', 'A', 'A', 'A', 'A', 'A']	38
ENST00000394809:8	['T']	1
ENST00000394820:23	['A', 'A', 'A', 'A', 'A', 'A', 'A', 'A', 'A', 'A', 'A', 'A', 'A', 'A', 'A', 'A', 'A', 'A', 'A', 'A', 'A', 'A', 'A', 'A', 'A', 'A', 'A', 'A', 'A', 'A', 'A', 'A', 'A', 'A', 'A', 'A', 'A', 'A', 'A', 'A', 'A', 'AA', 'A', 'A', 'AA', 'A', 'A', 'A', 'A', 'A', 'A', 'A', 'A', 'A', 'A', 'A', 'A', 'A', 'A', 'A', 'A', 'A', 'A', 'A', 'A', 'A', 'A', 'A', 'A', 'A', 'AA', 'A', 'A', 'A', 'A', 'A']	76
ENST00000394835:21	['T', 'T', 'T', 'T', 'T', 'T', 'T', 'T', 'T', 'T']	10
ENST00000394854:8	['A', 'A']	2
ENST00000394857:6	['GAG', 'GAG', 'GAG', 'GAG', 'GAG', 'GAG', 'GAG', 'GAG', 'GAG', 'GAG', 'GAG', 'GAG', 'GAG', 'GAG', 'GAG', 'GAG', 'GAG', 'GAG', 'GAG', 'GAG', 'GAG', 'GAG', 'GAG', 'GAG', 'GAG', 'GAG', 'GAG', 'GAG', 'GAG', 'GAG', 'GAG', 'GAG', 'GAG', 'GAG', 'GAG', 'GAG', 'GAG', 'GAG', 'GAG', 'GAG', 'GAG', 'GAG', 'GAG', 'GAG', 'GAG', 'GAG', 'GAG', 'GAG', 'GAG', 'GAG', 'GAG', 'GAG', 'GAG', 'GAG', 'GAG', 'GAG', 'GAG', 'GAG', 'GAG', 'GAG', 'GAG', 'GAG', 'GAG', 'GAG', 'GAG', 'GAG', 'GAG', 'GAG', 'GAG', 'GAG', 'GAG', 'GAG', 'GAG', 'GAG', 'GAG', 'GAG', 'GAG', 'GAG', 'GAG', 'GAG', 'GAG', 'GAG', 'GAG', 'GAG', 'GAG', 'GAG', 'GAG', 'GAG', 'GAG', 'GAG', 'GAG', 'GAG', 'GAG', 'GAG', 'GAG', 'GAG', 'GAG', 'GAG', 'GAG', 'GAG', 'GAG', 'GAG', 'GAG', 'GAG', 'GAG', 'GAG', 'GAG', 'GAG', 'GAG']	109
ENST00000394886:11	['AAG', 'AAG']	2
ENST00000394886:5	['A', 'A', 'A', 'A', 'A', 'A', 'A', 'A', 'A', 'A', 'A', 'A', 'A', 'A', 'A', 'A', 'A', 'A', 'A', 'A', 'A', 'A', 'A', 'A', 'A', 'A', 'A', 'A', 'A', 'A', 'A', 'A', 'A', 'A', 'A', 'A', 'A', 'A']	38
ENST00000394886:7	['AAG', 'AAG']	2
ENST00000394894:16	['AG', 'AG']	2
ENST00000394908:5	['G']	1
ENST00000395064:1	['G']	1
ENST00000395198:12	['A', 'A']	2
ENST00000395198:7	['A', 'A', 'A', 'A', 'A', 'A']	6
ENST00000395284:3	['C', 'C']	2
ENST00000395297:12	['AA', 'A', 'AA', 'AA', 'AA', 'AA', 'AA', 'AAA', 'AA', 'AAA', 'AAA', 'AA', 'AA', 'AA', 'AAA', 'AAA', 'AA', 'AA', 'AA', 'AA', 'AA', 'AA', 'AA', 'AA', 'AAA', 'AA', 'AA', 'AA', 'AA', 'AA', 'A', 'AA', 'AA', 'AA', 'AA', 'AA', 'AAA', 'AA', 'AA', 'AA', 'AA', 'AA', 'AA', 'AA', 'AA', 'AA', 'AA', 'AA', 'AA', 'AAA', 'AA', 'AA', 'AA', 'AA', 'AA', 'AA', 'AA', 'AA', 'AA', 'AA', 'A', 'AA', 'A', 'AA', 'AA', 'AA', 'AA', 'AA', 'AA', 'AA', 'AA', 'AA', 'AA', 'AA', 'AA', 'AA', 'AA', 'AA', 'AA', 'AA', 'A', 'AA', 'AA', 'AA', 'AA', 'AA', 'AA', 'AA', 'AA', 'AA', 'AAA', 'A', 'AA', 'AA', 'AA', 'AAA', 'AA', 'AA', 'AAA', 'A', 'AAA', 'AA', 'A']	103
ENST00000395314:13	['A', 'A']	2
ENST00000395314:16	['CCTCA']	1
ENST00000395347:2	['A', 'A', 'A', 'A', 'A', 'A']	6
ENST00000395347:4	['A', 'A']	2
ENST00000395384:1	['C', 'C', 'C', 'C', 'C', 'C']	6
ENST00000395386:12	['A', 'A', 'A', 'A', 'A']	5
ENST00000395526:3	['A']	1
ENST00000395557:7	['AA', 'A', 'AA', 'AA', 'AA', 'AA', 'AA', 'AA', 'AA', 'AA', 'AA', 'AA', 'AA', 'AA', 'AA', 'AA', 'AA', 'AA', 'AA', 'AA', 'AA', 'AA', 'AA', 'AA', 'AA', 'AA', 'A', 'AA', 'A', 'AA', 'AA', 'AA', 'AA', 'AA', 'AA', 'AA', 'AA', 'AA', 'A', 'AA', 'AA', 'AA', 'AA', 'AA', 'AA', 'AA', 'AA', 'AA', 'AA', 'AA', 'AA', 'AA', 'AA', 'AA', 'AA', 'AA', 'AA', 'AA', 'A', 'AA', 'A', 'AAA', 'AA', 'AA', 'AA', 'AA', 'AA', 'AA', 'A', 'AA', 'AA', 'AA', 'AA', 'A', 'AA', 'A', 'A', 'A', 'AA', 'A', 'AA', 'AA', 'AA', 'AA', 'AA', 'AA', 'AA', 'AA', 'AA', 'A', 'AA', 'AA', 'AA', 'A', 'AA', 'AA', 'A', 'AAA', 'AAA', 'AA', 'AAA', 'A', 'AA', 'AA', 'AA', 'AA', 'AA', 'AA', 'AA', 'A', 'A', 'AA', 'A', 'A', 'AA', 'AA', 'AA', 'AA', 'AA', 'AA', 'AA', 'A', 'A', 'AA', 'AA', 'AA', 'AA', 'A', 'A', 'A']	130
ENST00000395601:5	['GA', 'GA', 'GA', 'GA', 'GA', 'GA', 'GA', 'GA', 'GA', 'GA', 'GA', 'GA', 'GA', 'GA', 'GA', 'GA', 'GA', 'GA', 'GA', 'GA', 'GA', 'GA', 'GA', 'GA', 'GA', 'GA', 'GAGA', 'GA', 'GA', 'GA', 'GA', 'GA', 'GAGA', 'GA', 'GA', 'GA', 'GA', 'GA', 'GA', 'GA', 'GA', 'GA', 'GA', 'GA', 'GAGA', 'GA', 'GA', 'GA', 'GA', 'GA', 'GA', 'GA', 'GA', 'GA', 'GA', 'GA', 'GA', 'GA', 'GA', 'GA', 'GA', 'GA', 'GA', 'GA', 'GA', 'GA', 'GA', 'GA', 'GA', 'GA', 'GA', 'GAGA', 'GA', 'GA', 'GA', 'GAGA', 'GA', 'GA', 'GA', 'GAGA', 'GA', 'GA', 'GA', 'GA', 'GA', 'GA', 'GA', 'GA', 'GA', 'GA', 'GA', 'GAGA', 'GA', 'GA', 'GA', 'GA', 'GA', 'GA', 'GAGA', 'GA', 'GA', 'GA', 'GA', 'GAGA', 'GA', 'GA', 'GA', 'GA', 'GA', 'GA', 'GA', 'GA', 'GA', 'GA', 'GA', 'GA', 'GA', 'GA', 'GA', 'GA', 'GA', 'GA', 'GA', 'GA', 'GA', 'GA', 'GA', 'GA', 'GA', 'GA', 'GA', 'GA', 'GA', 'GA', 'GA', 'GA', 'GA', 'GA', 'GA', 'GA', 'GA', 'GA', 'GA', 'GA', 'GA', 'GA', 'GA', 'GA', 'GA', 'GA', 'GA', 'GA', 'GA', 'GA', 'GA', 'GA', 'GA', 'GAGA', 'GA', 'GA', 'GA', 'GA', 'GA', 'GA', 'GA', 'GA', 'GA', 'GA', 'GA', 'GA', 'GA', 'GA', 'GA', 'GA', 'GA', 'GA', 'GA', 'GA', 'GA', 'GA', 'GA', 'GA', 'GA', 'GA', 'GA', 'GAGA', 'GA', 'GA', 'GA', 'GA', 'GA', 'GA', 'GA', 'GA', 'GA', 'GA', 'GA', 'GA', 'GA', 'GA', 'GA', 'GA', 'GA', 'GA', 'GA', 'GA', 'GA', 'GA', 'GA', 'GA', 'GA', 'GA', 'GA', 'GA', 'GA', 'GA', 'GA', 'GA', 'GA', 'GA', 'GA', 'GA', 'GA', 'GA', 'GA', 'GA', 'GA', 'GA', 'GA', 'GA', 'GA', 'GA', 'GA', 'GA', 'GA', 'GAGA', 'GA', 'GA', 'GA', 'GA', 'GA', 'GA', 'GA', 'GA', 'GA', 'GA', 'GA', 'GA', 'GA', 'GA', 'GAGA', 'GA', 'GA', 'GA', 'GA', 'GA', 'GA', 'GA', 'GA', 'GA', 'GA', 'GA', 'GA', 'GA', 'GA', 'GA', 'GA', 'GA', 'GA', 'GAGA', 'GA', 'GA', 'GA', 'GA', 'GA', 'GA', 'GA', 'GA', 'GA', 'GA', 'GA', 'GA', 'GA', 'GA', 'GA', 'GA', 'GA', 'GA', 'GA', 'GA', 'GAGA', 'GA', 'GA', 'GA', 'GA', 'GAGA', 'GA', 'GA', 'GA', 'GA', 'GA', 'GA', 'GA', 'GA', 'GA', 'GA', 'GAGA', 'GA', 'GAGA', 'GA', 'GA', 'GA', 'GA', 'GA', 'GA', 'GA', 'GA', 'GA', 'GA', 'GA', 'GAGA', 'GA', 'GA', 'GA', 'GAGA', 'GA', 'GA', 'GAGA', 'GA', 'GA', 'GA', 'GA', 'GAGA', 'GA', 'GA', 'GA', 'GA', 'GA', 'GA', 'GA', 'GA', 'GA', 'GA', 'GA', 'GA', 'GA', 'GA', 'GA', 'GA', 'GA', 'GA', 'GA', 'GA', 'GA', 'GA', 'GA', 'GAGA', 'GA', 'GA', 'GA', 'GA', 'GA', 'GA', 'GA', 'GA', 'GA', 'GA', 'GA', 'GA', 'GA', 'GA', 'GA', 'GA', 'GA', 'GA', 'GA', 'GA', 'GA', 'GA', 'GA', 'GA', 'GA', 'GA', 'GA', 'GA', 'GA', 'GA', 'GA', 'GA', 'GA', 'GA']	391
ENST00000395601:6	['GA']	1
ENST00000395792:10	['T', 'T']	2
ENST00000395824:5	['A', 'A']	2
ENST00000395860:5	['A', 'A', 'A', 'A', 'A', 'A', 'A', 'A', 'A', 'A', 'A', 'A', 'A', 'A', 'A', 'A', 'A', 'A', 'A', 'A', 'A', 'A', 'A', 'A', 'A', 'A', 'A', 'A', 'A', 'A', 'A', 'A', 'A', 'A', 'A', 'A', 'A', 'A', 'A', 'A', 'A', 'A', 'A', 'A', 'A', 'A', 'A', 'A', 'A', 'A', 'A', 'A', 'A', 'A', 'A', 'A', 'A', 'A', 'A', 'A', 'A', 'A', 'A', 'A', 'A', 'A', 'A', 'A', 'A', 'A', 'A', 'A', 'A', 'A', 'AA', 'A', 'A', 'A', 'A', 'A', 'A', 'A', 'A', 'A', 'A', 'A', 'A', 'A', 'A', 'A', 'A', 'A', 'A', 'A', 'A', 'A', 'A', 'A', 'A', 'A', 'A', 'A', 'A', 'A', 'A', 'A', 'A', 'AA', 'A', 'A', 'A', 'A', 'A', 'A', 'A', 'A', 'A', 'A', 'A', 'A', 'A', 'A', 'A', 'A', 'A', 'A', 'A', 'A', 'A', 'A', 'A', 'A', 'A', 'A', 'A', 'A', 'A', 'A', 'A']	139
ENST00000395906:3	['A', 'A', 'AA', 'AA', 'AA', 'A', 'A', 'AA', 'AA', 'A', 'A', 'A', 'AA', 'AA', 'A', 'A', 'A', 'A', 'A', 'GA']	20
ENST00000395925:7	['G', 'G', 'G', 'G', 'G', 'G']	6
ENST00000395979:3	['A', 'AA', 'A', 'AAA', 'AA', 'AA', 'AA', 'AA', 'AA', 'AA', 'AA', 'AA', 'A', 'AA', 'AA', 'AA', 'AA', 'AAA', 'AA', 'AA', 'AA', 'AA', 'AA', 'AA', 'AA', 'A', 'A', 'AA', 'AA', 'AA', 'AA', 'A', 'AA', 'AA', 'AA', 'AA', 'A', 'AAA', 'AA', 'AA', 'AA', 'AA', 'AAA', 'AAA', 'A', 'A', 'A', 'AA', 'AAA', 'AAA', 'A', 'AA', 'A', 'AA', 'AA', 'AA', 'AA', 'AA', 'AA', 'AA', 'AAA', 'AA', 'A', 'AA', 'AA', 'A', 'AA', 'AA', 'AA', 'AA', 'AA', 'AA', 'AA', 'AA', 'AA', 'AA', 'AA', 'AA', 'AA', 'AAA', 'A', 'AA', 'AAA', 'AA', 'AA', 'AAA', 'AA', 'AAA', 'AA', 'A', 'AA', 'AA', 'AA', 'AA', 'AA', 'A', 'AA', 'AA', 'A', 'AA', 'AA', 'AA', 'AA', 'AA', 'AA', 'AA', 'A', 'AA', 'AA', 'AA', 'AA', 'A', 'AA', 'AA', 'A', 'A', 'AA', 'AA', 'AA', 'AA', 'AA', 'AA', 'AA', 'AA', 'AA', 'AA', 'AA', 'A', 'A', 'AA', 'AA', 'AA', 'AA', 'AA', 'AA', 'AA', 'AA', 'AA', 'AA', 'AA', 'AA', 'AA', 'AA', 'AA', 'AA', 'AA', 'A', 'A', 'AA', 'AA', 'AA', 'AA', 'AA', 'A', 'AA', 'AA', 'AA', 'AA', 'AA', 'A', 'A', 'A', 'A', 'A', 'A', 'A']	166
ENST00000396024:2	['A', 'A', 'A', 'A', 'A', 'A', 'A', 'A', 'A', 'A', 'A', 'A', 'A', 'A', 'A', 'A', 'A', 'A', 'A']	19
ENST00000396073:8	['GTAC']	1
ENST00000396094:1	['CT']	1
ENST00000396137:2	['T', 'T', 'T', 'T', 'T', 'T', 'T', 'T', 'T', 'T', 'T', 'T', 'T', 'T', 'T', 'T']	16
ENST00000396172:6	['G', 'G', 'G', 'G', 'G', 'G', 'G', 'G', 'G']	9
ENST00000396193:1	['A', 'A', 'AA', 'A', 'A', 'AA', 'AA', 'A', 'A', 'AA', 'AA', 'AA', 'AA', 'A', 'A', 'A', 'A', 'A', 'A', 'A', 'AA', 'A', 'A', 'A', 'A', 'A', 'A', 'A', 'AA', 'A', 'AA', 'A', 'A', 'A', 'A', 'A']	36
ENST00000396197:2	['A', 'AAA', 'AAA', 'AAA', 'AAA', 'AAA', 'AA', 'AAA', 'AA', 'AAA', 'AAA', 'AAA', 'AA', 'AA', 'AAAA', 'AA', 'A', 'AAA', 'AA', 'A', 'AA', 'AAA', 'AA', 'AAA', 'AA', 'AAA', 'AAA', 'AA', 'A', 'AA', 'AA', 'AA', 'A', 'AA', 'AA', 'A', 'AAA', 'AA', 'AA', 'AA', 'AAA', 'A', 'AA', 'AA', 'AA', 'AAA', 'AAA', 'A', 'A', 'A', 'AA', 'AAA', 'AA', 'AA', 'AAA', 'A', 'AAA', 'AA', 'AA', 'AAA', 'A', 'AA', 'AAA', 'AAA', 'A', 'AA', 'AAA', 'A', 'AAA', 'AAA', 'A', 'AAA', 'AA', 'AA', 'AA', 'AAA', 'AA', 'AAA', 'AAA', 'AA', 'AA', 'A', 'A', 'AAA', 'A', 'AA', 'AAA', 'AA', 'AAA', 'AAA', 'AAA', 'AA', 'AA', 'A', 'AA', 'AA', 'A', 'AA', 'AA', 'A', 'A', 'AA', 'A', 'A', 'A', 'AA', 'A', 'AA', 'AA', 'A', 'A', 'A', 'AA', 'AA', 'AA', 'A', 'A', 'AA', 'AA', 'A', 'A', 'A', 'A', 'AA', 'A', 'A', 'A', 'A', 'A', 'AA', 'A', 'AA', 'AA', 'A', 'AA', 'A', 'AAA', 'AA', 'AA', 'AA', 'AA', 'A', 'AA', 'A', 'A', 'A', 'AA', 'A', 'A', 'A', 'AA', 'A', 'A', 'AA', 'A', 'A', 'AAA', 'AAA', 'A', 'AAA', 'A', 'A', 'A', 'AA', 'A', 'AA', 'A', 'A', 'A']	169
ENST00000396308:4	['TACT', 'TACT']	2
ENST00000396368:21	['C']	1
ENST00000396373:6	['CTCCCTTCCTCCTTTGAACAAACAGAACAGAACAAACATGAC']	1
ENST00000396394:1	['TAAAAG']	1
ENST00000396394:2	['A', 'A', 'A', 'A', 'A', 'A', 'A', 'A', 'A', 'A', 'A', 'A', 'A', 'A', 'A', 'A', 'A', 'A', 'A', 'A', 'A', 'A', 'A', 'A', 'AA', 'A', 'A', 'A', 'A', 'A', 'A', 'A', 'A', 'A', 'A', 'A', 'A', 'A', 'A', 'A', 'A', 'A', 'A', 'A', 'A', 'A', 'A', 'A', 'A', 'A', 'A', 'A', 'A', 'A', 'A', 'A', 'A', 'A', 'A', 'A', 'A', 'A', 'A', 'A', 'A', 'A', 'A', 'A', 'A', 'A', 'A', 'A', 'A', 'A', 'A', 'A', 'A', 'A', 'A', 'A', 'A', 'A', 'A', 'A', 'A', 'A', 'A', 'A', 'A', 'A', 'A', 'A', 'G', 'A', 'A', 'A', 'A', 'A']	98
ENST00000396410:11	['T', 'T', 'T', 'T', 'T', 'T', 'T', 'T', 'T']	9
ENST00000396625:12	['AA', 'A', 'A', 'A', 'A', 'A', 'AA', 'A', 'A', 'A', 'AA', 'AA', 'AA', 'A', 'A', 'A', 'A', 'A', 'A', 'A', 'A', 'A', 'A', 'A', 'A', 'A', 'A', 'A', 'A', 'A', 'A', 'AA', 'A', 'A', 'A', 'A', 'AA', 'AA', 'A', 'A', 'A', 'A', 'A', 'A', 'A', 'A', 'A', 'A', 'A', 'A', 'A', 'A', 'A', 'A', 'A', 'A', 'A', 'A', 'A', 'A', 'A', 'A', 'A', 'AA', 'A', 'A', 'A', 'A', 'A', 'A', 'A', 'A', 'A', 'A', 'AA', 'A', 'A', 'A', 'A', 'A', 'A', 'A', 'AA', 'A', 'A', 'A', 'A', 'A', 'A', 'A', 'A', 'A', 'A', 'A', 'A', 'A', 'A', 'A', 'A', 'A', 'A', 'A', 'A', 'A', 'A', 'A', 'A', 'A', 'A', 'A', 'A', 'A', 'AA', 'A', 'A', 'A', 'A', 'AA', 'A', 'A', 'A', 'A', 'A', 'A', 'A', 'A', 'A', 'A', 'A', 'A', 'AA', 'AA', 'A', 'A', 'A']	135
ENST00000396625:25	['A', 'A']	2
ENST00000396625:41	['A', 'A', 'A', 'A', 'A', 'A', 'A', 'A', 'A', 'A', 'A', 'A', 'A', 'A', 'A', 'A', 'A', 'A', 'A', 'A', 'A', 'A', 'A', 'A', 'AA', 'A', 'A', 'AA', 'A', 'A', 'A', 'A', 'A', 'A', 'A', 'A', 'A', 'A', 'A', 'A', 'A', 'A', 'A', 'A', 'A', 'A', 'A', 'A', 'A', 'A', 'A', 'A', 'A', 'A', 'A', 'A', 'A', 'A', 'A', 'A', 'AA', 'A', 'A', 'A', 'A', 'A', 'A', 'A', 'A', 'A', 'A', 'AA', 'A', 'A', 'A', 'A', 'AA', 'A', 'A', 'A', 'A', 'A', 'A', 'A', 'A', 'A', 'A', 'A', 'A', 'A', 'A', 'A', 'A', 'A', 'A', 'A', 'A', 'A', 'A', 'A', 'A']	101
ENST00000396634:5	['CG', 'CG', 'CG', 'G', 'CG', 'TCA', 'CG', 'CG', 'G', 'CG']	10
ENST00000396634:9	['GTGTGAGACAGCTG']	1
ENST00000396667:8	['ACTTACATTATTTTT', 'ACTTACATTATTTTT']	2
ENST00000396720:9	['AG', 'AGG', 'AGG', 'AGGCCT', 'AGGCCT', 'AGG', 'AGGCCT', 'AGG', 'AGG', 'AGG', 'AGG', 'AGG', 'AGG', 'AGG']	14
ENST00000396741:10	['CTTA', 'CTTA']	2
ENST00000396840:8	['A', 'A']	2
ENST00000396846:3	['A', 'A', 'A', 'A', 'A', 'A', 'A', 'A', 'A', 'A', 'A', 'A', 'A', 'A', 'A', 'A']	16
ENST00000396846:6	['AA', 'A', 'AA', 'AA', 'AA', 'AA', 'AA', 'AA', 'AA', 'AA', 'AA', 'AA', 'AA', 'AA', 'AA', 'AA', 'AA', 'AA', 'AA', 'AA', 'A', 'AA', 'AA', 'AAA', 'AA', 'AA', 'AA', 'AA', 'AA', 'AA', 'A', 'AA', 'AA', 'A', 'AA', 'AA', 'AA', 'AA', 'AA', 'A', 'AA', 'AA', 'AA', 'AA', 'AA', 'A', 'A', 'AA', 'AA', 'AA', 'AA', 'AA', 'AA', 'AA', 'A', 'AA', 'AA', 'AA', 'AA', 'AA', 'AAA', 'AA', 'A', 'A', 'AA', 'A', 'AA', 'AA', 'AA', 'A', 'A', 'A', 'AA', 'A', 'AA', 'A', 'A', 'A', 'A', 'A', 'AA', 'A', 'A', 'A', 'A', 'AA', 'AA', 'AA', 'A', 'A', 'AAA', 'A', 'A', 'AA', 'A', 'AA', 'AA', 'A', 'A', 'A', 'AA', 'A', 'A', 'AA', 'A', 'A', 'A', 'A', 'A', 'A', 'A', 'A', 'AA', 'AA', 'AA', 'AA', 'AA', 'A', 'A', 'A', 'A', 'AA', 'AA', 'A', 'AA', 'AA', 'A', 'A', 'A', 'A', 'A', 'A', 'AA', 'AA', 'A', 'AA', 'A', 'A', 'AA']	139
ENST00000396981:2	['A', 'A', 'A', 'A']	4
ENST00000397128:6	['A', 'A']	2
ENST00000397163:12	['AGC', 'AGC']	2
ENST00000397163:18	['C', 'C']	2
ENST00000397168:1	['AAAG']	1
ENST00000397192:2	['AA']	1
ENST00000397239:3	['A', 'A', 'AA', 'AA', 'AA', 'AA', 'AA', 'AAA', 'AA', 'AA', 'AA', 'AA', 'AA', 'AA', 'AA', 'AA', 'AA', 'AAA', 'AA', 'A', 'AA', 'AA', 'AA', 'AA', 'AA', 'A', 'AA', 'AA', 'AA', 'AA', 'AA', 'AAA', 'AA', 'A', 'AAA', 'AA', 'A', 'AAA', 'AA', 'AA', 'AA', 'AA', 'AA', 'A', 'AAA', 'AA', 'AA', 'AA', 'AA', 'AAA', 'AA', 'AA', 'AA', 'A', 'AA', 'AA', 'AA', 'AA', 'AA', 'AA', 'A', 'AA', 'AA', 'AA', 'AAA', 'A', 'AA', 'AA', 'A', 'A', 'AAA', 'AA', 'AA', 'AAA', 'A', 'AA', 'A', 'A', 'A', 'A', 'A', 'A', 'A', 'A', 'AA', 'A', 'A', 'AA', 'AA', 'AA', 'A', 'A', 'A', 'AA', 'AA', 'AA', 'AAA', 'AA', 'A', 'AA', 'A', 'A', 'AA', 'AA', 'AA', 'AA', 'A', 'AA', 'A', 'A', 'A', 'AAA', 'AA', 'A', 'A', 'A', 'A', 'AAA', 'AA', 'A', 'A', 'A', 'AA', 'AA', 'A', 'AA', 'AA', 'AA', 'A', 'A', 'A', 'A', 'A', 'A', 'A', 'A', 'AA', 'A', 'AA', 'AA', 'A', 'AA', 'A', 'A', 'GA', 'A', 'A', 'A', 'A', 'A', 'A', 'A', 'A', 'A', 'A', 'A', 'AA', 'AA', 'AA', 'A', 'AA', 'AA', 'A', 'A', 'A', 'A', 'A', 'A', 'AA', 'A', 'A', 'AA', 'AA', 'A', 'A', 'A', 'A', 'A', 'AA']	179
ENST00000397292:13	['AA', 'AAA', 'AA', 'AA', 'AA', 'AA', 'AA', 'AAA', 'AA', 'AA', 'A', 'AA', 'AA', 'AA', 'AA', 'AA', 'AA', 'AA', 'A', 'AA', 'AA', 'AA', 'AA', 'AA', 'AA', 'A', 'A', 'AA', 'AA', 'AA', 'AA', 'AA', 'A', 'AA', 'AA', 'AA', 'AA', 'AA', 'AA', 'A', 'AA', 'AA', 'AA', 'AA', 'AA', 'A', 'AA', 'AA', 'A', 'A', 'A', 'AA', 'AA', 'A', 'AAA', 'A', 'AA', 'AA', 'AA', 'AA', 'A', 'AA', 'AA', 'AA', 'AA', 'AA', 'A', 'AA', 'AA', 'A', 'AA', 'AA', 'A', 'A', 'AAA', 'AA', 'A', 'AA', 'A', 'A', 'AA', 'AA', 'A', 'AA', 'AA', 'AAA', 'AA', 'AA', 'AA', 'AA', 'AA', 'AAA', 'AA', 'A', 'A', 'A', 'A', 'A', 'A', 'A', 'A', 'A', 'A', 'A', 'A', 'A', 'A', 'AA', 'A', 'A', 'AA', 'A', 'A', 'A', 'A', 'A', 'AA', 'AA', 'AA', 'A', 'A', 'A', 'A', 'A', 'A', 'AA', 'A', 'A', 'A', 'AAA', 'A', 'AA', 'AA', 'A', 'A', 'AA', 'AA', 'A', 'A', 'A', 'A', 'A', 'A', 'A', 'A', 'A', 'A', 'A', 'AA', 'AA']	150
ENST00000397292:2	['A', 'A']	2
ENST00000397541:5	['CCC', 'GGTGGGAGTTTGCAAGCTGC']	2
ENST00000397545:4	['C', 'C', 'C', 'C', 'C', 'C', 'C', 'C']	8
ENST00000397560:17	['AA']	1
ENST00000397622:2	['A']	1
ENST00000397641:18	['A', 'A', 'A', 'A', 'A', 'A', 'A', 'A', 'A', 'A', 'A', 'A', 'A', 'A', 'A', 'A', 'A', 'A', 'A', 'A', 'A', 'A', 'A', 'A', 'A', 'A', 'A']	27
ENST00000397668:17	['G']	1
ENST00000397668:9	['G', 'G']	2
ENST00000397712:7	['A', 'A', 'A', 'A', 'A', 'A', 'A', 'A', 'A', 'A', 'A', 'A', 'A', 'A', 'A', 'A', 'A', 'A', 'A', 'A', 'A', 'A', 'A', 'A', 'A', 'A', 'A', 'A', 'A', 'A', 'A', 'A', 'A', 'A', 'A', 'A', 'A', 'A', 'A', 'AA', 'A', 'A', 'A', 'A', 'A', 'A', 'A', 'A', 'A', 'A', 'A', 'A', 'A', 'A', 'A', 'A', 'A', 'A', 'A', 'A']	60
ENST00000397747:6	['C', 'C']	2
ENST00000397762:5	['C']	1
ENST00000397786:12	['A', 'A']	2
ENST00000397786:3	['A', 'A']	2
ENST00000397786:9	['A', 'A', 'A']	3
ENST00000397795:1	['AG', 'AG', 'AG', 'AG', 'AG', 'AG', 'AG', 'AG', 'AG']	9
ENST00000397795:16	['G', 'G', 'G', 'G', 'G', 'G', 'G', 'G']	8
ENST00000397801:21	['CTC', 'CTC']	2
ENST00000397801:25	['G', 'G']	2
ENST00000397801:27	['C']	1
ENST00000397809:3	['T', 'T', 'T', 'T', 'T', 'T', 'T', 'T', 'T', 'T', 'T', 'T', 'T', 'T', 'T', 'T', 'T', 'T', 'T']	19
ENST00000397843:35	['TC']	1
ENST00000397890:8	['CT']	1
ENST00000397909:23	['CA']	1
ENST00000397909:34	['A', 'A', 'A', 'A', 'A', 'A']	6
ENST00000397909:7	['TGTT', 'TGTT']	2
ENST00000397910:43	['ATA', 'A', 'ATA', 'A', 'A', 'A', 'A', 'A', 'A', 'A', 'A', 'A']	12
ENST00000397910:5	['AG', 'AG', 'AG', 'AG', 'AG', 'AG', 'AG', 'AG', 'AG']	9
ENST00000397910:7	['A', 'A']	2
ENST00000397977:7	['AATA', 'AATA']	2
ENST00000398015:15	['GT']	1
ENST00000398027:1	['AG']	1
ENST00000398073:7	['G']	1
ENST00000398146:1	['A', 'A', 'A', 'A', 'A', 'A', 'A', 'A', 'A', 'A']	10
ENST00000398146:16	['A', 'A', 'A']	3
ENST00000398212:19	['A', 'A']	2
ENST00000398212:23	['A', 'A']	2
ENST00000398212:30	['A', 'AA', 'AA', 'AA', 'AA', 'AA', 'AA', 'A', 'AA', 'AA', 'AA', 'AA', 'AA', 'A', 'AA', 'AA', 'AA', 'AA', 'AA', 'A', 'A', 'AA', 'AA', 'A', 'AAA', 'A', 'AA', 'A', 'AA', 'A', 'A', 'A', 'A', 'A', 'A', 'AA', 'AA', 'A', 'A', 'A', 'A', 'A', 'A', 'A', 'AA', 'A', 'A', 'A', 'A', 'AA', 'A', 'A', 'A', 'AA', 'A', 'A', 'A', 'A', 'A', 'AA', 'A', 'A', 'A', 'A', 'AA', 'A', 'A', 'A', 'A', 'A', 'A', 'A', 'A', 'A', 'A', 'A', 'A', 'A', 'A', 'A', 'A', 'A', 'A', 'A', 'A', 'A', 'A', 'A', 'AA', 'A', 'A', 'A', 'A', 'A']	94
ENST00000398212:6	['A', 'A', 'A', 'A', 'A', 'A', 'A', 'A', 'A', 'A', 'A', 'A', 'A', 'A', 'A', 'A', 'A', 'A', 'A', 'A', 'A', 'A', 'A', 'A', 'A', 'A', 'A', 'A', 'A', 'A', 'A', 'A', 'A', 'A', 'A']	35
ENST00000398215:4	['C', 'C']	2
ENST00000398473:5	['A', 'A']	2
ENST00000398510:14	['A', 'A', 'A', 'A', 'A', 'A', 'A']	7
ENST00000398571:11	['A', 'A', 'A', 'A', 'A', 'A', 'A', 'A', 'A', 'A', 'A', 'A', 'A', 'A', 'A', 'A', 'A', 'A', 'A', 'A', 'A', 'A', 'A', 'A', 'A', 'A', 'A', 'A', 'A', 'A', 'A', 'A', 'A', 'A', 'A', 'A', 'A', 'A', 'A', 'A', 'A', 'A', 'A', 'A', 'A', 'A', 'A', 'A', 'A', 'A', 'A', 'A', 'A', 'A', 'A', 'A', 'A', 'A', 'A', 'A', 'A', 'A', 'A', 'A', 'A', 'A', 'A', 'A', 'A', 'A', 'A', 'A', 'A', 'A', 'A', 'A', 'A', 'A', 'A', 'A', 'A', 'A', 'A', 'A', 'A', 'A', 'A', 'A', 'A', 'A', 'A', 'A', 'A', 'A', 'A', 'A', 'A', 'A', 'A', 'A', 'A', 'A', 'A', 'A', 'A', 'A', 'A', 'A', 'A', 'A', 'A', 'A', 'A', 'A', 'A', 'A', 'A', 'A', 'A']	119
ENST00000398571:16	['G']	1
ENST00000398571:3	['A', 'A', 'A', 'AA', 'AAA', 'AAA', 'A', 'AA', 'A', 'AA', 'AA', 'AA', 'AA', 'AA', 'AA', 'AA', 'AA', 'AA', 'AA', 'AAA', 'AA', 'AA', 'AA', 'AAA', 'AA', 'AA', 'AA', 'AA', 'A', 'AAA', 'AAA', 'AAA', 'AA', 'AA', 'AA', 'AA', 'AAA', 'A', 'AAA', 'AAA', 'A', 'AAA', 'AA', 'AAA', 'AAA', 'AA', 'AA', 'AA', 'A', 'AA', 'A', 'AAA', 'AAA', 'A', 'A', 'AA', 'AA', 'A', 'AA', 'AA', 'AA', 'A', 'AA', 'AAA', 'AA', 'A', 'AA', 'AAA', 'AA', 'AA', 'AA', 'AA', 'AA', 'AAA', 'AA', 'AAA', 'AAA', 'AA', 'A', 'A', 'AAA', 'AAA', 'AAA', 'A', 'AA', 'A', 'A', 'A', 'A', 'A', 'AA', 'AA', 'A', 'A', 'A', 'A', 'A', 'AA', 'AA', 'AA', 'AAA', 'A', 'AA', 'AA', 'A', 'AA', 'AA', 'AA', 'A', 'AA', 'A', 'A', 'AA', 'AA', 'AA', 'AA', 'AA', 'AA', 'A', 'AA', 'AA', 'AA', 'AA', 'A', 'A', 'A', 'A', 'A', 'AA', 'A', 'AAAA', 'AA', 'AA', 'AA', 'AA', 'AAA', 'AA', 'A', 'A', 'A', 'A', 'A', 'A', 'A', 'A', 'AA', 'A', 'AA', 'A', 'A', 'A', 'A', 'A', 'A', 'AA', 'A', 'A', 'AA']	158
ENST00000398571:39	['ACA']	1
ENST00000398571:40	['A', 'A']	2
ENST00000398571:57	['A', 'A', 'A', 'A', 'A', 'A', 'A', 'A', 'A', 'A', 'A', 'A', 'A', 'A', 'A', 'A', 'A', 'A', 'A', 'A', 'A', 'A', 'A', 'A', 'A', 'A', 'A', 'A', 'A', 'A', 'A', 'A', 'A', 'A', 'A', 'A', 'A', 'A', 'A', 'A', 'A', 'A', 'A', 'A', 'A', 'A', 'A', 'A', 'A', 'A', 'A', 'A', 'A', 'A', 'A', 'A', 'A', 'A', 'A', 'A', 'A', 'A', 'A', 'A', 'A', 'A', 'A', 'A', 'A', 'A', 'A', 'A', 'A', 'A', 'A', 'A', 'A', 'A', 'A', 'A', 'A', 'A', 'A', 'A', 'A', 'A', 'A', 'A', 'A', 'A', 'A', 'A', 'A', 'A', 'A', 'A', 'A', 'A', 'A', 'A', 'A', 'A', 'A', 'A', 'A', 'A', 'A', 'A', 'A', 'A', 'A', 'A', 'A', 'A', 'A', 'A', 'A', 'A', 'A', 'A', 'A', 'A', 'A', 'A', 'A', 'A', 'A', 'A', 'A', 'A', 'A', 'A', 'A', 'A', 'A', 'AA', 'A', 'A', 'A', 'A', 'A', 'A', 'A', 'A', 'A', 'A', 'A', 'A', 'A', 'A', 'A', 'A', 'A', 'A', 'A', 'A', 'A', 'A', 'A', 'A', 'A', 'A', 'A', 'A', 'A', 'A', 'A', 'A', 'A', 'A', 'A', 'A', 'A', 'A', 'A', 'A', 'A', 'A', 'A', 'A', 'A', 'A', 'A', 'A', 'AA', 'A', 'A', 'A', 'A', 'A', 'A', 'A', 'A', 'A', 'A', 'A', 'A', 'A', 'A', 'A', 'A', 'A', 'A', 'A', 'A', 'A', 'A', 'A', 'A', 'A', 'A']	211
ENST00000398571:58	['TG']	1
ENST00000398598:7	['C', 'C']	2
ENST00000398637:9	['A', 'A', 'A', 'A', 'A', 'A', 'A', 'A', 'A', 'A', 'A', 'A', 'A', 'A', 'A', 'A', 'A', 'A', 'A', 'A', 'A', 'A', 'A', 'A', 'A', 'A', 'A', 'A', 'A', 'A', 'A', 'TTTAAAAAAAAGTAAAAAATAAA', 'A', 'A', 'A', 'A', 'A', 'A', 'A', 'A', 'A', 'A', 'A', 'A', 'A', 'A', 'A', 'A', 'A', 'A', 'A', 'A', 'A', 'A', 'A', 'A', 'A', 'A', 'A', 'A']	60
ENST00000398712:7	['G', 'G']	2
ENST00000398762:3	['A', 'A', 'A', 'A', 'A', 'A', 'A', 'A', 'A', 'A', 'A', 'A', 'A', 'A', 'A', 'A', 'A', 'A', 'A', 'A', 'A', 'A', 'A', 'A', 'A', 'A', 'A', 'A', 'A', 'A', 'A', 'A', 'A', 'A', 'A', 'A', 'A', 'A', 'A', 'A', 'A', 'A', 'A', 'A', 'A', 'A', 'A', 'A', 'A', 'A', 'A', 'A', 'A', 'A', 'A', 'A', 'A', 'A', 'A', 'A', 'A', 'A', 'A', 'A', 'A']	65
ENST00000398844:7	['C', 'TC']	2
ENST00000398868:3	['A', 'A', 'A', 'A', 'A', 'A', 'A', 'A', 'A', 'A', 'A', 'A', 'A', 'A', 'A', 'A', 'A', 'A', 'A', 'A', 'A', 'A', 'A', 'A', 'A', 'A', 'A', 'A', 'A', 'A', 'A', 'A', 'A', 'A', 'A', 'A', 'A', 'A', 'A', 'A', 'A', 'A', 'A', 'A', 'A', 'A', 'A', 'A', 'A', 'A', 'A', 'A', 'A', 'A', 'A', 'A']	56
ENST00000398888:2	['A', 'A', 'A', 'A', 'A', 'A', 'A', 'A', 'A', 'A', 'A', 'A', 'AA', 'A', 'A', 'A', 'A', 'A', 'A', 'A', 'A', 'A', 'AA', 'A']	24
ENST00000398963:6	['G']	1
ENST00000398963:7	['A']	1
ENST00000399069:6	['TT', 'TT', 'TT', 'T', 'TT', 'TT', 'TT', 'TT', 'TT', 'T', 'T', 'TT', 'TT', 'TT', 'TT', 'TT', 'T', 'T', 'T', 'T', 'TT', 'TT', 'TT', 'T', 'T', 'T', 'T', 'T', 'T', 'T', 'T', 'T', 'T', 'T', 'T', 'T', 'T', 'TT', 'T', 'T', 'T', 'T', 'T', 'T', 'TT', 'TT', 'T', 'T', 'T', 'T', 'T', 'T', 'T', 'T', 'T']	55
ENST00000399132:11	['A', 'A', 'A']	3
ENST00000399132:16	['G', 'G', 'G']	3
ENST00000399132:31	['A', 'A', 'A', 'A', 'A', 'A', 'A', 'A', 'A', 'A', 'A', 'A', 'A', 'A', 'A', 'A', 'A', 'A', 'A', 'A', 'A', 'A', 'A', 'A', 'A', 'A', 'A', 'A', 'A', 'A', 'A', 'A', 'A', 'A', 'A', 'A', 'A', 'A', 'A', 'A', 'A', 'A', 'A', 'A', 'A', 'A', 'A', 'A', 'A', 'A', 'A', 'A', 'A', 'A', 'A', 'A', 'A']	57
ENST00000399132:4	['G', 'G', 'G', 'G']	4
ENST00000399132:6	['A', 'A', 'A', 'A']	4
ENST00000399134:1	['GG']	1
ENST00000399161:8	['A', 'A', 'A', 'A']	4
ENST00000399167:17	['C', 'C']	2
ENST00000399231:38	['A', 'A', 'A', 'A', 'A', 'A', 'A', 'A', 'A', 'A', 'A', 'A', 'A', 'A']	14
ENST00000399262:4	['A', 'A', 'A', 'A', 'A', 'A', 'A', 'A', 'A', 'A', 'A', 'A', 'A', 'A', 'A', 'A', 'A', 'A', 'A', 'A', 'A', 'A', 'A', 'A', 'A', 'A', 'A', 'A', 'A', 'A', 'A', 'A', 'A', 'A', 'A', 'A', 'A', 'A', 'A', 'A', 'A', 'A', 'A', 'A', 'A', 'A', 'A', 'A', 'A', 'A', 'A', 'A', 'A', 'A', 'A', 'A', 'A', 'A', 'A', 'A', 'A', 'A', 'A', 'A', 'A', 'A', 'A', 'A', 'A', 'A', 'A', 'A', 'A', 'A', 'A', 'A', 'A', 'A', 'A', 'A', 'A', 'A', 'A', 'A', 'A', 'A', 'A']	87
ENST00000399322:23	['A', 'A']	2
ENST00000399322:3	['GA', 'GA', 'GA', 'A', 'A', 'GA', 'GA', 'GA', 'GA', 'GA', 'GA', 'GA', 'GA', 'GA', 'GA', 'GA', 'GA', 'GA', 'GA', 'GA', 'GA', 'GA', 'GA', 'GA', 'GA', 'GA', 'GA', 'GA', 'GA', 'GA', 'A', 'GA', 'GA', 'A', 'GA', 'GA', 'GA', 'A', 'G', 'GA', 'GA', 'GA', 'GA', 'GA', 'GA', 'GA', 'A', 'GA', 'GA', 'GA', 'GA', 'GA', 'GA', 'GA', 'GA', 'GA', 'GA', 'GA', 'A', 'GA', 'A', 'GA', 'GA', 'GA', 'A', 'GA', 'GA', 'GA', 'A', 'GA', 'GA', 'GA', 'GA', 'GA', 'G', 'A', 'GA', 'GA', 'A', 'GA', 'GA', 'GA', 'G', 'A', 'GA', 'GA', 'GA', 'A', 'GA', 'GA', 'GA', 'GA', 'GA', 'GA', 'GA', 'GA', 'GA', 'GA', 'GA', 'GA', 'GA', 'GA', 'GA', 'A', 'GA', 'A', 'GA', 'A', 'A', 'GA', 'A', 'GA', 'A', 'A', 'A', 'GA', 'A', 'G', 'GA', 'GA', 'GA', 'GA', 'GA', 'GA', 'G', 'G', 'A', 'G', 'GA', 'GA', 'GA', 'A', 'A', 'GA', 'A', 'GA', 'GA', 'A', 'GA', 'GA', 'GA', 'GA', 'A', 'GA', 'GA', 'GA', 'GA', 'GA', 'GA', 'GA', 'GA', 'A', 'A', 'GA']	154
ENST00000399322:4	['A', 'A', 'A', 'A', 'A', 'A', 'A', 'A', 'A', 'A', 'A', 'A', 'A', 'A', 'A', 'A', 'A', 'A', 'A', 'A', 'A', 'A', 'A', 'A', 'A', 'A', 'A', 'A', 'A', 'A', 'A', 'A']	32
ENST00000399332:14	['G']	1
ENST00000399332:16	['A', 'A', 'A', 'A', 'A', 'A', 'A', 'A', 'A', 'A', 'A', 'A', 'A', 'A', 'A']	15
ENST00000399444:7	['AA', 'AAA', 'A', 'AAA', 'AAA', 'AA', 'AA', 'AAA', 'AAA', 'AAA', 'AA', 'AA', 'AAAAA', 'AAAA', 'AA', 'AAA', 'AAAA', 'A', 'AAAA', 'AAA', 'AA', 'AAA', 'AAA', 'AAAA', 'AAA', 'AAA', 'AAA', 'AAAA', 'AAA', 'AAAA', 'A', 'AAA', 'AAA', 'AAA', 'AA', 'AAA', 'AAAA', 'AAA', 'AA', 'AA', 'AA', 'AAA', 'AA', 'AA', 'AAAA', 'AAAA', 'AA', 'AA', 'AA', 'AAA', 'AAA', 'AAA', 'AAA', 'AA', 'AAAA', 'AA', 'AAAA', 'AA', 'A', 'AAAA', 'AA', 'AA', 'AAA', 'AAAA', 'AA', 'AA', 'AA', 'AAA', 'AAA', 'AAA', 'AA', 'AA', 'A', 'AA', 'AAAA', 'AAAA', 'AAAA', 'AAA', 'AAA', 'AAA', 'AAAA', 'AAAA', 'AA', 'AA', 'AAAAA', 'AAAA', 'AAAA', 'A', 'AA', 'AAA', 'AA', 'AAA', 'AAA', 'AA', 'AAA', 'AAAA', 'AAA', 'AAA', 'AAAA', 'A', 'A', 'A', 'AAA', 'AAA', 'AAAA', 'AAAA', 'AA', 'AA', 'AAA', 'AA', 'AA', 'AA', 'AAAA', 'AA', 'AAAA', 'AA', 'AAA', 'AA', 'A', 'AAAA', 'AAAAA', 'AAA', 'AAA', 'AA', 'AAA', 'AAAA', 'AA', 'AAAAA', 'AA', 'A', 'A', 'TAA', 'AAAA', 'AA', 'A', 'AAAA', 'AAA', 'AA', 'AAAA', 'AAA', 'AA', 'AA', 'AAA', 'A', 'AAAA', 'AAA', 'AAA', 'AAA']	148
ENST00000399451:20	['CTG']	1
ENST00000399451:26	['A', 'A', 'A', 'A', 'A', 'A', 'A', 'A', 'A', 'A', 'A', 'A']	12
ENST00000399451:8	['G', 'G', 'G', 'G', 'G', 'G', 'G', 'G', 'G', 'G']	10
ENST00000399455:10	['T', 'T', 'T', 'T', 'T', 'T', 'T', 'T']	8
ENST00000399455:9	['GTGTA']	1
ENST00000399464:14	['G', 'G']	2
ENST00000399464:9	['GG']	1
ENST00000399503:13	['T', 'T']	2
ENST00000399564:21	['A', 'A', 'A', 'A']	4
ENST00000399577:14	['C', 'C', 'C', 'C', 'C', 'C', 'C', 'C', 'C', 'C', 'C', 'C']	12
ENST00000399583:12	['G', 'G']	2
ENST00000399598:6	['T', 'T', 'T', 'T']	4
ENST00000399602:5	['AAA', 'AA', 'AAAAA', 'AAA', 'AA', 'AAA', 'AAAA', 'AA', 'AA', 'AA', 'AA', 'AAA', 'AAA', 'AAA', 'A', 'AAA', 'AAA', 'AAA', 'A', 'AAA', 'AA', 'AAAA', 'AAA', 'AAA', 'AAAA', 'A', 'A', 'AAAA', 'AAA', 'AA', 'AAA', 'AAA', 'AA', 'AA', 'AA', 'AAA', 'AAAA', 'AA', 'AAAA', 'AA', 'AAA', 'AA', 'AA', 'A', 'AAA', 'AA', 'AA', 'AAA', 'AA', 'A', 'AA', 'AAA', 'AA', 'AAA', 'AA', 'AAAAAA', 'A', 'AAAA', 'AA', 'AAAA', 'AA', 'A', 'AAA', 'A', 'AA', 'AA', 'AA', 'A', 'AAA', 'AAA', 'A', 'AAA', 'AAAA']	73
ENST00000399703:10	['A', 'A', 'A']	3
ENST00000399774:2	['G', 'G']	2
ENST00000399788:15	['AAAAAAAAAAAAAAAA', 'AAAAAAAAAAAAAA', 'AAAAAAAAAAAAA', 'AAAAAAA', 'AAAAAAA', 'AAAAAAAAAAAAAA', 'AAAAAAAAAA', 'AAAAAA', 'AAAAA', 'AAAAAAAAAAAAA', 'AAAAAAAAAAA', 'AAAAAAAAAAAAA', 'AAAAAAAAAAAAA', 'AAAAAAAAAAA', 'AAAAAAAAAA', 'AAAAAAAAAAAAAA', 'AAAAAAAAAAA', 'AAAAAAAAAAAAAAAA', 'AAAAAAAAAAAAAAAA', 'AAAAAAAAAAAAAA', 'AAAAAAAAAA', 'AAAAAAAAAAAAA', 'AAAAAAAAAAAA', 'AAAAAA', 'AAAAAAAAAAAAA', 'AAAAAAAAAAAAAA', 'AAAAAA', 'AAAAAA', 'AAAAAAAAA', 'AAAAAAAAA', 'AAAAAAAAAAAAAA', 'AAAAAAAAAAAAAAA', 'AAAAAAAAAAAAA', 'AAAAAAAAAAAAA', 'AAAAAAAAAAAA', 'AAAAAAAAAAAA', 'AAAAAAAAAAAAAA', 'AAAAAAAAAAAAA', 'AAAAAAAAAAAAAAAA', 'AAAAAAAAAAAAA', 'AAAAAAAAAAAAAAA', 'AAAAAAAAAAAAAAA', 'AAAAAAAAAAAAA', 'AAAAAAAAAA', 'AAAAAAAAA', 'AAAAAAAAAAAAAA', 'AAAAAAAAAAAAAAAA', 'AAAAAAAAAAAAAAA', 'AAAAAAAAAAAA', 'AAAAAAAAAAAAAAA', 'AAAAAAAAAAAAAA', 'AAAAAAAAAAAAAAAA', 'AAAAAAAAAA', 'AAAAAAAAAAAAA', 'AAAAAAAAAA', 'AAAAA', 'AAAAAAAAAAAAAAAA', 'AAAAAAAAAAAAA', 'AAAAAAAA']	59
ENST00000399788:25	['A', 'A']	2
ENST00000399788:7	['A', 'A', 'A', 'A', 'A', 'A', 'A', 'A', 'A', 'A', 'A', 'A', 'A', 'A', 'A', 'A', 'A', 'A', 'A', 'A', 'A', 'A', 'A', 'A', 'A', 'A', 'A', 'A', 'A', 'A', 'A', 'A', 'A', 'A', 'A', 'A', 'A', 'A', 'A', 'A', 'A', 'A', 'A', 'AA', 'A', 'A', 'A', 'A', 'A', 'A', 'A', 'A', 'A', 'A', 'A', 'A', 'A', 'A', 'A', 'A', 'A', 'A', 'A', 'A', 'A', 'A', 'A', 'A', 'AA', 'A', 'AA', 'A', 'A', 'A', 'A', 'A', 'AA', 'A', 'A', 'A', 'A', 'A', 'A', 'A', 'A', 'A', 'A', 'A', 'A', 'A', 'A', 'A', 'A', 'A', 'A', 'A', 'A', 'A', 'A', 'A', 'A', 'A', 'A', 'A', 'A', 'A', 'A', 'A', 'A', 'A', 'A', 'AA', 'A', 'A', 'A', 'A', 'A', 'A', 'A', 'AA', 'A', 'AA', 'A', 'A', 'A', 'A', 'A']	127
ENST00000399799:3	['AT']	1
ENST00000399810:1	['A', 'A', 'A', 'A', 'A', 'A', 'A', 'A', 'A', 'A', 'A', 'A', 'A', 'A', 'A', 'A', 'A', 'A', 'A', 'A', 'A', 'A', 'A', 'A', 'A', 'A']	26
ENST00000399820:5	['T', 'T']	2
ENST00000399878:1	['A', 'A']	2
ENST00000399878:16	['A', 'A', 'AA', 'A', 'A', 'AA', 'A', 'A', 'AA', 'AA', 'A', 'AA', 'A', 'A', 'A', 'A', 'A', 'A', 'A', 'A', 'A', 'A', 'A', 'A', 'A', 'A', 'A', 'A', 'A', 'A', 'AA', 'A', 'A', 'A', 'AA', 'A', 'A', 'AA', 'A', 'A', 'AA', 'AA', 'A', 'A', 'A', 'AA', 'A', 'AA', 'A', 'A', 'A', 'A', 'A', 'AA', 'A', 'A', 'A', 'A', 'A', 'A', 'A', 'A', 'A', 'A', 'A', 'A', 'A', 'A', 'A', 'A', 'A', 'A', 'AA', 'A', 'A', 'A', 'A', 'A', 'A', 'A', 'A', 'A', 'A', 'A', 'A', 'A', 'A', 'A', 'AA', 'A', 'A', 'AA', 'A', 'A', 'A', 'A', 'A', 'A', 'A', 'A', 'A', 'A', 'A', 'A', 'A', 'A', 'A', 'A', 'A', 'A', 'A', 'A', 'A', 'A', 'AA', 'A', 'A', 'A', 'A', 'A', 'A', 'A', 'AA', 'AA', 'A', 'A', 'A', 'A', 'A', 'A', 'A', 'A', 'A', 'AA', 'A', 'A', 'AA', 'A', 'A']	139
ENST00000399910:9	['T', 'T']	2
ENST00000399914:15	['A', 'AA', 'A', 'A', 'A', 'AA', 'A', 'A', 'A', 'A', 'A', 'A', 'A', 'A', 'A', 'A', 'A', 'A', 'A', 'A', 'A', 'A', 'A', 'A', 'A', 'A', 'A', 'A', 'AA', 'A', 'A', 'A', 'AA', 'A', 'A', 'A', 'A', 'A', 'A', 'A', 'A', 'A', 'A', 'A', 'A', 'A', 'A', 'A', 'A', 'A', 'A', 'A', 'A', 'A', 'A', 'A', 'A', 'A', 'A', 'A', 'A', 'A', 'A', 'A', 'A', 'A', 'A', 'A', 'A', 'A', 'A', 'A', 'A', 'A', 'A', 'A', 'A', 'A', 'A', 'A', 'A', 'A', 'A', 'A', 'A', 'A']	86
ENST00000400113:2	['AA', 'AA', 'AA']	3
ENST00000400230:10	['A', 'A']	2
ENST00000400288:15	['T', 'T', 'T', 'T', 'T', 'T', 'T', 'T', 'T', 'T', 'T', 'T', 'T', 'T', 'T', 'T']	16
ENST00000400324:26	['A', 'AA', 'AA', 'AA', 'AA', 'AA', 'AA', 'AA', 'AA', 'AA', 'AA', 'A', 'AA', 'AA', 'A', 'A', 'AA', 'AA', 'AA', 'AA', 'AA', 'AA', 'A', 'AA', 'AA', 'AA', 'AA', 'A', 'A', 'AA', 'A', 'A', 'A', 'A', 'A', 'A', 'A', 'A', 'A', 'A', 'A', 'A', 'A', 'A', 'A', 'A', 'AA', 'A', 'AA', 'A', 'AA', 'AA', 'A', 'A', 'AA', 'A', 'A', 'A', 'AA', 'A', 'A', 'AA', 'A', 'A', 'AA', 'A', 'A', 'A', 'A', 'AA', 'A', 'A', 'A', 'A', 'A', 'A', 'A', 'A', 'A', 'A', 'A', 'A', 'A', 'AA', 'AA', 'AA', 'A', 'A', 'A', 'A', 'AA', 'A', 'A', 'A', 'A', 'A', 'A', 'A', 'A', 'A', 'A', 'A', 'A', 'AA', 'A', 'A', 'A', 'A', 'A', 'A', 'AA', 'A', 'A', 'A', 'AA', 'A', 'A', 'A', 'A', 'A', 'A', 'A', 'A', 'A', 'A']	125
ENST00000400359:18	['TTC', 'TTC']	2
ENST00000400445:7	['A', 'A', 'TC', 'TT', 'TT', 'TT', 'TT']	7
ENST00000400454:8	['A', 'A']	2
ENST00000400556:13	['ACTT', 'ACTT']	2
ENST00000400556:3	['A', 'A', 'A', 'A', 'A', 'A', 'A', 'A', 'A']	9
ENST00000400588:7	['TCAT']	1
ENST00000400590:12	['A', 'A', 'A']	3
ENST00000400590:7	['A', 'A', 'A']	3
ENST00000400809:1	['TAGAG']	1
ENST00000400809:3	['AG', 'AG']	2
ENST00000400900:2	['GAAAATTTTGCCAAAGACCTT']	1
ENST00000401061:1	['A', 'A']	2
ENST00000401558:7	['A', 'AA', 'AA', 'AA', 'AAA', 'AA', 'AA', 'AA', 'AA', 'AA', 'AA', 'AA', 'A', 'AA', 'AA', 'AA', 'AA', 'AA', 'AA', 'AA', 'AA', 'AA', 'AA', 'AA', 'AA', 'A', 'AA', 'AA', 'AA', 'AA', 'AA', 'AA', 'AA', 'AA', 'AA', 'A', 'AA', 'AA', 'A', 'AA', 'AA', 'AA', 'AAA', 'AA', 'AAA', 'AA', 'AA', 'A', 'AA', 'AA', 'AA', 'A', 'AA', 'AA', 'A', 'AA', 'AA', 'AA', 'AA', 'AA', 'AA', 'AA', 'A', 'AA', 'AA', 'AA', 'AA', 'AA', 'A', 'AA', 'A', 'AA', 'AA', 'AAA', 'AAA', 'AA', 'AA', 'AA', 'AA', 'AA', 'AA', 'AAA', 'AA', 'AA', 'AAA', 'A', 'AA', 'AA', 'AAA', 'AA', 'AA', 'AA', 'AA', 'AAA', 'AA', 'A', 'AA', 'AA', 'AA', 'AAA', 'A', 'A', 'AA', 'AA', 'AA', 'AA', 'AA', 'AA', 'AA', 'A', 'A', 'A', 'A', 'A', 'A', 'AA', 'AA', 'A', 'AA', 'AA', 'AA', 'AA', 'AA', 'AA', 'AA', 'A', 'A', 'A', 'A', 'AA', 'AA', 'A', 'A', 'A']	134
ENST00000401592:10	['G']	1
ENST00000401827:1	['A', 'A', 'A', 'A', 'A', 'A', 'A', 'A', 'A', 'A', 'A', 'A', 'A', 'A', 'A', 'A', 'A', 'A', 'A', 'A', 'A', 'A', 'A', 'A', 'A', 'A', 'A', 'A', 'A', 'A', 'A', 'A', 'A', 'A', 'A', 'A', 'A', 'A', 'A', 'A', 'A', 'A', 'A', 'A', 'A', 'A', 'A', 'A', 'A', 'A', 'A', 'A', 'A', 'A', 'A', 'A', 'A', 'A', 'A', 'A', 'A', 'A', 'A', 'A', 'A', 'A', 'A', 'A', 'A', 'A', 'A', 'A', 'A', 'A', 'A', 'A', 'A', 'A', 'A', 'A', 'A', 'A', 'A', 'A', 'A']	85
ENST00000401979:14	['A', 'A']	2
ENST00000401979:8	['A']	1
ENST00000402038:2	['A', 'A', 'A', 'A', 'A', 'A', 'A', 'A', 'A', 'A', 'A', 'A', 'A', 'A', 'A', 'A', 'A', 'A', 'A', 'A', 'A', 'A', 'A', 'A', 'A', 'A', 'A', 'A', 'A', 'A', 'A', 'A', 'AA', 'A', 'A', 'A', 'A', 'A', 'AA', 'A', 'A', 'A', 'A', 'A', 'A', 'A', 'A', 'A', 'A', 'A', 'A', 'A', 'A', 'A', 'A', 'A', 'A', 'A', 'A', 'A', 'A', 'A', 'A', 'A', 'A', 'A', 'A', 'A', 'A', 'A', 'A', 'A', 'A', 'A', 'A', 'A', 'A', 'A', 'A', 'A', 'A', 'A', 'A', 'A', 'A', 'A', 'A', 'A', 'A', 'A', 'A', 'A', 'A', 'A', 'A', 'A', 'A', 'A', 'A', 'A', 'A', 'A', 'A', 'A', 'A', 'A', 'A', 'A', 'A', 'A', 'A', 'A', 'A', 'A', 'A', 'A', 'A', 'A', 'A', 'A', 'A', 'A', 'A', 'A', 'A', 'A', 'A', 'A', 'A', 'A', 'A', 'A', 'A', 'A', 'A', 'A', 'A', 'A', 'A', 'A', 'A', 'A', 'A', 'A', 'A', 'A', 'A', 'A', 'A', 'A', 'A', 'A', 'A', 'A', 'A', 'A', 'A', 'A', 'A', 'A', 'A', 'A', 'A', 'A', 'A', 'A', 'A', 'A', 'A', 'A', 'A', 'A', 'A', 'A', 'A', 'A', 'A', 'A', 'A', 'A', 'A', 'A', 'A', 'A', 'A', 'A', 'A', 'A']	188
ENST00000402050:17	['C']	1
ENST00000402198:16	['TG', 'TG']	2
ENST00000402219:7	['A', 'A', 'A', 'AA', 'A', 'A', 'A', 'A', 'A', 'A']	10
ENST00000402291:6	['A', 'A']	2
ENST00000402506:1	['C', 'C']	2
ENST00000402673:1	['A', 'A', 'A', 'A', 'A', 'A', 'A', 'A', 'A']	9
ENST00000402673:5	['TG', 'A', 'A']	3
ENST00000402685:2	['C']	1
ENST00000402825:9	['GTCTGGTTGTCAGCATCCTGAACAATTACCTGATCTGGA']	1
ENST00000402939:12	['A', 'A', 'A', 'A', 'A']	5
ENST00000403230:2	['A', 'A', 'A', 'A', 'A', 'A', 'A', 'A', 'A']	9
ENST00000403230:4	['G', 'G']	2
ENST00000403245:5	['A', 'A', 'A']	3
ENST00000403290:6	['C', 'C', 'C']	3
ENST00000403359:20	['TAA', 'TAA', 'TAA', 'TAA']	4
ENST00000403625:21	['GT']	1
ENST00000403662:7	['A']	1
ENST00000403714:22	['C', 'C']	2
ENST00000404125:19	['AA', 'A', 'AAA', 'AAA', 'A', 'AAA', 'AA', 'AA', 'AAAA', 'AAA', 'AA', 'AAA', 'AA', 'AA', 'AA', 'AA', 'AA', 'AA', 'AA', 'AAA', 'AA', 'AAA', 'AAA', 'AA', 'AAA', 'AAA', 'AAA', 'A', 'AAA', 'AA', 'AAA', 'A', 'AA', 'AA', 'A', 'AAA', 'AAA', 'A', 'AA', 'AA', 'AA', 'AAA', 'AA', 'AAA', 'AA', 'AA', 'AA', 'A', 'AA', 'AA', 'A', 'AA', 'AAA', 'AA', 'A', 'AA', 'AAA', 'AA', 'AAA', 'A', 'A', 'A', 'AA', 'AA', 'AAA', 'AA', 'A', 'AAA', 'AAA', 'A', 'AAA', 'AA', 'AA', 'AA', 'AA', 'AA', 'AAA', 'AA', 'AA', 'AAA', 'AA', 'AAA', 'AA', 'AA', 'AA', 'AA', 'A', 'AAA', 'AA', 'AA', 'AA', 'AA', 'A', 'AAA', 'A', 'A', 'AA', 'A', 'AA', 'A', 'AAA', 'AAA', 'AA', 'AA', 'AA', 'AA', 'AA', 'AA', 'AA', 'AA', 'A', 'AA', 'A', 'A', 'AA', 'AA', 'AA', 'AAA', 'A', 'A', 'A', 'AA', 'A', 'A', 'AA', 'A', 'AA', 'A', 'AA', 'A', 'AA', 'AA', 'AA', 'AAA', 'AA', 'A', 'A', 'AA', 'AAA', 'A', 'A', 'AA', 'AA', 'AAA', 'AAA', 'AA', 'A', 'AAA', 'AA', 'AA', 'AA', 'AA', 'A', 'A', 'AA', 'AA', 'AAAA', 'AA', 'AA', 'AA', 'AA', 'A', 'AAAA', 'AAA', 'AA', 'A', 'A', 'AA', 'AA', 'AAA', 'AA', 'AAA', 'A', 'AA']	174
ENST00000404125:27	['A', 'A', 'A', 'A', 'A', 'A', 'A', 'A', 'A', 'A', 'A', 'A', 'A', 'A', 'A', 'A', 'A', 'A', 'A']	19
ENST00000404125:29	['T', 'T', 'T', 'A', 'A', 'A', 'A', 'T', 'A', 'T', 'A', 'T', 'T', 'T', 'A', 'T', 'T', 'T', 'T', 'T', 'T', 'T', 'A', 'T', 'T', 'T', 'T', 'T', 'T', 'T', 'T', 'T', 'T', 'T', 'A', 'T', 'T', 'T', 'A', 'T', 'T', 'T', 'A', 'T', 'A', 'T', 'T', 'T', 'T', 'T', 'A', 'A', 'A', 'T', 'A', 'T', 'T', 'A', 'T', 'T', 'T', 'A', 'T', 'A', 'T', 'T', 'A', 'T', 'A', 'A', 'A', 'T', 'T', 'T', 'T', 'T', 'T', 'T', 'A', 'T', 'T', 'T', 'A', 'T', 'A', 'A', 'T']	87
ENST00000404125:3	['G', 'G', 'G', 'G', 'G', 'G', 'G', 'G', 'G', 'G', 'G', 'G', 'G', 'G', 'G', 'G', 'G', 'G', 'G', 'G', 'G', 'G', 'G', 'G', 'G', 'G', 'G', 'G', 'G', 'G', 'G', 'G', 'G', 'G', 'G', 'G', 'G', 'G', 'G', 'G', 'G', 'G', 'G', 'G', 'G', 'G', 'G', 'G', 'G', 'G', 'G', 'G', 'G', 'G', 'G', 'G', 'G', 'G', 'G', 'G', 'G', 'G', 'G', 'G', 'G', 'G', 'GG', 'G', 'G', 'G', 'G', 'G', 'G', 'G', 'G', 'G', 'G', 'G', 'G', 'G', 'G', 'G', 'G', 'G', 'G', 'G', 'G', 'G', 'G', 'G', 'G', 'G', 'G', 'G', 'G', 'G', 'G', 'G', 'G', 'G', 'G', 'G', 'G', 'G', 'G', 'G', 'G', 'G', 'G', 'G', 'G', 'G', 'G', 'G', 'G', 'G', 'G', 'G', 'G', 'G', 'G', 'G', 'G', 'G', 'G', 'G', 'G', 'G', 'G', 'G', 'G', 'G', 'G', 'G', 'G', 'G', 'G', 'G', 'G', 'G', 'G', 'G', 'G', 'GG', 'G', 'G', 'G', 'G', 'G', 'G', 'G', 'G', 'G', 'G', 'G', 'G', 'G', 'G', 'G']	159
ENST00000404125:4	['A', 'A', 'A', 'TAA', 'A', 'A', 'A', 'A', 'A', 'A', 'A', 'A', 'A', 'A', 'A', 'A']	16
ENST00000404125:41	['A', 'A']	2
ENST00000404767:45	['G']	1
ENST00000404816:25	['T', 'T']	2
ENST00000405006:14	['AAA', 'AAA', 'AA', 'A', 'AA', 'AAA', 'AAA', 'A', 'AA', 'AA', 'AAA', 'AAA', 'AA', 'AA', 'AA', 'AAA', 'AAAA', 'AA', 'AAAA', 'AA', 'AAAA', 'AAA', 'AAA', 'AA', 'A', 'AAA', 'AAAA', 'AAAA', 'AAAA', 'AAA', 'A', 'AA']	32
ENST00000405006:15	['A', 'A', 'A']	3
ENST00000405006:20	['A', 'A', 'A', 'A', 'A', 'A', 'A', 'A', 'A', 'A', 'A', 'A', 'A', 'A', 'A', 'A', 'A', 'A', 'A', 'A', 'A', 'A', 'A', 'A', 'A', 'A', 'A', 'A', 'A', 'A', 'A', 'A', 'A', 'A', 'A', 'A', 'A', 'A', 'A', 'A', 'A', 'A', 'A', 'A', 'A', 'A', 'A', 'A', 'A', 'A', 'A', 'A', 'A', 'A', 'A', 'A', 'A', 'A', 'A', 'A', 'A', 'A', 'A', 'A', 'A', 'A', 'A', 'A', 'A', 'A', 'A', 'A', 'A', 'A', 'A', 'A', 'A', 'A', 'A', 'A', 'A', 'A', 'A', 'A', 'A', 'A', 'A', 'A', 'A', 'A', 'A', 'A', 'A', 'A', 'A', 'A', 'A', 'A', 'A', 'A', 'A', 'A', 'A', 'A', 'A', 'A', 'A', 'A', 'A', 'A', 'A', 'A', 'A', 'A', 'A', 'A', 'A', 'A', 'A', 'A', 'A', 'A', 'A', 'A', 'A', 'A', 'A', 'A', 'A', 'A', 'A', 'A', 'A', 'A', 'A', 'A', 'A', 'A', 'A', 'A', 'A', 'A', 'A', 'A', 'A', 'A', 'A', 'A', 'A', 'A', 'A', 'A', 'A', 'A', 'A', 'A', 'A', 'A', 'A', 'A', 'A', 'A', 'A', 'A', 'A', 'A', 'A', 'A', 'A', 'A', 'A', 'A', 'A', 'A', 'A', 'A', 'A', 'A', 'A', 'A', 'A', 'AA', 'A', 'A', 'A', 'A', 'A', 'A']	188
ENST00000405006:21	['A', 'A', 'A', 'A', 'A', 'A', 'A', 'A', 'A', 'A', 'A', 'A', 'A', 'A', 'A', 'A', 'A', 'A', 'A', 'A', 'A', 'A', 'A', 'A', 'A', 'A', 'A', 'A', 'A', 'A', 'A', 'A', 'A', 'A', 'A', 'A', 'A', 'A', 'A', 'A', 'A', 'A', 'A', 'A', 'A', 'A', 'A', 'A', 'A', 'A', 'A', 'A', 'A', 'A', 'A', 'A', 'A', 'A', 'A', 'A', 'A', 'A', 'A', 'AA', 'A', 'A', 'A', 'A', 'A', 'A', 'A', 'A', 'A', 'A', 'A', 'A', 'A', 'A', 'A', 'A', 'A', 'A', 'A', 'A', 'A', 'A', 'A', 'A', 'A', 'A', 'A', 'A', 'A', 'A', 'A', 'A', 'A', 'A', 'A', 'A', 'A', 'A', 'A', 'A', 'A', 'A', 'A', 'A', 'A', 'A', 'A', 'A', 'A', 'A', 'A', 'A', 'A', 'AA', 'A', 'A', 'A', 'A', 'A', 'A', 'A', 'A', 'A', 'A', 'A', 'A', 'A', 'A', 'A', 'A', 'A', 'A', 'A', 'A', 'A', 'A', 'A', 'A', 'A', 'A', 'A', 'A', 'A', 'A', 'A', 'A', 'A', 'A', 'A', 'A', 'A', 'A', 'A', 'A', 'A', 'A', 'A', 'A', 'A', 'A']	164
ENST00000405201:19	['TGCA', 'TGCA']	2
ENST00000405201:44	['GA']	1
ENST00000405303:4	['AA', 'A', 'A', 'A', 'A', 'A', 'AA', 'AA', 'AA', 'A', 'AA', 'AA', 'A', 'A', 'A', 'AA', 'AA', 'AA', 'A', 'AA', 'AA', 'AA', 'A', 'AA', 'A', 'AA', 'AA', 'AA', 'A', 'AA', 'A', 'AA', 'A', 'A', 'AA', 'AA', 'AA', 'A', 'A', 'A', 'A', 'A', 'A', 'AA', 'AA', 'A', 'AA', 'A', 'A', 'A', 'AA', 'AA', 'A', 'AA', 'A', 'A', 'A', 'AA', 'AA', 'AA', 'A', 'AA', 'A', 'A', 'A', 'A', 'AA', 'AA', 'A', 'AA', 'A', 'A', 'AA', 'A', 'A', 'A', 'AA', 'AA', 'AA', 'A', 'A', 'AA', 'AA', 'A', 'AA', 'A', 'A', 'A', 'A', 'A', 'AA', 'AA', 'AA', 'AA', 'AA', 'AA', 'AA', 'AAA', 'AA', 'AA', 'AA', 'A', 'AA', 'A', 'AA', 'AA', 'A', 'AA', 'A', 'A', 'AA', 'A', 'A', 'A', 'AA', 'AA', 'A', 'AA', 'AA', 'AA', 'AA', 'AA', 'AA', 'AA', 'AA', 'A', 'AAA', 'AA', 'AA', 'A', 'A', 'AA', 'A', 'AA', 'AA', 'AA', 'A', 'A', 'A', 'A', 'AA', 'A', 'A', 'AA', 'A', 'AA', 'A', 'AA', 'A', 'A', 'A', 'A', 'AA', 'A', 'A', 'AA', 'A', 'A', 'AA', 'A', 'AA', 'AA', 'AAA', 'A', 'A', 'AA', 'AA', 'A', 'A', 'AAA', 'A', 'AA', 'A', 'A', 'AA', 'A', 'A', 'AA', 'AA', 'A', 'A', 'A', 'AA', 'AA', 'A', 'A', 'A', 'A', 'A', 'A', 'A', 'AA', 'AA', 'AA', 'AA', 'AA', 'A', 'AA', 'A', 'A', 'AA', 'A']	202
ENST00000405303:7	['A', 'A']	2
ENST00000405460:68	['T', 'T', 'T']	3
ENST00000405633:6	['ACCCCC', 'ACCCCC']	2
ENST00000405807:3	['A', 'A', 'A', 'A', 'A', 'A', 'A', 'A', 'A', 'AA', 'A', 'AA', 'A', 'A', 'A', 'A', 'A', 'A', 'A', 'A', 'AA', 'A', 'A', 'A', 'A', 'A', 'A', 'A', 'AA', 'A', 'A', 'A', 'A', 'A', 'A', 'AA', 'AA', 'A', 'A', 'A', 'A', 'A', 'AA', 'A', 'A', 'A', 'AA', 'A', 'A', 'A', 'A', 'A', 'A', 'A', 'A', 'A', 'A', 'AA', 'A', 'A', 'A', 'A', 'A', 'A', 'A', 'A', 'A', 'AA', 'A', 'A', 'A', 'A', 'A', 'A', 'A', 'A', 'A', 'AA', 'A', 'A', 'A', 'A', 'A', 'AA', 'A', 'A', 'A', 'A', 'A', 'A', 'A', 'A', 'A', 'A', 'A', 'A', 'A', 'A', 'A', 'AA', 'A', 'A', 'A', 'A', 'A', 'A', 'A', 'A', 'A', 'A', 'A', 'A', 'A', 'AA', 'A', 'A', 'AA', 'A', 'A', 'AA', 'A', 'A', 'A', 'A', 'A', 'A', 'A', 'AA', 'A', 'A', 'A', 'A', 'AA', 'A', 'AA', 'A', 'A', 'A', 'A', 'A', 'A', 'A', 'A', 'A', 'A', 'AA', 'A', 'A', 'A', 'AA', 'AA', 'A', 'A', 'A', 'A', 'A', 'A', 'A', 'A', 'A', 'A', 'A', 'A', 'A', 'AA', 'A', 'A', 'AA', 'AA', 'A', 'AA', 'A', 'A', 'A', 'A', 'A', 'AA']	177
ENST00000405938:14	['C']	1
ENST00000406071:13	['A', 'A', 'A', 'A', 'A']	5
ENST00000406071:18	['AAAA', 'AAA', 'AAAA', 'AAAAA', 'AAAAAA', 'AAAA', 'AAAA', 'AAA', 'AAA', 'AAAA', 'AAAAA', 'AAAAA', 'AAAA', 'AAA', 'AAAA', 'AAAA', 'AAAA', 'AAA', 'AAAAA', 'AAAAA', 'AAAA', 'AAAA', 'AAAAAA', 'AAAA', 'AAAAA', 'AAAA', 'AAAA', 'AAAA', 'AAA', 'AAA', 'AAAAA', 'AAAA', 'AAAA', 'AAAAA', 'AAAA', 'AAAA', 'AAA', 'AAAA', 'AAAA', 'AAAAA', 'AAAAA', 'AAAA', 'AAAA', 'AAA', 'AAAAA', 'AAAA', 'AAAA', 'AA', 'AAA', 'AAAAA', 'AAAA', 'AAAA', 'AAAAAA', 'AAA', 'AAAA', 'AAAA', 'AAAA', 'AAAA', 'AAAA', 'AA', 'AAAAAA', 'AAAA', 'AAAAA', 'AAAA', 'AAAA', 'AAAAAAA', 'AA', 'AAA', 'AAAAA', 'AAAA', 'AAA', 'AAAA', 'AAA', 'AA', 'AA', 'AAAA', 'AAA', 'AAAA', 'AAAAA', 'AAAA', 'AAA', 'AAA', 'AA', 'AAAA', 'AAAA', 'AAA', 'AA', 'AAA', 'AAA', 'AA', 'AAAAA', 'AAAA', 'AAA', 'AAAA', 'AAA', 'AAAA', 'AAAA', 'AAA', 'AAA', 'AAA', 'AAAA', 'AAAA', 'AAAA', 'AAAA', 'AAAA', 'AAAA', 'AA', 'AAAAA', 'AAA', 'AA', 'AAAA']	111
ENST00000406256:4	['G']	1
ENST00000406256:8	['G']	1
ENST00000406316:14	['A', 'A', 'A', 'A', 'A', 'A']	6
ENST00000406420:2	['GT']	1
ENST00000406581:2	['AAG']	1
ENST00000406610:7	['T']	1
ENST00000407977:7	['AA', 'AA']	2
ENST00000408888:6	['AAA', 'AA', 'AAA', 'AAA', 'A', 'AAAA', 'AAAA', 'AAA', 'AA', 'AAAA', 'AAA', 'AAA', 'AAA', 'AAA', 'AAA', 'AA', 'AA', 'AAA', 'AAA', 'AAA', 'AA', 'AA', 'AAA', 'AAA', 'AAAA', 'AAA', 'AAAA', 'AAA', 'AAA', 'AAA', 'AAAA', 'AAA', 'AAA', 'AAA', 'AAA', 'AAA', 'AAA', 'AAA', 'AA', 'AAAA', 'AAAA', 'AA', 'AAA', 'AAA', 'AAA', 'AAA', 'AAAA', 'AAA', 'AAA', 'AA', 'AAA', 'AAA', 'AAA', 'AAA', 'AAAA', 'AAA', 'AAA', 'AAA', 'AAA', 'AAAA', 'AA', 'AAA', 'AA', 'AAAA', 'AAA', 'AAA', 'AAAA', 'AAAA', 'AAA', 'AAA', 'AAA', 'AAAA', 'AAA', 'AAA', 'AAA', 'AAAA', 'A', 'AAA', 'AAAA', 'AAA', 'AAA', 'AAAA', 'AAA', 'AAAA', 'AA', 'AAA', 'AA', 'AAA', 'AA', 'AAA', 'AAAA', 'AAAA', 'AAA', 'AAA', 'AAAA', 'AAA', 'AA', 'AAA', 'AAAA', 'AA', 'AAA', 'AAA', 'AAA', 'AAA', 'AA', 'AAA', 'AAA', 'AAAA', 'AAAA', 'AAAA', 'AAA', 'AAA', 'AAA', 'AAAA', 'AAAA', 'AAA', 'AAAA', 'AAA', 'AAA', 'AAA', 'AA', 'AAAA', 'AAA', 'AAA', 'AAA', 'AAAA', 'AA', 'AAA', 'AA', 'AAA', 'AAA', 'AAA', 'AAAA', 'AA', 'AA', 'AAA', 'AA', 'AAA', 'AAA', 'AAA', 'AA', 'AA', 'AAA', 'AA', 'AAA', 'AAA', 'AA', 'A', 'AA', 'AAA', 'AAA', 'AAA', 'AAA', 'AAA', 'AA', 'AAAA', 'A', 'AA', 'AAA', 'AAA', 'AAA', 'AA', 'AA', 'A', 'AAAA', 'AA', 'AAA', 'AA', 'A', 'AA', 'A']	171
ENST00000408888:7	['A', 'A']	2
ENST00000408931:2	['AG', 'AGAG', 'AG', 'AG', 'AG', 'AG', 'AG', 'AGAG', 'AGAG', 'AG', 'AG', 'AG', 'AG', 'AG', 'AG', 'AG', 'AG', 'AG', 'AG', 'AGAG', 'AG', 'AG', 'AG', 'AG', 'AG', 'AG', 'AG', 'AGAG', 'AG', 'AG', 'AG', 'AG', 'AG', 'AG', 'AG', 'AG', 'AG', 'AG', 'AG', 'AG', 'AG', 'AG', 'AG', 'AG', 'AG', 'AG', 'AG', 'AG', 'AG', 'AG', 'AGAG', 'AG', 'AG', 'AGAG', 'AG', 'AG', 'AGAG', 'AG', 'AG', 'AG', 'AG', 'AG', 'AG', 'AG', 'AG', 'AG', 'AG', 'AGAG', 'AG', 'AG', 'AG', 'AG', 'AG', 'AGAG', 'AGAG', 'AG', 'AG', 'AG', 'AG', 'AGAG', 'AG', 'AG', 'AG', 'AGAG', 'AG', 'AG', 'AG', 'AGAG', 'AG', 'AG', 'AG', 'AG', 'AG', 'AGAG', 'AG', 'AG', 'AG', 'AGAG', 'AG', 'AG', 'AG', 'AG', 'AG', 'AG', 'AG', 'AG', 'AG', 'AG', 'AG', 'AG', 'AG', 'AG', 'AG', 'AG', 'AGAG', 'AG', 'AG', 'AG', 'AG', 'AG', 'AGAG', 'AG', 'AG', 'AG', 'AGAG', 'AG', 'AG', 'AG', 'AG', 'AG', 'AG', 'AG', 'AG', 'AG', 'AG', 'AG', 'AG', 'AG', 'AG', 'AG', 'AG', 'AG', 'AG', 'AG', 'AG', 'AG', 'AGAG', 'AG', 'AG', 'AG', 'AG', 'AG', 'AG', 'AG', 'AG', 'AG', 'AG', 'AG', 'AG', 'AG', 'AG', 'AGAG', 'AG', 'AG', 'AG', 'AG', 'AG', 'AG', 'AG', 'AG', 'AG', 'AG', 'AGAG', 'AG', 'AGAG', 'AG', 'AG', 'AG', 'AG', 'AG', 'AG', 'AG', 'AG', 'AG', 'AG', 'AG', 'AG', 'AG', 'AG', 'AG', 'AG', 'AG', 'AGAG', 'AG', 'AGAG', 'AG', 'AG', 'AG', 'AG', 'AGAG', 'AG', 'AG', 'AGAG', 'AG', 'AG', 'AG', 'AG', 'AG', 'AG', 'AG', 'AG', 'AG', 'AG', 'AG', 'AG', 'AG', 'AG', 'AG', 'AG', 'AG', 'AG', 'AG', 'AG', 'AG', 'AG', 'AG', 'AG', 'AG', 'AG', 'AGAG', 'AGAG', 'AG', 'AG', 'AG', 'AGAG', 'AG', 'AG', 'AG', 'AG', 'AG', 'AG', 'AG', 'AG', 'AG', 'AGAG', 'AG', 'AGAG', 'AGAG', 'AG', 'AG', 'AG', 'AG', 'AG', 'AG', 'AG', 'AG', 'AG', 'AG', 'AG', 'AG', 'AG', 'AGAG', 'AG', 'AG', 'AG', 'AG', 'AGAG', 'AG', 'AG', 'AGAG', 'AG', 'AG', 'AG', 'AG', 'AG', 'AG', 'AG', 'AG', 'AG', 'AG', 'AG', 'AG', 'AG', 'AGAG', 'AGAG', 'AG', 'AG', 'AG', 'AG', 'AG', 'AG', 'AGAG', 'AG', 'AG', 'AG', 'AG', 'AG', 'AG', 'AG', 'AG', 'AG', 'AG', 'AG', 'AG', 'AG', 'AG', 'AG', 'AG', 'AG', 'AG', 'AG', 'AG', 'AG', 'AG', 'AG']	315
ENST00000409039:14	['A', 'A', 'A', 'A']	4
ENST00000409039:60	['CC']	1
ENST00000409232:1	['TG', 'T']	2
ENST00000409235:2	['TT', 'TT']	2
ENST00000409235:20	['C', 'C']	2
ENST00000409262:2	['TG']	1
ENST00000409379:16	['GA', 'GA']	2
ENST00000409402:13	['A', 'A', 'A', 'A', 'A', 'A', 'A', 'A', 'A', 'A', 'A', 'A', 'A']	13
ENST00000409402:8	['A', 'A', 'A', 'A', 'A', 'A', 'A', 'A']	8
ENST00000409474:10	['G', 'G']	2
ENST00000409487:6	['C', 'C', 'C']	3
ENST00000409501:11	['A', 'A', 'A', 'A']	4
ENST00000409508:28	['T', 'T', 'T', 'T', 'T', 'T', 'T', 'T', 'T', 'T', 'T', 'T', 'T', 'T', 'T', 'T', 'T', 'T', 'T', 'T', 'T', 'T', 'T', 'T', 'T', 'T', 'T', 'T', 'T', 'T', 'T', 'T', 'T', 'T', 'T', 'T', 'T', 'T', 'T', 'T', 'T', 'T', 'T', 'T', 'T', 'T', 'T', 'T', 'T', 'T', 'T', 'T', 'T', 'T', 'T', 'T', 'T', 'T', 'T', 'T', 'T', 'T', 'T', 'T', 'T', 'T', 'T', 'T', 'T', 'T', 'T', 'T', 'T', 'T', 'T', 'T', 'T', 'T', 'T', 'T', 'T', 'T', 'T', 'T', 'T', 'T', 'T', 'T']	88
ENST00000409508:39	['C', 'C']	2
ENST00000409508:42	['T', 'T']	2
ENST00000409508:57	['GGC']	1
ENST00000409644:8	['G', 'G', 'G', 'G']	4
ENST00000409663:26	['T', 'T', 'T', 'T', 'T', 'T', 'T', 'T', 'T', 'T', 'T']	11
ENST00000409663:31	['A']	1
ENST00000409682:11	['AGGTGTACTGTTAATAAGTTATGCAGTTGCATAATAACATGTTCTTATA']	1
ENST00000409746:10	['A', 'A', 'A', 'A']	4
ENST00000409746:3	['A', 'A', 'A', 'A', 'A', 'A', 'A', 'AA', 'A', 'A', 'A', 'A', 'A', 'A', 'A', 'A', 'A', 'A', 'AA', 'A', 'A', 'A', 'A', 'AA', 'A', 'AA', 'A', 'A', 'A', 'A', 'A', 'A', 'A', 'A', 'A', 'A', 'A', 'A', 'A', 'A', 'A', 'A', 'A', 'AA', 'A', 'A', 'A', 'A', 'AA', 'A', 'A', 'A', 'A', 'AA', 'A', 'A', 'AA', 'A', 'A', 'A', 'A', 'A', 'A', 'AA', 'A', 'A', 'AA', 'A', 'A', 'A', 'A', 'A', 'A', 'A', 'A', 'AA', 'A', 'A', 'A', 'A', 'A', 'A', 'A', 'A', 'A', 'A', 'A', 'A', 'A', 'A', 'A', 'A']	92
ENST00000409746:7	['AAAC', 'AAAC', 'AAAC', 'AAAC', 'AAAC', 'AAAC', 'AAAC', 'AAAC', 'AAAC', 'AAAC', 'AAAC', 'AAAC', 'AAAC', 'AAAC', 'AAAC', 'AAAC', 'AAAC', 'AAAC', 'AAAC', 'AAAC']	20
ENST00000409792:13	['A', 'A']	2
ENST00000409792:18	['A', 'A']	2
ENST00000409816:44	['C']	1
ENST00000409855:18	['T', 'T', 'T', 'T']	4
ENST00000409874:34	['TTAA']	1
ENST00000409886:1	['A', 'A', 'A', 'A', 'A', 'A', 'A', 'A', 'A', 'A', 'A', 'A', 'A', 'A', 'A', 'A', 'A', 'A', 'A', 'A', 'A', 'A', 'A', 'A', 'A', 'A']	26
ENST00000409886:12	['A', 'A', 'A', 'A', 'A', 'A', 'A', 'A']	8
ENST00000409886:16	['A', 'A', 'A', 'A', 'A', 'A', 'A', 'A', 'A', 'A', 'A', 'A', 'A', 'A', 'A', 'A', 'A', 'A', 'A', 'A', 'A', 'A', 'A', 'A', 'A', 'A', 'A', 'A', 'A', 'A', 'A', 'A', 'A', 'A', 'A', 'A', 'A', 'A', 'A', 'A', 'A', 'A', 'A', 'A', 'A', 'A', 'A', 'A', 'A', 'A', 'A', 'A', 'A', 'A', 'A', 'A', 'A', 'A', 'A', 'A', 'A', 'A', 'A', 'A', 'A', 'A', 'A', 'A', 'A', 'A', 'A', 'A', 'A', 'A', 'A', 'A', 'A', 'A', 'A', 'A', 'A', 'A', 'A', 'A', 'A', 'A', 'A', 'A', 'A', 'A', 'A', 'A', 'A', 'A', 'A', 'A', 'A', 'A', 'A', 'A', 'A', 'A', 'A', 'A', 'A', 'A', 'A', 'A', 'A', 'A', 'A', 'A', 'A', 'A', 'A', 'A', 'A', 'A', 'A', 'A', 'A', 'A', 'A', 'A', 'A', 'AA', 'AA', 'A', 'A', 'A', 'A', 'A', 'A', 'A', 'A', 'A', 'A', 'A', 'A', 'A', 'A', 'A', 'A', 'A', 'A', 'A', 'A', 'A', 'A', 'A', 'A', 'A', 'A', 'A', 'A', 'A', 'A', 'A', 'A', 'A', 'A', 'A', 'A', 'A', 'A', 'A', 'A', 'A', 'A', 'A', 'A', 'A', 'A', 'A', 'A', 'A', 'A', 'AA', 'A', 'A', 'A', 'A', 'A', 'A', 'A', 'A', 'A', 'A', 'A', 'A', 'A', 'A', 'A', 'A', 'A', 'A', 'A', 'A', 'A', 'A', 'A', 'A', 'A', 'A', 'A', 'A', 'A', 'A', 'A', 'AA', 'A', 'A', 'A', 'A', 'A', 'A', 'A', 'A', 'A', 'A', 'A', 'A', 'A', 'A', 'A', 'A', 'A', 'A', 'A', 'A', 'A', 'A', 'A', 'A', 'A', 'A', 'A', 'A', 'A', 'A', 'A', 'A', 'A', 'A', 'A', 'A', 'A', 'A', 'A', 'A', 'A', 'A', 'AA', 'A', 'A', 'A', 'A', 'AA', 'A', 'A', 'A', 'A', 'A', 'A', 'A', 'A', 'A', 'A', 'A', 'A', 'A', 'A', 'A', 'A', 'A', 'A', 'A', 'A', 'A', 'A', 'A', 'A', 'A', 'A', 'A', 'A', 'A', 'A', 'A', 'A', 'A', 'A', 'A', 'A', 'A', 'A', 'A', 'A', 'A', 'A', 'A', 'A', 'A', 'A', 'A', 'A', 'A', 'A', 'A', 'A', 'A', 'A', 'AA', 'A', 'A', 'A', 'AA', 'A', 'A', 'A', 'A', 'A', 'A']	323
ENST00000409886:18	['AA', 'AA', 'A', 'A', 'A', 'A', 'A', 'A', 'A', 'AA']	10
ENST00000409900:7	['AA', 'AA', 'AA', 'AA', 'AA', 'AA', 'AA', 'AA', 'AA', 'AA', 'AA', 'AA', 'AA', 'AAA', 'A', 'AA', 'AA', 'AA', 'AAA', 'A', 'A', 'A', 'AA', 'A', 'AAA', 'A', 'AA', 'A', 'AAA', 'AA', 'AA', 'AAA', 'AA', 'A', 'A', 'AA', 'AA', 'AA', 'A', 'A', 'AA']	41
ENST00000409900:8	['T']	1
ENST00000409907:6	['A', 'A', 'A', 'A', 'A', 'A', 'A', 'A', 'A', 'A', 'A', 'A', 'A', 'A', 'A', 'A', 'A', 'A', 'A', 'A', 'A', 'A', 'A', 'A', 'A', 'A', 'A', 'A']	28
ENST00000410046:7	['T', 'T', 'T', 'T', 'T', 'T', 'T', 'T', 'T', 'T', 'T', 'T']	12
ENST00000410053:10	['A', 'A', 'A', 'A', 'A', 'A', 'A', 'A', 'A', 'A', 'A', 'A', 'AA', 'A', 'A', 'A', 'A', 'AA', 'A', 'A', 'A', 'A', 'A', 'A', 'A', 'A', 'A', 'A', 'A', 'A', 'AA', 'A', 'A', 'AA', 'AA', 'AA', 'A', 'AA', 'A', 'A', 'A', 'A', 'AA', 'A', 'A', 'A']	46
ENST00000410066:5	['ACTC', 'ACTC']	2
ENST00000410080:13	['A', 'A', 'A', 'AA', 'A', 'A', 'A', 'A', 'A', 'A', 'A', 'A', 'A', 'A', 'A', 'A', 'A', 'A', 'A', 'A', 'A', 'A', 'A', 'A', 'A', 'A', 'A', 'A', 'A', 'A', 'A', 'A', 'A', 'A', 'A', 'A', 'A', 'A', 'AA', 'A', 'A', 'A', 'A', 'A', 'A', 'A', 'A', 'A', 'A', 'A', 'A', 'A', 'A', 'A', 'A', 'A', 'A', 'A', 'A', 'A', 'A', 'A', 'A', 'A', 'A', 'A', 'A', 'A', 'A', 'A', 'A', 'A', 'A', 'A', 'A', 'A', 'A', 'A', 'A', 'A', 'A', 'A', 'A', 'A', 'A', 'A', 'A', 'A', 'A', 'A', 'A', 'A', 'A', 'A', 'A', 'A', 'A', 'A', 'A', 'A', 'A', 'A', 'A', 'A', 'A']	105
ENST00000410080:18	['A', 'A', 'A', 'A', 'A', 'A', 'A', 'A', 'A', 'A', 'A', 'A', 'A', 'A', 'A', 'A', 'A', 'A', 'AAAAG', 'A', 'A', 'A', 'A', 'A', 'A', 'A', 'A', 'A', 'A', 'A', 'A', 'A', 'AAAAG', 'A', 'A']	35
ENST00000410096:1	['A', 'A', 'A']	3
ENST00000410103:14	['AA', 'A', 'AA', 'AAA', 'AAA', 'AA', 'AA', 'AA', 'AAA', 'AAA', 'AA', 'AAA', 'AA', 'AA', 'AAAA', 'AA', 'AA', 'AAA', 'AA', 'AA', 'AAA', 'AAA', 'AA', 'AA', 'AAA', 'AA', 'AAA', 'AAA', 'A', 'AAA', 'AA', 'AAA', 'AAA', 'AA', 'AAA', 'AAA', 'AAA', 'AAA', 'AAAA', 'AAA', 'AA', 'AAA', 'AAA', 'AAA', 'AAAA', 'AAA', 'AAAA', 'AAA', 'AA', 'AA', 'AA', 'AAA', 'AAA', 'AA', 'AAA', 'AA', 'A', 'AA', 'AA', 'AA', 'AAA', 'AAA', 'A', 'AAA', 'A', 'AAA', 'A', 'AAA', 'AAA', 'AAAA', 'AAA', 'AAA', 'AAA', 'A', 'AAA', 'AAA', 'AA', 'AA', 'AAA', 'AA', 'A', 'AA', 'AA', 'AAAA', 'AAA', 'AA', 'AAA', 'AAA', 'A', 'AAA', 'A', 'AAA', 'AA', 'AAA', 'AAA', 'AAA', 'AA', 'AAA', 'AAA', 'AA', 'AA', 'AAAA', 'AAA', 'A', 'AA', 'A', 'AAA', 'AAA', 'AA', 'AAA', 'AA', 'A', 'AA', 'A', 'A', 'AAA', 'AA', 'A', 'A', 'AAA', 'AAA', 'AAA', 'AA', 'AA', 'AA', 'AA', 'AA', 'AAAA', 'AA', 'A', 'AAA', 'AA', 'AA', 'A', 'AAA', 'A', 'AAA', 'A', 'A', 'A', 'AA', 'AA', 'AA', 'AA', 'AAA', 'AA', 'A', 'AA', 'AA', 'AAA', 'AAA', 'A', 'AA', 'AAAA', 'AA', 'AAA', 'A', 'A', 'AA', 'A', 'AA', 'A', 'A', 'AA', 'AA', 'AA', 'AA', 'A', 'AAA', 'AA', 'AA', 'AA', 'AA', 'AA', 'AA', 'AAA', 'AAA', 'AA', 'A', 'A', 'A']	181
ENST00000410111:6	['AA', 'AA', 'AA', 'AA', 'AA', 'AAA', 'AA', 'AAA', 'AA', 'AAA', 'AA', 'AA', 'AA', 'AA', 'A', 'AAA', 'AA', 'AA', 'AA', 'AA', 'AA', 'AA', 'A', 'AAA', 'AA', 'AA', 'A', 'AA', 'AA', 'AA', 'AAA', 'AAA', 'A', 'AA', 'AA', 'AA', 'A', 'AA', 'AAA', 'AA', 'AAA', 'AA', 'AA', 'AAA', 'AA', 'AA', 'AA', 'AA', 'AA', 'AA', 'A', 'A', 'AA', 'A', 'AA', 'AA', 'AA', 'AA', 'AA', 'A', 'AAA', 'AA', 'A', 'AA', 'A', 'A', 'AA', 'A', 'A', 'A', 'A', 'A', 'A', 'AA', 'A', 'A', 'AA', 'AA', 'A', 'A', 'A', 'A', 'A', 'A', 'AA', 'AA', 'AAA', 'A', 'A', 'AA', 'A', 'AA', 'A', 'A']	94
ENST00000411486:7	['AAAAGATACACAT']	1
ENST00000411486:8	['A', 'A', 'A', 'A', 'A', 'A', 'A', 'A', 'A', 'A', 'A', 'A', 'A', 'A', 'A', 'A', 'AA', 'A', 'A', 'A', 'A', 'A', 'A', 'A', 'A', 'A', 'A', 'A', 'A', 'A', 'A', 'A', 'A', 'A', 'A', 'A', 'A', 'A', 'A', 'A', 'A', 'A', 'A', 'A', 'A', 'A', 'A', 'A', 'A', 'A', 'A', 'A', 'A', 'A', 'A', 'A', 'A', 'A', 'A', 'A', 'A', 'A', 'A', 'A', 'AA', 'A', 'A', 'A', 'A', 'A', 'A', 'A', 'A', 'A', 'A', 'A', 'A', 'A', 'A', 'A', 'A', 'A', 'A', 'A', 'A', 'A', 'A', 'A', 'A', 'A', 'A', 'A', 'A', 'A', 'A', 'A', 'A', 'A', 'A', 'A', 'A', 'A', 'A', 'A', 'A']	105
ENST00000411767:2	['GCT', 'GCT', 'GCT', 'GCT', 'GCT', 'GCT', 'GCT', 'GCT', 'GCT', 'GCT']	10
ENST00000412232:8	['C']	1
ENST00000412585:1	['GG', 'GGT']	2
ENST00000412770:12	['G']	1
ENST00000413034:1	['AAGTG']	1
ENST00000413366:7	['GAAAGGTACAAGTTGCTTAACCAA']	1
ENST00000413817:8	['GAG']	1
ENST00000414202:7	['T', 'T']	2
ENST00000414202:8	['TTTTT', 'TTTTTTT', 'TTTTTTT', 'TT', 'TTTTTT', 'TTTT', 'TTTTTT', 'TTTTT', 'TTTTTT', 'TTTTT', 'TTTTTTTT', 'TTTT', 'TTTTT', 'TTTTTTT', 'TTTTTTTT', 'TTTTTT', 'TTTTTT', 'TTTTTT', 'TTTTTT', 'TTTTTT', 'T', 'TTTTTT', 'TTTTTT', 'TTTTTT', 'TTTTT', 'TTTTTT', 'TTTTT', 'TTTTTT', 'TTTTTTTT', 'TTTTT', 'TTTT', 'TTTTT', 'TTTTTT', 'TTTTTTTT', 'TTTT', 'TTTTT', 'TTTTTTT', 'TTTTTTTT', 'TTTTTTT', 'TTTTT', 'TTTTTT', 'TTT', 'TTTTTTT', 'TTTTTT', 'TTTT', 'TTTTT', 'TTTTTTTTT', 'TTTTTTT', 'TTTTTTT', 'TTTTTT', 'TTTTTT', 'TTTTTT', 'TTTTTT', 'TTTTT', 'TTTTTT', 'TT', 'TTTTTTT', 'TTTT', 'TTT', 'TTTTT', 'TTTTT', 'TTTTTTT', 'TTTTT', 'TTTTTT', 'TTTTT', 'TTT', 'TTTTTTT', 'TTTTTT', 'TTTTTTTTT', 'TTTTTTT', 'TTTTT', 'TTTTTTTT', 'TTTTT', 'TTTTTT', 'TTTTTT', 'TTT', 'TTTTTTTT', 'TTTTTTTT', 'TTTTTTTTT', 'TTTTTTT', 'TTTTTTT', 'TTTTT', 'TTTTTTTT', 'TTTTTTTT', 'TTTTTT', 'TTTTTT', 'TTTTTT', 'TTTTTTTTT', 'TTTTTT', 'TTTTTTT', 'TTTTTTT', 'TTTTTTTT', 'TTTTT', 'TTTTTT', 'TTTTTT', 'TTTTTTTTT', 'TTTTTTTT', 'TTTTT', 'TTTTTT', 'TTTTT', 'TTTTTTTTT', 'TTTTTT', 'TTTTTTT', 'TTTTTT', 'TTTTTTTTTTT', 'TTTTTTTT', 'TTTTTTT', 'TTTTTTT', 'TTTTTT', 'TTTTTT', 'TTTTTTTT', 'TTTTTT', 'TTTTTTTTTT', 'TTTTTTTTT', 'TTTTTT', 'TTTTTT', 'TTTTTT', 'TTTTTT', 'TTTTTTT', 'TTTTTTT', 'TTTTTTT', 'TTTTTTT', 'TTTTTTT', 'TTTTTTTTT', 'TTTTTTTTT', 'TTTTTT', 'TTTTTTTTTT', 'TTTTTTTTT', 'TTTTTTT', 'TTTTTTTTT', 'TTTTTTTTT', 'TTTTTTTTT', 'TTTTTTT', 'TTTTTTT', 'TT', 'TTTT', 'TTTTTTTTT', 'TTTTTTT', 'TTTTTTTTTT', 'TTTTT', 'TTTTTT', 'TTTTTTTT', 'TTTTTTTT']	143
ENST00000414222:15	['A', 'A', 'A', 'A', 'A', 'A', 'A', 'A', 'A', 'A', 'A', 'A']	12
ENST00000414423:11	['G']	1
ENST00000414423:2	['A', 'A']	2
ENST00000414423:4	['A', 'A']	2
ENST00000414645:15	['GCA', 'AG', 'GCA', 'AG', 'A', 'A', 'A', 'A', 'A', 'A']	10
ENST00000414982:33	['AGG']	1
ENST00000414982:8	['C', 'C']	2
ENST00000415380:5	['G', 'G']	2
ENST00000415816:4	['C', 'C', 'C', 'C', 'C', 'C']	6
ENST00000415846:3	['TG']	1
ENST00000416007:7	['A', 'AA', 'A', 'AA', 'AA', 'AA', 'AA', 'AA', 'AA', 'AA', 'AA', 'AA', 'AA', 'AA', 'AA', 'AA', 'AA', 'AA', 'AA', 'AA', 'AA', 'AA', 'AA', 'AA', 'AA', 'AA', 'AAA', 'AA', 'AA', 'AA', 'AA', 'AA', 'AA', 'AA', 'AA', 'AA', 'AA', 'AA', 'AAA', 'AA', 'AA', 'AA', 'AA', 'AA', 'AA', 'AA', 'AA', 'AA', 'AA', 'A', 'AA', 'AA', 'AA', 'AA', 'AA', 'AA', 'AA', 'AA', 'AA', 'AA', 'AA', 'AA', 'AA', 'AA', 'AA', 'AA', 'AA', 'AA', 'AA', 'AA', 'AA', 'AA', 'A', 'AA', 'AA', 'AA', 'AA', 'AA', 'AA', 'AA', 'AA', 'AA', 'AA', 'AA', 'AA', 'AA', 'AA', 'AA', 'A', 'AA', 'AA', 'AA', 'AA', 'AA', 'AA', 'AA', 'AA', 'AA', 'AA', 'A', 'AAA', 'AA', 'AA', 'AA', 'AA', 'AA', 'AA', 'AA', 'A', 'AA', 'AA', 'A', 'A', 'A', 'AA', 'A', 'AA', 'AA', 'A', 'A', 'A', 'AA', 'AA', 'AA', 'AA', 'AA', 'AA', 'AA', 'A', 'A', 'A', 'A', 'A', 'AA', 'A', 'AA', 'AA', 'AA', 'AA', 'AA', 'AA', 'AA', 'AA', 'AA', 'AA', 'A', 'AA', 'A', 'A', 'A', 'AA', 'AA', 'A']	153
ENST00000416379:2	['GA', 'GA', 'GA', 'GA', 'GA', 'GA', 'GA', 'GA', 'GA', 'GA', 'GA', 'GA', 'GA', 'GA', 'GA', 'GA', 'GA', 'GA', 'GA', 'GA', 'GA', 'GA', 'GA', 'GA', 'GA', 'GA', 'GA', 'GA', 'GA', 'GA', 'GA', 'GA', 'GA', 'GA', 'GA', 'GA', 'GA', 'GA', 'GA', 'GA', 'GA', 'GA', 'GA', 'GA', 'GA', 'GA', 'GA', 'GA', 'GA', 'GA', 'GA', 'GA', 'GA', 'GA']	54
ENST00000416382:3	['T', 'T', 'T']	3
ENST00000417362:10	['TT', 'TTT', 'T', 'TTTTT', 'TTT', 'TTT', 'TT', 'TTTTT', 'TTTT', 'TTTT', 'TTT', 'TTTTT', 'TTTT', 'TTT', 'TTT', 'TTTTT', 'TT', 'TTTTT', 'TTTT', 'TTTTT', 'TTTT', 'TTT', 'T', 'TTTT', 'TTTT', 'TTTT', 'TTTTT', 'TTTT', 'TTTT', 'TTT', 'TT', 'TTT', 'TTT', 'TT', 'TTTT', 'TTTT', 'TTTT', 'TTT', 'TTT', 'TTT', 'TTTTT', 'TTTTT', 'TTTT', 'TTTT', 'TTTTT', 'TTTT', 'TTTT', 'TTT', 'TT', 'TTT', 'TTTT', 'TTT', 'TTTTT', 'TTTTT', 'T', 'TTT', 'TT', 'TTTT', 'TT', 'TTTTT', 'TT', 'TT', 'TT', 'TTTT', 'TTTT', 'TTT', 'TTT', 'TTT', 'TT', 'TTT', 'TTT', 'T', 'TT', 'TTT', 'TTT', 'TTT', 'TTTTT', 'TTTT', 'TTTT', 'TTT', 'TTTT', 'TT', 'TTT', 'TTTTT', 'TTT', 'TTTTT', 'TTT', 'T', 'TTTTT', 'TTT', 'TTT', 'TTTT', 'TT', 'TTT', 'TTTT', 'TT', 'TTT', 'T', 'T', 'T', 'T', 'TT', 'TTT', 'TTTTT', 'TT', 'TT', 'T', 'TTT', 'TT', 'TT', 'TTTT', 'TTT', 'TTT', 'TTT', 'TTT', 'TTT', 'TT', 'T', 'TT', 'TT', 'TTT', 'TTT', 'TT', 'TT', 'TT', 'T', 'T', 'TT', 'TT', 'TTT', 'TTT', 'TTT', 'TTT', 'TT', 'TTT', 'TTT', 'TTT', 'TT', 'TT', 'TT', 'TT', 'TT', 'T', 'TTT', 'TT', 'TT', 'TT', 'TT', 'TTT', 'TT', 'TT', 'TTTT', 'TTT', 'TT', 'TT', 'TTT', 'TT', 'TTTTT', 'TT', 'TT', 'T', 'TTTT', 'TT', 'TTT', 'TTT', 'TTT', 'TTTT', 'TTTT', 'TT', 'TTT', 'TTT', 'TTTTT', 'TTT', 'TTTT', 'TTTTT', 'T', 'T', 'TT']	178
ENST00000417454:3	['A', 'A', 'A', 'A']	4
ENST00000417626:5	['CT', 'CT']	2
ENST00000418153:15	['T']	1
ENST00000418153:16	['AAAAAAA', 'AAAAAAA', 'AAAAAA', 'AAAAAAA', 'AAAAAA', 'AAA', 'AA', 'AAAAAAAAAA', 'AAAAA', 'AAAAAAAAA', 'AAAAAAAA', 'AAAAAAAA', 'AAAA', 'AAAA', 'AAAAA', 'AAAAAAAA', 'AAAAAAAAA', 'AAAAAAA', 'AAAAA', 'AAAAAAAA', 'AAAAAAAA', 'AAAAA', 'AAAAAAA', 'AAAAAAA', 'AAAAAAAA', 'AAAAAA', 'AAAAAAA', 'AAAAAAA', 'AAAAAAAAAA', 'AAAAAAAAA', 'AAAAAAA', 'AAAAAA', 'AAAAA', 'AAAAA', 'AAAAAAAA', 'AAAAAAAAAAAA', 'AAAAAAA', 'AAAAAA', 'AAAAAA', 'AAAAAAA', 'AAAAAAAAA', 'AAAAAAAAAA', 'AAAAA', 'AAAAA', 'AAAAAAA', 'AAAAAAAAA', 'AAAAAAAA', 'AAAAA', 'AAAAAA', 'AAAAAAAAA', 'AAAAAAA', 'AAAAAA', 'AAAAAAA', 'AAAAAAAAA', 'AAAAAAAAA', 'AAAAA', 'AAAAAAA', 'AAAAA', 'AAAAAAAAA', 'AAAAAAAAA', 'AAAAAAAA', 'AAAA', 'AAAAA', 'AAAAAA', 'AAAAAAAAAA', 'AAAAAAAAA', 'AAAAAAAAAAA', 'AAAAAAAAA', 'AAAAAAA', 'AAAAAAAAAAA', 'AAAAAAAAAAA', 'AAAAAAAA', 'AAAAAAAA', 'AAAAAAAA', 'AAAAAA', 'AAAAAAA', 'AAAAAAAA', 'AAAAAAAA', 'AAAAAAAAA', 'AAAAAAAAA', 'AAAAAAA', 'AAAAAAA', 'AAAAAAAAAAA', 'AAAAAAAA', 'AAAAAA', 'AAAAAAAAA', 'AAAAAAAAA', 'AAAAAAAA', 'AAAAAAAAA', 'AAAAAAAAA', 'AAAAAAAAA', 'AAAAAAA', 'AAAAAAAAAAA', 'AAAAAAAAA', 'AA', 'AAAAAAAAA', 'AAAA', 'AAAAAAA', 'AAAAAA', 'AAAAAAAAA', 'AAAAAAAAAA', 'AAAAAAAAA', 'AAAAAAAA']	103
ENST00000418153:7	['A', 'A', 'A']	3
ENST00000418265:12	['T']	1
ENST00000418265:4	['A', 'A', 'A', 'A', 'A', 'A', 'A', 'A', 'A', 'A', 'A', 'A', 'A', 'A', 'A', 'A', 'A', 'A', 'A', 'A', 'AA', 'A', 'A', 'A', 'A', 'A', 'A', 'A', 'A', 'A', 'A', 'A', 'A', 'A', 'A', 'A', 'A', 'A', 'A', 'AA']	40
ENST00000419234:3	['A', 'AA', 'A', 'A', 'A', 'A', 'A', 'A', 'A', 'A', 'A', 'A', 'A', 'A', 'A', 'A', 'A', 'A', 'A', 'A', 'A', 'A', 'A', 'A', 'A', 'A', 'A', 'A', 'A', 'A', 'A', 'A', 'A', 'A', 'A', 'A', 'AA', 'AA', 'A', 'A', 'A', 'A', 'A', 'A', 'A', 'A', 'A', 'A', 'A', 'A', 'A', 'A', 'A', 'A', 'A', 'A', 'A', 'A', 'A', 'A', 'A', 'A', 'A', 'A', 'A', 'A']	66
ENST00000419234:4	['TTT', 'TTT']	2
ENST00000419354:11	['A', 'A', 'A', 'A', 'A', 'A', 'A', 'A', 'A', 'A', 'A', 'A', 'A', 'A', 'A', 'A', 'A', 'A', 'A', 'A', 'A', 'A', 'A', 'A', 'A', 'A', 'A', 'A', 'A', 'A', 'A']	31
ENST00000419625:10	['A']	1
ENST00000419869:9	['AC']	1
ENST00000420323:64	['ACTACA']	1
ENST00000420696:7	['AG']	1
ENST00000420743:4	['C', 'C']	2
ENST00000420743:7	['TG', 'TG']	2
ENST00000420843:5	['AAG', 'AAG']	2
ENST00000420843:8	['G', 'G']	2
ENST00000420886:22	['A', 'A', 'A', 'A', 'A', 'AA', 'A', 'AA', 'A', 'A', 'A', 'A', 'A', 'A', 'A', 'A', 'A', 'A', 'A', 'A', 'A', 'A', 'A', 'A', 'A', 'A', 'A', 'A', 'A', 'A', 'A', 'A', 'A', 'A', 'A', 'A', 'A', 'AA', 'A', 'A', 'A', 'A', 'A', 'A', 'A', 'A', 'A', 'AA', 'A', 'A', 'A', 'A', 'A', 'A', 'A', 'A', 'A', 'A', 'A', 'A', 'A', 'A', 'A', 'A', 'A', 'A', 'AA', 'A', 'A', 'A', 'A', 'A']	72
ENST00000420890:11	['A', 'A', 'A']	3
ENST00000420999:14	['A', 'A', 'A', 'A']	4
ENST00000420999:6	['A', 'A']	2
ENST00000421138:15	['AA', 'AAA', 'AAA', 'AAA', 'AA', 'AAA', 'AA', 'AAA', 'AA', 'AA', 'AA', 'AA', 'AAA', 'AAA', 'AA', 'AA', 'AA', 'AAA', 'AA', 'AAAA', 'AA', 'A', 'AAA', 'AA', 'AAAA', 'AA', 'AAA', 'AAA', 'AA', 'AAA', 'AAA', 'A', 'AAA', 'AAAAA', 'AA', 'A', 'AA', 'AAAAA', 'AA', 'AAA', 'AAA', 'AAAA', 'AA', 'AAA', 'AA', 'AA', 'C', 'AAAA', 'AAA', 'AAAAAA', 'AA', 'AAAA', 'AAAAAA', 'AAAAAA', 'AAAAA', 'AAA', 'AA', 'AA']	58
ENST00000421138:8	['A', 'A', 'A', 'A', 'A', 'A', 'A', 'A', 'A', 'A', 'A', 'A', 'A', 'A', 'A', 'A', 'A', 'A', 'A', 'A', 'A', 'A', 'A', 'A', 'A', 'A']	26
ENST00000421577:5	['A', 'A', 'A', 'A']	4
ENST00000421673:17	['AG', 'AG']	2
ENST00000421673:2	['AC', 'AC']	2
ENST00000421699:25	['GA', 'GA', 'GA', 'GA', 'GA', 'GA', 'GA', 'GA', 'GA', 'GA', 'GA', 'GA', 'GA', 'GA', 'GA', 'GA', 'GA', 'GA', 'GA', 'GA', 'GA', 'GA', 'GA', 'GA', 'GA', 'GA', 'GA']	27
ENST00000421745:41	['T', 'T']	2
ENST00000421745:61	['ATGGCCAAGCCAACACTTTTCTTTTTCTTTAGGTGAGTGCTCCAGTTGTAAC']	1
ENST00000421807:5	['A', 'A', 'A', 'A', 'A', 'A', 'A', 'A']	8
ENST00000421865:1	['T', 'T']	2
ENST00000421865:20	['CCATTGCCAGGCTGGGA']	1
ENST00000421865:51	['T']	1
ENST00000422113:1	['G', 'G']	2
ENST00000422113:6	['A', 'A']	2
ENST00000422127:6	['C']	1
ENST00000422127:82	['G']	1
ENST00000422365:13	['T', 'T']	2
ENST00000422365:3	['A', 'A', 'A', 'A', 'A']	5
ENST00000422843:14	['C', 'C']	2
ENST00000423059:1	['C', 'C']	2
ENST00000423059:12	['CTGTGGA']	1
ENST00000423059:17	['A', 'A']	2
ENST00000423059:18	['A', 'A', 'A', 'A', 'A', 'A', 'A', 'A', 'A', 'A', 'A', 'A', 'A', 'A', 'A', 'A', 'A', 'A']	18
ENST00000423059:27	['A', 'A']	2
ENST00000423123:2	['AA', 'A', 'AA', 'A', 'A', 'AA']	6
ENST00000423302:10	['A', 'A', 'A', 'A', 'A', 'A', 'A', 'A', 'AA', 'A', 'A', 'A', 'A', 'A', 'A', 'A', 'A', 'A', 'A', 'A', 'A', 'AA', 'A', 'A', 'A', 'A', 'A', 'A']	28
ENST00000423485:30	['A', 'A', 'A', 'A', 'A', 'A', 'A', 'A', 'A', 'A', 'A', 'A']	12
ENST00000423485:4	['A']	1
ENST00000423656:14	['A', 'A', 'A', 'A', 'A', 'A', 'A', 'A', 'A', 'A', 'A', 'A', 'A', 'A', 'A', 'A', 'A', 'A', 'A', 'A', 'A', 'A', 'A', 'A', 'A', 'A', 'A', 'A', 'A', 'A', 'A', 'A', 'A', 'A', 'A', 'A', 'A', 'A', 'A']	39
ENST00000423656:4	['AG', 'AG']	2
ENST00000423696:13	['AGGAGGAAAT']	1
ENST00000423902:14	['T', 'T']	2
ENST00000424120:33	['AAGTATTAA']	1
ENST00000424120:4	['T', 'T', 'T', 'T']	4
ENST00000424266:2	['A', 'A', 'A', 'A', 'A', 'A', 'A', 'A', 'A', 'A']	10
ENST00000424266:5	['A', 'A']	2
ENST00000424269:2	['A', 'A', 'A', 'A', 'A', 'A', 'A', 'AA', 'AA', 'AA', 'AA', 'AA', 'AA', 'A', 'A', 'AA', 'AA', 'AA', 'A', 'A', 'A', 'AAA', 'AA', 'A', 'AA', 'AA', 'A', 'A', 'A', 'AA', 'AA', 'AAA', 'A', 'AA', 'AA', 'AA', 'A', 'A', 'A', 'AA', 'AA', 'A', 'A', 'AA', 'AA', 'A', 'AA', 'AA', 'A', 'A', 'A', 'A', 'A', 'A', 'AA', 'A', 'A', 'A', 'A', 'A', 'A', 'A', 'A', 'A', 'AA', 'AA', 'AA', 'AA', 'AA', 'A', 'A', 'A', 'A', 'A', 'A']	75
ENST00000424310:6	['A', 'A', 'A', 'A']	4
ENST00000424310:7	['A', 'A', 'A', 'A', 'A', 'A', 'A', 'A', 'A', 'A', 'A', 'A', 'A', 'A', 'A', 'A', 'A', 'A', 'A', 'A', 'A', 'A', 'A', 'A', 'A', 'A', 'A', 'A', 'A', 'A', 'A', 'A', 'A', 'A', 'A', 'A', 'A', 'A', 'A', 'A', 'A', 'A', 'A', 'A', 'A', 'A', 'A', 'A', 'A', 'A', 'A', 'A', 'A', 'A']	54
ENST00000424310:9	['AAAA', 'AAA', 'AAA', 'AAA', 'AA', 'AAA', 'AAA', 'GAAAAA', 'AAAAA', 'GAAAAA']	10
ENST00000424728:18	['TGTAATAGCTGATTTGTCCTTTTCCAGAAAGAAGAAAAGAATCTTGTTAC']	1
ENST00000425013:7	['A', 'A']	2
ENST00000425042:6	['T', 'T', 'T', 'T', 'T', 'T']	6
ENST00000425232:23	['A', 'A', 'A', 'A', 'A', 'A', 'A', 'A', 'A', 'A', 'A']	11
ENST00000425232:27	['A']	1
ENST00000425232:43	['A', 'A', 'A', 'A', 'A', 'A', 'AA', 'A', 'A', 'AA', 'A', 'AA', 'AA', 'A', 'A', 'A', 'A', 'AA', 'A', 'A', 'A', 'A', 'AA', 'A', 'A', 'AA', 'A', 'AAA', 'A', 'A', 'A', 'AA', 'A', 'A', 'A', 'AA', 'A', 'A', 'AA', 'AA', 'AA', 'A', 'A', 'AA', 'A', 'A', 'AA', 'A', 'AA', 'A', 'A', 'A', 'A', 'A', 'A', 'A', 'AA', 'A', 'A', 'A', 'AA', 'A', 'A', 'A', 'AA', 'AA', 'A', 'AA', 'AA', 'A', 'A', 'A', 'A', 'A', 'A', 'A', 'A', 'A', 'A', 'A', 'A', 'A', 'AA', 'A', 'A', 'A', 'A', 'A', 'A', 'AA', 'AA', 'A', 'AA', 'A', 'A', 'A', 'A', 'A', 'AA', 'A', 'AA', 'A', 'A', 'A', 'A', 'AA', 'AA', 'A', 'AA', 'A', 'AA', 'AA', 'AA', 'AAA', 'AA', 'AA', 'AA', 'A', 'A', 'A', 'A', 'AA', 'AA', 'AA', 'A', 'A', 'A', 'A', 'A', 'AA', 'AA', 'A', 'A', 'A', 'A', 'A', 'A', 'A', 'A', 'AA', 'A', 'AA', 'A', 'A', 'A', 'A', 'A', 'A', 'A', 'A', 'A', 'AA', 'AA', 'A', 'A']	155
ENST00000425248:7	['ACAGA']	1
ENST00000425394:17	['CAACA']	1
ENST00000425394:5	['A', 'A', 'A', 'A', 'A', 'A', 'A', 'A', 'A', 'A', 'A', 'A', 'A', 'A', 'A', 'A', 'A', 'A', 'A', 'A', 'A', 'A', 'A', 'A', 'A', 'A', 'A', 'A', 'A', 'A', 'A', 'A', 'A', 'A', 'A', 'A', 'A', 'A', 'A', 'A', 'A', 'A', 'A', 'A', 'A', 'A', 'A', 'A', 'A', 'A', 'A', 'A', 'A', 'A', 'A', 'A', 'A', 'A', 'A', 'A', 'A', 'A', 'A', 'A', 'A', 'A', 'A', 'A', 'A', 'A', 'A', 'A', 'A', 'A', 'A', 'A', 'A', 'A', 'A', 'A', 'A', 'A']	82
ENST00000425528:10	['AG', 'AG']	2
ENST00000425562:7	['T', 'T']	2
ENST00000425639:4	['A']	1
ENST00000425876:5	['AG', 'AG']	2
ENST00000426126:16	['T', 'T']	2
ENST00000426126:5	['A', 'A', 'A', 'A', 'A', 'A', 'A', 'A', 'A', 'A', 'A', 'A', 'A', 'A', 'A', 'A', 'A', 'A', 'A', 'A']	20
ENST00000426263:2	['G', 'G']	2
ENST00000426333:3	['A', 'A', 'A', 'A', 'A', 'A', 'A', 'AA', 'AA', 'A', 'AA', 'A', 'A', 'AA', 'AA', 'A', 'A', 'A', 'A', 'A', 'AA', 'A', 'A', 'A', 'A', 'A', 'A', 'A', 'A', 'A', 'A', 'A', 'A', 'A', 'A', 'A', 'A', 'A', 'A', 'A', 'A', 'A', 'A', 'A', 'A', 'AA', 'A', 'AA', 'A', 'A', 'A', 'A', 'AA', 'A', 'A', 'A', 'A', 'A', 'A', 'A', 'A', 'A', 'A', 'A', 'A', 'A', 'A', 'A', 'A', 'A', 'A', 'A', 'A', 'A', 'A', 'A', 'A', 'A', 'A', 'A', 'A', 'A', 'A', 'A', 'A', 'A', 'A', 'A', 'A', 'A', 'A', 'A', 'A', 'A', 'A', 'A', 'A', 'A', 'A', 'A', 'A', 'A', 'A', 'A', 'A', 'A', 'A', 'A', 'A', 'A', 'A', 'A', 'A', 'A', 'A', 'A', 'A', 'A', 'A', 'A', 'A', 'A', 'A', 'A', 'A', 'A', 'A', 'A', 'A', 'A', 'A', 'A', 'A', 'A', 'A', 'A', 'A', 'AA', 'A', 'A', 'A', 'A', 'A', 'A', 'A', 'A', 'AA', 'A', 'A', 'A', 'A', 'A', 'A', 'A']	154
ENST00000426333:6	['A', 'A']	2
ENST00000426542:1	['T']	1
ENST00000426726:2	['CCCAGCGCCCCTCCCCCAGCGGTCCCTCCCCCAGCGCCCCTCCCCCAGTGGTCCCTCC']	1
ENST00000427159:20	['G', 'G', 'G', 'G', 'G', 'G']	6
ENST00000427190:1	['T', 'T']	2
ENST00000427190:8	['AAAC', 'AAAC', 'AAAC', 'AAAC', 'AAAC', 'AAAC', 'AAAC', 'AAAC']	8
ENST00000427332:1	['AG', 'AG', 'AG', 'AG', 'AG', 'AG', 'AG']	7
ENST00000427704:2	['AA']	1
ENST00000428135:15	['G', 'G']	2
ENST00000428135:16	['A', 'A', 'A', 'A', 'A', 'A', 'A', 'A', 'A', 'A', 'A', 'A', 'A', 'A', 'A', 'A', 'A', 'A', 'A', 'A', 'A', 'A', 'A', 'A', 'A', 'A', 'A', 'A', 'A', 'A', 'A', 'A', 'A', 'A', 'A', 'A', 'A', 'A', 'A', 'A', 'A', 'A', 'A', 'A', 'A', 'A', 'A', 'A', 'A', 'A', 'A', 'A', 'A', 'A', 'A', 'A', 'A', 'A', 'A', 'A', 'A']	61
ENST00000428135:8	['A', 'A', 'A', 'A', 'A', 'A', 'A', 'A', 'A', 'A']	10
ENST00000428331:14	['T', 'T', 'T', 'T', 'T', 'T', 'T', 'T', 'T', 'T', 'T', 'T', 'T', 'T', 'T', 'T', 'T', 'T', 'T', 'T', 'T', 'T', 'T', 'T', 'T', 'T', 'T', 'T', 'T', 'T', 'T', 'T', 'T', 'T', 'T', 'T', 'T', 'T', 'T', 'T', 'T', 'T', 'T', 'T', 'T', 'T', 'T', 'T', 'T', 'T', 'T', 'T', 'T', 'T', 'T', 'T', 'T', 'T', 'T', 'T', 'T', 'T', 'T', 'T', 'T', 'T', 'T', 'T', 'T', 'T', 'T', 'T', 'T', 'T', 'T', 'T', 'T', 'T', 'T', 'T', 'T', 'T', 'T', 'T', 'T', 'T', 'T', 'T', 'T', 'T', 'T', 'T', 'T', 'T', 'T', 'T', 'T', 'T', 'T', 'T', 'T', 'T', 'T', 'T', 'T', 'T', 'T', 'T', 'T', 'T', 'T', 'T', 'T', 'T', 'T', 'T', 'T', 'T', 'T', 'T', 'T', 'T', 'T', 'T', 'T', 'T', 'T', 'T', 'T', 'T', 'T', 'T', 'T', 'T', 'T', 'T', 'T', 'T', 'T', 'T', 'T', 'T', 'T', 'T', 'T', 'T', 'T', 'T', 'T', 'T', 'T', 'T', 'T', 'T', 'T', 'T', 'T', 'T', 'T', 'T', 'T']	161
ENST00000428443:15	['T']	1
ENST00000428670:15	['A', 'A', 'A', 'A', 'A', 'A', 'A', 'A', 'A', 'A', 'A', 'A', 'A', 'A', 'A', 'A', 'AAAAAATTT', 'A', 'A', 'A', 'A', 'A', 'AA', 'A', 'A', 'A', 'A', 'A', 'A', 'A', 'A', 'A', 'A', 'A', 'A', 'A', 'A', 'A', 'A', 'A']	40
ENST00000428675:1	['C']	1
ENST00000428762:11	['A', 'A', 'A', 'A', 'A', 'A', 'A', 'A', 'A', 'A', 'A', 'A', 'A', 'A', 'A', 'A', 'A', 'A', 'A', 'A', 'A', 'A', 'AA', 'A', 'A', 'A', 'A', 'A', 'AA', 'A', 'A', 'A', 'A', 'A', 'A', 'A', 'A', 'A', 'A', 'A', 'A', 'A', 'A', 'A', 'A', 'A', 'A', 'A', 'A', 'A', 'A', 'A', 'A', 'A', 'A', 'A', 'A', 'A', 'A', 'A', 'A', 'A', 'A', 'A', 'A', 'A', 'A', 'A', 'A', 'A', 'A', 'A', 'A', 'A', 'A', 'A', 'A', 'A', 'A', 'A', 'A', 'A', 'A', 'A', 'A', 'A', 'A', 'A', 'A', 'A', 'A', 'A', 'A', 'A', 'A', 'A', 'A', 'A', 'A', 'A', 'A', 'A', 'A', 'A', 'A', 'A', 'A', 'A', 'A', 'A', 'A', 'A', 'A', 'A', 'A', 'A', 'A', 'A', 'A', 'A', 'A', 'A', 'A', 'A', 'A', 'A', 'A', 'A', 'A', 'A', 'A', 'A', 'A', 'A', 'A', 'A', 'A', 'A', 'A', 'A', 'A', 'A']	142
ENST00000428762:19	['AA', 'A', 'A', 'AA', 'AA', 'AA', 'AA', 'AA', 'AA', 'AAA', 'AA', 'AA', 'AA', 'AA', 'AA', 'AA', 'AAA', 'AA', 'AA', 'AAA', 'AA', 'A', 'A', 'A', 'AA', 'AA', 'A', 'A', 'AA', 'AA', 'A', 'AA', 'AA', 'AA', 'AA', 'AA', 'AA', 'AA', 'AA', 'A', 'AA', 'A', 'A', 'AA', 'AA', 'AA', 'AA', 'AA', 'AA', 'AA', 'A', 'AA', 'AA', 'AAA', 'AA', 'AA', 'AA', 'AA', 'A', 'A', 'A', 'A', 'A', 'AA', 'AA', 'A', 'AA', 'A', 'A', 'AA', 'AA', 'A', 'A', 'A', 'A', 'A', 'AA', 'A', 'A', 'A', 'A', 'A', 'A', 'AA', 'A', 'A', 'AA', 'A', 'A', 'A', 'A', 'A', 'A', 'AA', 'A', 'A', 'A', 'AA', 'A', 'AA', 'A', 'A', 'A', 'A', 'A', 'A', 'A', 'AA', 'A', 'A', 'A', 'AA', 'A', 'A', 'A', 'AA', 'AA', 'AA', 'AA', 'A', 'AA', 'A', 'A', 'A', 'A', 'A', 'A', 'A', 'AA', 'A', 'A', 'A', 'A', 'A', 'AA', 'A', 'A', 'A', 'AA', 'AA', 'A', 'AA', 'A', 'A', 'A', 'AA', 'A', 'AA', 'A', 'A', 'AA', 'A', 'A']	153
ENST00000428762:33	['AA', 'A', 'AA', 'AA', 'AA', 'AA', 'AA', 'AA', 'AA', 'AA', 'AA', 'A', 'AA', 'AA', 'A', 'A', 'AA', 'A', 'AA', 'AA', 'AA', 'AA', 'AA', 'A', 'AA', 'AA', 'A', 'AA', 'A', 'A', 'AA', 'AA', 'A', 'AA', 'AA', 'AA', 'AA', 'A', 'AA', 'AA', 'AA', 'AA', 'AA', 'A', 'AA', 'A', 'A', 'A', 'AA', 'AA', 'AA', 'AA', 'A', 'A', 'A', 'A', 'A', 'A', 'A', 'A', 'AA', 'A', 'A', 'A', 'A', 'A', 'A', 'A', 'A', 'AA']	70
ENST00000428762:34	['AAAAAAAAA', 'AAAAAA', 'AAAAAAAA', 'AAAAAAA', 'AAAAAAA', 'AAAAAAA', 'AAAAA', 'AAAAAAAA', 'AAAAAA', 'AAAAAA', 'AAAAAAAAA', 'AAAAAAAA', 'AAAAAA', 'AAAAAAAA', 'AAAAAAA', 'AAAAAAAA', 'AA', 'AAAAA', 'AAAAAAAA', 'AAAAAAA', 'AAAAAAA', 'AAAAA', 'AAAAAA', 'AAAAAA', 'AAAAAAAA', 'AAAAAAA', 'AAAAAAAA', 'AAAAA', 'AAAAAAAA', 'AAAAAA', 'AAAAAAA', 'AAAAAA', 'AAAAAA', 'AAAAAAAA', 'AAAAAAAA', 'AAAAAAA', 'AAAAAAAA', 'AAAAAAA', 'AAAAAAAA', 'AAAAAAAA', 'AAAAAAAA', 'AAAAAAA', 'AAAAAAA', 'AAAAAAA', 'AAAAAAA', 'AAAAAA', 'AAAAAAA', 'AAAAAAAA', 'AAAAAA', 'AAA', 'AAAAAA', 'AAAAAAA', 'AAAAAAA', 'AAAAAAA', 'AAAAAAA', 'AAAAAAAA', 'AAAAAAA', 'AAAAA', 'AAAAAAAA', 'AAAAAAAAA', 'AAAAAAAA', 'AAAAA', 'AAAAA', 'AAAAAAA', 'AAAAAAAA', 'AAAAAAA', 'AAAA', 'AAAAA', 'AAAAA', 'AAAAAAA', 'AAAAAAAA', 'AAAAAAAAA', 'AAAA', 'AAAAAAAA', 'AAAA', 'AAAAAA', 'AAAAAAA', 'AAAAAAAA', 'AAAAAAAA', 'AAAAAA', 'AAAAAAA', 'AAAAA', 'AAAAAAAA', 'AAAAAAA', 'AAAAAAA', 'AAAAA', 'AAAAAAAA', 'AAAA', 'AAAAAAA', 'AAAAA', 'AAAAAAAA', 'AAAAA', 'AAAAAAAA', 'AAAAA', 'AAAAAAAAAA', 'AA', 'AAAAAAA', 'AAAAAA', 'AAAA', 'AAAAAA', 'AAAAA', 'AAAAAA', 'AAAAAAA', 'AAAAAAAAA', 'AAAAAAA', 'AAAAAAAA', 'AAAAA', 'AAAAAA', 'AAAAAAAA', 'AAAAAA', 'AAAAA', 'AAAAAAAAA', 'AAAAAA', 'AAAAAAA', 'AAAAAA', 'AAAAAAA', 'AAAAA', 'AAAAA', 'AAAAAAAA', 'A', 'AAAAAAA']	121
ENST00000428762:41	['AA']	1
ENST00000428762:48	['A', 'A']	2
ENST00000428830:8	['T', 'T']	2
ENST00000428926:13	['CCA']	1
ENST00000429094:11	['A', 'A', 'A', 'A', 'A', 'A', 'A', 'A', 'A', 'A', 'A', 'A', 'A', 'A', 'A', 'A', 'A', 'A', 'A', 'A', 'AA', 'A', 'A', 'A', 'A', 'A', 'A', 'A', 'A', 'A', 'A', 'A', 'A', 'A', 'A', 'A', 'AA', 'A', 'A', 'A', 'A', 'A', 'A']	43
ENST00000429094:15	['A', 'A', 'A', 'A', 'A', 'A', 'A', 'A', 'A', 'A', 'A', 'A', 'A', 'A', 'A', 'A', 'A', 'A', 'A', 'A', 'A']	21
ENST00000429238:3	['A', 'A', 'A', 'A', 'A', 'A', 'A', 'A', 'A', 'A', 'A', 'A', 'A', 'A', 'A', 'A', 'A', 'A', 'A', 'A', 'A', 'A', 'A', 'A', 'A', 'A', 'A', 'A', 'A']	29
ENST00000429436:9	['T', 'T']	2
ENST00000429644:2	['A', 'A', 'A', 'A', 'A', 'A', 'A']	7
ENST00000429644:3	['A', 'A']	2
ENST00000429747:3	['A', 'A', 'A', 'A']	4
ENST00000429845:36	['A', 'A', 'A', 'A', 'A', 'A', 'A', 'A', 'A']	9
ENST00000429976:5	['A', 'A', 'A', 'A', 'A', 'A', 'A']	7
ENST00000430046:17	['AT', 'AT', 'AT']	3
ENST00000430157:4	['TG', 'GTATGTGTGCTCCGATGCTTGGGGGGCTGTGGGGGCTGCCGGAGTCGGGGTATGCCCTCACCCACCCCTCCTGTCTCTGTGCAG', 'TG']	3
ENST00000431350:19	['A', 'A', 'A', 'A', 'A', 'A', 'AA', 'A', 'A', 'A', 'A', 'A', 'A', 'A', 'A', 'A', 'A', 'A', 'A', 'A', 'A', 'A', 'A', 'A', 'A', 'A', 'AA', 'A', 'A', 'A', 'A', 'A', 'A', 'A', 'A', 'A', 'A', 'A', 'A', 'A', 'A', 'AA', 'A', 'A', 'A', 'A', 'A', 'A', 'A', 'A', 'A', 'AA', 'A', 'A', 'A', 'A', 'A', 'A', 'A', 'A', 'A', 'A', 'A', 'A', 'A', 'A', 'A', 'A', 'A', 'A', 'A', 'A', 'A', 'A', 'A', 'A', 'A', 'A', 'A', 'AA', 'A', 'A', 'A', 'A', 'A', 'A', 'A', 'A', 'A', 'A', 'A', 'A', 'A', 'A', 'A', 'A', 'A', 'A', 'A', 'A', 'A', 'A', 'A', 'A', 'A', 'A', 'A']	107
ENST00000431350:7	['A', 'A', 'A', 'A']	4
ENST00000431932:24	['AAG']	1
ENST00000432329:8	['GAAAAAAAAAAGGTAATCCAAAATAAATATGTGGAAATCATTTGCATAATTTTTCCCGTCCTCTTTTGCTTGTAGGGAAGCAGCTCGAGAGTGTCGTAGAAAGAAGAAAGAATATGT']	1
ENST00000432561:16	['A']	1
ENST00000432763:29	['C', 'C']	2
ENST00000432829:45	['TTTTTTTTTC']	1
ENST00000433154:15	['A', 'A']	2
ENST00000433197:4	['AA', 'AAA', 'AAA', 'AA', 'TAAA', 'AAA', 'AA', 'AA', 'AA', 'TAAA', 'C']	11
ENST00000433211:15	['A', 'A', 'A', 'A']	4
ENST00000433342:12	['T', 'T']	2
ENST00000433351:3	['T', 'T', 'T', 'T', 'T', 'T', 'T', 'T', 'T']	9
ENST00000433473:5	['A', 'A', 'A', 'A', 'A', 'A', 'A', 'A', 'A', 'A', 'A', 'A', 'A', 'A', 'A', 'A', 'A', 'A', 'A', 'A', 'A', 'A', 'A', 'A', 'A', 'A', 'A', 'A', 'A', 'A', 'A']	31
ENST00000433477:7	['A', 'A', 'A', 'A', 'A', 'A', 'A', 'A', 'A', 'A', 'A', 'A']	12
ENST00000433529:3	['AA', 'A', 'AA', 'AA', 'AA', 'A', 'AA', 'A', 'AA', 'AA', 'A', 'AA', 'A', 'A', 'AA', 'A', 'A', 'A', 'AA', 'A', 'AA', 'A', 'A', 'AA', 'AAA', 'AA', 'A', 'A', 'AA', 'A', 'AAA', 'AA', 'AA', 'A', 'AA', 'AA', 'A', 'AAA', 'AAA', 'A', 'A', 'AA', 'AA', 'A', 'A', 'A', 'A', 'A', 'AAA', 'AA', 'A', 'AA', 'A', 'AA', 'AA', 'A', 'AA', 'AA', 'A', 'A', 'A', 'A', 'AA', 'A', 'A', 'AA', 'A', 'A', 'AA', 'A', 'AA', 'A', 'A', 'A', 'A', 'A', 'AA', 'A', 'A', 'AA', 'AA', 'A', 'A', 'A', 'A', 'A', 'A', 'AA', 'A', 'A', 'A', 'AA', 'A', 'A', 'AA', 'A', 'A', 'A', 'AA', 'AA', 'A', 'A', 'A', 'A', 'A', 'A', 'A', 'AA', 'A', 'AA', 'A', 'A', 'A', 'A', 'A', 'A', 'AA', 'A', 'A', 'A', 'A', 'A', 'AAA', 'A', 'A', 'A', 'A', 'AA', 'AA', 'A', 'A', 'A', 'A', 'AA', 'AA', 'A', 'AA', 'AA', 'A', 'A', 'AA', 'A', 'AA', 'A', 'AAA', 'A', 'A', 'A', 'AA', 'A', 'A', 'AA', 'A', 'A', 'A', 'AA', 'A', 'A', 'AA', 'A', 'AA', 'A', 'A', 'A', 'AA', 'AA', 'AA', 'AA', 'A', 'A', 'AA', 'A', 'AA']	173
ENST00000433627:10	['A', 'A', 'A', 'A', 'A', 'A', 'A', 'A', 'A', 'A', 'A', 'A', 'A', 'A', 'A', 'A', 'A', 'A', 'A', 'A', 'A', 'A', 'A']	23
ENST00000433931:2	['A', 'A', 'A', 'A', 'A', 'A', 'A', 'A', 'A', 'A', 'A', 'A', 'A', 'A', 'A', 'A', 'A', 'A', 'A', 'A', 'A', 'A', 'A', 'A', 'A', 'A', 'A', 'A', 'A', 'A', 'A', 'A', 'A', 'A', 'A', 'A', 'A', 'A', 'A', 'A', 'A', 'A', 'A', 'A', 'A', 'A', 'A', 'A', 'A', 'A', 'A', 'A', 'A', 'A', 'A', 'A', 'A', 'A', 'A', 'A', 'A', 'A', 'A', 'A', 'A', 'A', 'A', 'A', 'A', 'A', 'A']	71
ENST00000433931:5	['A', 'A', 'A', 'A', 'A', 'A', 'A', 'A', 'A', 'A', 'A', 'A', 'A', 'A', 'A', 'A', 'A', 'A', 'A', 'A', 'A', 'A', 'A', 'A', 'A', 'A', 'A', 'A', 'A', 'A', 'A', 'A', 'A', 'A', 'A', 'A', 'A', 'A', 'A', 'A', 'A', 'A', 'A', 'A', 'A', 'A', 'A', 'A', 'A', 'A']	50
ENST00000434106:20	['CCTCGTTAGGCGGACCGCCGCTA']	1
ENST00000434130:4	['A']	1
ENST00000434758:6	['T', 'T']	2
ENST00000435030:1	['AGCA', 'T']	2
ENST00000435064:7	['G']	1
ENST00000435070:3	['T', 'T', 'T', 'TT', 'T', 'T', 'T', 'T', 'T', 'T', 'T', 'T', 'T', 'T', 'T', 'T', 'T', 'T', 'T', 'T', 'T', 'T', 'T', 'T', 'T', 'T', 'T', 'T', 'T', 'T', 'T', 'T', 'T', 'T', 'T', 'T', 'T', 'T', 'T', 'T', 'T', 'T', 'T', 'T', 'T', 'T', 'T', 'T', 'T', 'T', 'T', 'T', 'T', 'T', 'T', 'TT', 'T', 'T', 'T', 'T', 'T', 'T', 'TT', 'T', 'T', 'T', 'T', 'T', 'T', 'T', 'T', 'T', 'T', 'T', 'T', 'T', 'T', 'T', 'T', 'T', 'T', 'T', 'T', 'T', 'T', 'T', 'TT', 'T', 'T', 'T', 'T', 'T', 'T', 'TT', 'T', 'T', 'T', 'T', 'T', 'T', 'T', 'T', 'T', 'T', 'T', 'T', 'T', 'T', 'T', 'T', 'T', 'T', 'T', 'T', 'T', 'T', 'T', 'T', 'T', 'T', 'T', 'T', 'T', 'T', 'T', 'T', 'T', 'T', 'T', 'T', 'T', 'T', 'T', 'T', 'T', 'T', 'T', 'T', 'T', 'T', 'T', 'T', 'T', 'T', 'T', 'T', 'T', 'T', 'T', 'T', 'T', 'T', 'T', 'T', 'T', 'T', 'T', 'T', 'T', 'T', 'T', 'T', 'T', 'T', 'T', 'T', 'T', 'T', 'T', 'T', 'T', 'T', 'T', 'T', 'T', 'T', 'T', 'T', 'T', 'T', 'T', 'T', 'T', 'T', 'T', 'T', 'T', 'T', 'T', 'T', 'T', 'T', 'T', 'T', 'T', 'T', 'T', 'T', 'T', 'T', 'T', 'T', 'T', 'T', 'T', 'T', 'T', 'TT', 'T', 'TT', 'T', 'T', 'T', 'TTTT', 'T', 'T', 'T', 'T', 'T', 'T', 'T', 'T', 'T', 'T', 'T', 'T', 'T', 'T', 'T', 'T', 'T', 'T', 'T', 'T', 'T', 'T', 'T', 'T', 'T', 'T', 'T', 'T', 'T', 'T', 'T', 'T', 'T', 'T', 'T', 'T', 'T', 'T', 'T', 'T', 'T', 'T', 'T', 'T', 'T', 'T', 'T', 'T', 'T', 'T', 'T', 'T', 'T', 'T', 'T', 'T', 'T', 'T', 'T', 'T', 'T', 'T', 'T', 'T', 'T', 'T', 'TT', 'T', 'T', 'T', 'TTTT']	285
ENST00000435359:16	['GAG', 'GAG']	2
ENST00000435359:9	['G']	1
ENST00000435504:11	['CT']	1
ENST00000435504:5	['A', 'A', 'A', 'A', 'A', 'A', 'A', 'A', 'A', 'A', 'A', 'A', 'A', 'A', 'A', 'A', 'A', 'A', 'A', 'A', 'A', 'A', 'A', 'A', 'A', 'A', 'A', 'A', 'A', 'A', 'A', 'A', 'A', 'A', 'A', 'A', 'A', 'A', 'A', 'A', 'A']	41
ENST00000435504:7	['A', 'A']	2
ENST00000435504:8	['A', 'A']	2
ENST00000435532:2	['AAA', 'AAA', 'AAAAA', 'AAA', 'AAAAA', 'AAAA', 'AAA', 'AAAAA', 'AAA', 'AAAA', 'AAAAAA', 'AAAAA', 'AAA', 'AAAAAA', 'AAAA', 'AAAA', 'AAAA', 'AAAAA', 'AAAAA', 'AAAA', 'AAAA', 'AAA', 'AAAAA', 'AAAAA', 'AAAA', 'AAAA', 'AAAA', 'AAAA', 'AAAAA', 'AAA', 'AAAA', 'AAAA', 'AAAAAA', 'AAA', 'AAAAA', 'AAAAA', 'AAAAAAA', 'AAAAA', 'AAA', 'AAAAAA', 'AAAAA', 'AAAA', 'AAAAA', 'AAAAA', 'AAA', 'AAAA', 'AAAAAA', 'AAAAA', 'AAAA', 'AAAA', 'AAA', 'AAAAA', 'AAAA', 'AAA', 'AAA', 'AAAA', 'AAAA', 'AAAA', 'AAAA', 'AAA', 'AAAAA', 'AAA', 'AAA', 'AAA', 'AA', 'AAAAA', 'AAAA', 'AAAA', 'AAAA', 'AAAAAA', 'AAAAAA', 'AAA', 'AAAA', 'AAA', 'AAAA', 'AAAAA', 'AAAAAA', 'AAAAA', 'AAAAAA', 'AAAA', 'AAAAA', 'AAAA', 'AAAA', 'AAAA', 'AAAAA', 'AAA', 'AAAAA', 'AAAA', 'AAAA', 'AAAA', 'AAAA', 'AAAA']	92
ENST00000435607:2	['T']	1
ENST00000435607:3	['G', 'G', 'G', 'G', 'G', 'G']	6
ENST00000435803:44	['T', 'T']	2
ENST00000435803:54	['T']	1
ENST00000436072:2	['A', 'A', 'A', 'A']	4
ENST00000436072:4	['A', 'A', 'A', 'A', 'A', 'A', 'A', 'A', 'A', 'A']	10
ENST00000436261:3	['CTG']	1
ENST00000436346:11	['T', 'T', 'T', 'T']	4
ENST00000436346:20	['G', 'G', 'G', 'G', 'G']	5
ENST00000436346:30	['A', 'A', 'A', 'A', 'A', 'A', 'A', 'A', 'A', 'A', 'A', 'A', 'A', 'A', 'A', 'A', 'A', 'A']	18
ENST00000436636:19	['A', 'A']	2
ENST00000436874:11	['A']	1
ENST00000437150:5	['T', 'T']	2
ENST00000437198:16	['A', 'A', 'A', 'A', 'A', 'A', 'A', 'A', 'A', 'A', 'A', 'A', 'A', 'A', 'A']	15
ENST00000437198:18	['AAG']	1
ENST00000437633:25	['AA', 'AAA', 'AAAA', 'AAAA', 'AA', 'AA', 'AA', 'AAAA', 'AAA', 'AAAA', 'AAA', 'AA', 'AA', 'AA', 'AAAA', 'AA', 'AA', 'AA', 'AA', 'AA', 'AA', 'AAAA', 'AA', 'AA', 'AA', 'AAA', 'AAA', 'AA', 'A', 'AAA', 'AAA', 'AA', 'AAA', 'AA', 'AAA', 'AAA', 'AAAA', 'AAA', 'AA', 'AAAA', 'AAA', 'AAAA', 'AA', 'AAAA', 'AAA', 'AAAA', 'AAA', 'AA', 'AAA', 'AAAA', 'AAA', 'AA', 'AAAA', 'AA', 'AAAA', 'AAA', 'AAA', 'AAAA', 'AAA', 'AAA', 'AAA', 'A', 'AA', 'AA', 'AAAA', 'AA']	66
ENST00000437633:34	['A', 'A', 'A', 'A', 'A', 'A', 'A', 'A', 'A', 'A', 'A', 'A']	12
ENST00000437635:8	['A', 'A']	2
ENST00000438146:7	['TTC']	1
ENST00000438651:1	['A', 'A', 'A', 'A']	4
ENST00000438651:3	['G', 'CA', 'G']	3
ENST00000438700:3	['AAA', 'AA', 'AAAA', 'A', 'AAA', 'AAAAA', 'AAA', 'AA', 'AAA', 'AAA', 'AAAA', 'AA', 'AAAA', 'AAAA', 'AAA', 'AA', 'A', 'A', 'AA', 'AAA', 'AA', 'AAA', 'AA', 'AAAA', 'AAA', 'AAA']	26
ENST00000438737:3	['AAA', 'AAAA', 'AA', 'AAAA', 'AAA', 'AAAAA', 'AAAAA', 'AA', 'AAA', 'AAA', 'AAAAA', 'AAAA', 'AAA', 'AAAAA', 'AAAA', 'AAAA', 'AAAA', 'AAAAA', 'AAAAAA', 'AAA', 'AAAA', 'AAA', 'AAA', 'AAAA', 'AAAAA', 'AAAA', 'AAAAA', 'AAAAA', 'AAAA', 'AAA', 'AAA', 'AAAA', 'AAAA', 'AAAA', 'AAAAA', 'AAA', 'AAAAA', 'AAAAAA', 'AAAAA', 'AAAAA', 'AAA', 'AAAA', 'AAA', 'AA', 'AAAAA', 'AAAA', 'AAA', 'AAAA', 'AA', 'AAA', 'AAAA', 'AAA', 'AAA', 'AAAA', 'AAA', 'AAAAA', 'AAAA', 'AAAA', 'AAAA', 'AAAAA', 'AAAA', 'AAAA', 'AAA', 'AAAAAAA', 'AAAA', 'AAAAA', 'AAAAA', 'AAAA', 'AAAA', 'AAAA', 'AAAAA', 'AAA', 'AAAA', 'AAAA', 'AAAAA', 'AAAAA', 'AAAA', 'AAAA', 'AAAAA', 'AAAA', 'AAAAA', 'AAAAA', 'AAA', 'AAAA', 'AAAAA', 'AAAAA', 'AAAA', 'AAAA', 'AAA', 'AAAA', 'AAAA', 'AAAAA', 'AAAAA', 'AAAAA', 'AAAAA', 'AAA', 'AAAA', 'AAAAA', 'AAAA', 'AAAA', 'AAAA', 'AAAAAA', 'AAA', 'AAAAA', 'AAA', 'AAAAA', 'AAA', 'AAA', 'AAA', 'AAAA', 'AAAA', 'AAAAA', 'AAAAA', 'AAAA', 'AAA', 'AAA', 'AAAAA', 'AAA', 'AAAA', 'A', 'AAAAA', 'AAAAAA', 'AAAA', 'AAAAA', 'AAAA', 'AAA', 'AAAAA', 'AAAA', 'AAAA', 'AAAA', 'AAAA', 'AAAAAAA', 'AAAAA', 'AAA', 'AAAAA', 'AAAA', 'AAAA', 'AAAAAAA', 'A', 'A', 'AAAAAA', 'AAAAAA', 'AAA', 'AAA', 'AAAA', 'AA', 'AAA', 'AAAA', 'AAAAA', 'A', 'A', 'AA']	152
ENST00000439128:12	['A', 'A', 'A', 'A', 'A', 'A', 'A', 'A', 'A', 'A', 'A', 'A', 'A', 'A']	14
ENST00000439458:55	['G', 'G']	2
ENST00000439602:5	['G', 'G']	2
ENST00000439617:9	['C', 'C', 'C', 'C']	4
ENST00000439742:1	['AG', 'AG']	2
ENST00000440232:23	['G', 'G', 'G', 'G', 'G', 'G', 'G', 'G', 'G', 'G', 'G', 'G', 'G', 'G', 'G']	15
ENST00000440460:7	['TTAT', 'TTAT']	2
ENST00000440863:15	['G', 'G']	2
ENST00000441310:8	['T', 'T', 'T', 'T']	4
ENST00000441443:3	['A']	1
ENST00000441493:18	['AGGAAAG', 'AGGAAAG']	2
ENST00000442111:10	['TATGTA']	1
ENST00000442267:17	['G', 'G']	2
ENST00000442510:16	['CACA']	1
ENST00000442594:4	['A', 'A', 'A', 'A']	4
ENST00000442594:9	['AA', 'AA', 'AA', 'AA', 'AAA', 'AA', 'AA', 'AA', 'AA', 'AA', 'AA', 'AA', 'AAA', 'A', 'AA', 'AA', 'AA', 'AA', 'AA', 'AA', 'AA', 'AA', 'A', 'A', 'AA', 'A', 'AA', 'AAA', 'AA', 'AA', 'AA', 'AAA', 'AA', 'A', 'AA', 'AA', 'AA', 'AA', 'A', 'AA', 'AA', 'AA', 'A', 'AA', 'AA', 'AA', 'AA', 'AA', 'AA', 'AA', 'AAA', 'A', 'A', 'AAA', 'AA', 'AA', 'AAA', 'AA', 'AA', 'AA', 'A', 'A', 'A', 'AAA', 'AA', 'AA', 'AA', 'A', 'A', 'A', 'AA', 'A', 'AA', 'A', 'A', 'AA', 'A', 'AA', 'AA', 'AA', 'A', 'A', 'A', 'A', 'A', 'A', 'AA', 'AA', 'AA', 'AA', 'AA', 'A', 'A', 'AA', 'A', 'AA', 'AA', 'AA', 'AA', 'A', 'AAA', 'A', 'A', 'A', 'AA', 'AAA', 'A', 'A', 'AAA', 'A', 'A', 'A', 'A', 'A', 'A', 'A', 'AA', 'A', 'A', 'AA', 'A', 'A', 'A', 'A', 'A', 'A', 'A', 'A', 'A']	129
ENST00000442668:11	['A', 'A', 'A', 'A', 'A', 'A', 'A', 'A']	8
ENST00000442668:16	['A', 'A', 'A', 'A', 'A', 'A', 'A', 'A', 'A', 'A', 'A', 'A', 'A', 'A', 'A', 'A', 'A', 'A', 'A', 'A', 'A', 'A', 'A', 'A', 'A', 'A', 'A', 'A', 'A', 'A', 'A', 'A', 'A', 'A', 'A', 'A', 'AA', 'A', 'A', 'A', 'A', 'A', 'A', 'A', 'A', 'AA', 'A', 'A', 'A', 'A', 'A', 'A', 'AA', 'A', 'A', 'A', 'A', 'A', 'A', 'A', 'A', 'A', 'A', 'AA', 'A', 'A', 'A', 'A', 'A', 'A', 'AA', 'A', 'A', 'AA', 'A', 'A', 'A', 'A', 'A', 'A', 'A', 'A', 'A', 'A', 'A', 'AA', 'AA', 'A', 'A', 'A', 'A', 'A', 'A', 'A', 'A', 'A', 'A', 'A', 'A', 'A', 'A', 'A', 'A', 'A', 'A', 'A', 'A', 'A', 'A', 'A', 'A', 'A', 'A', 'A', 'A', 'A', 'A', 'A', 'A', 'A', 'A', 'A', 'A']	123
ENST00000442668:5	['A', 'A', 'A', 'A', 'A', 'A', 'A', 'A', 'A', 'A', 'A', 'A', 'A', 'A', 'A', 'A', 'A', 'A', 'A', 'A', 'A', 'A', 'A', 'A', 'A', 'A', 'A', 'A']	28
ENST00000442697:4	['A', 'A', 'A', 'A']	4
ENST00000442697:7	['TAATA']	1
ENST00000442977:9	['A', 'A']	2
ENST00000443236:11	['AGAAAAGG']	1
ENST00000443236:16	['CA']	1
ENST00000443617:15	['A']	1
ENST00000443617:18	['A', 'A', 'A', 'A', 'A', 'A', 'A', 'A', 'A', 'A', 'A', 'A', 'A', 'A', 'A', 'A', 'A', 'A', 'A', 'A', 'A', 'A', 'A', 'A', 'A', 'A', 'A', 'A', 'A']	29
ENST00000443617:26	['A', 'A', 'A', 'A']	4
ENST00000443617:75	['A']	1
ENST00000443617:8	['A']	1
ENST00000443905:1	['A', 'A']	2
ENST00000444766:23	['A', 'A']	2
ENST00000444766:3	['A']	1
ENST00000444842:1	['C', 'C', 'C', 'C', 'C', 'C', 'C', 'C', 'C', 'C', 'C', 'C', 'C', 'C', 'C', 'C', 'C', 'C', 'C', 'C', 'C']	21
ENST00000445203:12	['AAA', 'A', 'AAAA', 'AAAA', 'AAA', 'AA', 'AAAA', 'AAAA', 'AAA', 'AAA', 'AAAA', 'AAAA', 'AAA', 'AA', 'AAA', 'AA', 'AAAA', 'AAA', 'AAA', 'AAA', 'AAA', 'AAAAA', 'AA', 'AAA', 'AAA', 'AAA', 'AAA', 'AA', 'AAAA', 'AAAA', 'AAAA', 'AAAA', 'AAA', 'A', 'AAAA', 'AAAA', 'AA', 'AAAA', 'A', 'A', 'AAAA', 'AAA', 'AAA', 'AAAAA', 'AAAA', 'AAA', 'AAA', 'AAAA', 'AAA', 'AAAA', 'AAA', 'AAAA', 'AAAAA', 'AA', 'AA', 'AAAA', 'AAAA', 'AAA', 'AAAA', 'AAA', 'AAA', 'AAA', 'AA', 'AAA', 'AAAA', 'AA', 'AA', 'AAAA', 'AAAA', 'AAAAA', 'AAAAA', 'AAA', 'AAA', 'AAA', 'AAA', 'AAA', 'AAAAA', 'AA', 'A', 'AAA', 'AAA', 'AAAAA', 'AAAA', 'AAA', 'AA', 'A', 'AAAA', 'AAA', 'AA', 'A', 'AAA', 'A', 'AAAA', 'AA', 'AAAA', 'AA', 'A', 'A', 'AAAA', 'AAAA', 'AAAA', 'AA', 'AAA', 'AA', 'AA', 'AAAAA', 'AA', 'AAAAA', 'AA', 'AAA', 'AAAA', 'AA', 'AAA', 'AAAAA', 'AAAA', 'AAAA', 'AA', 'A', 'AA', 'AAA', 'AAA', 'AAA', 'AA', 'AAA', 'AAAA', 'AA', 'A', 'A', 'A', 'AAA', 'A']	131
ENST00000445597:28	['T', 'T']	2
ENST00000445597:42	['A', 'A']	2
ENST00000445964:3	['AGGG']	1
ENST00000446444:2	['A', 'A', 'A', 'A', 'A', 'A', 'A', 'A', 'A', 'A', 'A', 'A', 'A', 'A', 'A', 'A', 'A', 'A', 'A', 'A', 'A', 'A', 'A', 'A', 'A', 'A', 'A', 'A', 'A', 'A', 'A', 'A', 'A', 'A', 'A', 'A', 'A', 'A', 'A', 'A', 'A', 'A', 'A', 'A', 'A']	45
ENST00000446488:23	['A', 'A', 'A', 'A', 'A', 'A', 'A', 'A', 'A', 'A', 'A', 'A', 'A', 'A', 'A', 'A', 'A', 'A', 'A', 'A', 'A', 'A', 'A', 'A', 'A', 'A', 'A', 'A', 'A', 'A', 'A', 'A', 'A', 'A']	34
ENST00000446526:8	['G']	1
ENST00000446864:1	['AGA', 'AGA']	2
ENST00000446997:10	['AA']	1
ENST00000447110:2	['A']	1
ENST00000447241:13	['A', 'AA', 'A', 'A', 'AAA', 'A', 'A', 'A', 'A', 'A', 'A', 'A', 'A', 'A', 'A', 'A', 'A', 'A', 'A', 'AA', 'A', 'A', 'A', 'A', 'A', 'A', 'A', 'A', 'A', 'A', 'A', 'AA', 'A', 'A', 'A', 'A', 'A', 'A', 'A', 'A', 'A', 'A', 'A', 'A', 'A', 'AA', 'A', 'AA', 'AA', 'A', 'A', 'A', 'A', 'A', 'AA', 'A', 'AA', 'A', 'A', 'A', 'AA', 'A', 'AA', 'A', 'A', 'A', 'A', 'A', 'A', 'A', 'A', 'AA', 'A', 'AA', 'A', 'A', 'A', 'A', 'A', 'A', 'A', 'A', 'A', 'A', 'AA', 'A', 'A', 'A', 'A', 'AA', 'AA', 'A', 'A', 'A', 'A', 'A', 'A', 'A', 'A', 'A', 'AA', 'A', 'A', 'A', 'A', 'AA', 'AA', 'AA', 'AA', 'AA']	110
ENST00000447241:3	['A', 'A', 'A', 'A']	4
ENST00000447266:2	['T', 'T', 'T', 'T', 'T', 'T', 'T', 'T', 'T', 'T', 'T', 'T', 'T', 'T', 'T', 'T', 'T', 'T', 'T', 'T', 'T', 'T', 'T', 'T', 'T', 'T', 'T', 'T', 'T', 'T', 'T', 'T', 'T', 'T', 'T', 'T', 'T', 'T', 'T', 'T', 'T', 'T', 'T', 'T', 'T', 'T', 'T', 'T', 'T', 'T', 'T', 'T', 'T', 'T', 'T', 'T', 'T', 'TT', 'T', 'T', 'T', 'T', 'T', 'T', 'T', 'T', 'T', 'T', 'T', 'T', 'T', 'T', 'T', 'T', 'T', 'T', 'T', 'T', 'T', 'T', 'T', 'T', 'T', 'T', 'T', 'T', 'T', 'T', 'T', 'TT', 'T', 'T', 'T', 'T', 'T', 'T']	96
ENST00000447510:1	['A', 'A', 'A', 'A', 'A', 'A', 'A', 'A', 'A', 'A', 'A', 'A', 'A']	13
ENST00000447510:22	['A', 'A', 'A', 'A', 'A', 'A', 'A', 'A', 'A', 'A', 'A', 'A', 'A', 'A', 'A', 'A', 'A', 'A']	18
ENST00000447648:11	['T', 'T']	2
ENST00000447857:7	['CCCGC']	1
ENST00000447894:24	['CTC', 'G', 'CTC']	3
ENST00000447894:26	['GAGT', 'GAGT']	2
ENST00000447894:4	['C']	1
ENST00000447906:9	['AAA', 'A', 'AAA', 'AAA', 'AA', 'AA', 'AAA', 'AA', 'AA', 'AA', 'AA', 'AA', 'AA', 'AA', 'AA', 'AAA', 'AAA', 'AA', 'AA', 'AA', 'AAA', 'AA', 'AA', 'AAA', 'AAA', 'AA', 'AA', 'AA', 'AAA', 'AA', 'AA', 'AA', 'A', 'AA', 'AA', 'AA', 'AA', 'AA', 'AA', 'AA', 'AA', 'AA', 'A', 'AA', 'AA', 'AA', 'AA', 'AA', 'AA', 'A', 'AA', 'AA', 'AAA', 'AA', 'AA', 'AA', 'AA', 'A', 'AA', 'AA', 'AAA', 'AAA', 'A', 'AA', 'AAA', 'AAA', 'AAA', 'A', 'AA', 'AAA', 'AA', 'AA', 'A', 'AA', 'AAA', 'AA', 'AAA', 'AA', 'A', 'AA', 'AA', 'AA', 'AAA', 'AA', 'AA', 'AAA', 'A', 'AA', 'AAA', 'AA', 'A', 'AAA', 'AA', 'AAA', 'AA', 'AA', 'AA', 'AA', 'AA', 'AA', 'AA', 'AA', 'AA', 'AA', 'AA', 'AA', 'AA', 'AA', 'AA', 'AA', 'AA', 'AAA', 'AA', 'A', 'AA', 'AA', 'AA', 'AA', 'AA', 'AA', 'AA', 'AA', 'AAA', 'AA', 'A', 'A', 'AA', 'AA', 'AA', 'AA', 'AA', 'A', 'AA', 'AA', 'A', 'AA', 'A', 'A', 'AA', 'A', 'AA', 'A', 'A', 'AA', 'A', 'A', 'A', 'AA', 'AA', 'AA', 'AA', 'AA', 'AA', 'A', 'AA', 'AAA', 'A', 'AA', 'A', 'AA', 'AA', 'AA', 'AA', 'AA', 'AA', 'A', 'AA', 'A', 'A', 'A', 'A', 'AA', 'AA', 'A', 'A', 'AA', 'A', 'AA', 'AA', 'AAA', 'AA', 'AA', 'AA', 'AA', 'AA', 'A', 'AA', 'A', 'AA', 'AA', 'AA', 'AA', 'A', 'A', 'A', 'A', 'A', 'A', 'A', 'A', 'A', 'A', 'A', 'A', 'A', 'A', 'AAA', 'A']	208
ENST00000447998:8	['A', 'A']	2
ENST00000448120:9	['TA', 'TA', 'TA', 'TA']	4
ENST00000448228:3	['CAC']	1
ENST00000448276:3	['GAAG', 'GAAG', 'GAAG', 'GAAG']	4
ENST00000448372:5	['A', 'A', 'A', 'A', 'A']	5
ENST00000448790:7	['G', 'G']	2
ENST00000449022:14	['A', 'A', 'A', 'A', 'A', 'A', 'A', 'A', 'A', 'A', 'A', 'A', 'A', 'A', 'A', 'A', 'A', 'A']	18
ENST00000449022:17	['A', 'A']	2
ENST00000449082:2	['AT', 'AT']	2
ENST00000449352:6	['G', 'G', 'G', 'G', 'G', 'G', 'G', 'G', 'G', 'G']	10
ENST00000449352:9	['G', 'G', 'G', 'G', 'G', 'G', 'G', 'G', 'G', 'G', 'G', 'G', 'G', 'G', 'G']	15
ENST00000450053:40	['C', 'C']	2
ENST00000450253:5	['A', 'A', 'A', 'A', 'A', 'A', 'A', 'A', 'A', 'A', 'A', 'A', 'A', 'A', 'A', 'A', 'A', 'A', 'A', 'A', 'A', 'A', 'A', 'A', 'A', 'A', 'A', 'A', 'A', 'A', 'A', 'A', 'A', 'AA', 'A', 'A', 'A', 'A', 'A', 'A', 'A', 'A', 'A', 'A', 'A', 'A', 'A', 'A', 'A', 'A', 'A', 'A', 'A', 'A', 'A', 'A', 'A', 'A', 'A', 'A', 'A', 'A', 'A', 'A', 'A', 'A', 'A', 'A', 'A', 'A', 'A', 'A', 'A', 'A', 'A', 'A', 'A', 'A', 'A', 'A', 'A', 'A', 'A', 'A', 'A', 'A', 'A', 'A', 'A', 'A', 'A', 'A', 'A', 'A', 'A', 'A', 'A', 'A', 'A', 'A', 'A', 'A', 'A', 'A', 'A', 'A', 'A', 'A', 'A', 'A', 'A', 'A', 'A', 'A', 'A', 'A', 'A', 'A', 'A', 'A', 'A', 'A', 'A', 'A', 'A', 'A', 'A', 'A', 'A', 'A', 'A', 'A', 'A', 'A', 'A', 'A', 'A', 'A', 'A', 'A', 'A', 'A', 'A', 'A', 'A', 'A', 'A', 'A', 'A', 'A', 'A', 'A', 'A', 'A', 'A', 'A', 'A', 'A', 'A', 'A', 'A', 'A', 'A']	163
ENST00000450253:6	['AA', 'A', 'AA', 'AA', 'AA', 'AA', 'AA', 'AA', 'AA', 'AA', 'AA', 'AA', 'AA', 'AA', 'AA', 'AA', 'AA', 'AA', 'AA', 'AA', 'AA', 'AA', 'AA', 'AA', 'AA', 'AA', 'AA', 'AA', 'AA', 'AA', 'AA', 'AA', 'AA', 'AA', 'AA', 'AA', 'AA', 'AA', 'AA', 'AA', 'AA', 'AA', 'AA', 'AA', 'AA', 'AA', 'AA', 'AA', 'AA', 'AA', 'AA', 'AA', 'AA', 'AA', 'AA', 'AA', 'AA', 'AA', 'AA', 'AA', 'AA', 'AA', 'AA', 'AA', 'AA', 'AA', 'AA', 'AA', 'AA', 'AA', 'AA', 'AA', 'AA', 'AA', 'AA', 'AA', 'AA', 'AA', 'AA', 'AA', 'AA', 'AA', 'A', 'AA', 'AA', 'AA', 'AA', 'AA', 'AA', 'AA', 'AA', 'AA', 'AA', 'AA', 'AA', 'AA', 'AA', 'AA', 'AA', 'AA', 'AA', 'AA', 'AA', 'AA', 'AA', 'AA', 'AA', 'AA', 'AA', 'AA', 'AA', 'AA', 'AA', 'AA', 'AA', 'AA', 'AA', 'AA', 'AA', 'AA', 'AA', 'AA', 'AA', 'AA', 'AA', 'AA', 'AA', 'AA', 'AA', 'AA', 'AA', 'AA', 'AA', 'AA', 'A', 'A', 'A', 'AA', 'A', 'A', 'A', 'AA', 'AA', 'A', 'A', 'AA', 'AA', 'AA', 'AA', 'AA', 'A', 'AA', 'AA', 'AA', 'AAA', 'AA', 'AA', 'A', 'A', 'AA', 'AA', 'A', 'AA', 'A', 'A', 'A', 'A', 'A', 'A', 'A', 'A', 'AA', 'AA', 'AA', 'AA', 'AA', 'AA', 'AA', 'AA', 'AA', 'AA', 'AA', 'AA', 'A', 'AA', 'A', 'A', 'AA', 'A', 'A', 'A', 'A', 'AA', 'A', 'A', 'A', 'A', 'A', 'AA', 'A', 'A', 'A', 'A', 'A', 'A', 'A', 'A', 'A', 'AA', 'A', 'A', 'A', 'A']	213
ENST00000450454:9	['GA', 'GA', 'GA', 'GA', 'GA']	5
ENST00000450689:13	['A', 'A', 'A', 'A', 'A', 'A', 'A', 'A', 'A', 'A', 'A', 'A', 'A', 'A', 'A', 'A', 'A', 'A', 'A', 'A', 'A', 'A', 'A', 'A', 'A', 'A', 'A', 'A', 'A', 'A', 'AA', 'A', 'A', 'A', 'A', 'A', 'A', 'A', 'A', 'A', 'A', 'A', 'A', 'A', 'A', 'A', 'A', 'A', 'A', 'A', 'A', 'A', 'A', 'A', 'A', 'A', 'A', 'AA', 'A', 'A', 'A', 'A', 'A', 'A', 'A', 'AA']	66
ENST00000450689:19	['A', 'AA', 'AA', 'A', 'AA', 'AA', 'AA', 'A', 'AA', 'AAA', 'AA', 'AA', 'AA', 'AA', 'AA', 'AA', 'A', 'AA', 'AA', 'A', 'AA', 'AA', 'A', 'AA', 'A', 'A', 'AAA', 'AA', 'A', 'AA', 'AA', 'AA', 'AA', 'A', 'A', 'A', 'AA', 'AA', 'AA', 'AA', 'A', 'AA', 'AA', 'AA', 'AAA', 'AA', 'A', 'AA', 'AA', 'AA', 'A', 'A', 'A', 'A', 'A', 'AA', 'A', 'A', 'A', 'A', 'A', 'AA', 'A', 'A', 'A', 'A', 'A', 'A', 'A', 'A', 'A', 'A', 'AA', 'A', 'AA', 'A', 'A', 'AA', 'A', 'A', 'A', 'AA', 'A', 'A', 'AA', 'AA', 'A', 'A', 'A', 'A', 'A', 'AA', 'AA', 'A', 'A', 'AA', 'AA', 'AA', 'A', 'A', 'A', 'A', 'A', 'A', 'A', 'A', 'AA', 'AA', 'AA', 'A', 'A', 'A', 'A', 'A', 'A', 'AA', 'AA', 'AA', 'A', 'A', 'A', 'A', 'A', 'AA', 'A', 'A', 'A', 'AA', 'A', 'A', 'A', 'A', 'A', 'AA', 'A', 'A', 'A', 'AA', 'A', 'A', 'A', 'A', 'A', 'A', 'A', 'A', 'A', 'A', 'A', 'A', 'A', 'A', 'A', 'A', 'A']	155
ENST00000450689:21	['A']	1
ENST00000450689:8	['AAAAAAA', 'AAAAAAAA', 'AAAAAAAAAAA', 'AAAAAAA', 'AAAAAAAAAAA', 'AAAAAAA', 'AAAAA', 'AAAAAAAA', 'AAAAAAAAA', 'AAAA', 'AAA', 'AAAA', 'AAAAAAAAAAA', 'AAAAAAA', 'AAAAAA', 'AAAA', 'AAAAAAAA', 'AAAAAAAA', 'AAAAAAAAAA', 'AAAAAAAA', 'AAAAAA', 'AAAAAAA', 'AAAAAA', 'AAAAAA', 'AAAAAAAAA', 'AAAAAAA', 'AAAAAAAAA', 'AAAAAAA', 'AAAAAAA', 'AAAAAAA', 'AAAAAAAA', 'AAAAAA', 'AAAAAAAA', 'AAAAAAAAA', 'AAAAAAAA', 'AAAAAAAA', 'AAAAAAA', 'AAAAAAA', 'AAAAAAAAAA', 'AAAAA', 'AAAAAAA', 'AAAAA', 'AAAAAAA', 'AAAAAA', 'AAAAAAA', 'AAAAAAA', 'AAAAAAAA', 'AAAAAAA', 'AAAAAAA', 'AAAAA', 'AAAAAAA', 'AAAAAAAAA', 'AAAAA', 'AAAAAAA', 'AAAAAAA', 'AAAAAAAAA', 'AAAAAA', 'AAAAAAAA', 'AAAAAAA', 'AAAAAA', 'AAAAAAAAA', 'AAAAAAAAA', 'AAAAAAAAAA', 'AAAAAAAAA', 'AAAAAAAA', 'AAAAAAAAA', 'AAAAA', 'AAAAAAA', 'AAAAAAA', 'AAAAAAAA', 'AAAAAAAAAA', 'AAAAAAAAAAA', 'AAAAAAAAAA', 'AAAAAAA', 'AAAAAAAA', 'AAAAAAAA', 'AAAAAAAAA']	77
ENST00000450892:24	['G', 'G']	2
ENST00000451315:6	['T', 'T', 'T', 'T', 'T', 'T']	6
ENST00000451885:5	['C', 'C', 'GC', 'C', 'C', 'C', 'C', 'C', 'C', 'C', 'C', 'GC', 'GC', 'GC', 'GC', 'GC', 'GGGGC', 'GC', 'GGGGC', 'GGGGC', 'GGGC', 'GGC', 'GGC', 'GGC', 'GC', 'GC', 'GGC', 'C', 'GGC', 'GC', 'GGC', 'GC', 'GC', 'C', 'C', 'GGC', 'GC', 'GC', 'GC', 'GGC', 'GGC', 'GC', 'GGG', 'GC', 'GGGC', 'GGG', 'GGGC', 'GGG', 'GGGC', 'GG', 'GC', 'GGC', 'GGC', 'GC', 'GGC', 'GGG', 'GGGC', 'GC', 'C', 'GGGC', 'GGC', 'GGGGC', 'GGC', 'GGGC', 'GGC', 'GGC', 'GGGC', 'GC', 'GGC', 'GGC', 'GGC', 'GGC', 'GGC', 'GGGC', 'GGC', 'GC', 'GGGC', 'C', 'GGGGGC', 'GGC']	80
ENST00000452236:2	['A', 'A', 'A', 'A']	4
ENST00000452400:19	['A', 'AAA', 'A', 'AA', 'AA', 'AA', 'AA', 'AA', 'AA', 'AA', 'AA', 'AA', 'AA', 'AA', 'A', 'AA', 'AA', 'AA', 'AA', 'AA', 'AA', 'AA', 'AA', 'AA', 'AA', 'AA', 'AA', 'AA', 'AA', 'A', 'AA', 'AA', 'A', 'AA', 'AA', 'AA', 'A', 'A', 'A', 'AA', 'A', 'A', 'AA', 'AA', 'A', 'A', 'AA', 'A', 'A', 'AA', 'AA', 'AA', 'A', 'A', 'A', 'A', 'A', 'A', 'AA', 'A', 'A', 'A', 'A', 'A', 'AAA', 'A', 'AA', 'AA', 'A', 'AA', 'AA', 'A', 'A', 'A', 'AA', 'AA', 'AA', 'AA', 'A', 'A', 'A', 'A', 'A', 'A', 'A', 'A', 'A', 'AA', 'AA', 'AA', 'AA', 'AA', 'A', 'A', 'A', 'A', 'A', 'A', 'A', 'A', 'A', 'A', 'A', 'A', 'AA', 'AA', 'A', 'A', 'A', 'A', 'A', 'AA', 'AA']	113
ENST00000452648:2	['AG', 'AG', 'AG', 'AG', 'AG', 'AG', 'AG', 'AG', 'AG', 'AG', 'AG', 'AG', 'AG', 'AG', 'AG', 'AG']	16
ENST00000452722:1	['A', 'A', 'A', 'A', 'A', 'A', 'A', 'A', 'A', 'A', 'A', 'A']	12
ENST00000453061:10	['T', 'T']	2
ENST00000453386:3	['A', 'A', 'A', 'A', 'AA', 'A', 'A', 'A', 'AA', 'A', 'AA', 'A', 'A', 'A', 'A', 'A', 'A', 'A', 'A', 'A', 'A', 'A', 'A', 'A', 'A', 'A', 'A', 'AA', 'A', 'A', 'A', 'A', 'A', 'A', 'A', 'AA', 'A', 'A', 'A', 'A', 'A', 'A', 'A', 'A', 'A', 'A', 'A', 'A', 'A', 'A', 'A', 'A', 'A', 'A', 'A', 'A', 'A', 'A', 'AA', 'A', 'A', 'A', 'A', 'A', 'A', 'AA', 'A', 'A', 'A', 'A', 'A', 'A', 'A', 'A', 'A', 'A', 'A', 'A', 'A', 'A', 'A', 'A', 'A', 'A', 'A', 'A', 'A', 'A', 'A', 'A', 'A', 'A', 'A', 'AA', 'A', 'A', 'A', 'A', 'A', 'A', 'A', 'A', 'AA', 'A', 'A', 'A', 'A', 'A', 'A', 'A', 'A', 'A', 'A']	113
ENST00000453848:6	['C']	1
ENST00000454309:2	['G', 'G', 'G', 'G']	4
ENST00000454309:3	['AAA', 'AA', 'AAAA', 'AA', 'AA', 'AAAA', 'AAA', 'AAA', 'AAAA', 'AAA', 'AA', 'AAAA', 'AA', 'AAA', 'AAA', 'AAA', 'AAA', 'AA', 'AAAAA', 'AAAA', 'AAA', 'AAAA', 'AAA', 'AAAA', 'AAAA', 'AAAA', 'AAA', 'AAA', 'AAA', 'AA', 'AAA', 'AAAA', 'AAA', 'AAA', 'AA', 'AA', 'AAAA', 'AAAA', 'AA', 'AAA', 'AAAA', 'AAAA', 'AA', 'AAAA', 'AAA', 'AA', 'GA', 'AA', 'AAA', 'AA', 'AAAA', 'AAA', 'AA', 'AAA', 'AA', 'AAAA', 'AAA', 'AA', 'AAA', 'AAA', 'AA', 'A', 'AAA', 'AAA', 'AAA', 'AAA', 'AA', 'AAAA', 'AAA', 'AA', 'AAAA', 'AAAA', 'AAA', 'AAAA', 'AA', 'AAA', 'AA', 'AA', 'AAA', 'A', 'AAA', 'AA', 'AAA', 'AAA', 'AAAA', 'AAAA', 'AAAA', 'AAAA', 'A', 'AAA', 'AAA', 'AA', 'AAAA', 'AAA', 'AAA', 'AA', 'AA', 'AA', 'AAA', 'AAAA', 'AAA', 'AAAA', 'AAA', 'AAA', 'AAA', 'G', 'AAA', 'AAA', 'AAAA', 'AAA', 'AAA', 'AAA', 'AA', 'AAA', 'AAAA', 'AAAA', 'AAAA', 'AAAA', 'AAAA', 'AAA', 'AAAA', 'AAAA', 'AAAA', 'AAA', 'AAA', 'AAA', 'AAA', 'AAAAA', 'AAAA', 'AAA', 'AA', 'AAAA', 'AAA', 'AAAA', 'AAA', 'AAA', 'AAAA', 'AAAA', 'AAA', 'AAA', 'AAA', 'AAA', 'AAAA', 'AAAA', 'AAA', 'AAA', 'AAAA', 'AAAA', 'G', 'AAA', 'AAAA', 'AAA', 'AAA', 'AA', 'AAAAA', 'AAA', 'AAA', 'AAA', 'AAAA', 'AAA', 'AAAA', 'AAAA', 'AAAA', 'AA', 'AAA', 'AAAA', 'AAAA', 'AAAA', 'AAA', 'AAAA', 'AA', 'AAA', 'AA', 'AA', 'AA', 'AAAA', 'AAA', 'AAA', 'AAAA', 'AAAA', 'AAA', 'AAA', 'AAA', 'AAA', 'AAAA', 'AAA', 'AAAA', 'AA', 'AAAA', 'AAA', 'AAA', 'AAA', 'AAAA', 'AAAA', 'AAAA', 'AAAA', 'AAAA', 'AAAA', 'AAA', 'AAA', 'AAAA', 'AAAA', 'AAA', 'AAA', 'AAA', 'AAAA', 'AAA', 'AAA', 'AAA', 'AAA', 'AAA', 'AAA', 'AAA', 'AA', 'AAA', 'AAA', 'AAA', 'A', 'AAAA', 'AAAA', 'AAAA', 'AAAA', 'AAAA', 'AAA', 'AAAA', 'AAAA', 'AAAAA', 'AAA', 'AAA', 'AAAA', 'AAAA', 'AAA', 'AA', 'AAAA', 'AAAA', 'AAAAA', 'AAAAA', 'AAA', 'AAA', 'AAAA', 'AAAA', 'AAAA', 'AAA', 'AAA', 'AAA', 'AAAA', 'AAAA', 'AAA', 'AA', 'AAA', 'AAA', 'AAAA', 'AAAA', 'AAAA', 'AAAA', 'AAAA', 'AAA', 'AAA', 'AAA', 'AAAA', 'AA', 'AAA', 'AAAAA', 'AA', 'AAAA', 'AAAA', 'AAA', 'A', 'AAA', 'G', 'GA', 'GA', 'AAA', 'AAAA', 'AAAA', 'AAA', 'A', 'AAAA', 'AA', 'AA', 'AAAA', 'AAA', 'A', 'AAAA', 'AAAA', 'AA', 'AAA', 'AAAA', 'G', 'AA', 'G', 'G', 'G', 'A', 'G', 'A']	296
ENST00000454402:2	['A', 'A']	2
ENST00000454679:7	['A']	1
ENST00000454872:8	['TTA']	1
ENST00000455146:16	['A', 'TTTTTTTTA', 'TA', 'A', 'TA', 'TTTTTTA', 'TTTTTA', 'TTTA', 'TTTTTA', 'TA', 'TTA', 'TA', 'TA', 'TA', 'TTTTTTTTA', 'TTTTTTTTA', 'TTTTTA', 'TTA', 'TTTTTA', 'TTTTTA', 'TTTTA', 'TTTA', 'TTTTTA', 'TTTTTA', 'TTTA', 'TTTTTTA', 'TTTTTA', 'TTA', 'TTTTTTA', 'TTTTTA', 'TTTTTTA', 'TTTTTA', 'TTTTA', 'TTTTTA', 'TTTTA', 'TTTA', 'TTTTTTTA', 'TTTTA', 'TTTA', 'TTTTTTA', 'TTTTTA', 'TTTTTTA', 'TTTTTA', 'TTTTTTTTA', 'TTTTTTA', 'TTTTTTA', 'TTTTTA', 'TTTTA', 'TTTA', 'TTTTTA', 'TTTA', 'TTTTA', 'A', 'TTTTTTA', 'TTTTA', 'TTTA', 'TA', 'TTTTTTTA', 'TTTTTTA', 'A', 'A', 'TTTTTTA', 'TTTTTA', 'TTTTTA', 'TTTTA', 'TTTTTTA', 'TTTTTA', 'TTA', 'TTTA', 'TTTA', 'TTTA', 'TTTTTTTTA', 'TTTTTTTTA', 'A', 'TTTTTTA', 'TTTTA', 'TTTTTA', 'TTTTTA', 'TTTTA', 'TTTTTTA', 'TTTTTA', 'TTTTA', 'TTTTTA', 'TTTTA', 'TTTTA', 'TTTA', 'TTTTTA', 'TTTTA', 'TTTTTTA', 'TTTTA', 'TA', 'TTTA', 'TTTTTA', 'TTTA', 'TTTTTTA', 'TTTTA', 'TTA', 'TTTTTTTA', 'TTTTA', 'TTTA', 'TTTTTTTA', 'TTTA', 'TTA', 'TTTTTA', 'TTTTA', 'TTA', 'TTTTTTA', 'TTTTTA', 'TTTTA', 'TTTA', 'TTTTTTA', 'TTTTTTA', 'A', 'TTTTTTTA', 'TTTTTTA', 'TTTTTA', 'TTTTA', 'TTA', 'TTTTTTA', 'TTTTA', 'TTTTTA', 'TTTTA', 'TTA', 'TTTTTTA', 'TTTTTA', 'TTTTTTA', 'TTTTTA', 'TTTTA', 'A', 'TTTTTTA', 'A', 'TTA']	132
ENST00000455511:7	['AAAAA', 'AAA', 'AAAAAA', 'AAAAAA', 'AAAAAA', 'AAAAAAAAAA', 'AAAAAAA', 'AAAAAAAA', 'AAAAA', 'AAAAAAAAA', 'AAAAAAAAA', 'AAAAAAAA', 'AAAAAAA', 'AAAAAAA', 'AAAAAAAA', 'AAAAA', 'AAAAA', 'AAAAAAAAA', 'AAAAAAAA', 'AAAAAAA', 'AAAAAAA', 'AAAAA', 'AAAAAAAAA', 'AAAAAAA', 'AAAAAAA', 'AAAAAA', 'AAAAAAA', 'AAAAA', 'AAAAAA', 'AAAAAAAAA', 'AAA', 'AAAAA', 'AAAAAAAA', 'AAAAAA', 'AAAAAAAA', 'AAAAAAA', 'AAAAAA', 'AAAAAAA', 'AAAAAAAA', 'AAAAAAAA', 'AAAAAAA', 'AAAAAAAAA', 'AAAAAAA', 'AAAAA', 'AA', 'AAAAAAA', 'AAAAAAA', 'AAAAAAAAA', 'AAAAAAAAA', 'AAAAAAA', 'AAAAAAA', 'AAAAAAA', 'AAAAAAAAA', 'AAAAAAA', 'AAAAAAAA', 'AAAAAAAAA', 'AAAAAA', 'AAAAAA', 'AAAAAAA', 'AAAAAAAA', 'AAA', 'AAAAAAA', 'AAAAAAAAAA', 'AAAAAA', 'AAAAAA', 'AAAAAAAA', 'AAAAAAAA', 'AAAAAAAA', 'AAAAAAAA', 'AAAA', 'AAAAAAA']	71
ENST00000455584:15	['AAAAGATA', 'AAAAGATA', 'AAAAGATA', 'AAAAGATA', 'AAAAGATA', 'AAAAGATA', 'AAAAGATA', 'AAAAGATA']	8
ENST00000455827:2	['A', 'A', 'A', 'A', 'A', 'A', 'A', 'A', 'A', 'A', 'A', 'A', 'A', 'A', 'A', 'A', 'A', 'A', 'A', 'A', 'A', 'A', 'A', 'A', 'A', 'A', 'A', 'A', 'A', 'A', 'A', 'A', 'A', 'A', 'A', 'A', 'A', 'A', 'A', 'A']	40
ENST00000455895:8	['G']	1
ENST00000456556:14	['CT']	1
ENST00000456556:19	['AAA', 'A', 'AAAA']	3
ENST00000456556:34	['AGC']	1
ENST00000456556:35	['TTAA']	1
ENST00000456570:22	['CTC']	1
ENST00000456935:7	['G', 'G']	2
ENST00000457091:4	['C']	1
ENST00000457167:8	['GA', 'GA', 'GA', 'GA', 'GA', 'GA', 'GA', 'GA', 'GA']	9
ENST00000457308:12	['GAAA']	1
ENST00000458198:2	['A', 'A']	2
ENST00000458385:1	['A', 'A', 'A', 'A', 'A', 'A', 'A', 'A', 'A', 'A', 'A', 'A', 'A', 'A', 'A', 'A']	16
ENST00000458649:15	['A', 'A']	2
ENST00000458649:9	['A', 'A']	2
ENST00000460911:2	['AA', 'AAA', 'AA', 'AA', 'AA', 'AAA', 'AAA', 'AAA', 'AAA', 'AAA', 'AA', 'AAA', 'AAA', 'AAA', 'AAA', 'AAA', 'AAA', 'AAA', 'AAA', 'AAA', 'AA', 'AAA', 'AAA', 'AAA', 'AAA', 'AAA', 'AAA', 'AAA', 'A', 'AAA', 'AA', 'AA', 'AA', 'AA', 'AAA', 'AAA', 'AA', 'AAA', 'AA', 'AA', 'AA', 'AAA', 'AAA', 'AAA', 'AA', 'AA', 'AAA', 'AA', 'AAA', 'AAA', 'AA', 'AAA', 'AAA', 'AA', 'AAA', 'AAA', 'AA', 'AAA', 'AA', 'AA', 'AAA', 'AA', 'AAA', 'A', 'AA', 'AA', 'AA', 'AA', 'AA', 'AAA', 'AAA', 'AA', 'AA', 'A', 'AA', 'AA', 'AAA', 'AA', 'AA', 'AA', 'AA', 'AA', 'AAA', 'AAA', 'AA', 'A', 'AA', 'AAA', 'AA', 'AA', 'AA', 'AA', 'A', 'A', 'A']	95
ENST00000461287:11	['CT']	1
ENST00000461366:5	['G', 'G']	2
ENST00000462833:17	['A', 'A']	2
ENST00000462833:6	['G', 'G', 'G', 'G']	4
ENST00000463781:6	['G', 'G']	2
ENST00000464233:21	['A', 'A', 'A', 'A', 'A', 'A', 'A', 'A', 'A', 'A', 'A', 'A', 'A', 'A', 'A', 'A', 'A', 'A', 'A', 'A', 'A', 'A', 'A', 'A', 'A', 'A', 'A', 'A', 'A', 'A', 'A', 'A', 'A', 'A', 'A', 'A', 'A']	37
ENST00000464233:27	['GAGA', 'AGG', 'AGG', 'GAGA', 'AGG', 'AGG', 'AGG', 'AGG', 'AGG', 'GAGA', 'AGG', 'AGG']	12
ENST00000464233:28	['T']	1
ENST00000464233:5	['A', 'A', 'A', 'A', 'A', 'A', 'A', 'A', 'A', 'A', 'A', 'A', 'A', 'A', 'A', 'A', 'A', 'A', 'A', 'A', 'A', 'A', 'A', 'A', 'A', 'A', 'A', 'A', 'A', 'A', 'A', 'A', 'A', 'A', 'A', 'A', 'A', 'A', 'A', 'A', 'A', 'A', 'A', 'A', 'A', 'A', 'A', 'A', 'A', 'A', 'A', 'A', 'A', 'A', 'A', 'A', 'A', 'A', 'A']	59
ENST00000464848:1	['T', 'T']	2
ENST00000465261:21	['T', 'T']	2
ENST00000465414:1	['C', 'C']	2
ENST00000465829:18	['G', 'G']	2
ENST00000465995:4	['TT', 'T', 'T', 'T', 'T', 'T', 'T', 'T', 'T', 'TT', 'T', 'TT', 'T', 'T', 'T', 'T', 'TT', 'TT', 'T', 'T', 'T', 'T', 'T', 'T', 'T', 'TT', 'T', 'T', 'T', 'TT', 'TT', 'T', 'TT', 'T', 'T', 'T', 'T', 'T', 'T', 'T', 'T', 'T', 'TT', 'T', 'T', 'T', 'T', 'T', 'T', 'T', 'T', 'T', 'T', 'TT', 'T', 'T', 'T', 'T', 'T', 'T', 'T', 'TT', 'T', 'TT', 'T', 'T', 'T', 'T', 'T', 'T', 'T', 'T', 'T', 'T', 'T', 'T', 'T', 'T', 'T', 'T', 'T', 'TT', 'TT', 'T', 'T', 'T', 'T', 'T', 'T', 'T', 'T', 'T', 'T', 'T']	94
ENST00000467087:10	['T', 'T']	2
ENST00000467460:11	['A', 'A', 'AA', 'A', 'A', 'A', 'A', 'A', 'AA', 'AA', 'A', 'A', 'A', 'AA', 'AA', 'A', 'AA', 'A', 'AA', 'AA', 'AAA', 'A', 'A', 'AA', 'AA', 'A', 'A', 'A', 'A', 'AA', 'A', 'A', 'AA', 'AA', 'AA', 'AA', 'AA', 'AA', 'A', 'A', 'AA', 'AA']	42
ENST00000467773:5	['G', 'G']	2
ENST00000469530:12	['A', 'A']	2
ENST00000470487:1	['A', 'A', 'A', 'A', 'A', 'A', 'A', 'A', 'A', 'A']	10
ENST00000472232:2	['A', 'A']	2
ENST00000472487:2	['A', 'A']	2
ENST00000473835:11	['G']	1
ENST00000474524:32	['TTT']	1
ENST00000474629:5	['T', 'T']	2
ENST00000474879:13	['GGGA', 'GGGA', 'GGGA', 'GGGA', 'GGGA', 'GGGA', 'GGGA', 'GGGA', 'GGGA', 'GGGA', 'GGGA', 'GGGA', 'GGGA', 'GGGA', 'GGGA', 'GGGA', 'GGGA', 'GGGA', 'GGGA', 'GGGA', 'GGGA']	21
ENST00000477224:7	['G', 'G', 'G', 'G']	4
ENST00000477737:21	['T', 'T']	2
ENST00000477737:23	['TTT', 'T', 'T', 'TT', 'T', 'T', 'T', 'T', 'T', 'TTT', 'TTT', 'TT', 'TT', 'TTT', 'T', 'TT', 'TT', 'T', 'T', 'TT', 'T', 'T', 'T', 'T', 'T', 'T', 'TTT', 'T', 'T', 'TT', 'TT', 'TT', 'TT', 'TT', 'T', 'T', 'T', 'T', 'T', 'T', 'TT', 'T', 'TTT', 'T', 'T', 'TT', 'T', 'T', 'T', 'T', 'TT', 'T', 'T', 'TTT', 'TTT', 'TT', 'TTT', 'TTT', 'TT', 'TT', 'TTT', 'T', 'T', 'T', 'T', 'T', 'TT', 'T', 'TTT', 'TT', 'T', 'T', 'TTT', 'T', 'TT', 'TT', 'T', 'T', 'T', 'T', 'TTT', 'TTT', 'T', 'T', 'T', 'T', 'T', 'T', 'T', 'T', 'T', 'TT', 'TTT', 'T', 'TTT', 'TT', 'TT', 'TT', 'TT', 'TTT', 'TTT', 'TT', 'TT', 'TTT', 'TTT', 'TT', 'TTT', 'T', 'T', 'T', 'T', 'T', 'TTT', 'T', 'T', 'T', 'T', 'T', 'T', 'T', 'TTT', 'T', 'TTT', 'T', 'TT', 'T', 'TT', 'TT', 'TT', 'T', 'T']	131
ENST00000477853:1	['A', 'A']	2
ENST00000477853:18	['GA', 'GA', 'GA', 'GA', 'GA', 'GA', 'GA', 'GA', 'GA', 'GA', 'GA', 'GA', 'GA', 'GA', 'GA', 'GA', 'GA', 'GA', 'GA', 'GA', 'GA', 'GA', 'GA']	23
ENST00000477853:8	['G', 'G']	2
ENST00000477892:1	['T', 'T']	2
ENST00000477922:38	['GGCTCATTCCCAGGGGCCTGTGCTGGCA', 'GGCTCATTCCCAGGGGCCTGTGCTGGCA']	2
ENST00000479441:6	['G', 'G']	2
ENST00000480013:16	['C', 'AAAT', 'C']	3
ENST00000480013:3	['A', 'A', 'A', 'A', 'A', 'A', 'A', 'A', 'A', 'A', 'A', 'A', 'A', 'A', 'A', 'A', 'A', 'A', 'A', 'A', 'A', 'A', 'A', 'A', 'A']	25
ENST00000480013:30	['A', 'A', 'A', 'A', 'A', 'A', 'A', 'A', 'A', 'A', 'A', 'A', 'A', 'A', 'A', 'A', 'A', 'A', 'A', 'A', 'A', 'A', 'A', 'A', 'A', 'A', 'AA', 'A', 'A', 'A', 'A', 'A', 'A', 'A', 'A', 'A', 'A', 'A', 'A']	39
ENST00000480013:6	['A']	1
ENST00000480013:9	['A', 'A', 'A', 'A', 'A', 'A', 'A', 'A', 'A', 'A', 'A', 'A', 'A', 'A', 'A', 'A', 'A', 'A', 'A', 'A', 'A', 'A', 'A', 'A', 'A', 'A', 'A', 'A', 'A', 'A', 'A', 'A', 'A', 'A', 'A', 'A', 'A', 'A', 'A', 'A', 'A', 'A', 'A', 'A', 'A', 'A', 'A', 'A']	48
ENST00000481138:2	['G', 'G', 'G', 'G']	4
ENST00000481247:10	['G', 'G']	2
ENST00000481272:12	['T', 'T']	2
ENST00000481272:5	['A', 'A']	2
ENST00000481445:1	['A', 'A']	2
ENST00000482890:7	['TAGAGGTAAATGCCT', 'TAGAGGTAAATGCCT']	2
ENST00000484457:10	['CCTGTACCCACTTTCT', 'CCTGTACCCACTTTCT']	2
ENST00000486442:10	['C', 'C', 'C', 'C', 'C', 'C']	6
ENST00000486685:6	['GCCAGC']	1
ENST00000487099:8	['A', 'A', 'AAA', 'AA', 'AA', 'AA', 'A', 'AA', 'A', 'A', 'AA', 'AAA', 'AA', 'AA', 'AA', 'AAA', 'A', 'A', 'AAA', 'AA', 'AAA', 'AA', 'AA', 'AA', 'AAA', 'AAA', 'A', 'AA', 'AAA', 'AAA', 'AAA', 'A', 'AA', 'AA', 'AAA', 'AAA', 'AA', 'AA', 'AA', 'AAA', 'A', 'A', 'AAA', 'AA', 'A', 'AA', 'AA', 'A', 'AA', 'AA', 'AA', 'AAA', 'AA', 'AA', 'A', 'A', 'A', 'AA', 'A', 'A', 'AA', 'A', 'AAA', 'AA', 'AA', 'AAA', 'AAA', 'A', 'AA', 'AA', 'A', 'A', 'AA', 'AA', 'AA', 'A', 'AA', 'AA', 'A', 'AAA', 'AA', 'A', 'AA', 'A', 'AA', 'A', 'AA', 'A', 'AA', 'A', 'AA', 'A', 'A', 'AA', 'AA', 'AA', 'AA', 'A', 'A', 'A', 'A', 'A', 'A', 'A', 'A', 'A', 'A', 'A', 'A', 'AA', 'AA', 'A', 'A', 'AA', 'A', 'A', 'AA', 'A', 'A', 'AA', 'A', 'A', 'A', 'A', 'A', 'AA', 'A', 'A', 'A', 'AA', 'A', 'A', 'AA', 'A', 'A', 'AA', 'A', 'AAA', 'AA', 'A', 'A', 'A', 'A', 'A', 'AA', 'AAA', 'AA', 'A', 'AA', 'AA', 'AA', 'G', 'GA', 'A', 'AA', 'AA', 'AA', 'A', 'A', 'AAA', 'AA', 'AAA', 'A', 'AA']	164
ENST00000487270:4	['AGA']	1
ENST00000487270:7	['T', 'T']	2
ENST00000487273:9	['T', 'T', 'T', 'T', 'T', 'T', 'T', 'T', 'T', 'T', 'T', 'T', 'T', 'T', 'T', 'T', 'T', 'T', 'T', 'T', 'T', 'T', 'T', 'T', 'T', 'T', 'T', 'T', 'T', 'T', 'T', 'T', 'T', 'T', 'T', 'T', 'T', 'T', 'T', 'T', 'T', 'T', 'T', 'T', 'T', 'T', 'T', 'T', 'T', 'T', 'T', 'T', 'T', 'T', 'T', 'T', 'T', 'T', 'T', 'T', 'T', 'T', 'T', 'T', 'T', 'T', 'T', 'T', 'T', 'T', 'T', 'T', 'T', 'T', 'T', 'T', 'T', 'T', 'T', 'T', 'T', 'T', 'T', 'T', 'T', 'T', 'T', 'T', 'T', 'T', 'T', 'T', 'T', 'T', 'T', 'T', 'T', 'T', 'T', 'T', 'T', 'T', 'T', 'T', 'T', 'T', 'T', 'T', 'T', 'T', 'T', 'T', 'T', 'T', 'T', 'T', 'T', 'T', 'T', 'T', 'T', 'T', 'T', 'T', 'T', 'T', 'T', 'T', 'T', 'T', 'T', 'T', 'T', 'T', 'T', 'T', 'T', 'T', 'T', 'T', 'T', 'T', 'T', 'TT', 'T', 'T', 'T', 'T']	148
ENST00000487519:6	['C']	1
ENST00000488031:5	['TAAC', 'TAAC']	2
ENST00000488444:23	['C', 'C']	2
ENST00000489671:6	['TATA']	1
ENST00000489711:6	['T', 'T', 'T']	3
ENST00000490107:5	['ACTT', 'ACTT']	2
ENST00000490107:6	['A', 'A', 'A', 'A', 'A', 'A', 'A', 'A', 'A', 'A', 'AA', 'A', 'A', 'A', 'A', 'A', 'A', 'A', 'A', 'A', 'A', 'A', 'A', 'A', 'A', 'A', 'A', 'A', 'A', 'A', 'A', 'A', 'A', 'AA', 'A', 'A', 'A', 'A', 'A', 'A', 'A', 'A', 'A', 'A', 'A', 'AA', 'A', 'A', 'A', 'A', 'A', 'A', 'A', 'AA', 'A', 'A', 'A', 'A', 'A', 'A', 'A', 'A', 'A', 'A', 'A', 'A', 'A', 'A', 'A', 'A', 'A', 'A', 'A', 'A', 'A', 'A', 'A', 'A', 'A', 'A', 'A', 'A', 'A', 'A', 'A', 'A', 'A', 'A', 'A', 'A', 'A', 'A', 'A', 'A', 'A', 'A', 'A', 'A', 'A', 'A', 'A', 'A', 'AA', 'A', 'A', 'A', 'A', 'A', 'AA', 'A', 'A', 'A', 'A', 'A', 'A', 'A', 'A', 'A', 'A', 'A', 'AA', 'A', 'A', 'A', 'A', 'A', 'A', 'A', 'A', 'A', 'A', 'A', 'A', 'A', 'A', 'A', 'A', 'A', 'A', 'A', 'AA', 'A', 'A', 'A', 'A', 'A', 'AA', 'A', 'A', 'A', 'A', 'A', 'A', 'A', 'A', 'A', 'AA', 'A', 'A', 'A', 'A', 'A', 'A', 'A', 'A', 'A', 'A', 'AA', 'A', 'A', 'AA', 'A', 'A', 'A', 'A', 'A', 'A', 'AA', 'A', 'A', 'A', 'A', 'A', 'A', 'A', 'A', 'A', 'A', 'A', 'AA', 'A', 'A', 'A']	193
ENST00000490337:9	['TAACTTCTATTTTTAAATGGCTATTGAG', 'TAACTTCTATTTTTAAATGGCTATTGAG']	2
ENST00000492622:2	['T', 'T']	2
ENST00000494943:9	['A', 'A', 'A', 'A', 'A', 'A', 'A', 'A', 'A', 'A', 'A', 'A', 'A', 'A', 'A', 'A', 'A', 'A', 'A', 'A', 'A', 'A', 'A', 'A', 'A', 'A', 'A', 'A', 'A', 'A', 'A', 'A', 'A']	33
ENST00000495827:5	['A', 'A']	2
ENST00000496391:2	['T', 'T']	2
ENST00000496811:15	['A', 'AA', 'A', 'A', 'A', 'A', 'A', 'A', 'A', 'A', 'A', 'A', 'A', 'A', 'A', 'A', 'A', 'A', 'AA', 'A', 'A', 'A', 'A', 'A', 'A', 'A', 'A', 'A', 'A', 'A', 'A', 'A', 'A', 'A', 'A', 'A', 'A', 'A', 'A', 'A', 'A', 'A', 'A', 'A', 'A', 'A', 'A', 'AA', 'A', 'A', 'A', 'A', 'A', 'A', 'A', 'A', 'A', 'A', 'A', 'A', 'A', 'A', 'A', 'A', 'A', 'A', 'A', 'A', 'A', 'A', 'A', 'A', 'A', 'A', 'A', 'AA', 'A', 'A', 'A', 'AA', 'A', 'A', 'A', 'A', 'A', 'A', 'A', 'A', 'A', 'A', 'A', 'A', 'A', 'A', 'A', 'A', 'A', 'A', 'A', 'A', 'A', 'A', 'A', 'A', 'A', 'A', 'A', 'A', 'A', 'A', 'A', 'A', 'A', 'A', 'A', 'A', 'A', 'A', 'A', 'A', 'A', 'A', 'A', 'A', 'A', 'A', 'A', 'A', 'A', 'A', 'A', 'A', 'AA', 'A', 'A', 'A', 'A', 'A', 'A', 'A', 'A', 'A', 'A', 'A', 'A', 'A', 'A', 'A', 'A', 'A', 'A', 'AA', 'A', 'A', 'A', 'A', 'A', 'A', 'A', 'A', 'A', 'A', 'AA', 'A', 'A', 'A', 'A', 'A', 'A', 'A', 'A', 'A', 'A', 'A', 'A', 'A', 'A', 'A', 'A', 'A', 'A', 'A', 'A', 'A']	184
ENST00000496811:21	['G', 'G', 'G', 'G']	4
ENST00000496811:22	['A', 'A']	2
ENST00000497454:4	['G', 'G', 'G', 'G']	4
ENST00000497473:3	['GA']	1
ENST00000497985:2	['AA', 'A']	2
ENST00000498707:12	['A', 'A']	2
ENST00000499023:1	['A', 'A', 'A', 'A', 'A', 'A', 'A', 'A', 'A', 'A', 'A', 'A', 'A', 'A', 'A', 'A', 'A', 'A', 'A', 'A', 'A', 'A', 'A', 'A', 'A', 'A', 'A', 'A', 'A', 'A', 'A', 'A', 'A', 'A', 'A', 'A', 'A', 'A', 'A', 'A', 'A', 'A', 'A', 'A', 'A', 'A', 'A', 'A', 'A', 'A', 'A', 'A', 'A', 'A', 'A', 'A', 'A', 'A', 'A', 'AA', 'A', 'A', 'AA', 'A', 'A', 'A', 'A', 'A', 'A', 'A', 'A', 'A', 'A', 'A', 'A', 'A', 'A', 'A', 'A', 'A', 'A', 'A', 'A', 'A', 'A', 'A', 'A', 'A', 'A', 'A', 'A', 'A', 'A', 'A', 'A', 'A', 'A', 'A', 'A', 'A', 'A', 'A', 'A', 'A', 'A', 'A', 'AA', 'A', 'A', 'A', 'AA', 'A', 'A', 'AAA', 'A']	115
ENST00000499023:3	['A', 'A', 'A', 'A', 'A', 'A', 'A', 'A', 'A', 'A', 'A', 'A', 'A', 'A', 'A', 'A', 'A']	17
ENST00000500254:3	['GGA']	1
ENST00000502346:3	['A', 'A', 'A', 'A', 'A', 'A', 'A', 'A']	8
ENST00000502935:15	['A', 'A', 'A', 'A', 'A', 'A', 'A', 'A', 'A', 'A', 'A', 'A']	12
ENST00000503322:3	['A']	1
ENST00000503640:3	['A', 'A', 'A', 'A']	4
ENST00000503781:48	['G', 'G']	2
ENST00000503781:51	['A', 'A', 'A', 'A', 'A', 'A', 'A', 'A']	8
ENST00000504108:4	['T', 'T']	2
ENST00000504123:1	['A', 'A', 'A', 'A', 'AA', 'A', 'AA', 'A', 'A', 'A', 'AA', 'A', 'A', 'A', 'AA', 'A', 'A', 'A', 'A', 'A', 'A', 'A', 'AA', 'A', 'A', 'AA', 'AA', 'A', 'A', 'AAA', 'A', 'AA', 'AA', 'A', 'A', 'AA', 'A', 'A', 'A', 'A', 'A', 'A', 'AA', 'A', 'AA', 'A', 'A']	47
ENST00000504123:3	['AA', 'AAAAA', 'AAAA', 'AA', 'AA', 'TAA', 'AA', 'AA', 'AA', 'AA', 'AA', 'AA', 'AA', 'AA', 'AA', 'AAA', 'AA', 'AA', 'AA', 'AAA', 'A', 'AAAAA', 'AAAA', 'AA', 'AA', 'AA', 'AAAAA', 'AA', 'AA', 'AAA', 'AA', 'AA', 'AA', 'A', 'AAA', 'A', 'A', 'AAA', 'AA', 'AA', 'AA', 'AA', 'AA', 'AA', 'AAA', 'AAAA', 'AAAAA', 'AA', 'AA', 'AA', 'AA', 'AA', 'AA', 'AAA', 'AA', 'AA', 'AA', 'AA', 'AA', 'AA', 'A', 'AAAAAA', 'TAA', 'AAAAAA', 'AAAAAA', 'AAAAA', 'AAA', 'AAA', 'AAA', 'AAA', 'AAAAA', 'AAA', 'AAAA', 'AAA', 'AAAA', 'AAAAAA', 'TAA', 'AA', 'AA', 'A', 'A', 'AA', 'TAA']	83
ENST00000504387:1	['CAGGAGATAGAGATGGAAAGGTTGGTAAGATCTG']	1
ENST00000504764:37	['TACT', 'TACT']	2
ENST00000505490:1	['A', 'A', 'A', 'A', 'A', 'A', 'A', 'A', 'A', 'A', 'A', 'A', 'A', 'A', 'A', 'A', 'A', 'A', 'A', 'A', 'A', 'A', 'A']	23
ENST00000505747:9	['A', 'A', 'AA', 'AA', 'A', 'AA', 'A', 'AA', 'AA', 'AA', 'A', 'AA', 'AA', 'AA', 'AA', 'AA', 'AA', 'A', 'AA', 'A', 'AA', 'AA', 'A', 'AA', 'AA', 'AA', 'AA', 'AA', 'A', 'AA', 'A', 'A', 'AA', 'A', 'A', 'AA', 'A', 'A', 'A', 'A', 'AA', 'A', 'A', 'AA', 'AA', 'A', 'A', 'AA', 'A', 'AA', 'AA', 'A', 'AA', 'A', 'AA', 'AA', 'A', 'AA', 'A', 'A', 'AA', 'A', 'AA', 'AA', 'AA', 'A', 'AA', 'A', 'AA', 'A', 'A', 'A', 'A', 'A', 'A', 'A', 'A', 'A', 'A', 'A', 'A', 'A', 'A', 'A', 'A', 'A', 'A', 'A', 'A', 'A', 'A', 'A', 'A', 'A', 'A', 'A', 'A', 'A', 'AA', 'AA', 'A', 'A', 'A', 'A', 'A', 'A', 'A', 'A', 'A', 'A', 'A', 'A', 'A', 'AA', 'A', 'A', 'A', 'A', 'A', 'A', 'A', 'A', 'A', 'A', 'AA', 'AA', 'A', 'A', 'A', 'A', 'AA', 'AA', 'AA', 'A', 'A', 'A', 'AA', 'A', 'A', 'A', 'A', 'A', 'A', 'A', 'A', 'A', 'A', 'A', 'A', 'A', 'A', 'AA', 'A', 'A', 'A', 'A', 'A', 'A']	158
ENST00000505820:18	['G', 'G']	2
ENST00000505820:8	['G', 'G', 'G']	3
ENST00000506447:30	['T', 'T']	2
ENST00000506447:34	['T', 'T', 'T', 'T', 'T']	5
ENST00000507866:2	['C', 'C']	2
ENST00000508784:7	['GGG', 'GGGGGAGGGGGA']	2
ENST00000509018:2	['A', 'AA', 'A', 'AA', 'AA', 'A', 'A', 'AA', 'A', 'A', 'AA', 'A', 'A', 'A', 'AA', 'A', 'A', 'A', 'AA', 'AA', 'AA', 'A', 'A', 'AA', 'AA', 'AA', 'A', 'A', 'A', 'A', 'AA', 'AA', 'AA', 'A', 'AA', 'AA', 'A', 'A', 'AA', 'AA', 'AA', 'A', 'A', 'A', 'A', 'A', 'A', 'A', 'A', 'A', 'A', 'A', 'AA', 'A', 'A', 'A', 'A', 'A', 'A', 'A', 'A', 'A', 'A', 'A', 'A', 'A', 'AA', 'AA', 'AA', 'A', 'A', 'A', 'A', 'A', 'A', 'A', 'A', 'A', 'A', 'A', 'A', 'AA', 'A', 'A', 'A', 'A', 'A', 'AA', 'A', 'A', 'AA', 'A', 'A', 'A', 'A', 'AA', 'A', 'A', 'AA', 'A', 'A', 'AA', 'A', 'A', 'AA', 'A', 'A', 'AA', 'AA', 'A', 'A', 'A', 'AA', 'A', 'A', 'A', 'A', 'A', 'A', 'A', 'A']	121
ENST00000509018:6	['A', 'A', 'A', 'A', 'A', 'A', 'A', 'A', 'A', 'A', 'A', 'A', 'A', 'A', 'A', 'A', 'A', 'A', 'A', 'A', 'A', 'A', 'A', 'A', 'A', 'A', 'A', 'A', 'A', 'A', 'A', 'A', 'A', 'A', 'A', 'A', 'A', 'A', 'A', 'A', 'A', 'A', 'A', 'A', 'A', 'A', 'A', 'A', 'A', 'A', 'A', 'A', 'A', 'A', 'A', 'A', 'A', 'A', 'A', 'A', 'A', 'A', 'A', 'A', 'A', 'A', 'A', 'A', 'A', 'A', 'A', 'A', 'A', 'A', 'A', 'A', 'A', 'A', 'A', 'A', 'A', 'A', 'A', 'A', 'A', 'A', 'A', 'A', 'A', 'A', 'A', 'A', 'A', 'A', 'A', 'A', 'A', 'A', 'A', 'A', 'A', 'A', 'A', 'A', 'A', 'A', 'A', 'A', 'A', 'A', 'A', 'A', 'A', 'A', 'A', 'A', 'A', 'A', 'A', 'A', 'A', 'A', 'A', 'A', 'A', 'A', 'A', 'A', 'A', 'A', 'A', 'A', 'A', 'A', 'A', 'A', 'A', 'A', 'A', 'A', 'A', 'A', 'A', 'A', 'A', 'A', 'A', 'A', 'A', 'A', 'A', 'A', 'A', 'A', 'A', 'A', 'A', 'A', 'A', 'A', 'A', 'A', 'A', 'A', 'A', 'A', 'A', 'A', 'A', 'A', 'A', 'A', 'A', 'A', 'A', 'A', 'A', 'A', 'A', 'A', 'A', 'A']	182
ENST00000509311:14	['G']	1
ENST00000509910:3	['AA', 'A', 'AA', 'AA', 'AA', 'AA', 'AA', 'AA', 'AA', 'AA', 'A', 'AA', 'AA', 'AA', 'AA', 'AA', 'AA', 'AA', 'A', 'AA', 'A', 'AA', 'AA', 'AA', 'A', 'AA', 'AA', 'AA', 'AA', 'A', 'AA', 'AA', 'AA', 'AA', 'AA', 'A', 'AA', 'A', 'AA', 'A', 'AA', 'AA', 'AA', 'AA', 'AA', 'AA', 'A', 'A', 'AA', 'A', 'A', 'AA', 'AA', 'A', 'AA', 'AA', 'A', 'AA', 'AA', 'AA', 'A', 'AA', 'AA', 'A', 'A', 'AA', 'AA', 'AA', 'AA', 'AA', 'A', 'AA', 'A', 'AA', 'AA', 'AA', 'AA', 'AA', 'AA', 'A', 'A', 'A', 'AA', 'A', 'A', 'AA', 'A', 'AA', 'AAA', 'A', 'A', 'A', 'A', 'A', 'AA', 'A', 'AAA', 'A', 'A', 'AA', 'A', 'A', 'A', 'A', 'AA', 'A', 'A', 'A', 'A', 'A', 'AA', 'A', 'A', 'AA', 'AA', 'A', 'AA', 'A', 'A', 'AA', 'AA', 'A', 'A', 'A', 'AA', 'AA', 'A', 'A', 'A', 'A', 'A', 'A', 'AA', 'A', 'AA', 'A', 'A', 'A', 'A', 'A', 'A', 'A', 'AA', 'A', 'A', 'A', 'A', 'AA', 'AA', 'A', 'AA', 'AA', 'A', 'A', 'A', 'AA', 'A', 'A', 'AA', 'A', 'A', 'AA', 'AA', 'A', 'AA', 'AA', 'A', 'A', 'A', 'A', 'A', 'AA', 'AAA', 'A', 'A', 'AA', 'A', 'A', 'AA', 'A', 'A', 'AA', 'AA', 'AAA', 'A', 'AA', 'A', 'A', 'A', 'AAA']	190
ENST00000510708:5	['TG']	1
ENST00000511113:7	['A', 'A', 'A', 'A', 'AAT', 'A', 'A']	7
ENST00000512086:11	['A', 'A', 'A', 'A']	4
ENST00000512123:57	['TTT']	1
ENST00000512123:64	['C', 'C']	2
ENST00000512528:3	['A', 'A', 'A', 'A', 'A', 'A', 'A', 'A', 'A', 'A', 'A', 'A', 'A', 'A', 'A', 'A', 'A', 'A', 'A', 'A', 'A', 'A', 'A', 'A', 'A', 'A']	26
ENST00000512701:1	['G', 'G', 'G', 'G', 'G', 'G']	6
ENST00000513200:2	['A', 'A', 'A', 'A']	4
ENST00000513398:6	['C', 'C']	2
ENST00000513610:15	['AAAAAAAA', 'AAAAAAAAAAA', 'AAAAAAAAAAAAA', 'AAAAAAAAAAAAAAAA', 'AAAAAAAAAAAAAAA', 'AAAAAAAAAAAAAA', 'AAAAAAAAA', 'AAAAAAAAAAAAA', 'AAAAAAAAAAA', 'AAAAAAAAAAA', 'AAAAAAAAAAAAAAA', 'AAAAAAAAAAAAAA', 'AAAAAAAAAAAAA', 'AAAAAAAAAAAAA', 'AAAAAAAAAAA', 'AAAAAAAAAA', 'AAAAAAAAAAA', 'AAAAAAAAAAAA', 'AAAAAAAA', 'AAAAAAAAAAAAA', 'AAAAAAAAAAAA', 'AAAAAAAAAAAA', 'AAAAAAAAAAAAA', 'AAAAAAAAAAAAA', 'AAAAAAAAAAAA', 'AAAAAAAAAAAAA', 'AAAAAAAAAAAAAA', 'AAAAAAAAAAAAA', 'AAAAAAAAA', 'AAAAAAAAAAAAAA', 'AAAAAAAAAAAA', 'AAAAAAAAAAAA', 'AAAAAAAAAAAAAA', 'AAAAAAAAAAAAAAA', 'AAAAAAAAAAAA', 'AAAAAAAAAAAAA', 'AAAAAAAAAAAAA', 'AAAAAAAAAAAAAA', 'AAAAAAAAAAA', 'AAAAAAAAAAAAAA', 'AAAAAAAAAAAA', 'AAAAAAAAAA', 'AAAAAAAAAAAAAA', 'AAAAAAAAA', 'AAAAAAAAAAA', 'AAAAAAAAA', 'AAAAAAAAAAAAAA', 'AAAAAAAAAAAAAAAAA', 'AAAAAAAAAAAAAAAA', 'AAAAAAAAAAAAAAA', 'AAAAAAAAAAAAAAAA', 'AAAAAAAAAAAAAAA', 'AAAAAAA', 'AAAAAAAAAAA', 'AAAAAAAAAAA']	55
ENST00000513610:25	['GA', 'GA']	2
ENST00000513610:31	['A', 'A']	2
ENST00000513761:12	['T', 'T', 'T', 'T']	4
ENST00000514213:22	['T']	1
ENST00000515393:9	['A', 'A', 'AA', 'A', 'A', 'A', 'A', 'G', 'A', 'A', 'A', 'A', 'A', 'A', 'A', 'A', 'A', 'A', 'A', 'A', 'G', 'A', 'A', 'A', 'A', 'A', 'A', 'A', 'A', 'A', 'A', 'A', 'A', 'A', 'A', 'A', 'A', 'A', 'A', 'A', 'A', 'A', 'A', 'A', 'A', 'A', 'A', 'A', 'A', 'A', 'G', 'A', 'A', 'A', 'A', 'A', 'G', 'A', 'A', 'A', 'A', 'A', 'A', 'A', 'A', 'A', 'A', 'A', 'A', 'A', 'A', 'A', 'A', 'A', 'A', 'A', 'A', 'A', 'A', 'A', 'A']	81
ENST00000515683:2	['T']	1
ENST00000517328:2	['A', 'A', 'A', 'A', 'A', 'A', 'A', 'A', 'A', 'A', 'A', 'A', 'A', 'A', 'A', 'A', 'A', 'A', 'A', 'A', 'A', 'A', 'A', 'A', 'A', 'A', 'A', 'A', 'A', 'A', 'A', 'A', 'A', 'A']	34
ENST00000517746:4	['A', 'AAA', 'A', 'AAA', 'AAA', 'A', 'AA', 'AA', 'AAA', 'AA', 'AAA', 'AAA', 'AA', 'AA', 'AA', 'AAAA', 'AAAA', 'AAA', 'AAA', 'AAA', 'AA', 'AA', 'AA', 'AA', 'AAAA', 'AA', 'AA', 'AAAA', 'AAAA', 'AAA', 'AA', 'AAA', 'AA', 'AA', 'AA', 'AA', 'AAA', 'AA', 'AA', 'AA', 'AA', 'A', 'AA', 'AAA', 'AAA', 'AAA', 'AAA', 'AA', 'AAAA', 'AA', 'AAAAA', 'AAA', 'AA', 'AAAA', 'A', 'A', 'AAA', 'AA', 'AAA', 'AAAAA', 'AAAA', 'AAA', 'AA', 'AA', 'AA', 'AAA', 'AA', 'AAA', 'AA', 'A', 'AAAA', 'AA', 'AA', 'AA', 'AA', 'AA', 'AA', 'A', 'AAA', 'AAA', 'A', 'A', 'A', 'A', 'A', 'A', 'A', 'AA', 'A', 'AA', 'A', 'A', 'AA', 'AA', 'AAA', 'AA', 'AA', 'A', 'AA', 'AA', 'AA', 'AA', 'AA', 'A', 'AAA', 'AAA', 'AA', 'AA', 'AA', 'AA', 'A', 'A', 'AA', 'AA', 'AA', 'AA', 'AA', 'AA', 'A', 'AAA', 'A', 'AAA', 'AAA', 'A', 'A', 'AAAA', 'A', 'A', 'AAAA', 'AA']	130
ENST00000517905:3	['C', 'A', 'A']	3
ENST00000518237:1	['TTC']	1
ENST00000518322:5	['T', 'T']	2
ENST00000518721:10	['A', 'A', 'A', 'A', 'A', 'A', 'A', 'A', 'A', 'A', 'A', 'A', 'AA', 'A', 'A', 'A', 'A', 'A', 'AA', 'A', 'A', 'A', 'A', 'A', 'A', 'A', 'A', 'A', 'A', 'A', 'A', 'A', 'AA', 'A', 'A', 'A', 'A', 'A', 'A', 'A', 'A', 'A', 'A', 'A', 'AA', 'A', 'A', 'A', 'A', 'A', 'A', 'A', 'A', 'AA', 'A', 'A', 'A', 'A', 'A', 'A', 'A', 'A', 'A', 'A', 'A', 'A', 'AA', 'A', 'A', 'A', 'A', 'A', 'AA', 'A', 'A', 'A', 'A', 'A', 'A', 'A', 'A', 'A', 'A', 'A', 'A', 'A', 'AA', 'A', 'A', 'A', 'A', 'A', 'A', 'A', 'A', 'A', 'A', 'A', 'A', 'A', 'A', 'A', 'A', 'A', 'A', 'A', 'A', 'A', 'A', 'A', 'A']	111
ENST00000518721:13	['A', 'A', 'A', 'A', 'A', 'A']	6
ENST00000518721:14	['A', 'A', 'A', 'A', 'A', 'A', 'A', 'A', 'A', 'A', 'A', 'A', 'A', 'A', 'A', 'A', 'A', 'A', 'A', 'A']	20
ENST00000520002:19	['AT']	1
ENST00000520002:67	['A']	1
ENST00000520113:4	['A', 'A', 'AAA', 'AAA', 'AAA', 'AA', 'AAA', 'AAA', 'AAA', 'AA', 'AAA', 'AAA', 'AAA', 'AAA', 'AAA', 'AAA', 'AAA', 'AAA', 'AAA', 'AA', 'AAA', 'AAA', 'AA', 'AA', 'AAA', 'AAA', 'AAA', 'AA', 'AAA', 'AAA', 'AAA', 'AAA', 'AAA', 'AAA', 'A', 'AAA', 'AAA', 'AAA', 'A', 'A', 'AA', 'AA', 'AAA', 'A', 'AA', 'AAA', 'AA', 'AA', 'AAA', 'AAA', 'AA', 'AAA', 'AAA', 'AA', 'A', 'AAA', 'AAAA', 'AA', 'AAA', 'A', 'A', 'AA', 'AAA', 'AAA', 'AAA', 'AAA', 'AAA', 'AAA', 'AAA', 'AAA', 'AA', 'AA', 'A', 'AAA', 'AAA', 'AAA', 'A', 'AA', 'AAA', 'A', 'A', 'A', 'A', 'A', 'A', 'A', 'AA', 'AA', 'AA', 'A', 'AA', 'AA', 'AA', 'AA', 'AA', 'A', 'AAA', 'A', 'AA', 'AA', 'AA', 'A', 'AA', 'AA', 'A', 'A', 'A', 'AA', 'A', 'A', 'A', 'AA', 'AA', 'AA', 'AA', 'A', 'A', 'AAA', 'A', 'A', 'AA', 'AA', 'AA', 'AA', 'AA', 'AA', 'AAA', 'AAA', 'AAA', 'AAA', 'A', 'A', 'A', 'A', 'A', 'A', 'A', 'A', 'A', 'A', 'A', 'AAA', 'A', 'A', 'A', 'A', 'A', 'AAAA', 'A', 'A', 'AA', 'A']	152
ENST00000520164:6	['C', 'C', 'C', 'C', 'C']	5
ENST00000520467:15	['A', 'AACAAGAGGG', 'A']	3
ENST00000520539:20	['CAGA', 'CAGA', 'CAGA', 'CAGA']	4
ENST00000520539:26	['A', 'A', 'A', 'A', 'A', 'A', 'A', 'A']	8
ENST00000520539:29	['A', 'A']	2
ENST00000520539:36	['A', 'A', 'A', 'A', 'A', 'A', 'A', 'A', 'A', 'A', 'A', 'A', 'A', 'A', 'A']	15
ENST00000520539:46	['A', 'A', 'A', 'AA', 'AA', 'AA', 'A', 'AA', 'AA', 'A', 'A', 'AA', 'AA', 'AA', 'AA', 'AA', 'A', 'AA', 'AA', 'A', 'A', 'A', 'AA', 'AAA', 'A', 'AA', 'AA', 'A', 'A', 'A', 'AA', 'A', 'A', 'AAA', 'AAA', 'A', 'AA', 'A', 'A', 'AA', 'A', 'AA', 'A', 'AA', 'A', 'A', 'A', 'A', 'A', 'A', 'AAA', 'A', 'AA', 'A', 'A', 'A', 'AA', 'A', 'A', 'A', 'AA', 'AA', 'A', 'AA', 'A', 'AA', 'AA', 'AA', 'A', 'AAA', 'AA', 'AA', 'A', 'A', 'A', 'A', 'AAA', 'A', 'A', 'AA', 'AA', 'AAA', 'A', 'A', 'AA', 'A', 'AA', 'AAA', 'A', 'AA', 'A', 'A', 'A', 'A', 'A', 'A', 'AA', 'A', 'A', 'A', 'A', 'A', 'A', 'AAA', 'AA', 'A', 'AAA', 'A', 'AA', 'A', 'AA', 'A', 'A', 'A', 'A', 'A', 'A', 'A', 'A', 'A', 'A', 'A', 'A', 'A', 'A', 'A', 'A', 'AA', 'A', 'A', 'AA', 'A', 'AA', 'A', 'A', 'A', 'A', 'A', 'A', 'A', 'A', 'A', 'AAA', 'AA', 'A', 'A', 'A', 'AA', 'AAA', 'A', 'AA', 'A', 'AA', 'A', 'A', 'A', 'AA', 'A', 'A', 'AA', 'AA', 'A', 'A', 'AAA', 'AA', 'AAA', 'AA', 'AA', 'AAA', 'A', 'A', 'A', 'AA', 'A', 'A', 'A', 'AAA', 'A', 'AAA', 'AA', 'AA', 'AAA', 'AAA', 'A', 'A', 'A', 'AAA', 'AAAA']	188
ENST00000520539:6	['A', 'A', 'A', 'A']	4
ENST00000520552:3	['AAAAA', 'AAAAAAA', 'AA', 'AAA', 'AAAAAAAAA', 'AAAAAAA', 'AAAAAAAA', 'AAAAAAA', 'AAAAAAA', 'AAAAA', 'AAAAAAAA', 'AAAAAAA', 'AAAAAAAA', 'AAAAAAA', 'AAAAAAA', 'AAA', 'AAAAAAA', 'AAAAAA', 'AAAAAA', 'AAAAA', 'AAAAAAAA', 'AAAA', 'AAA', 'AAAAAAAA', 'AAAAAAA', 'AAAAA', 'AAAAAA', 'AAAAAA', 'AAAAAAA', 'AAAAAAAAA', 'AAAAAAAA', 'AAAAAAAAA', 'AAAAAA', 'AAAAAAAA', 'AAAAAAA', 'AAAAAA', 'AAA', 'AAAAAAAA', 'AAAAAAAAA', 'AAAAAA', 'AAAAAAA', 'AAAAAA', 'AAAAAAA', 'AAAAAA', 'AAAAAA', 'AAAAAA', 'AAAAAAAA', 'AAAAAAA', 'AAAAAAA', 'AAAAAAAA', 'AAAAAAA', 'AAAAAA', 'AAAAAAAAA', 'AAAAAAAA', 'AA', 'AAAAAAA', 'AAAAAAA', 'AAAAAAAA', 'AAAAAAAAA', 'AAAAAAAA', 'AAAAAAA', 'AAAAAAAA', 'AAAAAAA', 'AAAAAAAA', 'AAAAAAAA', 'AAAAAAAA', 'AAAAAAAA', 'AAAAAA', 'AAAAAAA', 'AAAAAAA', 'AAAAAAAA', 'AAAAAAA', 'AAAAAAA', 'AAAAAAAAA', 'AAAAAAAA', 'AAAAAAAAA', 'AAAAAAA', 'AAAAAAAA', 'AAAA', 'AAAAAAAA', 'AAAAAAAA', 'AAAAAAAA', 'AAAAAAAA', 'AAAAAAAA', 'AAAAAA', 'AAAAAAAAA', 'AAAAAA', 'AAAAAAA', 'AAAAAAA', 'AAAAAAA', 'AAAAAAAAAA', 'AAAAAAAA', 'AAAAAAAA', 'AAAAAAAA', 'AAAAAA', 'AAAAAAA', 'AAAAAA', 'AAAAAA', 'AAAAAAAAAA', 'AAAAA', 'AAAAAAA', 'AAAAAAAAA', 'AAAAAAAA', 'AAAAAAA', 'AAAAA', 'AAAAAAA', 'AAAAA', 'AAAAAAAA', 'AAAAAAAA', 'AAAAAAAA', 'AAAAAAA', 'AAAAA', 'AAAAAAA', 'AAAAAAA', 'AAAAAAAAAAAAA', 'AAAAAAAA', 'AAAAAAA', 'AAAAAA', 'AAAAAAA', 'AAAAAAA', 'AAAAAAAA', 'AAAAAAAAA', 'AAAAAAAAAAA', 'AAAAAAAA', 'AAAAAAAAA', 'AAAAAAAA', 'AAAAAAAA', 'AAAAAAAAAA', 'AAAAAA', 'AAAAAAAAA', 'AAAAAAAAAA', 'AAAAAAAA', 'AAAAAAA', 'AAAAAAAAA', 'AAAAAAAAAA', 'AAAAAAAAAA', 'AAAAAAAAA', 'AAAAAAAAA', 'AAAAAAAAAA', 'AAAAAAAAA', 'AAAAAAAAA', 'AAAAA', 'AAAAAA', 'AAAAA', 'AAAAAAAAA', 'AAAAAAAAAA', 'AAAAAAAA', 'AAAAAAAAA', 'AAAAAAAAAAA', 'AAAAAAAAAAA', 'AAAAAAA', 'AAAAAAAAA', 'AAAAAAAAAA', 'AAAAAAAAAAAAA', 'AAAAAAAAA', 'AAAAAAAAAA', 'AAAAAAAAAAA', 'AAAAAAAA', 'AAAAAAA', 'AAAAAAAAA']	160
ENST00000521288:1	['G', 'G']	2
ENST00000521381:13	['GTTTTTCAGGTG', 'GTTTTTCAGGTG']	2
ENST00000521381:5	['T', 'T', 'T']	3
ENST00000521400:18	['C', 'C']	2
ENST00000521978:3	['AGG', 'AGG']	2
ENST00000521978:6	['G']	1
ENST00000522677:1	['A', 'A', 'A', 'A', 'A', 'A', 'A', 'A', 'A', 'A', 'A', 'A', 'A', 'A', 'A', 'A', 'A', 'A', 'A', 'A', 'A', 'A', 'A', 'A', 'A', 'A', 'A', 'A', 'A', 'A', 'A', 'A', 'A', 'A', 'A', 'A', 'A', 'A', 'A', 'A', 'A']	41
ENST00000522781:5	['AG', 'AG']	2
ENST00000523102:1	['AA']	1
ENST00000524189:17	['A', 'A', 'A', 'A', 'A', 'A', 'A', 'A', 'A', 'A', 'A', 'A', 'A', 'A', 'A', 'A', 'A', 'A', 'A', 'A', 'A', 'A', 'A', 'A', 'A', 'A', 'A', 'A', 'A', 'A', 'A', 'A', 'A', 'A', 'A', 'A', 'A']	37
ENST00000524189:4	['GA', 'GA', 'GA', 'GA', 'GA', 'GA', 'GA', 'GA', 'GA', 'GA', 'GA', 'GA', 'GA', 'GA', 'GA', 'GA', 'GA', 'GA', 'GA', 'GA']	20
ENST00000524300:5	['A', 'A', 'AA', 'A', 'A', 'A', 'A', 'A', 'A', 'A', 'A', 'A', 'A', 'A', 'A', 'A', 'A', 'A', 'A', 'A', 'A', 'A', 'A', 'A', 'A', 'A', 'AA', 'A', 'A', 'A', 'A', 'A', 'A', 'A', 'A', 'A', 'A', 'A', 'A', 'A', 'A', 'A', 'A', 'A', 'AA', 'A', 'A', 'A', 'A', 'A', 'A', 'A', 'A', 'A', 'A', 'A', 'A', 'A', 'A', 'A', 'A', 'A', 'A', 'A', 'A', 'A', 'A', 'A', 'A', 'A', 'A', 'A', 'A', 'A', 'AA', 'A', 'A', 'A', 'A', 'A', 'A', 'A', 'A', 'A', 'A', 'A', 'A', 'A', 'A', 'A', 'A', 'A', 'AA', 'A', 'A', 'A', 'A', 'A', 'A', 'A', 'A', 'A', 'A', 'A', 'A', 'A', 'A', 'A', 'A', 'A', 'A', 'A', 'A', 'A', 'A', 'A', 'A', 'A', 'A', 'A', 'A', 'A', 'A', 'A', 'A', 'A', 'A', 'A', 'A', 'AA', 'A', 'A', 'AA', 'A', 'A', 'A', 'A', 'A', 'A', 'A', 'A', 'AA', 'A', 'A', 'A', 'A', 'A', 'A', 'A', 'A', 'A', 'A', 'A', 'A', 'A', 'A', 'A', 'A', 'A', 'A', 'A']	161
ENST00000524325:12	['GA', 'GA', 'GA', 'GA', 'GA', 'GA', 'GA', 'GA', 'GA', 'GA', 'GA', 'GA', 'GA', 'GA', 'GA', 'GA', 'GA', 'GA', 'GA', 'GA', 'GA', 'GA', 'GA', 'GA', 'GA', 'GA', 'GA', 'GA', 'GA', 'GA', 'GA', 'GA', 'GA', 'GA', 'GA', 'GA', 'GA', 'GA', 'GA', 'GA', 'GA', 'GA', 'GA', 'GA', 'GA', 'GA', 'GA', 'GA', 'GA', 'GA', 'GA', 'GA', 'GA', 'GA', 'GA', 'GA', 'GA', 'GA', 'GA', 'GA', 'GA', 'GA', 'GA', 'GA', 'GA', 'GA', 'GA', 'GA', 'GA', 'GA', 'GA', 'GA', 'GA', 'GA', 'GA', 'GA', 'GA', 'GA', 'GA', 'GA', 'GA', 'GA', 'GA', 'GA', 'GA', 'GA', 'GA', 'GA', 'GA', 'GA', 'GA', 'GA', 'GA', 'GA', 'GA', 'GAGA', 'GA', 'GA', 'GA', 'GA', 'GA', 'GA', 'GA', 'GA', 'GA', 'GA', 'GA', 'GA', 'GA', 'GA', 'GA', 'GA', 'GA', 'GA', 'GA', 'GA', 'GA', 'GA', 'GA', 'GA', 'GA', 'GA', 'GA', 'GA', 'GA', 'GA', 'GA', 'GA', 'GA', 'GA', 'GA', 'GA', 'GA', 'GA', 'GA', 'GA', 'GA', 'GA', 'GA', 'GA', 'GA', 'GA', 'GA', 'GA', 'GA', 'GA', 'GA', 'GA', 'GA', 'GA', 'GA', 'GA', 'GA', 'GA', 'GA', 'GA', 'GA', 'GA', 'GA', 'GA', 'GA', 'GA', 'GA', 'GA', 'GA', 'GA', 'GA', 'GA']	168
ENST00000524325:8	['A']	1
ENST00000524377:4	['C']	1
ENST00000524871:20	['T', 'T', 'T', 'T', 'T', 'T']	6
ENST00000524981:47	['T']	1
ENST00000524993:6	['CACAAACAGGCAGCCTGCCTGCCCCA']	1
ENST00000525123:12	['AA', 'AAA', 'A', 'A', 'A', 'AAA', 'AAA', 'AAA', 'AAA', 'AAA', 'AA', 'AAA', 'AAA', 'AAA', 'AAA', 'AA', 'AAA', 'AAA', 'AAA', 'AAA', 'AAA', 'AAA', 'AAA', 'A', 'AAA', 'AA', 'AA', 'A', 'AAAA', 'AAA', 'AAA', 'AAA', 'AAA', 'AA', 'AAA', 'AA', 'A', 'AA', 'AA', 'AAA', 'AA', 'AA', 'AA', 'AA', 'AA', 'AAA', 'AAA', 'AA', 'AA', 'AAA', 'A', 'AAA', 'AAA', 'A', 'AA', 'AAA', 'AAA', 'AA', 'AAA', 'AAA', 'AAA', 'AAA', 'A', 'AAA', 'AA', 'AA', 'AA', 'AA', 'AAA', 'AAA', 'A', 'AA', 'AAA', 'AAA', 'AAA', 'A', 'A', 'AA', 'AAA', 'AA', 'AAA', 'AAA', 'AAA', 'AA', 'AA', 'A', 'AAA', 'AA', 'AAA', 'A', 'AAA', 'AA', 'A', 'AA', 'AA', 'A', 'AA', 'A', 'A', 'AA', 'A', 'A', 'AAAA', 'AA', 'A', 'AA', 'AA', 'AA', 'A', 'A', 'AA', 'AAA', 'A', 'A', 'A', 'A', 'AA', 'A', 'AA', 'A', 'A', 'A', 'AA', 'AAA', 'AA', 'A', 'A', 'AA', 'AA', 'AA', 'AA', 'A', 'AA', 'A', 'AA', 'AA', 'A', 'AA', 'A', 'A', 'AA', 'A', 'A', 'A', 'A', 'AA', 'A', 'AA', 'AA', 'A', 'A', 'A', 'A', 'A', 'AA', 'A', 'A', 'A', 'A', 'A', 'AAAA', 'A', 'AA', 'A', 'A', 'AA', 'A', 'A', 'AAA', 'A', 'A', 'AA', 'AAA', 'AA', 'AA', 'A', 'AA', 'A', 'AA', 'A', 'A', 'AA', 'A', 'AAA', 'AAA', 'AA', 'AAA']	187
ENST00000525123:5	['AAA', 'AAA', 'AAAA']	3
ENST00000525144:4	['G', 'G']	2
ENST00000525166:17	['T']	1
ENST00000525566:9	['C', 'C', 'TC', 'TC', 'TC']	5
ENST00000525815:6	['A', 'A', 'A', 'A', 'A', 'A', 'A', 'A', 'A', 'A', 'A', 'A', 'A', 'A']	14
ENST00000526070:11	['A', 'A', 'AA', 'A', 'AA', 'AA', 'AA', 'AA', 'A', 'AA', 'AA', 'AA', 'AA', 'A', 'AA', 'AA', 'A', 'A', 'A', 'A', 'AA', 'A', 'A', 'AA', 'AAA', 'AA', 'AA', 'A', 'A', 'A', 'AA', 'A', 'AA', 'AA', 'A', 'A', 'A', 'A', 'A', 'A', 'A', 'A', 'AA', 'AA', 'A', 'A', 'A', 'A', 'A', 'AA', 'A', 'A', 'A', 'A', 'A', 'A', 'A', 'A', 'A', 'A', 'A', 'AA', 'AA', 'AA', 'A', 'AA', 'A', 'AA', 'A', 'AA', 'A', 'AA', 'A', 'A', 'A', 'A', 'AA', 'A', 'A', 'A', 'AA', 'A', 'A', 'AA', 'A', 'A', 'A', 'A', 'AA', 'AA', 'A', 'A', 'AA', 'A', 'A', 'A', 'A', 'A', 'A', 'A', 'A', 'A', 'A', 'A', 'A', 'A', 'A', 'A', 'A', 'A', 'A', 'A', 'A', 'A', 'A', 'A', 'A', 'A', 'A', 'A', 'A', 'A', 'A', 'AA', 'A', 'A', 'A', 'A', 'A', 'A', 'A', 'A', 'AA', 'AA', 'A', 'A', 'A', 'A', 'A', 'A', 'A', 'A', 'A', 'A', 'AA', 'A', 'A', 'A', 'A', 'AA', 'A', 'AA', 'A', 'A']	154
ENST00000526070:8	['G', 'G', 'G', 'G', 'G', 'G', 'G', 'G', 'G', 'G', 'G', 'G', 'G', 'G', 'G', 'G', 'G', 'G', 'G', 'G', 'G', 'G', 'G', 'G', 'G', 'G', 'G']	27
ENST00000526104:9	['GG', 'GG']	2
ENST00000526148:15	['A', 'A']	2
ENST00000526148:20	['AAAAA', 'AAAA', 'AAA', 'AAAAA', 'AAAA', 'AAAAAAA', 'AAAAA', 'AAAAA', 'AAAAA', 'AAA', 'AAAA', 'AAA', 'AAAAA', 'AAA', 'AAAAAA', 'A', 'AAA', 'AAAAA', 'A', 'AAAAAA', 'AAA', 'AAAA', 'AAAAA', 'A', 'AAAAAAA', 'AAA', 'AAA', 'AAAA', 'AA', 'AAA', 'AAAAA', 'AAAAA', 'AAA', 'AA', 'A', 'AA', 'AAAA', 'AAAAAAA', 'AAAAAA', 'AAA', 'AAAAAAA', 'AAA', 'A', 'AA', 'AAAAA', 'AAAAAAA', 'AAAA', 'AAAA', 'AA', 'AAAAA', 'AAA', 'AAAAA', 'AAAAAAA', 'AAA', 'AAA', 'AAAAA', 'AAAA', 'AAA', 'AAAAA', 'AAAA', 'AAA', 'AA', 'AAAAA', 'AAA', 'AAAAA', 'AAAAA', 'AAAAA', 'AAAAA', 'AA', 'AA', 'AAAAA', 'AAAA', 'AAAA', 'AAAAA', 'AAAAA', 'AAAAA', 'AAAAAA', 'AAAA', 'AAAA', 'AA', 'AAAA', 'A', 'A', 'AAA', 'AAAAA', 'AAAAAAA', 'AAAA', 'AA', 'AAAA', 'AAAA', 'AAA', 'AAAA', 'AAA', 'AAAA', 'AAAAAA', 'A', 'AAAAAAA', 'AAAAA', 'AA', 'AAAA', 'AAAA', 'AAA', 'AAA', 'AAAA', 'AA', 'A', 'AA', 'AAAA', 'AA', 'AAAAA']	110
ENST00000526816:4	['G']	1
ENST00000527372:2	['AG', 'AG', 'AG', 'AG', 'AG', 'AG', 'AG', 'AG', 'AG', 'AG', 'AG', 'AG', 'AG', 'AG', 'AG', 'AG', 'AG', 'AG', 'AG', 'AG', 'AG', 'AG']	22
ENST00000527424:6	['T']	1
ENST00000527482:4	['A', 'A']	2
ENST00000527673:4	['A', 'AA', 'A', 'A', 'A', 'A', 'A', 'A', 'A', 'A', 'A', 'A', 'A', 'A', 'A', 'A', 'A', 'A', 'A', 'A', 'A', 'A', 'A', 'A', 'A', 'A', 'A', 'A', 'A', 'A', 'A', 'A', 'A', 'A', 'A', 'A', 'A', 'A', 'A', 'A']	40
ENST00000527958:3	['G', 'G']	2
ENST00000528266:11	['GG']	1
ENST00000528429:1	['A', 'A', 'A', 'A', 'A', 'A']	6
ENST00000528841:4	['G', 'G', 'G', 'G']	4
ENST00000528896:11	['G']	1
ENST00000529221:4	['AGAGGCCTT']	1
ENST00000529230:8	['G', 'G', 'G', 'G']	4
ENST00000532032:5	['A', 'A']	2
ENST00000532032:6	['A', 'A', 'A', 'AA', 'A', 'A', 'A', 'A', 'A', 'A', 'A', 'AA', 'A', 'A', 'A', 'A', 'AA', 'AA', 'A', 'A', 'A', 'A', 'A', 'A', 'A', 'A', 'A', 'A', 'A', 'A', 'A', 'A', 'A', 'A', 'A', 'A', 'A', 'A', 'A', 'A', 'A', 'AA', 'A', 'A', 'A', 'AA', 'A', 'A', 'A', 'A', 'A', 'A', 'A', 'AA', 'A', 'AA', 'A', 'A', 'A', 'AA', 'A', 'A', 'A', 'AA', 'AA', 'A', 'A', 'A', 'A', 'A', 'A', 'A', 'A', 'A', 'A', 'A', 'A', 'A', 'A', 'A', 'A', 'A', 'A', 'A', 'A', 'A', 'A', 'A', 'A', 'A', 'A', 'A', 'A', 'A', 'A', 'A', 'AA', 'AA', 'AA', 'A', 'A', 'A', 'AA', 'A', 'A', 'A', 'A', 'A', 'AA', 'A', 'A', 'A', 'AA', 'A', 'A', 'A', 'A', 'A', 'A', 'AA', 'A', 'AA', 'A', 'A', 'A', 'A', 'A', 'A', 'A', 'A', 'A', 'A', 'A', 'A', 'A', 'A', 'AA', 'A', 'A', 'A', 'A', 'AA', 'A', 'A', 'A', 'A', 'A', 'A', 'A', 'A', 'A', 'A', 'A', 'A', 'A', 'A', 'A', 'AA']	158
ENST00000532498:2	['A', 'A', 'A', 'A', 'A', 'A']	6
ENST00000532602:1	['T']	1
ENST00000533601:3	['GA', 'GA', 'GA', 'GA', 'GA', 'GA', 'GA', 'GA', 'GA', 'GA', 'GA', 'GA', 'GA']	13
ENST00000533663:1	['A']	1
ENST00000534064:11	['A', 'A', 'A', 'A', 'A', 'A', 'A', 'A', 'A', 'A', 'A', 'A', 'A', 'A', 'A', 'A', 'A', 'A', 'A', 'A', 'A', 'A', 'A', 'A', 'A', 'A', 'A', 'A', 'A', 'A', 'A', 'A', 'A', 'A', 'A', 'A', 'A', 'A', 'A', 'A', 'A', 'A']	42
ENST00000534064:2	['A', 'A']	2
ENST00000534064:22	['A', 'A']	2
ENST00000534064:4	['AA', 'AAAA', 'AA', 'AAAAA', 'AA', 'AAAA', 'A', 'AAA', 'AAA', 'AA', 'AA', 'AAA', 'AAA', 'AAAA', 'AAA', 'A', 'A', 'AAAA', 'AAA', 'A', 'AA', 'AAAAA', 'AAAA', 'AA', 'AAAA', 'AAAA', 'AAA', 'AAA', 'A', 'AA', 'AAA', 'AA', 'A', 'AAA', 'AAAA', 'A', 'AAA', 'AAA', 'AAAA', 'AAA', 'AAA', 'AA', 'A', 'AA', 'AA', 'AAA', 'AAA', 'A', 'AA', 'AA', 'AA', 'AAA', 'AA', 'AAAA', 'AAA', 'AA', 'AAAA', 'AAA', 'AA', 'A', 'AAA', 'AA', 'AAA', 'AAAA', 'AA', 'AAAA', 'AAAA', 'A', 'A', 'A', 'A', 'AAAA', 'A', 'AAA', 'A', 'AAA', 'AAA', 'AAAA']	78
ENST00000534261:8	['AAGGAAAGAAACCAGCACAGTGCAGCTGGGACCACCCA']	1
ENST00000534548:12	['A', 'A', 'A', 'A', 'A', 'A', 'A', 'A', 'A', 'A', 'A', 'A', 'A', 'A', 'A', 'A', 'A', 'A', 'A', 'A', 'A', 'A', 'A', 'A', 'A', 'A', 'A', 'A', 'A', 'A', 'A', 'A', 'A', 'A', 'A', 'A', 'A', 'A', 'A', 'A', 'A', 'A', 'A', 'A', 'A', 'A', 'A', 'A', 'A', 'A', 'A', 'A', 'A', 'A', 'A', 'A', 'A', 'A', 'A', 'A', 'A', 'A', 'AA', 'A', 'A', 'AA', 'A', 'A', 'A', 'A', 'A', 'A', 'A', 'A', 'A', 'A', 'A', 'A', 'A', 'A', 'A', 'A', 'A', 'A', 'A', 'A', 'A', 'A', 'A', 'A', 'AA', 'A', 'A', 'A', 'A', 'A', 'A', 'A', 'A', 'A', 'A', 'A', 'A', 'A', 'A', 'A', 'A', 'A', 'A', 'A', 'A', 'A', 'A', 'A', 'A', 'A', 'A', 'A', 'AA', 'A', 'A', 'A', 'A', 'A', 'A', 'A', 'A', 'A', 'A', 'A', 'A', 'A', 'A', 'A', 'A', 'A', 'A', 'A', 'A', 'A', 'A', 'A', 'A', 'A', 'A', 'A', 'A', 'A', 'A', 'A', 'A', 'A', 'A', 'A', 'A', 'A', 'A', 'A', 'A', 'A', 'A', 'A', 'A', 'AA', 'A', 'A', 'A', 'A', 'A', 'AA', 'A', 'A', 'A', 'A', 'A', 'A']	176
ENST00000534548:13	['TAGAGGGAATAC']	1
ENST00000534548:16	['A', 'A', 'A', 'A', 'A', 'A', 'A', 'A', 'A', 'A', 'A', 'A', 'A', 'A', 'A', 'A', 'A', 'A', 'A', 'A', 'A', 'A', 'A', 'A', 'A', 'AA', 'A', 'A', 'A', 'A', 'AA', 'A', 'A', 'A', 'A', 'A', 'AA', 'A', 'A', 'A', 'A', 'A', 'A', 'A', 'A', 'A', 'A', 'A', 'A', 'AA', 'A', 'A', 'A', 'A', 'A', 'A', 'A', 'A', 'A', 'A', 'A', 'A', 'A', 'A', 'A', 'A', 'A', 'A', 'A', 'A', 'A', 'A', 'A', 'A', 'A', 'A', 'AA', 'A', 'A', 'A', 'AA', 'A', 'A', 'A', 'A', 'A', 'A', 'A', 'A', 'A', 'A', 'A', 'A', 'A', 'A', 'A', 'A', 'A', 'A', 'A', 'A', 'A', 'A', 'A', 'A', 'A', 'A', 'AA', 'A', 'A', 'A', 'AA', 'A', 'A', 'A', 'A', 'A', 'A', 'A', 'A', 'A', 'A', 'A', 'AA', 'A', 'A', 'A', 'A', 'A', 'A', 'A', 'A', 'AA', 'A', 'A']	135
ENST00000534548:6	['A', 'AA', 'A', 'A', 'A', 'A', 'AA', 'A', 'A', 'A', 'A', 'A', 'A', 'A', 'A', 'A', 'A', 'AA', 'A', 'A', 'A', 'A', 'A', 'A', 'AA', 'AA', 'A', 'A', 'A', 'A', 'A', 'A', 'A', 'A', 'A', 'A', 'A', 'A', 'A', 'AA', 'A', 'A', 'A', 'A', 'A', 'A', 'A', 'A', 'A', 'A', 'A', 'A', 'A', 'A', 'A', 'A', 'A', 'A', 'A', 'A', 'AA', 'A', 'A', 'A', 'A', 'A', 'A', 'A', 'A', 'AA', 'A', 'A', 'A', 'A', 'A', 'A', 'A', 'A', 'A', 'A', 'A', 'A', 'A', 'A', 'A', 'A', 'A', 'A', 'A', 'A', 'AA', 'AA', 'A', 'A', 'AA', 'A', 'A', 'A', 'A', 'A', 'A', 'AA', 'AA', 'A', 'A', 'A', 'A', 'A', 'AA', 'A', 'A', 'A', 'A', 'AA', 'AA', 'A', 'A', 'A', 'A', 'A', 'A', 'A', 'A', 'A', 'A', 'A', 'A', 'A', 'A', 'A', 'AA', 'A', 'AA', 'A', 'A', 'A', 'A', 'A', 'A', 'A', 'A', 'A', 'A', 'A', 'A', 'A', 'A', 'A', 'A', 'A', 'A', 'A', 'A', 'A', 'A', 'A', 'A', 'A', 'AA', 'A', 'A', 'A', 'AA', 'AA', 'AA', 'A', 'A', 'A', 'A', 'AAA', 'A', 'A', 'A', 'A', 'A', 'A', 'A', 'AA', 'A', 'A', 'AA', 'A', 'A', 'A', 'AA', 'A', 'A', 'AA', 'A', 'A', 'A', 'A', 'A', 'A', 'A', 'A', 'A', 'AA', 'A', 'A', 'A', 'A', 'A', 'A', 'A', 'A', 'A', 'A', 'A', 'A', 'A', 'A', 'A', 'A', 'A', 'A', 'A', 'A', 'A', 'A', 'A', 'A', 'A', 'A', 'AA', 'AA', 'AA', 'A', 'A', 'A', 'A', 'A', 'A', 'A', 'A', 'A', 'A', 'A', 'AA', 'A', 'AAA', 'AA', 'A', 'A', 'A', 'AA', 'A', 'AA', 'A', 'AA', 'A', 'AA', 'A']	253
ENST00000535113:3	['A', 'A']	2
ENST00000535113:6	['A', 'A', 'A', 'A', 'A', 'A', 'A', 'A', 'A', 'A', 'A', 'A', 'AA', 'A', 'AA', 'A', 'A', 'A', 'A', 'A', 'A', 'A', 'A', 'A', 'AA', 'A', 'A', 'A', 'A', 'A', 'A', 'A', 'A', 'AA', 'A']	35
ENST00000535424:7	['TATA', 'TATA', 'TATA', 'TATA', 'TATA', 'TATA']	6
ENST00000535923:9	['A', 'A', 'A', 'A', 'A', 'A', 'A', 'A', 'A', 'A', 'A', 'A', 'A', 'A', 'A', 'A', 'A', 'A', 'A']	19
ENST00000536101:14	['C']	1
ENST00000536133:4	['A', 'A', 'A', 'A', 'A']	5
ENST00000536262:1	['A', 'A', 'AA', 'AAA', 'AA', 'AA', 'AA', 'AA', 'AA', 'AA', 'AA', 'A', 'AA', 'AAA', 'A', 'A', 'AA', 'A', 'AA', 'AA', 'AA', 'AA', 'A', 'A', 'AA', 'AA', 'A', 'A', 'AA', 'A', 'A', 'A', 'AA', 'AA', 'AA', 'A', 'A', 'A', 'A', 'A', 'A', 'AA', 'C', 'AA', 'A', 'A', 'A', 'A', 'A', 'A', 'A', 'A', 'AA', 'AA', 'A', 'A', 'A', 'A', 'A', 'A', 'A', 'A', 'A', 'A', 'A', 'AA', 'AA', 'A', 'A', 'A', 'A', 'A', 'A', 'A', 'A', 'A', 'A', 'A', 'A', 'AA', 'AA', 'A', 'A', 'A', 'A', 'A', 'A', 'A', 'A', 'A', 'A', 'A']	92
ENST00000536262:13	['A', 'A', 'A', 'A', 'A', 'A', 'A', 'A', 'A', 'A', 'A', 'A', 'A', 'A', 'A', 'A', 'A', 'A', 'A', 'A', 'A', 'A', 'A', 'A', 'A', 'A', 'A', 'A', 'A', 'A', 'A', 'A', 'A', 'A', 'A', 'A', 'A', 'A', 'A', 'A', 'A', 'A', 'A', 'A', 'A', 'A', 'A', 'A', 'A', 'A', 'A', 'A', 'A', 'A', 'A', 'A', 'A', 'A', 'A', 'A', 'A', 'A', 'A', 'A', 'A', 'A', 'A', 'A', 'A', 'A', 'A', 'A', 'A', 'A', 'A', 'A', 'A', 'A', 'A', 'A', 'A', 'A', 'A', 'A', 'A', 'A', 'A', 'A', 'A', 'A']	90
ENST00000536262:3	['A', 'A']	2
ENST00000536551:1	['AAAC', 'AAAC', 'AAACAAAC', 'AAAC', 'AAACAAAC']	5
ENST00000537098:10	['C', 'C', 'C', 'C', 'C', 'C', 'C', 'C', 'C', 'C']	10
ENST00000537098:9	['C', 'C']	2
ENST00000537690:1	['A', 'A']	2
ENST00000538183:3	['A', 'A', 'A', 'A', 'A', 'A', 'A', 'A', 'A', 'A', 'A', 'A', 'A', 'A', 'A', 'A', 'A', 'A', 'A', 'A', 'A', 'A', 'A', 'A', 'A', 'A', 'A', 'A', 'A', 'A', 'A', 'A', 'A', 'A', 'A', 'A', 'A', 'A', 'A', 'A', 'A', 'A', 'A', 'A', 'A', 'A', 'A', 'A', 'A', 'A', 'A']	51
ENST00000539111:6	['A']	1
ENST00000541714:17	['G', 'G', 'G', 'G', 'G', 'G']	6
ENST00000541819:1	['AAA', 'A', 'A', 'A']	4
ENST00000542342:5	['AAAAAA', 'AAAA', 'AAAA', 'AA', 'AAAAA', 'AAAAA', 'A', 'AAAAA', 'A', 'AAAAAA', 'AAAAA', 'AAAA', 'AAA', 'AAAAAA', 'AAAAA', 'AAAAA', 'AAAAA', 'AAAA', 'AAAA', 'AAAAA', 'AAAA', 'AAAAA', 'AAAA', 'AAAA', 'AA', 'AAAAA', 'AAAA', 'AA', 'AAAAA', 'AAAAAA', 'AAAA', 'AAAAA', 'AAAA', 'AAAAA', 'AAAAAA', 'AAA', 'AAAA', 'AAAAA', 'AA', 'AA']	40
ENST00000542859:59	['A', 'A']	2
ENST00000543095:34	['T']	1
ENST00000543942:1	['A', 'A', 'A', 'A', 'A', 'A', 'A', 'A', 'A', 'A', 'A', 'A', 'A', 'A', 'A']	15
ENST00000543942:2	['A', 'A', 'A', 'A', 'A', 'A', 'A', 'A', 'A', 'A', 'A', 'A', 'AA', 'A', 'AA', 'A', 'A', 'AA', 'AA', 'A', 'A', 'A', 'A', 'A', 'A', 'A', 'A', 'AA', 'A', 'AA', 'A', 'A', 'A', 'A', 'A', 'A', 'A', 'A', 'A']	39
ENST00000543942:8	['A', 'A', 'A', 'A', 'A', 'A', 'A', 'A', 'A', 'A', 'A', 'A']	12
ENST00000545128:26	['AG']	1
ENST00000545606:4	['TTTATTTTAAG']	1
ENST00000545606:5	['ATC']	1
ENST00000545985:10	['G', 'G', 'G']	3
ENST00000546361:7	['GA']	1
ENST00000547058:1	['AG']	1
ENST00000547103:13	['GT']	1
ENST00000547776:25	['A', 'A']	2
ENST00000547776:4	['A', 'A', 'A', 'A', 'A', 'A', 'A', 'A', 'A', 'A', 'A', 'AA', 'AA', 'A', 'AA', 'AA', 'A', 'A', 'AA', 'A', 'A', 'AA', 'A', 'AA', 'A', 'A', 'AA', 'A', 'A', 'A', 'A', 'AA', 'A', 'A', 'AA', 'A', 'A', 'A', 'AA', 'A', 'A', 'A', 'AA', 'A', 'A', 'A', 'AA', 'A', 'A', 'A', 'A', 'A', 'A', 'A', 'A', 'A', 'A', 'A', 'A', 'A', 'A', 'A', 'A', 'A', 'A', 'A', 'A', 'A', 'A', 'A', 'A', 'A', 'A', 'A', 'A', 'A', 'A', 'A', 'A', 'AA', 'AA', 'A', 'A', 'AA', 'A', 'A', 'A', 'A', 'A', 'A', 'A', 'A', 'A', 'A', 'A']	95
ENST00000548293:5	['GCGTTTGTGAG', 'GCGTTTGTGAG']	2
ENST00000549396:27	['T', 'T', 'T', 'T', 'T', 'T', 'T', 'T', 'T', 'T', 'T', 'T', 'T', 'T', 'T', 'T', 'TT', 'T', 'T', 'T', 'T', 'T', 'T', 'T', 'TT', 'T', 'T', 'T', 'T', 'T', 'TT', 'T', 'T', 'T', 'T', 'T', 'T', 'T', 'T', 'TT', 'T', 'T', 'T', 'T', 'T', 'T', 'T', 'T', 'T', 'T', 'T', 'T', 'T', 'T', 'T', 'T', 'T', 'T', 'T', 'T', 'T', 'T', 'T', 'T', 'T', 'T', 'T', 'T', 'T', 'T', 'T', 'T', 'T', 'TT']	74
ENST00000549701:14	['A', 'A']	2
ENST00000549701:8	['T', 'T', 'T', 'T', 'T', 'T', 'T', 'T', 'T']	9
ENST00000549920:6	['G', 'G']	2
ENST00000550536:7	['T', 'T', 'T', 'T', 'T', 'T']	6
ENST00000550722:27	['A', 'A']	2
ENST00000550722:29	['A', 'A', 'A', 'A', 'A', 'A', 'A', 'A', 'A', 'A', 'A', 'A', 'A', 'A', 'A', 'A', 'A', 'A', 'A', 'A', 'A', 'A', 'A', 'A', 'A', 'A']	26
ENST00000550722:46	['TCATGTGATGTCT']	1
ENST00000550722:7	['CTA']	1
ENST00000550746:11	['T', 'T', 'T']	3
ENST00000550746:2	['TTC']	1
ENST00000551025:3	['T', 'T']	2
ENST00000551177:13	['C']	1
ENST00000551177:14	['C', 'C']	2
ENST00000551404:13	['GAGCCTTCATCAACTCCCTTCCCCAGGAATGCAGACAAGTGATTATGTTTAGAACATATAGGATCTCTTTGGGGCCTGAGCTGCGGCT']	1
ENST00000551736:12	['T', 'T', 'T', 'T', 'T', 'T']	6
ENST00000551812:22	['TGTATT', 'TGTATT']	2
ENST00000551964:7	['A', 'A', 'A']	3
ENST00000552810:21	['A', 'A', 'A', 'A', 'A', 'A', 'A', 'A', 'A', 'A', 'A', 'A', 'A', 'A', 'A', 'A', 'A', 'A', 'A', 'A', 'A', 'A', 'A', 'A', 'A', 'A', 'A', 'A', 'A', 'A', 'A', 'A', 'A', 'A', 'A', 'A', 'A', 'A', 'A', 'A', 'A', 'A', 'A', 'A', 'A', 'A', 'A', 'A', 'A', 'A', 'A', 'A', 'A', 'A', 'A', 'A', 'A', 'A', 'A', 'A', 'A']	61
ENST00000552810:32	['A', 'A', 'A', 'A', 'A', 'A', 'A', 'A', 'A', 'A', 'A', 'A', 'A', 'A', 'A', 'A', 'A', 'A']	18
ENST00000552810:4	['T', 'T']	2
ENST00000552864:1	['A', 'A', 'A', 'A', 'A', 'A', 'A', 'A', 'A', 'A', 'A', 'A', 'A', 'A', 'A', 'A', 'A', 'A', 'A', 'A', 'A', 'A', 'A', 'A', 'A', 'A']	26
ENST00000552864:3	['AA', 'AAAA', 'A', 'AAA', 'AA', 'AAA', 'AAAA', 'AAAA', 'AAA', 'AAA', 'AAAAA', 'AAAA', 'AAA', 'AAA', 'AAA', 'AA', 'AAA', 'AAA', 'AAA', 'AA', 'AAA', 'AA', 'AAA', 'AAA', 'AAA', 'AA', 'AAA', 'AAAA', 'AAAA', 'AAA', 'AAAAAA', 'AAA', 'AA', 'AAA', 'AAA', 'AAA', 'AAAA', 'AAA', 'AAA', 'AAAA', 'A', 'AAAA', 'AAA', 'AA', 'AAA', 'A', 'AA', 'AAAA', 'AAAA', 'AAAAA', 'AAA', 'AAAA', 'AAA', 'AAA', 'AAAAA', 'AAA', 'A', 'A', 'AAAAA', 'AAA', 'AAAA', 'AAAA', 'AAAAA', 'AAA', 'AA', 'AAA', 'AAA', 'AAA', 'A', 'A', 'A', 'AA', 'AAAA', 'AA', 'AAAA', 'AAA', 'AAAAA', 'AA', 'AAA', 'AAAAA', 'AA', 'AAA', 'AA', 'AAAA', 'AA', 'AA', 'AAA', 'AAAAA', 'AAAAAA', 'AA', 'AAA', 'AA', 'AA', 'AA', 'AA', 'AAAAA', 'AAA', 'AAAA', 'AA', 'AA', 'AAAA', 'AA', 'AA', 'AAA', 'AAAAA', 'AA', 'AAAAA', 'AA', 'AAA', 'AAAA', 'AAAA', 'AAA', 'AAAAA', 'AA', 'AAA', 'AAAA', 'AAA', 'AAA', 'A', 'AAA', 'AA', 'AAA', 'A', 'AA', 'AAA', 'A', 'AAA', 'AAA']	128
ENST00000553458:2	['AAAC', 'A', 'AAAC', 'AAAC', 'AAAC', 'AAAC', 'A', 'AAAC', 'AAAC', 'AAAC', 'AAAC', 'AAAC', 'AAAC', 'AAAC', 'AAAC', 'AAAC', 'AAAC', 'AAAC', 'AAAC', 'AAAC', 'AAAC', 'AAAC', 'AAAC', 'AAAC', 'AAAC', 'AAAC', 'AAAC', 'AAAC', 'AAAC', 'AAAC', 'AAAC', 'AAAC', 'AAAC', 'AAAC', 'AAAC', 'AAAC', 'A', 'A', 'AAAC', 'AAAC', 'AAAC']	41
ENST00000553458:7	['A', 'A', 'A', 'A', 'A', 'A', 'A', 'A', 'A', 'A', 'A', 'A', 'A', 'A', 'A', 'A', 'A', 'A', 'A', 'A', 'A', 'A', 'A', 'A', 'A', 'A', 'A', 'A', 'A', 'A', 'A', 'A', 'A', 'A', 'A', 'A', 'A', 'A', 'A', 'A', 'A', 'A', 'A', 'A', 'A', 'A', 'A', 'A', 'A', 'A', 'A', 'A', 'A', 'A', 'A', 'A', 'A', 'A', 'A', 'A', 'A', 'A', 'A', 'A', 'A', 'A', 'A', 'A', 'A', 'AA', 'A', 'A', 'A', 'A', 'A', 'A', 'A', 'A', 'A', 'A', 'A', 'A', 'A', 'A', 'A', 'A', 'A', 'A', 'AA', 'A', 'A', 'A', 'A', 'A', 'A', 'A', 'A', 'A', 'A', 'A', 'A', 'A', 'A', 'A', 'A', 'A', 'A', 'A', 'A', 'A', 'A', 'A', 'A', 'A', 'A', 'A', 'A', 'A', 'A', 'A', 'A', 'A', 'A', 'A', 'A', 'A', 'A', 'A', 'A', 'A', 'A', 'A', 'A', 'A', 'A', 'A', 'A', 'A', 'A', 'A', 'A', 'A', 'A', 'A', 'A', 'A', 'AA', 'A', 'A', 'A', 'A', 'A', 'A', 'AA', 'A', 'A', 'A', 'A', 'A', 'A', 'A', 'A', 'A', 'A', 'A', 'A', 'A', 'A', 'A', 'A', 'A', 'A', 'A', 'A', 'A', 'A', 'A', 'A', 'A', 'A', 'A', 'A', 'A', 'A', 'A', 'A', 'A', 'A', 'A', 'A', 'A', 'A', 'A', 'A', 'A', 'A', 'A', 'A', 'A', 'A', 'A', 'A', 'A', 'A', 'AA', 'A', 'A', 'A', 'A', 'A']	210
ENST00000553514:2	['A', 'A', 'A', 'A', 'A', 'A', 'A', 'A', 'A', 'A', 'A', 'A', 'A', 'A', 'A', 'A', 'A', 'A', 'A', 'A']	20
ENST00000554301:20	['G', 'G']	2
ENST00000554719:9	['C', 'C', 'C', 'C']	4
ENST00000554943:3	['A', 'A', 'A']	3
ENST00000555619:2	['A', 'A']	2
ENST00000555728:3	['G', 'G', 'G', 'G']	4
ENST00000556143:2	['AAAA', 'AAA', 'AAAA', 'AAA', 'AAAA', 'AAAAA', 'AAAAAA', 'AAA', 'AAA', 'AA', 'AAAA', 'AAA', 'AA', 'AAA', 'AAA', 'AA', 'AAAA', 'AA', 'AAAAA', 'AAA', 'AA', 'AA', 'AA', 'AAAAA', 'AA', 'AAA', 'AAAA', 'AAAA', 'AAAA', 'AAA', 'AAA', 'AAA', 'AAAAAA', 'AAA', 'AA', 'AAAA', 'AA', 'AAAA', 'AAAA', 'AAAA', 'A', 'AAAAA', 'AAA', 'AAAAA', 'AA', 'AAA', 'AAAA', 'AAA', 'A', 'AA', 'AAA', 'AA', 'AA', 'AA', 'AA', 'AAAA', 'AA', 'AA', 'A', 'AA', 'AAAAA', 'AA', 'AA', 'A', 'AAAA', 'AAA', 'A', 'AA', 'AA', 'AAAAA', 'A', 'A', 'AAAA']	73
ENST00000557284:19	['T', 'T', 'T', 'T', 'T', 'T', 'T', 'T', 'T']	9
ENST00000558555:5	['G', 'G']	2
ENST00000559471:14	['A', 'A', 'A', 'A', 'A', 'A', 'A', 'A', 'A', 'A', 'A', 'A', 'A', 'A', 'A', 'A', 'A', 'A', 'A', 'A', 'A', 'A', 'A', 'A', 'A', 'A', 'A', 'A', 'A', 'A', 'A', 'A', 'A', 'A', 'A', 'A', 'A', 'A', 'A', 'A', 'A', 'A', 'A', 'A', 'A', 'A', 'A', 'A', 'A', 'AA', 'A', 'A', 'A', 'A', 'A', 'A', 'A', 'A', 'A', 'A', 'A', 'A', 'A', 'A', 'A', 'A', 'A', 'A', 'A', 'A', 'A', 'A', 'A', 'A', 'A', 'A', 'A', 'A', 'A', 'A', 'A', 'A', 'A', 'A', 'A', 'A', 'A', 'A', 'A', 'A', 'A', 'A', 'A', 'A', 'A', 'A', 'A', 'A', 'A', 'A', 'AA', 'A', 'A', 'A', 'A', 'A', 'A', 'A', 'A', 'A', 'A', 'A', 'A', 'A', 'A', 'A', 'A', 'A', 'A', 'A', 'A', 'A', 'A', 'A', 'A', 'A', 'A', 'A', 'A', 'A', 'A', 'A', 'A', 'A', 'A', 'A', 'A', 'A', 'A', 'A', 'A', 'A', 'A', 'A', 'A', 'A', 'A', 'A', 'A', 'A']	150
ENST00000559471:3	['A', 'A', 'A', 'A', 'A', 'A', 'A', 'AA', 'A', 'A', 'A', 'A', 'A', 'A', 'A', 'A', 'A', 'A', 'A', 'A', 'A', 'A', 'A', 'A', 'A', 'A', 'A', 'A', 'A', 'A', 'A', 'A', 'A', 'A', 'A', 'A', 'A', 'A', 'A', 'A', 'A', 'A', 'A', 'A', 'A', 'A', 'A', 'A', 'A', 'A', 'A', 'A', 'A', 'A', 'A', 'A', 'A', 'A', 'A', 'A', 'A', 'A', 'A', 'A', 'A', 'A', 'A', 'A', 'A', 'A', 'A', 'A', 'A', 'A', 'A', 'A', 'A', 'A', 'A', 'A', 'A', 'A', 'A', 'A', 'A', 'A', 'A', 'A', 'A', 'A', 'A', 'A', 'A', 'A', 'A', 'A', 'A', 'A', 'A', 'A', 'A', 'A', 'A', 'A', 'A', 'A', 'A', 'A', 'A', 'A', 'A', 'AA', 'A', 'AA', 'A', 'A', 'A', 'A', 'A', 'A', 'A', 'A', 'A', 'A', 'A', 'A', 'A', 'A', 'A', 'A', 'A', 'A', 'A', 'A', 'A', 'A', 'A', 'A', 'A', 'A', 'A', 'A', 'A', 'A', 'AA', 'A', 'A', 'A', 'A', 'A', 'A', 'A', 'A', 'A', 'A', 'AA', 'A', 'A', 'A', 'A', 'A', 'A', 'A', 'A', 'A', 'A', 'A', 'A', 'A', 'A', 'A', 'A', 'A', 'A', 'A', 'A', 'A', 'A', 'A', 'A', 'A', 'A', 'A', 'A', 'A', 'A', 'A', 'A', 'A', 'A', 'A', 'A', 'A', 'A']	194
ENST00000559471:5	['A']	1
ENST00000561981:4	['A']	1
ENST00000562435:2	['A', 'A']	2
ENST00000562955:28	['AGG', 'AGG']	2
ENST00000563197:4	['AGA']	1
ENST00000563236:19	['AC']	1
ENST00000563236:8	['TCCCTCCCTCTCTCCCTCCCTCCT', 'TCCCTCCCTCTCTCCCTCCCTCCT', 'TCCCTCCCTCTCTCCCTCCCTCCT']	3
ENST00000563630:10	['G']	1
ENST00000564138:17	['C', 'C', 'C']	3
ENST00000565380:3	['C']	1
ENST00000565488:1	['A', 'A', 'A', 'A', 'A', 'A', 'A', 'A', 'A', 'A', 'A', 'A', 'A', 'A', 'A', 'A', 'A', 'A', 'A', 'A', 'A', 'A', 'A', 'A', 'A', 'A', 'A', 'A', 'A', 'A', 'A', 'A', 'A', 'A', 'A', 'A', 'A', 'A', 'A', 'A', 'A', 'A']	42
ENST00000566157:10	['TC', 'C']	2
ENST00000566228:16	['T', 'T', 'T']	3
ENST00000566799:7	['G', 'G', 'G', 'G']	4
ENST00000567028:2	['A']	1
ENST00000567109:3	['ACACATC']	1
ENST00000567835:4	['C', 'T', 'C']	3
ENST00000568546:21	['C']	1
ENST00000568733:9	['T', 'T', 'T', 'T']	4
ENST00000569669:2	['AG', 'AG', 'AG', 'AG', 'AG', 'AG', 'AG', 'AG', 'AG', 'AG', 'AG', 'AG', 'AG', 'AG', 'AG', 'AG', 'AG', 'AG', 'AG', 'AG', 'AG', 'AG', 'AG', 'AG', 'AG', 'AG', 'AG', 'AG', 'AG', 'AG', 'AG', 'AG', 'AG', 'AG', 'AG', 'AG', 'AG', 'AG', 'AG', 'AG', 'AG', 'AG', 'AG', 'AG', 'AG', 'AG', 'AG', 'AG', 'AG', 'AG', 'AG', 'AG', 'AG', 'AG', 'AG', 'AG', 'AG', 'AG', 'AG', 'AG', 'AG', 'AG', 'AG', 'AG', 'AG', 'AG', 'AG', 'AG', 'AG', 'AG', 'AG', 'AG', 'AG', 'AG', 'AG', 'AG', 'AG', 'AG', 'AG', 'AG', 'AG', 'AG', 'AG', 'AG', 'AG', 'AG', 'AG', 'AG', 'AG', 'AG', 'AG', 'AG', 'AG', 'AG', 'AG', 'AG', 'AG', 'AG', 'AG', 'AG', 'AG', 'AG', 'AG']	103
ENST00000571133:6	['AAAGA', 'AAAGA']	2
ENST00000571133:8	['A', 'A', 'A', 'A', 'A', 'A', 'A', 'A', 'A', 'A', 'A', 'A', 'AA', 'A', 'A', 'A', 'AA', 'A', 'A', 'A', 'A', 'A', 'A', 'A', 'A', 'A', 'A', 'A', 'A', 'A', 'A', 'A', 'A', 'A', 'A', 'A', 'A', 'A', 'A', 'A', 'A', 'A', 'AA', 'AA', 'A', 'A', 'A', 'A', 'A', 'A', 'A', 'A', 'A', 'A', 'A', 'A', 'A', 'A', 'A', 'A', 'A', 'A', 'AA', 'A', 'A', 'A', 'A', 'A', 'AA', 'A', 'A', 'A', 'A', 'A', 'A', 'A', 'A', 'A', 'A', 'A', 'A', 'A', 'A', 'A', 'A', 'A', 'A', 'A', 'A', 'A', 'A', 'A', 'A', 'A', 'A', 'A', 'A', 'A', 'A', 'A', 'A', 'A', 'A', 'A', 'A', 'A', 'A', 'A', 'A', 'A', 'A', 'A', 'A', 'A', 'A', 'A', 'A', 'A', 'A', 'A', 'A', 'A', 'A', 'A', 'A', 'A', 'A', 'A', 'A', 'A', 'A', 'A', 'A', 'A', 'A', 'A', 'A', 'AA', 'A', 'A', 'A', 'A', 'A', 'A', 'A', 'A', 'A', 'A', 'A', 'A']	150
ENST00000571244:1	['A', 'A', 'A', 'A', 'A', 'A', 'A', 'A', 'A', 'A', 'A', 'A', 'A', 'A', 'A', 'A', 'A', 'A', 'A', 'A', 'A', 'A', 'A', 'A', 'A', 'A', 'A', 'A', 'A', 'A', 'A', 'A', 'A', 'A', 'A', 'A', 'A', 'A', 'A', 'A', 'A', 'A', 'A', 'A', 'A', 'A', 'A', 'A']	48
ENST00000571805:13	['GA', 'GA']	2
ENST00000573584:6	['A', 'A', 'A', 'A', 'A', 'A', 'A', 'A', 'A', 'A', 'A', 'A', 'A', 'A', 'A', 'A', 'A', 'A', 'A', 'A', 'A', 'A', 'A', 'A', 'A', 'A', 'A', 'A', 'A', 'A', 'A', 'A', 'A', 'A', 'A', 'A', 'A', 'A', 'A', 'A', 'A', 'A']	42
ENST00000574002:16	['AAT']	1
ENST00000574002:8	['G', 'G', 'G', 'G']	4
ENST00000574081:3	['AG', 'AG', 'AG', 'AG', 'AG', 'AG', 'AG', 'AG', 'AG', 'AG', 'AG', 'AG', 'AG', 'AG']	14
ENST00000574428:4	['A', 'A']	2
ENST00000574876:2	['AAAG', 'AAAG']	2
ENST00000574876:3	['G', 'G']	2
ENST00000574882:1	['GCACTGTTCACAGACTAGCCCAGGGCCGCAGTCAGGA']	1
ENST00000576060:4	['G']	1
ENST00000576479:6	['A', 'A']	2
ENST00000577745:4	['GT', 'GT', 'GT']	3
ENST00000579016:5	['TTCTCTT', 'TTCTCTT']	2
ENST00000579991:2	['T', 'T']	2
ENST00000581216:3	['T', 'T', 'T', 'T', 'A', 'T', 'T', 'T', 'T', 'A']	10
ENST00000581486:4	['A', 'A', 'A', 'A', 'A', 'A', 'A', 'A', 'A', 'A', 'A', 'A', 'A', 'A', 'A', 'A', 'A', 'A', 'A', 'A', 'A', 'A', 'A', 'A', 'A', 'A', 'A', 'A', 'A', 'A', 'A', 'A', 'A', 'A', 'A', 'A', 'A', 'A', 'A', 'AA', 'A', 'A', 'A', 'A', 'A', 'A', 'A', 'A', 'A', 'A', 'A', 'A', 'A', 'A', 'A', 'A', 'A', 'A', 'A', 'A', 'A', 'A', 'A', 'A', 'A', 'A', 'A', 'A', 'A', 'A', 'AA', 'A', 'A', 'A', 'A', 'A', 'A', 'A', 'A', 'A', 'A', 'A', 'A', 'A', 'A', 'A', 'A', 'A', 'A', 'A', 'A', 'A', 'A', 'A', 'AA', 'A', 'A', 'A', 'A', 'A', 'A', 'A', 'A', 'A', 'A', 'A', 'A', 'A', 'A', 'A', 'A', 'A', 'A', 'A', 'A', 'A', 'A', 'AA', 'A', 'A', 'A', 'A', 'A', 'A', 'A', 'A', 'A', 'A', 'A', 'A']	130
ENST00000582693:6	['A', 'A', 'A', 'A']	4
ENST00000582970:63	['ATTTAGGG']	1
ENST00000583535:17	['AA', 'A', 'AA', 'AA', 'AA', 'A', 'AA', 'AA', 'AA', 'AA', 'AA', 'AA', 'AA', 'AA', 'AA', 'A', 'AA', 'AA', 'AA', 'AA', 'AA', 'AA', 'AA', 'AA', 'AA', 'AA', 'AA', 'AA', 'AA', 'AA', 'AA', 'A', 'AA', 'AA', 'AA', 'AA', 'AA', 'AA', 'AA', 'AA', 'A', 'AA', 'AA', 'AA', 'AA', 'A', 'AA', 'A', 'AA', 'AA', 'AA', 'AA', 'A', 'A', 'A']	55
ENST00000583535:22	['A', 'A', 'A', 'A', 'A', 'A', 'A', 'A', 'A', 'A', 'A', 'A', 'A', 'A', 'A', 'A', 'A', 'A', 'A', 'A', 'A', 'A', 'A', 'A', 'A', 'A', 'A', 'A', 'AA', 'A', 'A', 'A', 'A', 'A', 'A', 'A', 'A', 'A', 'A', 'A', 'A', 'A', 'A', 'A', 'A', 'A', 'A', 'A', 'A', 'A', 'A', 'A', 'A', 'A', 'A', 'A', 'A', 'A', 'A', 'A', 'A', 'A', 'A', 'A', 'A', 'A', 'A', 'A', 'A', 'A', 'A', 'A', 'A', 'A', 'A', 'A', 'A', 'A', 'A', 'A', 'A', 'AA', 'A', 'A', 'A', 'A', 'A', 'A', 'A', 'A', 'A', 'A', 'A', 'A', 'A', 'A', 'A', 'A', 'A', 'A', 'A', 'A', 'A', 'A', 'A', 'A', 'A', 'A', 'A', 'A', 'A', 'A', 'A', 'A', 'A', 'A', 'A', 'A', 'A', 'A', 'A', 'A', 'A', 'A', 'A', 'A', 'A', 'A', 'A', 'A', 'A', 'A', 'A', 'A', 'A', 'A', 'A', 'A', 'A', 'A', 'A', 'A', 'A', 'A', 'A', 'A', 'A', 'A', 'A', 'A', 'A', 'A', 'A', 'A', 'A', 'A', 'A', 'AA', 'A', 'A', 'A', 'A', 'A', 'A']	164
ENST00000585124:5	['GA']	1
ENST00000586534:1	['CGGGC']	1
ENST00000586802:10	['G', 'G', 'G', 'G', 'G', 'G', 'G', 'G', 'G', 'G', 'G', 'G']	12
ENST00000586802:6	['GG', 'GG', 'GGG', 'GG', 'GG', 'GG', 'GG', 'GGG', 'G', 'GG', 'GG', 'GG', 'GG', 'GG', 'GG', 'GG', 'GG', 'GG', 'GG', 'T', 'G', 'GGG', 'GG', 'GG', 'GG', 'T']	26
ENST00000587834:2	['CC']	1
ENST00000591111:109	['AA', 'AAAAA', 'AAA', 'AAA', 'AAAAA', 'AA', 'AAA', 'AAA', 'AA', 'AAAAA', 'AA', 'AAA', 'AA', 'AAA', 'AAAA', 'AAAAA', 'AAAA', 'AA', 'AA', 'AAA', 'AAA', 'AAA', 'AA', 'AAAA', 'AAAAA', 'AAAAA', 'AAAA', 'AAAA', 'AAAA', 'AAA', 'AAA', 'AAA', 'AA', 'AAA', 'AAA', 'A', 'A', 'A', 'AAAA', 'AA', 'AAAA', 'AA']	42
ENST00000591111:206	['A', 'A', 'A', 'A', 'A', 'A', 'A', 'A', 'A', 'A', 'A', 'A', 'A', 'A', 'A']	15
ENST00000591111:247	['A', 'A', 'A', 'A', 'A', 'A', 'A', 'A', 'A', 'A', 'A', 'A', 'A', 'A', 'A', 'A', 'A', 'A', 'A', 'A', 'A', 'A', 'A', 'A', 'A', 'A', 'A', 'A', 'A', 'A', 'A', 'A', 'A', 'A', 'A', 'A', 'A', 'A', 'A', 'A', 'A', 'A', 'A', 'A', 'A', 'A', 'A', 'A', 'A', 'A', 'A', 'A', 'A', 'A', 'A', 'A', 'A', 'A', 'A', 'A', 'A', 'A', 'A', 'A', 'A', 'A', 'A', 'A', 'A', 'A', 'A', 'A', 'A', 'A', 'A', 'A', 'A', 'A', 'A', 'A', 'A', 'A']	82
ENST00000591111:25	['TGT']	1
ENST00000591111:282	['TTTAGAAAG']	1
ENST00000591111:286	['CT']	1
ENST00000591111:301	['A', 'A', 'A', 'A', 'A', 'A', 'A', 'A', 'A', 'A']	10
ENST00000591111:5	['A']	1
ENST00000591111:58	['A']	1
ENST00000591517:29	['A', 'A', 'A', 'A', 'A', 'A', 'A', 'A', 'A', 'A']	10
ENST00000591680:1	['A', 'A']	2
ENST00000592199:3	['C', 'C', 'C', 'C']	4
ENST00000592199:6	['C', 'C']	2
ENST00000592554:4	['GGAA', 'GGAA', 'GGAA', 'GGAA', 'GGAA', 'GGAA', 'GGAA', 'GGAA', 'GGAA']	9
ENST00000594605:1	['C', 'C']	2
ENST00000595090:8	['ATAGA', 'ATAGA', 'ATAGA', 'ATAGA', 'ATAGA', 'ATAGA', 'ATAGA', 'ATAGA', 'ATAGA', 'ATAGA', 'ATAGA']	11
ENST00000595235:2	['AAA']	1
ENST00000595796:5	['G', 'G']	2
ENST00000598581:2	['T', 'T', 'T', 'T', 'T', 'T', 'T', 'T', 'T', 'T', 'T', 'T', 'T']	13
ENST00000600767:5	['G', 'G', 'G', 'G', 'G', 'G', 'G', 'G']	8
ENST00000601538:6	['A', 'A', 'A', 'A', 'A', 'A', 'A', 'A', 'A', 'A', 'A', 'A', 'A', 'A', 'A', 'A', 'A', 'A', 'A', 'A', 'A', 'A', 'A', 'A', 'A', 'A', 'A', 'A', 'AA', 'A', 'A', 'A', 'A', 'A', 'A', 'A', 'A', 'AA', 'A', 'A', 'A', 'A', 'A', 'A', 'A', 'A', 'A']	47
ENST00000602593:5	['T', 'T', 'T']	3
ENST00000602925:27	['AAC', 'AAC']	2
ENST00000605216:24	['C', 'C']	2
ENST00000605528:1	['AAG']	1
ENST00000606293:1	['G', 'G']	2
ENST00000607778:1	['TTTA', 'TTTA', 'TTTA', 'TTTA']	4
ENST00000609686:2	['T', 'T', 'T']	3
ENST00000610365:6	['T', 'T']	2
ENST00000611228:7	['TATTCTAAT']	1
ENST00000611582:19	['CCTTTTTTCTCTTTCCTT']	1
ENST00000611621:2	['G']	1
ENST00000611883:3	['A', 'A']	2
ENST00000611977:14	['T']	1
ENST00000612223:13	['A', 'A']	2
ENST00000612501:7	['GAGA']	1
ENST00000612630:10	['GT', 'GT', 'GT', 'GT', 'GT', 'GT', 'GT', 'GT', 'GT', 'GT', 'GT', 'GT', 'GT', 'GT', 'GT', 'GT', 'GT', 'GT', 'GT', 'GT', 'GT', 'GT', 'GT']	23
ENST00000612778:3	['ACTC']	1
ENST00000613252:8	['A', 'A', 'A', 'A']	4
ENST00000613296:8	['AAGA']	1
ENST00000613979:4	['C', 'C']	2
ENST00000613979:43	['A']	1
ENST00000614497:9	['G', 'G']	2
ENST00000614623:11	['G', 'G', 'G']	3
ENST00000614701:17	['T', 'T', 'T', 'T', 'T', 'T', 'T', 'T', 'T', 'T', 'T', 'T', 'T', 'T', 'T', 'T', 'T', 'T', 'T', 'T', 'T', 'T', 'T', 'T', 'T', 'T', 'T', 'T', 'T', 'T', 'T', 'T', 'TT', 'T', 'T', 'T', 'T', 'T', 'T', 'T', 'T', 'TT', 'T', 'T', 'T', 'T', 'T', 'T', 'T', 'T', 'T', 'T', 'T', 'T', 'T', 'T', 'T', 'T', 'T', 'T', 'T', 'T', 'T', 'T', 'T', 'T', 'T', 'T']	68
ENST00000614701:23	['T', 'T']	2
ENST00000614987:16	['G', 'G', 'G']	3
ENST00000615220:1	['C']	1
ENST00000615383:22	['TGGGAAGAA']	1
ENST00000615383:6	['AACAC']	1
ENST00000615550:13	['T', 'T', 'T', 'T', 'T', 'T', 'T', 'T', 'T', 'T', 'T', 'T', 'T', 'T', 'T', 'T', 'T', 'T', 'T', 'T', 'T', 'T']	22
ENST00000616140:24	['G', 'G', 'G', 'G']	4
ENST00000616140:5	['G']	1
ENST00000616140:6	['G', 'G', 'G', 'G', 'G', 'G', 'G']	7
ENST00000616178:30	['C', 'C', 'C']	3
ENST00000616317:31	['A', 'A', 'A', 'A', 'A', 'A', 'A', 'A', 'A', 'A', 'A', 'A']	12
ENST00000616317:39	['A', 'A', 'A', 'G', 'A', 'A', 'A', 'A', 'A', 'A', 'A', 'A', 'A', 'A', 'A', 'A', 'A', 'A', 'A', 'A', 'A', 'A', 'A', 'A', 'A', 'A', 'A', 'A', 'A', 'A', 'A', 'A', 'A', 'A', 'A', 'A', 'A', 'A', 'A', 'A', 'A', 'A', 'A', 'A', 'A', 'A', 'A', 'A', 'A', 'A', 'A', 'A', 'A', 'A', 'A', 'A', 'A', 'G', 'A', 'A', 'A', 'A', 'A', 'A', 'A', 'A', 'A', 'GA', 'A', 'A', 'A', 'A', 'A', 'A', 'A', 'A', 'GA', 'A', 'A', 'A', 'A', 'A', 'A', 'A', 'A', 'A', 'A', 'A', 'A', 'A', 'A', 'A', 'A', 'A', 'A', 'A', 'A', 'A', 'A', 'A', 'A', 'A', 'A', 'A', 'A', 'A', 'A', 'A', 'A', 'A', 'A', 'A', 'A', 'A', 'A', 'A', 'A', 'A', 'A', 'A', 'A', 'A', 'A', 'A', 'A', 'A', 'A', 'A', 'A', 'A', 'A', 'A', 'A', 'A', 'A', 'A', 'A', 'GA', 'A', 'A', 'A', 'A', 'A', 'A', 'A', 'A', 'GA', 'A', 'A', 'A', 'G', 'A', 'A', 'A', 'A', 'A', 'A', 'A', 'A', 'A', 'A', 'A', 'A', 'A', 'A', 'A', 'A', 'A', 'A', 'A', 'A', 'A', 'A', 'A', 'A', 'A']	176
ENST00000616317:51	['AGAA']	1
ENST00000616407:9	['A', 'A', 'A', 'A', 'A', 'A', 'A', 'A', 'A', 'A', 'A', 'A', 'A', 'A', 'A', 'A', 'A', 'A', 'A', 'A', 'A', 'A', 'A', 'A', 'A', 'A', 'A']	27
ENST00000616727:9	['GAA', 'GAA']	2
ENST00000617285:1	['G', 'G']	2
ENST00000617429:3	['GAT']	1
ENST00000617472:3	['G', 'G']	2
ENST00000617537:8	['A', 'A']	2
ENST00000617633:5	['AA', 'AA', 'AA', 'AA', 'AA', 'AA', 'AA', 'AA', 'AA', 'AA', 'AA', 'AA', 'AA', 'AA', 'AA', 'A', 'AA', 'AA', 'A', 'A', 'AA', 'AA', 'AA', 'A', 'AA', 'A', 'AA', 'AA', 'AA', 'A', 'AA', 'AA', 'A', 'A', 'A', 'A', 'AA', 'A', 'AA', 'AA', 'A', 'AA', 'AA', 'A', 'AA', 'A', 'A', 'AA', 'AA', 'A', 'AA', 'AA', 'AA', 'AA', 'AA', 'AA', 'AA', 'AA', 'A', 'A', 'A', 'AA', 'A', 'AA', 'A', 'A', 'AA', 'A', 'A', 'A', 'A', 'A', 'A', 'A', 'A', 'A', 'A', 'A', 'A']	79
ENST00000617704:3	['A', 'A', 'A', 'A', 'A', 'A', 'A', 'A', 'A', 'A', 'A', 'A', 'A', 'A', 'A', 'A', 'A', 'A', 'A', 'A', 'A', 'A', 'A', 'A', 'A', 'A', 'A', 'A', 'A', 'A', 'A', 'A', 'A', 'A', 'A', 'A', 'A', 'A', 'A', 'A', 'A', 'A', 'A', 'A', 'A', 'A', 'A', 'A', 'A', 'A', 'A', 'A', 'A', 'A', 'A', 'A', 'A']	57
ENST00000617811:6	['ACTT', 'ACTT']	2
ENST00000617811:8	['AG', 'AG']	2
ENST00000617931:23	['T']	1
ENST00000617931:35	['T']	1
ENST00000617998:4	['GGCTGGGGCTGG']	1
ENST00000618007:14	['T', 'T', 'T', 'T', 'T', 'T', 'T', 'T', 'T', 'T', 'T', 'T', 'T', 'T', 'T']	15
ENST00000618040:1	['GC']	1
ENST00000618040:6	['C']	1
ENST00000618040:8	['GA', 'GA', 'GA', 'GA', 'GA', 'GA', 'GA', 'GA', 'GA', 'GA', 'GA', 'GA', 'GA', 'GA', 'GA', 'GA', 'GA', 'GA', 'GA', 'GA', 'GA', 'GA', 'GA', 'GA', 'GA', 'GA', 'GA']	27
ENST00000618348:6	['GC']	1
ENST00000618457:3	['A']	1
ENST00000619012:7	['GCCTCCTCAGCCTGCCCACGGGG']	1
ENST00000619189:8	['T', 'T']	2
ENST00000619221:5	['G', 'G']	2
ENST00000619423:20	['GA']	1
ENST00000619477:4	['AT', 'AT']	2
ENST00000619929:7	['G', 'G']	2
ENST00000620048:22	['A', 'A', 'AAAA']	3
ENST00000620364:9	['A', 'A', 'A', 'A', 'A', 'A']	6
ENST00000620676:27	['TT', 'TTT', 'TT', 'TTT', 'TTTT', 'TTT', 'TT', 'TT', 'TTTT', 'T', 'TTT', 'TTTT', 'TTT', 'TTT', 'TT', 'TTT', 'TTTT', 'TTT', 'TT', 'TT', 'TTT', 'TTT', 'TTT', 'TTT', 'TTT', 'TTT', 'TTTTT', 'TTT', 'TT', 'TTT', 'TT', 'TT', 'TTT', 'TTT', 'TTT', 'TTTT', 'TT', 'TT', 'TTT', 'TT', 'TTT', 'TTT', 'TTT', 'TTT', 'T', 'TT', 'TTT', 'TTT', 'TTTT', 'TT', 'TTT', 'TT', 'TTT', 'TTT', 'TTT', 'TT', 'TTT', 'TTT', 'T', 'T', 'TT', 'T', 'TT', 'TT', 'TT', 'TT', 'TT', 'TT', 'T', 'TT', 'TT', 'T', 'T', 'TT', 'TT', 'TTT', 'TT', 'TT', 'TTT', 'TT', 'TTT', 'TTTT', 'TT', 'TT', 'TT', 'T', 'TT', 'TTTT', 'TT', 'TTT', 'TT', 'TT', 'TT', 'TTT', 'TT', 'TTT', 'T', 'TT', 'TT', 'TTT', 'T', 'TTTTT', 'TTT', 'TT', 'TT', 'TT', 'T', 'TTTT', 'TTTT', 'TT', 'TTTTT']	111
ENST00000620676:43	['TT', 'TT']	2
ENST00000621158:11	['T']	1
ENST00000621632:5	['AG', 'AG']	2
ENST00000621994:1	['AA']	1
ENST00000622464:4	['G', 'G', 'G']	3
ENST00000622683:15	['CTCTGC']	1
ENST00000623063:10	['CTTTTC', 'CTTTTC']	2
ENST00000623607:19	['T', 'T']	2
ENST00000623787:6	['TGCAGTGG']	1
ENST00000624419:3	['C', 'C', 'C']	3
ENST00000624507:7	['A']	1
ENST00000624552:55	['C', 'C']	2
ENST00000629237:5	['T', 'T', 'T', 'T', 'T', 'T', 'T', 'T', 'T', 'T', 'T', 'T']	12
ENST00000629380:10	['C', 'C', 'C', 'C', 'C', 'C']	6
